ISO-10303-21;
HEADER;
FILE_DESCRIPTION(('ViewDefinition [CoordinationView]'),'2;1');
FILE_NAME('','2026-06-06T12:07:44',(''),(''),'IfcOpenShell 0.8.5-1c5b825','IfcOpenShell 0.8.5-1c5b825','');
FILE_SCHEMA(('IFC4'));
ENDSEC;
DATA;
#1=IFCPROJECT('2KqgVsdmnBEQWuSTgA7v5$',$,'Unnamed Project',$,$,$,$,(#11),#6);
#2=IFCSIUNIT(*,.LENGTHUNIT.,.MILLI.,.METRE.);
#3=IFCSIUNIT(*,.AREAUNIT.,$,.SQUARE_METRE.);
#4=IFCSIUNIT(*,.VOLUMEUNIT.,$,.CUBIC_METRE.);
#5=IFCSIUNIT(*,.PLANEANGLEUNIT.,$,.RADIAN.);
#6=IFCUNITASSIGNMENT((#3,#5,#4,#2));
#7=IFCCARTESIANPOINT((0.,0.,0.));
#8=IFCDIRECTION((0.,0.,1.));
#9=IFCDIRECTION((1.,0.,0.));
#10=IFCAXIS2PLACEMENT3D(#7,#8,#9);
#11=IFCGEOMETRICREPRESENTATIONCONTEXT($,'Model',3,1.0000000000000001E-05,#10,$);
#12=IFCGEOMETRICREPRESENTATIONSUBCONTEXT('Body','Model',*,*,*,*,#11,$,.MODEL_VIEW.,$);
#13=IFCCARTESIANPOINT((0.,0.,0.));
#14=IFCDIRECTION((0.,0.,1.));
#15=IFCDIRECTION((1.,0.,0.));
#16=IFCAXIS2PLACEMENT3D(#13,#14,#15);
#17=IFCLOCALPLACEMENT($,#16);
#18=IFCBUILDINGSTOREY('3_Y0geGUD2jOJVImIg4n$A',$,'Storey',$,$,#17,$,$,$,$);
#19=IFCRELAGGREGATES('0AvzIGWZnFXf32DoIBb2yG',$,$,$,#1,(#18));
#20=IFCCARTESIANPOINT((0.,0.,0.));
#21=IFCCARTESIANPOINT((3600.,0.,0.));
#22=IFCPOLYLINE((#20,#21));
#23=IFCCOMPOSITECURVESEGMENT(.CONTSAMEGRADIENT.,.T.,#22);
#24=IFCCARTESIANPOINT((3600.,0.,400.));
#25=IFCDIRECTION((0.,-1.,0.));
#26=IFCDIRECTION((0.,0.,-1.));
#27=IFCAXIS2PLACEMENT3D(#24,#25,#26);
#28=IFCCIRCLE(#27,400.);
#29=IFCTRIMMEDCURVE(#28,(IFCPARAMETERVALUE(0.)),(IFCPARAMETERVALUE(90.000000000000014)),.T.,.PARAMETER.);
#30=IFCCOMPOSITECURVESEGMENT(.CONTSAMEGRADIENT.,.T.,#29);
#31=IFCCARTESIANPOINT((4000.,0.,400.));
#32=IFCCARTESIANPOINT((4000.,0.,1600.));
#33=IFCPOLYLINE((#31,#32));
#34=IFCCOMPOSITECURVESEGMENT(.CONTSAMEGRADIENT.,.T.,#33);
#35=IFCCARTESIANPOINT((4000.,400.,1600.));
#36=IFCDIRECTION((-1.,0.,0.));
#37=IFCDIRECTION((0.,-1.,0.));
#38=IFCAXIS2PLACEMENT3D(#35,#36,#37);
#39=IFCCIRCLE(#38,400.);
#40=IFCTRIMMEDCURVE(#39,(IFCPARAMETERVALUE(0.)),(IFCPARAMETERVALUE(90.000000000000014)),.T.,.PARAMETER.);
#41=IFCCOMPOSITECURVESEGMENT(.CONTSAMEGRADIENT.,.T.,#40);
#42=IFCCARTESIANPOINT((4000.,400.,2000.));
#43=IFCCARTESIANPOINT((4000.,2600.,2000.));
#44=IFCPOLYLINE((#42,#43));
#45=IFCCOMPOSITECURVESEGMENT(.CONTSAMEGRADIENT.,.T.,#44);
#46=IFCCARTESIANPOINT((4000.,2600.,2400.));
#47=IFCDIRECTION((1.,0.,0.));
#48=IFCDIRECTION((0.,0.,-1.));
#49=IFCAXIS2PLACEMENT3D(#46,#47,#48);
#50=IFCCIRCLE(#49,400.);
#51=IFCTRIMMEDCURVE(#50,(IFCPARAMETERVALUE(0.)),(IFCPARAMETERVALUE(90.)),.T.,.PARAMETER.);
#52=IFCCOMPOSITECURVESEGMENT(.CONTSAMEGRADIENT.,.T.,#51);
#53=IFCCARTESIANPOINT((4000.,3000.,2400.));
#54=IFCCARTESIANPOINT((4000.,3000.,2600.));
#55=IFCPOLYLINE((#53,#54));
#56=IFCCOMPOSITECURVESEGMENT(.CONTSAMEGRADIENT.,.T.,#55);
#57=IFCCARTESIANPOINT((3600.,3000.,2600.));
#58=IFCDIRECTION((0.,-1.,0.));
#59=IFCDIRECTION((1.,0.,0.));
#60=IFCAXIS2PLACEMENT3D(#57,#58,#59);
#61=IFCCIRCLE(#60,400.);
#62=IFCTRIMMEDCURVE(#61,(IFCPARAMETERVALUE(0.)),(IFCPARAMETERVALUE(90.)),.T.,.PARAMETER.);
#63=IFCCOMPOSITECURVESEGMENT(.CONTSAMEGRADIENT.,.T.,#62);
#64=IFCCARTESIANPOINT((3600.,3000.,3000.));
#65=IFCCARTESIANPOINT((400.,3000.,3000.));
#66=IFCPOLYLINE((#64,#65));
#67=IFCCOMPOSITECURVESEGMENT(.CONTSAMEGRADIENT.,.T.,#66);
#68=IFCCARTESIANPOINT((400.,3000.,2600.));
#69=IFCDIRECTION((-0.,-1.,-0.));
#70=IFCDIRECTION((0.,0.,1.));
#71=IFCAXIS2PLACEMENT3D(#68,#69,#70);
#72=IFCCIRCLE(#71,400.);
#73=IFCTRIMMEDCURVE(#72,(IFCPARAMETERVALUE(0.)),(IFCPARAMETERVALUE(90.000000000000014)),.T.,.PARAMETER.);
#74=IFCCOMPOSITECURVESEGMENT(.CONTSAMEGRADIENT.,.T.,#73);
#75=IFCCARTESIANPOINT((0.,3000.,2600.));
#76=IFCCARTESIANPOINT((0.,3000.,400.));
#77=IFCPOLYLINE((#75,#76));
#78=IFCCOMPOSITECURVESEGMENT(.CONTSAMEGRADIENT.,.T.,#77);
#79=IFCCARTESIANPOINT((0.,2600.,400.));
#80=IFCDIRECTION((-1.,-0.,-0.));
#81=IFCDIRECTION((0.,1.,0.));
#82=IFCAXIS2PLACEMENT3D(#79,#80,#81);
#83=IFCCIRCLE(#82,400.);
#84=IFCTRIMMEDCURVE(#83,(IFCPARAMETERVALUE(0.)),(IFCPARAMETERVALUE(90.000000000000014)),.T.,.PARAMETER.);
#85=IFCCOMPOSITECURVESEGMENT(.CONTSAMEGRADIENT.,.T.,#84);
#86=IFCCARTESIANPOINT((0.,2600.,0.));
#87=IFCCARTESIANPOINT((0.,500.,0.));
#88=IFCPOLYLINE((#86,#87));
#89=IFCCOMPOSITECURVESEGMENT(.DISCONTINUOUS.,.T.,#88);
#90=IFCCOMPOSITECURVE((#23,#30,#34,#41,#45,#52,#56,#63,#67,#74,#78,#85,#89),.F.);
#91=IFCCARTESIANPOINT((0.,100.));
#92=IFCAXIS2PLACEMENT2D(#91,$);
#93=IFCISHAPEPROFILEDEF(.AREA.,'I-Profile',#92,100.,200.,7.,12.,$,$,$);
#94=IFCCARTESIANPOINT((0.,100.));
#95=IFCAXIS2PLACEMENT2D(#94,$);
#96=IFCISHAPEPROFILEDEF(.AREA.,'I-Profile',#95,100.,200.,7.,12.,$,$,$);
#97=IFCCARTESIANPOINT((0.,0.));
#98=IFCCARTESIANTRANSFORMATIONOPERATOR2DNONUNIFORM($,$,#97,1.,1.0000856797663864);
#99=IFCDERIVEDPROFILEDEF($,$,#96,#98,$);
#100=IFCCARTESIANPOINT((0.,100.));
#101=IFCAXIS2PLACEMENT2D(#100,$);
#102=IFCISHAPEPROFILEDEF(.AREA.,'I-Profile',#101,100.,200.,7.,12.,$,$,$);
#103=IFCCARTESIANPOINT((0.,0.));
#104=IFCCARTESIANTRANSFORMATIONOPERATOR2DNONUNIFORM($,$,#103,1.,1.0003427924908679);
#105=IFCDERIVEDPROFILEDEF($,$,#102,#104,$);
#106=IFCCARTESIANPOINT((0.,100.));
#107=IFCAXIS2PLACEMENT2D(#106,$);
#108=IFCISHAPEPROFILEDEF(.AREA.,'I-Profile',#107,100.,200.,7.,12.,$,$,$);
#109=IFCCARTESIANPOINT((0.,0.));
#110=IFCCARTESIANTRANSFORMATIONOPERATOR2DNONUNIFORM($,$,#109,1.,1.0003427924908679);
#111=IFCDERIVEDPROFILEDEF($,$,#108,#110,$);
#112=IFCCARTESIANPOINT((0.,100.));
#113=IFCAXIS2PLACEMENT2D(#112,$);
#114=IFCISHAPEPROFILEDEF(.AREA.,'I-Profile',#113,100.,200.,7.,12.,$,$,$);
#115=IFCCARTESIANPOINT((0.,0.));
#116=IFCCARTESIANTRANSFORMATIONOPERATOR2DNONUNIFORM($,$,#115,1.,1.0003427924908681);
#117=IFCDERIVEDPROFILEDEF($,$,#114,#116,$);
#118=IFCCARTESIANPOINT((0.,100.));
#119=IFCAXIS2PLACEMENT2D(#118,$);
#120=IFCISHAPEPROFILEDEF(.AREA.,'I-Profile',#119,100.,200.,7.,12.,$,$,$);
#121=IFCCARTESIANPOINT((0.,0.));
#122=IFCCARTESIANTRANSFORMATIONOPERATOR2DNONUNIFORM($,$,#121,1.,1.0003427924908679);
#123=IFCDERIVEDPROFILEDEF($,$,#120,#122,$);
#124=IFCCARTESIANPOINT((0.,100.));
#125=IFCAXIS2PLACEMENT2D(#124,$);
#126=IFCISHAPEPROFILEDEF(.AREA.,'I-Profile',#125,100.,200.,7.,12.,$,$,$);
#127=IFCCARTESIANPOINT((0.,0.));
#128=IFCCARTESIANTRANSFORMATIONOPERATOR2DNONUNIFORM($,$,#127,1.,1.0003427924908679);
#129=IFCDERIVEDPROFILEDEF($,$,#126,#128,$);
#130=IFCCARTESIANPOINT((0.,100.));
#131=IFCAXIS2PLACEMENT2D(#130,$);
#132=IFCISHAPEPROFILEDEF(.AREA.,'I-Profile',#131,100.,200.,7.,12.,$,$,$);
#133=IFCCARTESIANPOINT((0.,0.));
#134=IFCCARTESIANTRANSFORMATIONOPERATOR2DNONUNIFORM($,$,#133,1.,1.0003427924908679);
#135=IFCDERIVEDPROFILEDEF($,$,#132,#134,$);
#136=IFCCARTESIANPOINT((0.,100.));
#137=IFCAXIS2PLACEMENT2D(#136,$);
#138=IFCISHAPEPROFILEDEF(.AREA.,'I-Profile',#137,100.,200.,7.,12.,$,$,$);
#139=IFCCARTESIANPOINT((0.,0.));
#140=IFCCARTESIANTRANSFORMATIONOPERATOR2DNONUNIFORM($,$,#139,1.,1.0003427924908679);
#141=IFCDERIVEDPROFILEDEF($,$,#138,#140,$);
#142=IFCCARTESIANPOINT((0.,100.));
#143=IFCAXIS2PLACEMENT2D(#142,$);
#144=IFCISHAPEPROFILEDEF(.AREA.,'I-Profile',#143,100.,200.,7.,12.,$,$,$);
#145=IFCCARTESIANPOINT((0.,0.));
#146=IFCCARTESIANTRANSFORMATIONOPERATOR2DNONUNIFORM($,$,#145,1.,1.0003427924908679);
#147=IFCDERIVEDPROFILEDEF($,$,#144,#146,$);
#148=IFCCARTESIANPOINT((0.,100.));
#149=IFCAXIS2PLACEMENT2D(#148,$);
#150=IFCISHAPEPROFILEDEF(.AREA.,'I-Profile',#149,100.,200.,7.,12.,$,$,$);
#151=IFCCARTESIANPOINT((0.,0.));
#152=IFCCARTESIANTRANSFORMATIONOPERATOR2DNONUNIFORM($,$,#151,1.,1.0003427924908681);
#153=IFCDERIVEDPROFILEDEF($,$,#150,#152,$);
#154=IFCCARTESIANPOINT((0.,100.));
#155=IFCAXIS2PLACEMENT2D(#154,$);
#156=IFCISHAPEPROFILEDEF(.AREA.,'I-Profile',#155,100.,200.,7.,12.,$,$,$);
#157=IFCCARTESIANPOINT((0.,0.));
#158=IFCCARTESIANTRANSFORMATIONOPERATOR2DNONUNIFORM($,$,#157,1.,1.0003427924908679);
#159=IFCDERIVEDPROFILEDEF($,$,#156,#158,$);
#160=IFCCARTESIANPOINT((0.,100.));
#161=IFCAXIS2PLACEMENT2D(#160,$);
#162=IFCISHAPEPROFILEDEF(.AREA.,'I-Profile',#161,100.,200.,7.,12.,$,$,$);
#163=IFCCARTESIANPOINT((0.,0.));
#164=IFCCARTESIANTRANSFORMATIONOPERATOR2DNONUNIFORM($,$,#163,1.,1.0003427924908681);
#165=IFCDERIVEDPROFILEDEF($,$,#162,#164,$);
#166=IFCCARTESIANPOINT((0.,100.));
#167=IFCAXIS2PLACEMENT2D(#166,$);
#168=IFCISHAPEPROFILEDEF(.AREA.,'I-Profile',#167,100.,200.,7.,12.,$,$,$);
#169=IFCCARTESIANPOINT((0.,0.));
#170=IFCCARTESIANTRANSFORMATIONOPERATOR2DNONUNIFORM($,$,#169,1.,1.0003427924908677);
#171=IFCDERIVEDPROFILEDEF($,$,#168,#170,$);
#172=IFCCARTESIANPOINT((0.,100.));
#173=IFCAXIS2PLACEMENT2D(#172,$);
#174=IFCISHAPEPROFILEDEF(.AREA.,'I-Profile',#173,100.,200.,7.,12.,$,$,$);
#175=IFCCARTESIANPOINT((0.,0.));
#176=IFCCARTESIANTRANSFORMATIONOPERATOR2DNONUNIFORM($,$,#175,1.,1.0003427924908681);
#177=IFCDERIVEDPROFILEDEF($,$,#174,#176,$);
#178=IFCCARTESIANPOINT((0.,100.));
#179=IFCAXIS2PLACEMENT2D(#178,$);
#180=IFCISHAPEPROFILEDEF(.AREA.,'I-Profile',#179,100.,200.,7.,12.,$,$,$);
#181=IFCCARTESIANPOINT((0.,0.));
#182=IFCCARTESIANTRANSFORMATIONOPERATOR2DNONUNIFORM($,$,#181,1.,1.0003427924908679);
#183=IFCDERIVEDPROFILEDEF($,$,#180,#182,$);
#184=IFCCARTESIANPOINT((0.,100.));
#185=IFCAXIS2PLACEMENT2D(#184,$);
#186=IFCISHAPEPROFILEDEF(.AREA.,'I-Profile',#185,100.,200.,7.,12.,$,$,$);
#187=IFCCARTESIANPOINT((0.,0.));
#188=IFCCARTESIANTRANSFORMATIONOPERATOR2DNONUNIFORM($,$,#187,1.,1.0003427924908679);
#189=IFCDERIVEDPROFILEDEF($,$,#186,#188,$);
#190=IFCCARTESIANPOINT((0.,100.));
#191=IFCAXIS2PLACEMENT2D(#190,$);
#192=IFCISHAPEPROFILEDEF(.AREA.,'I-Profile',#191,100.,200.,7.,12.,$,$,$);
#193=IFCCARTESIANPOINT((0.,0.));
#194=IFCCARTESIANTRANSFORMATIONOPERATOR2DNONUNIFORM($,$,#193,1.,1.0003427924908681);
#195=IFCDERIVEDPROFILEDEF($,$,#192,#194,$);
#196=IFCCARTESIANPOINT((0.,100.));
#197=IFCAXIS2PLACEMENT2D(#196,$);
#198=IFCISHAPEPROFILEDEF(.AREA.,'I-Profile',#197,100.,200.,7.,12.,$,$,$);
#199=IFCCARTESIANPOINT((0.,0.));
#200=IFCCARTESIANTRANSFORMATIONOPERATOR2DNONUNIFORM($,$,#199,1.,1.0003427924908681);
#201=IFCDERIVEDPROFILEDEF($,$,#198,#200,$);
#202=IFCCARTESIANPOINT((0.,100.));
#203=IFCAXIS2PLACEMENT2D(#202,$);
#204=IFCISHAPEPROFILEDEF(.AREA.,'I-Profile',#203,100.,200.,7.,12.,$,$,$);
#205=IFCCARTESIANPOINT((0.,0.));
#206=IFCCARTESIANTRANSFORMATIONOPERATOR2DNONUNIFORM($,$,#205,1.,1.0003427924908679);
#207=IFCDERIVEDPROFILEDEF($,$,#204,#206,$);
#208=IFCCARTESIANPOINT((0.,100.));
#209=IFCAXIS2PLACEMENT2D(#208,$);
#210=IFCISHAPEPROFILEDEF(.AREA.,'I-Profile',#209,100.,200.,7.,12.,$,$,$);
#211=IFCCARTESIANPOINT((0.,0.));
#212=IFCCARTESIANTRANSFORMATIONOPERATOR2DNONUNIFORM($,$,#211,1.,1.0003427924908677);
#213=IFCDERIVEDPROFILEDEF($,$,#210,#212,$);
#214=IFCCARTESIANPOINT((0.,100.));
#215=IFCAXIS2PLACEMENT2D(#214,$);
#216=IFCISHAPEPROFILEDEF(.AREA.,'I-Profile',#215,100.,200.,7.,12.,$,$,$);
#217=IFCCARTESIANPOINT((0.,0.));
#218=IFCCARTESIANTRANSFORMATIONOPERATOR2DNONUNIFORM($,$,#217,1.,1.0003427924908681);
#219=IFCDERIVEDPROFILEDEF($,$,#216,#218,$);
#220=IFCCARTESIANPOINT((0.,100.));
#221=IFCAXIS2PLACEMENT2D(#220,$);
#222=IFCISHAPEPROFILEDEF(.AREA.,'I-Profile',#221,100.,200.,7.,12.,$,$,$);
#223=IFCCARTESIANPOINT((0.,0.));
#224=IFCCARTESIANTRANSFORMATIONOPERATOR2DNONUNIFORM($,$,#223,1.,1.0003427924908679);
#225=IFCDERIVEDPROFILEDEF($,$,#222,#224,$);
#226=IFCCARTESIANPOINT((0.,100.));
#227=IFCAXIS2PLACEMENT2D(#226,$);
#228=IFCISHAPEPROFILEDEF(.AREA.,'I-Profile',#227,100.,200.,7.,12.,$,$,$);
#229=IFCCARTESIANPOINT((0.,0.));
#230=IFCCARTESIANTRANSFORMATIONOPERATOR2DNONUNIFORM($,$,#229,1.,1.0003427924908681);
#231=IFCDERIVEDPROFILEDEF($,$,#228,#230,$);
#232=IFCCARTESIANPOINT((0.,100.));
#233=IFCAXIS2PLACEMENT2D(#232,$);
#234=IFCISHAPEPROFILEDEF(.AREA.,'I-Profile',#233,100.,200.,7.,12.,$,$,$);
#235=IFCCARTESIANPOINT((0.,0.));
#236=IFCCARTESIANTRANSFORMATIONOPERATOR2DNONUNIFORM($,$,#235,1.,1.0003427924908674);
#237=IFCDERIVEDPROFILEDEF($,$,#234,#236,$);
#238=IFCCARTESIANPOINT((0.,100.));
#239=IFCAXIS2PLACEMENT2D(#238,$);
#240=IFCISHAPEPROFILEDEF(.AREA.,'I-Profile',#239,100.,200.,7.,12.,$,$,$);
#241=IFCCARTESIANPOINT((0.,0.));
#242=IFCCARTESIANTRANSFORMATIONOPERATOR2DNONUNIFORM($,$,#241,1.,1.0003427924908681);
#243=IFCDERIVEDPROFILEDEF($,$,#240,#242,$);
#244=IFCCARTESIANPOINT((0.,100.));
#245=IFCAXIS2PLACEMENT2D(#244,$);
#246=IFCISHAPEPROFILEDEF(.AREA.,'I-Profile',#245,100.,200.,7.,12.,$,$,$);
#247=IFCCARTESIANPOINT((0.,0.));
#248=IFCCARTESIANTRANSFORMATIONOPERATOR2DNONUNIFORM($,$,#247,1.,1.0003427924908679);
#249=IFCDERIVEDPROFILEDEF($,$,#246,#248,$);
#250=IFCCARTESIANPOINT((0.,100.));
#251=IFCAXIS2PLACEMENT2D(#250,$);
#252=IFCISHAPEPROFILEDEF(.AREA.,'I-Profile',#251,100.,200.,7.,12.,$,$,$);
#253=IFCCARTESIANPOINT((0.,0.));
#254=IFCCARTESIANTRANSFORMATIONOPERATOR2DNONUNIFORM($,$,#253,1.,1.0003427924908677);
#255=IFCDERIVEDPROFILEDEF($,$,#252,#254,$);
#256=IFCCARTESIANPOINT((0.,100.));
#257=IFCAXIS2PLACEMENT2D(#256,$);
#258=IFCISHAPEPROFILEDEF(.AREA.,'I-Profile',#257,100.,200.,7.,12.,$,$,$);
#259=IFCCARTESIANPOINT((0.,0.));
#260=IFCCARTESIANTRANSFORMATIONOPERATOR2DNONUNIFORM($,$,#259,1.,1.0003427924908681);
#261=IFCDERIVEDPROFILEDEF($,$,#258,#260,$);
#262=IFCCARTESIANPOINT((0.,100.));
#263=IFCAXIS2PLACEMENT2D(#262,$);
#264=IFCISHAPEPROFILEDEF(.AREA.,'I-Profile',#263,100.,200.,7.,12.,$,$,$);
#265=IFCCARTESIANPOINT((0.,0.));
#266=IFCCARTESIANTRANSFORMATIONOPERATOR2DNONUNIFORM($,$,#265,1.,1.0003427924908677);
#267=IFCDERIVEDPROFILEDEF($,$,#264,#266,$);
#268=IFCCARTESIANPOINT((0.,100.));
#269=IFCAXIS2PLACEMENT2D(#268,$);
#270=IFCISHAPEPROFILEDEF(.AREA.,'I-Profile',#269,100.,200.,7.,12.,$,$,$);
#271=IFCCARTESIANPOINT((0.,0.));
#272=IFCCARTESIANTRANSFORMATIONOPERATOR2DNONUNIFORM($,$,#271,1.,1.0003427924908681);
#273=IFCDERIVEDPROFILEDEF($,$,#270,#272,$);
#274=IFCCARTESIANPOINT((0.,100.));
#275=IFCAXIS2PLACEMENT2D(#274,$);
#276=IFCISHAPEPROFILEDEF(.AREA.,'I-Profile',#275,100.,200.,7.,12.,$,$,$);
#277=IFCCARTESIANPOINT((0.,0.));
#278=IFCCARTESIANTRANSFORMATIONOPERATOR2DNONUNIFORM($,$,#277,1.,1.0000856797663864);
#279=IFCDERIVEDPROFILEDEF($,$,#276,#278,$);
#280=IFCCARTESIANPOINT((0.,100.));
#281=IFCAXIS2PLACEMENT2D(#280,$);
#282=IFCISHAPEPROFILEDEF(.AREA.,'I-Profile',#281,100.,200.,7.,12.,$,$,$);
#283=IFCCARTESIANPOINT((0.,0.));
#284=IFCCARTESIANTRANSFORMATIONOPERATOR2DNONUNIFORM($,$,#283,1.0000856797663864,1.);
#285=IFCDERIVEDPROFILEDEF($,$,#282,#284,$);
#286=IFCCARTESIANPOINT((0.,100.));
#287=IFCAXIS2PLACEMENT2D(#286,$);
#288=IFCISHAPEPROFILEDEF(.AREA.,'I-Profile',#287,100.,200.,7.,12.,$,$,$);
#289=IFCCARTESIANPOINT((0.,0.));
#290=IFCCARTESIANTRANSFORMATIONOPERATOR2DNONUNIFORM($,$,#289,1.0003427924908679,1.);
#291=IFCDERIVEDPROFILEDEF($,$,#288,#290,$);
#292=IFCCARTESIANPOINT((0.,100.));
#293=IFCAXIS2PLACEMENT2D(#292,$);
#294=IFCISHAPEPROFILEDEF(.AREA.,'I-Profile',#293,100.,200.,7.,12.,$,$,$);
#295=IFCCARTESIANPOINT((0.,0.));
#296=IFCCARTESIANTRANSFORMATIONOPERATOR2DNONUNIFORM($,$,#295,1.0003427924908679,1.);
#297=IFCDERIVEDPROFILEDEF($,$,#294,#296,$);
#298=IFCCARTESIANPOINT((0.,100.));
#299=IFCAXIS2PLACEMENT2D(#298,$);
#300=IFCISHAPEPROFILEDEF(.AREA.,'I-Profile',#299,100.,200.,7.,12.,$,$,$);
#301=IFCCARTESIANPOINT((0.,0.));
#302=IFCCARTESIANTRANSFORMATIONOPERATOR2DNONUNIFORM($,$,#301,1.0003427924908679,1.);
#303=IFCDERIVEDPROFILEDEF($,$,#300,#302,$);
#304=IFCCARTESIANPOINT((0.,100.));
#305=IFCAXIS2PLACEMENT2D(#304,$);
#306=IFCISHAPEPROFILEDEF(.AREA.,'I-Profile',#305,100.,200.,7.,12.,$,$,$);
#307=IFCCARTESIANPOINT((0.,0.));
#308=IFCCARTESIANTRANSFORMATIONOPERATOR2DNONUNIFORM($,$,#307,1.0003427924908679,1.);
#309=IFCDERIVEDPROFILEDEF($,$,#306,#308,$);
#310=IFCCARTESIANPOINT((0.,100.));
#311=IFCAXIS2PLACEMENT2D(#310,$);
#312=IFCISHAPEPROFILEDEF(.AREA.,'I-Profile',#311,100.,200.,7.,12.,$,$,$);
#313=IFCCARTESIANPOINT((0.,0.));
#314=IFCCARTESIANTRANSFORMATIONOPERATOR2DNONUNIFORM($,$,#313,1.0003427924908679,1.);
#315=IFCDERIVEDPROFILEDEF($,$,#312,#314,$);
#316=IFCCARTESIANPOINT((0.,100.));
#317=IFCAXIS2PLACEMENT2D(#316,$);
#318=IFCISHAPEPROFILEDEF(.AREA.,'I-Profile',#317,100.,200.,7.,12.,$,$,$);
#319=IFCCARTESIANPOINT((0.,0.));
#320=IFCCARTESIANTRANSFORMATIONOPERATOR2DNONUNIFORM($,$,#319,1.0003427924908679,1.);
#321=IFCDERIVEDPROFILEDEF($,$,#318,#320,$);
#322=IFCCARTESIANPOINT((0.,100.));
#323=IFCAXIS2PLACEMENT2D(#322,$);
#324=IFCISHAPEPROFILEDEF(.AREA.,'I-Profile',#323,100.,200.,7.,12.,$,$,$);
#325=IFCCARTESIANPOINT((0.,0.));
#326=IFCCARTESIANTRANSFORMATIONOPERATOR2DNONUNIFORM($,$,#325,1.0003427924908681,1.);
#327=IFCDERIVEDPROFILEDEF($,$,#324,#326,$);
#328=IFCCARTESIANPOINT((0.,100.));
#329=IFCAXIS2PLACEMENT2D(#328,$);
#330=IFCISHAPEPROFILEDEF(.AREA.,'I-Profile',#329,100.,200.,7.,12.,$,$,$);
#331=IFCCARTESIANPOINT((0.,0.));
#332=IFCCARTESIANTRANSFORMATIONOPERATOR2DNONUNIFORM($,$,#331,1.0003427924908679,1.);
#333=IFCDERIVEDPROFILEDEF($,$,#330,#332,$);
#334=IFCCARTESIANPOINT((0.,100.));
#335=IFCAXIS2PLACEMENT2D(#334,$);
#336=IFCISHAPEPROFILEDEF(.AREA.,'I-Profile',#335,100.,200.,7.,12.,$,$,$);
#337=IFCCARTESIANPOINT((0.,0.));
#338=IFCCARTESIANTRANSFORMATIONOPERATOR2DNONUNIFORM($,$,#337,1.0003427924908681,1.);
#339=IFCDERIVEDPROFILEDEF($,$,#336,#338,$);
#340=IFCCARTESIANPOINT((0.,100.));
#341=IFCAXIS2PLACEMENT2D(#340,$);
#342=IFCISHAPEPROFILEDEF(.AREA.,'I-Profile',#341,100.,200.,7.,12.,$,$,$);
#343=IFCCARTESIANPOINT((0.,0.));
#344=IFCCARTESIANTRANSFORMATIONOPERATOR2DNONUNIFORM($,$,#343,1.0003427924908679,1.);
#345=IFCDERIVEDPROFILEDEF($,$,#342,#344,$);
#346=IFCCARTESIANPOINT((0.,100.));
#347=IFCAXIS2PLACEMENT2D(#346,$);
#348=IFCISHAPEPROFILEDEF(.AREA.,'I-Profile',#347,100.,200.,7.,12.,$,$,$);
#349=IFCCARTESIANPOINT((0.,0.));
#350=IFCCARTESIANTRANSFORMATIONOPERATOR2DNONUNIFORM($,$,#349,1.0003427924908681,1.);
#351=IFCDERIVEDPROFILEDEF($,$,#348,#350,$);
#352=IFCCARTESIANPOINT((0.,100.));
#353=IFCAXIS2PLACEMENT2D(#352,$);
#354=IFCISHAPEPROFILEDEF(.AREA.,'I-Profile',#353,100.,200.,7.,12.,$,$,$);
#355=IFCCARTESIANPOINT((0.,0.));
#356=IFCCARTESIANTRANSFORMATIONOPERATOR2DNONUNIFORM($,$,#355,1.0003427924908679,1.);
#357=IFCDERIVEDPROFILEDEF($,$,#354,#356,$);
#358=IFCCARTESIANPOINT((0.,100.));
#359=IFCAXIS2PLACEMENT2D(#358,$);
#360=IFCISHAPEPROFILEDEF(.AREA.,'I-Profile',#359,100.,200.,7.,12.,$,$,$);
#361=IFCCARTESIANPOINT((0.,0.));
#362=IFCCARTESIANTRANSFORMATIONOPERATOR2DNONUNIFORM($,$,#361,1.0003427924908679,1.);
#363=IFCDERIVEDPROFILEDEF($,$,#360,#362,$);
#364=IFCCARTESIANPOINT((0.,100.));
#365=IFCAXIS2PLACEMENT2D(#364,$);
#366=IFCISHAPEPROFILEDEF(.AREA.,'I-Profile',#365,100.,200.,7.,12.,$,$,$);
#367=IFCCARTESIANPOINT((0.,0.));
#368=IFCCARTESIANTRANSFORMATIONOPERATOR2DNONUNIFORM($,$,#367,1.0003427924908679,1.);
#369=IFCDERIVEDPROFILEDEF($,$,#366,#368,$);
#370=IFCCARTESIANPOINT((0.,100.));
#371=IFCAXIS2PLACEMENT2D(#370,$);
#372=IFCISHAPEPROFILEDEF(.AREA.,'I-Profile',#371,100.,200.,7.,12.,$,$,$);
#373=IFCCARTESIANPOINT((0.,0.));
#374=IFCCARTESIANTRANSFORMATIONOPERATOR2DNONUNIFORM($,$,#373,1.0003427924908679,1.);
#375=IFCDERIVEDPROFILEDEF($,$,#372,#374,$);
#376=IFCCARTESIANPOINT((0.,100.));
#377=IFCAXIS2PLACEMENT2D(#376,$);
#378=IFCISHAPEPROFILEDEF(.AREA.,'I-Profile',#377,100.,200.,7.,12.,$,$,$);
#379=IFCCARTESIANPOINT((0.,0.));
#380=IFCCARTESIANTRANSFORMATIONOPERATOR2DNONUNIFORM($,$,#379,1.0003427924908681,1.);
#381=IFCDERIVEDPROFILEDEF($,$,#378,#380,$);
#382=IFCCARTESIANPOINT((0.,100.));
#383=IFCAXIS2PLACEMENT2D(#382,$);
#384=IFCISHAPEPROFILEDEF(.AREA.,'I-Profile',#383,100.,200.,7.,12.,$,$,$);
#385=IFCCARTESIANPOINT((0.,0.));
#386=IFCCARTESIANTRANSFORMATIONOPERATOR2DNONUNIFORM($,$,#385,1.0003427924908679,1.);
#387=IFCDERIVEDPROFILEDEF($,$,#384,#386,$);
#388=IFCCARTESIANPOINT((0.,100.));
#389=IFCAXIS2PLACEMENT2D(#388,$);
#390=IFCISHAPEPROFILEDEF(.AREA.,'I-Profile',#389,100.,200.,7.,12.,$,$,$);
#391=IFCCARTESIANPOINT((0.,0.));
#392=IFCCARTESIANTRANSFORMATIONOPERATOR2DNONUNIFORM($,$,#391,1.0003427924908679,1.);
#393=IFCDERIVEDPROFILEDEF($,$,#390,#392,$);
#394=IFCCARTESIANPOINT((0.,100.));
#395=IFCAXIS2PLACEMENT2D(#394,$);
#396=IFCISHAPEPROFILEDEF(.AREA.,'I-Profile',#395,100.,200.,7.,12.,$,$,$);
#397=IFCCARTESIANPOINT((0.,0.));
#398=IFCCARTESIANTRANSFORMATIONOPERATOR2DNONUNIFORM($,$,#397,1.0003427924908679,1.);
#399=IFCDERIVEDPROFILEDEF($,$,#396,#398,$);
#400=IFCCARTESIANPOINT((0.,100.));
#401=IFCAXIS2PLACEMENT2D(#400,$);
#402=IFCISHAPEPROFILEDEF(.AREA.,'I-Profile',#401,100.,200.,7.,12.,$,$,$);
#403=IFCCARTESIANPOINT((0.,0.));
#404=IFCCARTESIANTRANSFORMATIONOPERATOR2DNONUNIFORM($,$,#403,1.0003427924908681,1.);
#405=IFCDERIVEDPROFILEDEF($,$,#402,#404,$);
#406=IFCCARTESIANPOINT((0.,100.));
#407=IFCAXIS2PLACEMENT2D(#406,$);
#408=IFCISHAPEPROFILEDEF(.AREA.,'I-Profile',#407,100.,200.,7.,12.,$,$,$);
#409=IFCCARTESIANPOINT((0.,0.));
#410=IFCCARTESIANTRANSFORMATIONOPERATOR2DNONUNIFORM($,$,#409,1.0003427924908679,1.);
#411=IFCDERIVEDPROFILEDEF($,$,#408,#410,$);
#412=IFCCARTESIANPOINT((0.,100.));
#413=IFCAXIS2PLACEMENT2D(#412,$);
#414=IFCISHAPEPROFILEDEF(.AREA.,'I-Profile',#413,100.,200.,7.,12.,$,$,$);
#415=IFCCARTESIANPOINT((0.,0.));
#416=IFCCARTESIANTRANSFORMATIONOPERATOR2DNONUNIFORM($,$,#415,1.0003427924908679,1.);
#417=IFCDERIVEDPROFILEDEF($,$,#414,#416,$);
#418=IFCCARTESIANPOINT((0.,100.));
#419=IFCAXIS2PLACEMENT2D(#418,$);
#420=IFCISHAPEPROFILEDEF(.AREA.,'I-Profile',#419,100.,200.,7.,12.,$,$,$);
#421=IFCCARTESIANPOINT((0.,0.));
#422=IFCCARTESIANTRANSFORMATIONOPERATOR2DNONUNIFORM($,$,#421,1.0003427924908679,1.);
#423=IFCDERIVEDPROFILEDEF($,$,#420,#422,$);
#424=IFCCARTESIANPOINT((0.,100.));
#425=IFCAXIS2PLACEMENT2D(#424,$);
#426=IFCISHAPEPROFILEDEF(.AREA.,'I-Profile',#425,100.,200.,7.,12.,$,$,$);
#427=IFCCARTESIANPOINT((0.,0.));
#428=IFCCARTESIANTRANSFORMATIONOPERATOR2DNONUNIFORM($,$,#427,1.0003427924908679,1.);
#429=IFCDERIVEDPROFILEDEF($,$,#426,#428,$);
#430=IFCCARTESIANPOINT((0.,100.));
#431=IFCAXIS2PLACEMENT2D(#430,$);
#432=IFCISHAPEPROFILEDEF(.AREA.,'I-Profile',#431,100.,200.,7.,12.,$,$,$);
#433=IFCCARTESIANPOINT((0.,0.));
#434=IFCCARTESIANTRANSFORMATIONOPERATOR2DNONUNIFORM($,$,#433,1.0003427924908679,1.);
#435=IFCDERIVEDPROFILEDEF($,$,#432,#434,$);
#436=IFCCARTESIANPOINT((0.,100.));
#437=IFCAXIS2PLACEMENT2D(#436,$);
#438=IFCISHAPEPROFILEDEF(.AREA.,'I-Profile',#437,100.,200.,7.,12.,$,$,$);
#439=IFCCARTESIANPOINT((0.,0.));
#440=IFCCARTESIANTRANSFORMATIONOPERATOR2DNONUNIFORM($,$,#439,1.0003427924908679,1.);
#441=IFCDERIVEDPROFILEDEF($,$,#438,#440,$);
#442=IFCCARTESIANPOINT((0.,100.));
#443=IFCAXIS2PLACEMENT2D(#442,$);
#444=IFCISHAPEPROFILEDEF(.AREA.,'I-Profile',#443,100.,200.,7.,12.,$,$,$);
#445=IFCCARTESIANPOINT((0.,0.));
#446=IFCCARTESIANTRANSFORMATIONOPERATOR2DNONUNIFORM($,$,#445,1.0003427924908679,1.);
#447=IFCDERIVEDPROFILEDEF($,$,#444,#446,$);
#448=IFCCARTESIANPOINT((0.,100.));
#449=IFCAXIS2PLACEMENT2D(#448,$);
#450=IFCISHAPEPROFILEDEF(.AREA.,'I-Profile',#449,100.,200.,7.,12.,$,$,$);
#451=IFCCARTESIANPOINT((0.,0.));
#452=IFCCARTESIANTRANSFORMATIONOPERATOR2DNONUNIFORM($,$,#451,1.0003427924908679,1.);
#453=IFCDERIVEDPROFILEDEF($,$,#450,#452,$);
#454=IFCCARTESIANPOINT((0.,100.));
#455=IFCAXIS2PLACEMENT2D(#454,$);
#456=IFCISHAPEPROFILEDEF(.AREA.,'I-Profile',#455,100.,200.,7.,12.,$,$,$);
#457=IFCCARTESIANPOINT((0.,0.));
#458=IFCCARTESIANTRANSFORMATIONOPERATOR2DNONUNIFORM($,$,#457,1.0003427924908679,1.);
#459=IFCDERIVEDPROFILEDEF($,$,#456,#458,$);
#460=IFCCARTESIANPOINT((0.,100.));
#461=IFCAXIS2PLACEMENT2D(#460,$);
#462=IFCISHAPEPROFILEDEF(.AREA.,'I-Profile',#461,100.,200.,7.,12.,$,$,$);
#463=IFCCARTESIANPOINT((0.,0.));
#464=IFCCARTESIANTRANSFORMATIONOPERATOR2DNONUNIFORM($,$,#463,1.0000856797663864,1.);
#465=IFCDERIVEDPROFILEDEF($,$,#462,#464,$);
#466=IFCCARTESIANPOINT((0.,100.));
#467=IFCAXIS2PLACEMENT2D(#466,$);
#468=IFCISHAPEPROFILEDEF(.AREA.,'I-Profile',#467,100.,200.,7.,12.,$,$,$);
#469=IFCCARTESIANPOINT((0.,0.));
#470=IFCCARTESIANTRANSFORMATIONOPERATOR2DNONUNIFORM($,$,#469,1.0000916910535114,1.);
#471=IFCDERIVEDPROFILEDEF($,$,#468,#470,$);
#472=IFCCARTESIANPOINT((0.,100.));
#473=IFCAXIS2PLACEMENT2D(#472,$);
#474=IFCISHAPEPROFILEDEF(.AREA.,'I-Profile',#473,100.,200.,7.,12.,$,$,$);
#475=IFCCARTESIANPOINT((0.,0.));
#476=IFCCARTESIANTRANSFORMATIONOPERATOR2DNONUNIFORM($,$,#475,1.0003668483050434,1.);
#477=IFCDERIVEDPROFILEDEF($,$,#474,#476,$);
#478=IFCCARTESIANPOINT((0.,100.));
#479=IFCAXIS2PLACEMENT2D(#478,$);
#480=IFCISHAPEPROFILEDEF(.AREA.,'I-Profile',#479,100.,200.,7.,12.,$,$,$);
#481=IFCCARTESIANPOINT((0.,0.));
#482=IFCCARTESIANTRANSFORMATIONOPERATOR2DNONUNIFORM($,$,#481,1.0003668483050436,1.);
#483=IFCDERIVEDPROFILEDEF($,$,#480,#482,$);
#484=IFCCARTESIANPOINT((0.,100.));
#485=IFCAXIS2PLACEMENT2D(#484,$);
#486=IFCISHAPEPROFILEDEF(.AREA.,'I-Profile',#485,100.,200.,7.,12.,$,$,$);
#487=IFCCARTESIANPOINT((0.,0.));
#488=IFCCARTESIANTRANSFORMATIONOPERATOR2DNONUNIFORM($,$,#487,1.0003668483050436,1.);
#489=IFCDERIVEDPROFILEDEF($,$,#486,#488,$);
#490=IFCCARTESIANPOINT((0.,100.));
#491=IFCAXIS2PLACEMENT2D(#490,$);
#492=IFCISHAPEPROFILEDEF(.AREA.,'I-Profile',#491,100.,200.,7.,12.,$,$,$);
#493=IFCCARTESIANPOINT((0.,0.));
#494=IFCCARTESIANTRANSFORMATIONOPERATOR2DNONUNIFORM($,$,#493,1.0003668483050432,1.);
#495=IFCDERIVEDPROFILEDEF($,$,#492,#494,$);
#496=IFCCARTESIANPOINT((0.,100.));
#497=IFCAXIS2PLACEMENT2D(#496,$);
#498=IFCISHAPEPROFILEDEF(.AREA.,'I-Profile',#497,100.,200.,7.,12.,$,$,$);
#499=IFCCARTESIANPOINT((0.,0.));
#500=IFCCARTESIANTRANSFORMATIONOPERATOR2DNONUNIFORM($,$,#499,1.0003668483050439,1.);
#501=IFCDERIVEDPROFILEDEF($,$,#498,#500,$);
#502=IFCCARTESIANPOINT((0.,100.));
#503=IFCAXIS2PLACEMENT2D(#502,$);
#504=IFCISHAPEPROFILEDEF(.AREA.,'I-Profile',#503,100.,200.,7.,12.,$,$,$);
#505=IFCCARTESIANPOINT((0.,0.));
#506=IFCCARTESIANTRANSFORMATIONOPERATOR2DNONUNIFORM($,$,#505,1.0003668483050434,1.);
#507=IFCDERIVEDPROFILEDEF($,$,#504,#506,$);
#508=IFCCARTESIANPOINT((0.,100.));
#509=IFCAXIS2PLACEMENT2D(#508,$);
#510=IFCISHAPEPROFILEDEF(.AREA.,'I-Profile',#509,100.,200.,7.,12.,$,$,$);
#511=IFCCARTESIANPOINT((0.,0.));
#512=IFCCARTESIANTRANSFORMATIONOPERATOR2DNONUNIFORM($,$,#511,1.0003668483050434,1.);
#513=IFCDERIVEDPROFILEDEF($,$,#510,#512,$);
#514=IFCCARTESIANPOINT((0.,100.));
#515=IFCAXIS2PLACEMENT2D(#514,$);
#516=IFCISHAPEPROFILEDEF(.AREA.,'I-Profile',#515,100.,200.,7.,12.,$,$,$);
#517=IFCCARTESIANPOINT((0.,0.));
#518=IFCCARTESIANTRANSFORMATIONOPERATOR2DNONUNIFORM($,$,#517,1.0003668483050434,1.);
#519=IFCDERIVEDPROFILEDEF($,$,#516,#518,$);
#520=IFCCARTESIANPOINT((0.,100.));
#521=IFCAXIS2PLACEMENT2D(#520,$);
#522=IFCISHAPEPROFILEDEF(.AREA.,'I-Profile',#521,100.,200.,7.,12.,$,$,$);
#523=IFCCARTESIANPOINT((0.,0.));
#524=IFCCARTESIANTRANSFORMATIONOPERATOR2DNONUNIFORM($,$,#523,1.0003668483050434,1.);
#525=IFCDERIVEDPROFILEDEF($,$,#522,#524,$);
#526=IFCCARTESIANPOINT((0.,100.));
#527=IFCAXIS2PLACEMENT2D(#526,$);
#528=IFCISHAPEPROFILEDEF(.AREA.,'I-Profile',#527,100.,200.,7.,12.,$,$,$);
#529=IFCCARTESIANPOINT((0.,0.));
#530=IFCCARTESIANTRANSFORMATIONOPERATOR2DNONUNIFORM($,$,#529,1.0003668483050432,1.);
#531=IFCDERIVEDPROFILEDEF($,$,#528,#530,$);
#532=IFCCARTESIANPOINT((0.,100.));
#533=IFCAXIS2PLACEMENT2D(#532,$);
#534=IFCISHAPEPROFILEDEF(.AREA.,'I-Profile',#533,100.,200.,7.,12.,$,$,$);
#535=IFCCARTESIANPOINT((0.,0.));
#536=IFCCARTESIANTRANSFORMATIONOPERATOR2DNONUNIFORM($,$,#535,1.0003668483050439,1.);
#537=IFCDERIVEDPROFILEDEF($,$,#534,#536,$);
#538=IFCCARTESIANPOINT((0.,100.));
#539=IFCAXIS2PLACEMENT2D(#538,$);
#540=IFCISHAPEPROFILEDEF(.AREA.,'I-Profile',#539,100.,200.,7.,12.,$,$,$);
#541=IFCCARTESIANPOINT((0.,0.));
#542=IFCCARTESIANTRANSFORMATIONOPERATOR2DNONUNIFORM($,$,#541,1.0003668483050434,1.);
#543=IFCDERIVEDPROFILEDEF($,$,#540,#542,$);
#544=IFCCARTESIANPOINT((0.,100.));
#545=IFCAXIS2PLACEMENT2D(#544,$);
#546=IFCISHAPEPROFILEDEF(.AREA.,'I-Profile',#545,100.,200.,7.,12.,$,$,$);
#547=IFCCARTESIANPOINT((0.,0.));
#548=IFCCARTESIANTRANSFORMATIONOPERATOR2DNONUNIFORM($,$,#547,1.0003668483050434,1.);
#549=IFCDERIVEDPROFILEDEF($,$,#546,#548,$);
#550=IFCCARTESIANPOINT((0.,100.));
#551=IFCAXIS2PLACEMENT2D(#550,$);
#552=IFCISHAPEPROFILEDEF(.AREA.,'I-Profile',#551,100.,200.,7.,12.,$,$,$);
#553=IFCCARTESIANPOINT((0.,0.));
#554=IFCCARTESIANTRANSFORMATIONOPERATOR2DNONUNIFORM($,$,#553,1.0003668483050436,1.);
#555=IFCDERIVEDPROFILEDEF($,$,#552,#554,$);
#556=IFCCARTESIANPOINT((0.,100.));
#557=IFCAXIS2PLACEMENT2D(#556,$);
#558=IFCISHAPEPROFILEDEF(.AREA.,'I-Profile',#557,100.,200.,7.,12.,$,$,$);
#559=IFCCARTESIANPOINT((0.,0.));
#560=IFCCARTESIANTRANSFORMATIONOPERATOR2DNONUNIFORM($,$,#559,1.0003668483050436,1.);
#561=IFCDERIVEDPROFILEDEF($,$,#558,#560,$);
#562=IFCCARTESIANPOINT((0.,100.));
#563=IFCAXIS2PLACEMENT2D(#562,$);
#564=IFCISHAPEPROFILEDEF(.AREA.,'I-Profile',#563,100.,200.,7.,12.,$,$,$);
#565=IFCCARTESIANPOINT((0.,0.));
#566=IFCCARTESIANTRANSFORMATIONOPERATOR2DNONUNIFORM($,$,#565,1.0003668483050434,1.);
#567=IFCDERIVEDPROFILEDEF($,$,#564,#566,$);
#568=IFCCARTESIANPOINT((0.,100.));
#569=IFCAXIS2PLACEMENT2D(#568,$);
#570=IFCISHAPEPROFILEDEF(.AREA.,'I-Profile',#569,100.,200.,7.,12.,$,$,$);
#571=IFCCARTESIANPOINT((0.,0.));
#572=IFCCARTESIANTRANSFORMATIONOPERATOR2DNONUNIFORM($,$,#571,1.0003668483050434,1.);
#573=IFCDERIVEDPROFILEDEF($,$,#570,#572,$);
#574=IFCCARTESIANPOINT((0.,100.));
#575=IFCAXIS2PLACEMENT2D(#574,$);
#576=IFCISHAPEPROFILEDEF(.AREA.,'I-Profile',#575,100.,200.,7.,12.,$,$,$);
#577=IFCCARTESIANPOINT((0.,0.));
#578=IFCCARTESIANTRANSFORMATIONOPERATOR2DNONUNIFORM($,$,#577,1.0003668483050439,1.);
#579=IFCDERIVEDPROFILEDEF($,$,#576,#578,$);
#580=IFCCARTESIANPOINT((0.,100.));
#581=IFCAXIS2PLACEMENT2D(#580,$);
#582=IFCISHAPEPROFILEDEF(.AREA.,'I-Profile',#581,100.,200.,7.,12.,$,$,$);
#583=IFCCARTESIANPOINT((0.,0.));
#584=IFCCARTESIANTRANSFORMATIONOPERATOR2DNONUNIFORM($,$,#583,1.0003668483050432,1.);
#585=IFCDERIVEDPROFILEDEF($,$,#582,#584,$);
#586=IFCCARTESIANPOINT((0.,100.));
#587=IFCAXIS2PLACEMENT2D(#586,$);
#588=IFCISHAPEPROFILEDEF(.AREA.,'I-Profile',#587,100.,200.,7.,12.,$,$,$);
#589=IFCCARTESIANPOINT((0.,0.));
#590=IFCCARTESIANTRANSFORMATIONOPERATOR2DNONUNIFORM($,$,#589,1.0003668483050436,1.);
#591=IFCDERIVEDPROFILEDEF($,$,#588,#590,$);
#592=IFCCARTESIANPOINT((0.,100.));
#593=IFCAXIS2PLACEMENT2D(#592,$);
#594=IFCISHAPEPROFILEDEF(.AREA.,'I-Profile',#593,100.,200.,7.,12.,$,$,$);
#595=IFCCARTESIANPOINT((0.,0.));
#596=IFCCARTESIANTRANSFORMATIONOPERATOR2DNONUNIFORM($,$,#595,1.0003668483050432,1.);
#597=IFCDERIVEDPROFILEDEF($,$,#594,#596,$);
#598=IFCCARTESIANPOINT((0.,100.));
#599=IFCAXIS2PLACEMENT2D(#598,$);
#600=IFCISHAPEPROFILEDEF(.AREA.,'I-Profile',#599,100.,200.,7.,12.,$,$,$);
#601=IFCCARTESIANPOINT((0.,0.));
#602=IFCCARTESIANTRANSFORMATIONOPERATOR2DNONUNIFORM($,$,#601,1.0003668483050439,1.);
#603=IFCDERIVEDPROFILEDEF($,$,#600,#602,$);
#604=IFCCARTESIANPOINT((0.,100.));
#605=IFCAXIS2PLACEMENT2D(#604,$);
#606=IFCISHAPEPROFILEDEF(.AREA.,'I-Profile',#605,100.,200.,7.,12.,$,$,$);
#607=IFCCARTESIANPOINT((0.,0.));
#608=IFCCARTESIANTRANSFORMATIONOPERATOR2DNONUNIFORM($,$,#607,1.0003668483050432,1.);
#609=IFCDERIVEDPROFILEDEF($,$,#606,#608,$);
#610=IFCCARTESIANPOINT((0.,100.));
#611=IFCAXIS2PLACEMENT2D(#610,$);
#612=IFCISHAPEPROFILEDEF(.AREA.,'I-Profile',#611,100.,200.,7.,12.,$,$,$);
#613=IFCCARTESIANPOINT((0.,0.));
#614=IFCCARTESIANTRANSFORMATIONOPERATOR2DNONUNIFORM($,$,#613,1.0003668483050439,1.);
#615=IFCDERIVEDPROFILEDEF($,$,#612,#614,$);
#616=IFCCARTESIANPOINT((0.,100.));
#617=IFCAXIS2PLACEMENT2D(#616,$);
#618=IFCISHAPEPROFILEDEF(.AREA.,'I-Profile',#617,100.,200.,7.,12.,$,$,$);
#619=IFCCARTESIANPOINT((0.,0.));
#620=IFCCARTESIANTRANSFORMATIONOPERATOR2DNONUNIFORM($,$,#619,1.0003668483050434,1.);
#621=IFCDERIVEDPROFILEDEF($,$,#618,#620,$);
#622=IFCCARTESIANPOINT((0.,100.));
#623=IFCAXIS2PLACEMENT2D(#622,$);
#624=IFCISHAPEPROFILEDEF(.AREA.,'I-Profile',#623,100.,200.,7.,12.,$,$,$);
#625=IFCCARTESIANPOINT((0.,0.));
#626=IFCCARTESIANTRANSFORMATIONOPERATOR2DNONUNIFORM($,$,#625,1.0003668483050432,1.);
#627=IFCDERIVEDPROFILEDEF($,$,#624,#626,$);
#628=IFCCARTESIANPOINT((0.,100.));
#629=IFCAXIS2PLACEMENT2D(#628,$);
#630=IFCISHAPEPROFILEDEF(.AREA.,'I-Profile',#629,100.,200.,7.,12.,$,$,$);
#631=IFCCARTESIANPOINT((0.,0.));
#632=IFCCARTESIANTRANSFORMATIONOPERATOR2DNONUNIFORM($,$,#631,1.0003668483050439,1.);
#633=IFCDERIVEDPROFILEDEF($,$,#630,#632,$);
#634=IFCCARTESIANPOINT((0.,100.));
#635=IFCAXIS2PLACEMENT2D(#634,$);
#636=IFCISHAPEPROFILEDEF(.AREA.,'I-Profile',#635,100.,200.,7.,12.,$,$,$);
#637=IFCCARTESIANPOINT((0.,0.));
#638=IFCCARTESIANTRANSFORMATIONOPERATOR2DNONUNIFORM($,$,#637,1.0003668483050432,1.);
#639=IFCDERIVEDPROFILEDEF($,$,#636,#638,$);
#640=IFCCARTESIANPOINT((0.,100.));
#641=IFCAXIS2PLACEMENT2D(#640,$);
#642=IFCISHAPEPROFILEDEF(.AREA.,'I-Profile',#641,100.,200.,7.,12.,$,$,$);
#643=IFCCARTESIANPOINT((0.,0.));
#644=IFCCARTESIANTRANSFORMATIONOPERATOR2DNONUNIFORM($,$,#643,1.0000916910535114,1.);
#645=IFCDERIVEDPROFILEDEF($,$,#642,#644,$);
#646=IFCCARTESIANPOINT((0.,100.));
#647=IFCAXIS2PLACEMENT2D(#646,$);
#648=IFCISHAPEPROFILEDEF(.AREA.,'I-Profile',#647,100.,200.,7.,12.,$,$,$);
#649=IFCCARTESIANPOINT((0.,0.));
#650=IFCCARTESIANTRANSFORMATIONOPERATOR2DNONUNIFORM($,$,#649,1.,1.0000916910535114);
#651=IFCDERIVEDPROFILEDEF($,$,#648,#650,$);
#652=IFCCARTESIANPOINT((0.,100.));
#653=IFCAXIS2PLACEMENT2D(#652,$);
#654=IFCISHAPEPROFILEDEF(.AREA.,'I-Profile',#653,100.,200.,7.,12.,$,$,$);
#655=IFCCARTESIANPOINT((0.,0.));
#656=IFCCARTESIANTRANSFORMATIONOPERATOR2DNONUNIFORM($,$,#655,1.,1.0003668483050432);
#657=IFCDERIVEDPROFILEDEF($,$,#654,#656,$);
#658=IFCCARTESIANPOINT((0.,100.));
#659=IFCAXIS2PLACEMENT2D(#658,$);
#660=IFCISHAPEPROFILEDEF(.AREA.,'I-Profile',#659,100.,200.,7.,12.,$,$,$);
#661=IFCCARTESIANPOINT((0.,0.));
#662=IFCCARTESIANTRANSFORMATIONOPERATOR2DNONUNIFORM($,$,#661,1.,1.0003668483050439);
#663=IFCDERIVEDPROFILEDEF($,$,#660,#662,$);
#664=IFCCARTESIANPOINT((0.,100.));
#665=IFCAXIS2PLACEMENT2D(#664,$);
#666=IFCISHAPEPROFILEDEF(.AREA.,'I-Profile',#665,100.,200.,7.,12.,$,$,$);
#667=IFCCARTESIANPOINT((0.,0.));
#668=IFCCARTESIANTRANSFORMATIONOPERATOR2DNONUNIFORM($,$,#667,1.,1.0003668483050432);
#669=IFCDERIVEDPROFILEDEF($,$,#666,#668,$);
#670=IFCCARTESIANPOINT((0.,100.));
#671=IFCAXIS2PLACEMENT2D(#670,$);
#672=IFCISHAPEPROFILEDEF(.AREA.,'I-Profile',#671,100.,200.,7.,12.,$,$,$);
#673=IFCCARTESIANPOINT((0.,0.));
#674=IFCCARTESIANTRANSFORMATIONOPERATOR2DNONUNIFORM($,$,#673,1.,1.0003668483050434);
#675=IFCDERIVEDPROFILEDEF($,$,#672,#674,$);
#676=IFCCARTESIANPOINT((0.,100.));
#677=IFCAXIS2PLACEMENT2D(#676,$);
#678=IFCISHAPEPROFILEDEF(.AREA.,'I-Profile',#677,100.,200.,7.,12.,$,$,$);
#679=IFCCARTESIANPOINT((0.,0.));
#680=IFCCARTESIANTRANSFORMATIONOPERATOR2DNONUNIFORM($,$,#679,1.,1.0003668483050439);
#681=IFCDERIVEDPROFILEDEF($,$,#678,#680,$);
#682=IFCCARTESIANPOINT((0.,100.));
#683=IFCAXIS2PLACEMENT2D(#682,$);
#684=IFCISHAPEPROFILEDEF(.AREA.,'I-Profile',#683,100.,200.,7.,12.,$,$,$);
#685=IFCCARTESIANPOINT((0.,0.));
#686=IFCCARTESIANTRANSFORMATIONOPERATOR2DNONUNIFORM($,$,#685,1.,1.0003668483050432);
#687=IFCDERIVEDPROFILEDEF($,$,#684,#686,$);
#688=IFCCARTESIANPOINT((0.,100.));
#689=IFCAXIS2PLACEMENT2D(#688,$);
#690=IFCISHAPEPROFILEDEF(.AREA.,'I-Profile',#689,100.,200.,7.,12.,$,$,$);
#691=IFCCARTESIANPOINT((0.,0.));
#692=IFCCARTESIANTRANSFORMATIONOPERATOR2DNONUNIFORM($,$,#691,1.,1.0003668483050439);
#693=IFCDERIVEDPROFILEDEF($,$,#690,#692,$);
#694=IFCCARTESIANPOINT((0.,100.));
#695=IFCAXIS2PLACEMENT2D(#694,$);
#696=IFCISHAPEPROFILEDEF(.AREA.,'I-Profile',#695,100.,200.,7.,12.,$,$,$);
#697=IFCCARTESIANPOINT((0.,0.));
#698=IFCCARTESIANTRANSFORMATIONOPERATOR2DNONUNIFORM($,$,#697,1.,1.0003668483050432);
#699=IFCDERIVEDPROFILEDEF($,$,#696,#698,$);
#700=IFCCARTESIANPOINT((0.,100.));
#701=IFCAXIS2PLACEMENT2D(#700,$);
#702=IFCISHAPEPROFILEDEF(.AREA.,'I-Profile',#701,100.,200.,7.,12.,$,$,$);
#703=IFCCARTESIANPOINT((0.,0.));
#704=IFCCARTESIANTRANSFORMATIONOPERATOR2DNONUNIFORM($,$,#703,1.,1.0003668483050436);
#705=IFCDERIVEDPROFILEDEF($,$,#702,#704,$);
#706=IFCCARTESIANPOINT((0.,100.));
#707=IFCAXIS2PLACEMENT2D(#706,$);
#708=IFCISHAPEPROFILEDEF(.AREA.,'I-Profile',#707,100.,200.,7.,12.,$,$,$);
#709=IFCCARTESIANPOINT((0.,0.));
#710=IFCCARTESIANTRANSFORMATIONOPERATOR2DNONUNIFORM($,$,#709,1.,1.0003668483050432);
#711=IFCDERIVEDPROFILEDEF($,$,#708,#710,$);
#712=IFCCARTESIANPOINT((0.,100.));
#713=IFCAXIS2PLACEMENT2D(#712,$);
#714=IFCISHAPEPROFILEDEF(.AREA.,'I-Profile',#713,100.,200.,7.,12.,$,$,$);
#715=IFCCARTESIANPOINT((0.,0.));
#716=IFCCARTESIANTRANSFORMATIONOPERATOR2DNONUNIFORM($,$,#715,1.,1.0003668483050439);
#717=IFCDERIVEDPROFILEDEF($,$,#714,#716,$);
#718=IFCCARTESIANPOINT((0.,100.));
#719=IFCAXIS2PLACEMENT2D(#718,$);
#720=IFCISHAPEPROFILEDEF(.AREA.,'I-Profile',#719,100.,200.,7.,12.,$,$,$);
#721=IFCCARTESIANPOINT((0.,0.));
#722=IFCCARTESIANTRANSFORMATIONOPERATOR2DNONUNIFORM($,$,#721,1.,1.0003668483050434);
#723=IFCDERIVEDPROFILEDEF($,$,#720,#722,$);
#724=IFCCARTESIANPOINT((0.,100.));
#725=IFCAXIS2PLACEMENT2D(#724,$);
#726=IFCISHAPEPROFILEDEF(.AREA.,'I-Profile',#725,100.,200.,7.,12.,$,$,$);
#727=IFCCARTESIANPOINT((0.,0.));
#728=IFCCARTESIANTRANSFORMATIONOPERATOR2DNONUNIFORM($,$,#727,1.,1.0003668483050434);
#729=IFCDERIVEDPROFILEDEF($,$,#726,#728,$);
#730=IFCCARTESIANPOINT((0.,100.));
#731=IFCAXIS2PLACEMENT2D(#730,$);
#732=IFCISHAPEPROFILEDEF(.AREA.,'I-Profile',#731,100.,200.,7.,12.,$,$,$);
#733=IFCCARTESIANPOINT((0.,0.));
#734=IFCCARTESIANTRANSFORMATIONOPERATOR2DNONUNIFORM($,$,#733,1.,1.0003668483050436);
#735=IFCDERIVEDPROFILEDEF($,$,#732,#734,$);
#736=IFCCARTESIANPOINT((0.,100.));
#737=IFCAXIS2PLACEMENT2D(#736,$);
#738=IFCISHAPEPROFILEDEF(.AREA.,'I-Profile',#737,100.,200.,7.,12.,$,$,$);
#739=IFCCARTESIANPOINT((0.,0.));
#740=IFCCARTESIANTRANSFORMATIONOPERATOR2DNONUNIFORM($,$,#739,1.,1.0003668483050436);
#741=IFCDERIVEDPROFILEDEF($,$,#738,#740,$);
#742=IFCCARTESIANPOINT((0.,100.));
#743=IFCAXIS2PLACEMENT2D(#742,$);
#744=IFCISHAPEPROFILEDEF(.AREA.,'I-Profile',#743,100.,200.,7.,12.,$,$,$);
#745=IFCCARTESIANPOINT((0.,0.));
#746=IFCCARTESIANTRANSFORMATIONOPERATOR2DNONUNIFORM($,$,#745,1.,1.0003668483050434);
#747=IFCDERIVEDPROFILEDEF($,$,#744,#746,$);
#748=IFCCARTESIANPOINT((0.,100.));
#749=IFCAXIS2PLACEMENT2D(#748,$);
#750=IFCISHAPEPROFILEDEF(.AREA.,'I-Profile',#749,100.,200.,7.,12.,$,$,$);
#751=IFCCARTESIANPOINT((0.,0.));
#752=IFCCARTESIANTRANSFORMATIONOPERATOR2DNONUNIFORM($,$,#751,1.,1.0003668483050434);
#753=IFCDERIVEDPROFILEDEF($,$,#750,#752,$);
#754=IFCCARTESIANPOINT((0.,100.));
#755=IFCAXIS2PLACEMENT2D(#754,$);
#756=IFCISHAPEPROFILEDEF(.AREA.,'I-Profile',#755,100.,200.,7.,12.,$,$,$);
#757=IFCCARTESIANPOINT((0.,0.));
#758=IFCCARTESIANTRANSFORMATIONOPERATOR2DNONUNIFORM($,$,#757,1.,1.0003668483050439);
#759=IFCDERIVEDPROFILEDEF($,$,#756,#758,$);
#760=IFCCARTESIANPOINT((0.,100.));
#761=IFCAXIS2PLACEMENT2D(#760,$);
#762=IFCISHAPEPROFILEDEF(.AREA.,'I-Profile',#761,100.,200.,7.,12.,$,$,$);
#763=IFCCARTESIANPOINT((0.,0.));
#764=IFCCARTESIANTRANSFORMATIONOPERATOR2DNONUNIFORM($,$,#763,1.,1.0003668483050432);
#765=IFCDERIVEDPROFILEDEF($,$,#762,#764,$);
#766=IFCCARTESIANPOINT((0.,100.));
#767=IFCAXIS2PLACEMENT2D(#766,$);
#768=IFCISHAPEPROFILEDEF(.AREA.,'I-Profile',#767,100.,200.,7.,12.,$,$,$);
#769=IFCCARTESIANPOINT((0.,0.));
#770=IFCCARTESIANTRANSFORMATIONOPERATOR2DNONUNIFORM($,$,#769,1.,1.0003668483050436);
#771=IFCDERIVEDPROFILEDEF($,$,#768,#770,$);
#772=IFCCARTESIANPOINT((0.,100.));
#773=IFCAXIS2PLACEMENT2D(#772,$);
#774=IFCISHAPEPROFILEDEF(.AREA.,'I-Profile',#773,100.,200.,7.,12.,$,$,$);
#775=IFCCARTESIANPOINT((0.,0.));
#776=IFCCARTESIANTRANSFORMATIONOPERATOR2DNONUNIFORM($,$,#775,1.,1.0003668483050432);
#777=IFCDERIVEDPROFILEDEF($,$,#774,#776,$);
#778=IFCCARTESIANPOINT((0.,100.));
#779=IFCAXIS2PLACEMENT2D(#778,$);
#780=IFCISHAPEPROFILEDEF(.AREA.,'I-Profile',#779,100.,200.,7.,12.,$,$,$);
#781=IFCCARTESIANPOINT((0.,0.));
#782=IFCCARTESIANTRANSFORMATIONOPERATOR2DNONUNIFORM($,$,#781,1.,1.0003668483050439);
#783=IFCDERIVEDPROFILEDEF($,$,#780,#782,$);
#784=IFCCARTESIANPOINT((0.,100.));
#785=IFCAXIS2PLACEMENT2D(#784,$);
#786=IFCISHAPEPROFILEDEF(.AREA.,'I-Profile',#785,100.,200.,7.,12.,$,$,$);
#787=IFCCARTESIANPOINT((0.,0.));
#788=IFCCARTESIANTRANSFORMATIONOPERATOR2DNONUNIFORM($,$,#787,1.,1.0003668483050432);
#789=IFCDERIVEDPROFILEDEF($,$,#786,#788,$);
#790=IFCCARTESIANPOINT((0.,100.));
#791=IFCAXIS2PLACEMENT2D(#790,$);
#792=IFCISHAPEPROFILEDEF(.AREA.,'I-Profile',#791,100.,200.,7.,12.,$,$,$);
#793=IFCCARTESIANPOINT((0.,0.));
#794=IFCCARTESIANTRANSFORMATIONOPERATOR2DNONUNIFORM($,$,#793,1.,1.0003668483050439);
#795=IFCDERIVEDPROFILEDEF($,$,#792,#794,$);
#796=IFCCARTESIANPOINT((0.,100.));
#797=IFCAXIS2PLACEMENT2D(#796,$);
#798=IFCISHAPEPROFILEDEF(.AREA.,'I-Profile',#797,100.,200.,7.,12.,$,$,$);
#799=IFCCARTESIANPOINT((0.,0.));
#800=IFCCARTESIANTRANSFORMATIONOPERATOR2DNONUNIFORM($,$,#799,1.,1.0003668483050434);
#801=IFCDERIVEDPROFILEDEF($,$,#798,#800,$);
#802=IFCCARTESIANPOINT((0.,100.));
#803=IFCAXIS2PLACEMENT2D(#802,$);
#804=IFCISHAPEPROFILEDEF(.AREA.,'I-Profile',#803,100.,200.,7.,12.,$,$,$);
#805=IFCCARTESIANPOINT((0.,0.));
#806=IFCCARTESIANTRANSFORMATIONOPERATOR2DNONUNIFORM($,$,#805,1.,1.0003668483050432);
#807=IFCDERIVEDPROFILEDEF($,$,#804,#806,$);
#808=IFCCARTESIANPOINT((0.,100.));
#809=IFCAXIS2PLACEMENT2D(#808,$);
#810=IFCISHAPEPROFILEDEF(.AREA.,'I-Profile',#809,100.,200.,7.,12.,$,$,$);
#811=IFCCARTESIANPOINT((0.,0.));
#812=IFCCARTESIANTRANSFORMATIONOPERATOR2DNONUNIFORM($,$,#811,1.,1.0003668483050439);
#813=IFCDERIVEDPROFILEDEF($,$,#810,#812,$);
#814=IFCCARTESIANPOINT((0.,100.));
#815=IFCAXIS2PLACEMENT2D(#814,$);
#816=IFCISHAPEPROFILEDEF(.AREA.,'I-Profile',#815,100.,200.,7.,12.,$,$,$);
#817=IFCCARTESIANPOINT((0.,0.));
#818=IFCCARTESIANTRANSFORMATIONOPERATOR2DNONUNIFORM($,$,#817,1.,1.0003668483050432);
#819=IFCDERIVEDPROFILEDEF($,$,#816,#818,$);
#820=IFCCARTESIANPOINT((0.,100.));
#821=IFCAXIS2PLACEMENT2D(#820,$);
#822=IFCISHAPEPROFILEDEF(.AREA.,'I-Profile',#821,100.,200.,7.,12.,$,$,$);
#823=IFCCARTESIANPOINT((0.,0.));
#824=IFCCARTESIANTRANSFORMATIONOPERATOR2DNONUNIFORM($,$,#823,1.,1.0000916910535114);
#825=IFCDERIVEDPROFILEDEF($,$,#822,#824,$);
#826=IFCCARTESIANPOINT((0.,100.));
#827=IFCAXIS2PLACEMENT2D(#826,$);
#828=IFCISHAPEPROFILEDEF(.AREA.,'I-Profile',#827,100.,200.,7.,12.,$,$,$);
#829=IFCCARTESIANPOINT((0.,0.));
#830=IFCCARTESIANTRANSFORMATIONOPERATOR2DNONUNIFORM($,$,#829,1.,1.0000856797663864);
#831=IFCDERIVEDPROFILEDEF($,$,#828,#830,$);
#832=IFCCARTESIANPOINT((0.,100.));
#833=IFCAXIS2PLACEMENT2D(#832,$);
#834=IFCISHAPEPROFILEDEF(.AREA.,'I-Profile',#833,100.,200.,7.,12.,$,$,$);
#835=IFCCARTESIANPOINT((0.,0.));
#836=IFCCARTESIANTRANSFORMATIONOPERATOR2DNONUNIFORM($,$,#835,1.,1.0003427924908681);
#837=IFCDERIVEDPROFILEDEF($,$,#834,#836,$);
#838=IFCCARTESIANPOINT((0.,100.));
#839=IFCAXIS2PLACEMENT2D(#838,$);
#840=IFCISHAPEPROFILEDEF(.AREA.,'I-Profile',#839,100.,200.,7.,12.,$,$,$);
#841=IFCCARTESIANPOINT((0.,0.));
#842=IFCCARTESIANTRANSFORMATIONOPERATOR2DNONUNIFORM($,$,#841,1.,1.0003427924908677);
#843=IFCDERIVEDPROFILEDEF($,$,#840,#842,$);
#844=IFCCARTESIANPOINT((0.,100.));
#845=IFCAXIS2PLACEMENT2D(#844,$);
#846=IFCISHAPEPROFILEDEF(.AREA.,'I-Profile',#845,100.,200.,7.,12.,$,$,$);
#847=IFCCARTESIANPOINT((0.,0.));
#848=IFCCARTESIANTRANSFORMATIONOPERATOR2DNONUNIFORM($,$,#847,1.,1.0003427924908681);
#849=IFCDERIVEDPROFILEDEF($,$,#846,#848,$);
#850=IFCCARTESIANPOINT((0.,100.));
#851=IFCAXIS2PLACEMENT2D(#850,$);
#852=IFCISHAPEPROFILEDEF(.AREA.,'I-Profile',#851,100.,200.,7.,12.,$,$,$);
#853=IFCCARTESIANPOINT((0.,0.));
#854=IFCCARTESIANTRANSFORMATIONOPERATOR2DNONUNIFORM($,$,#853,1.,1.0003427924908677);
#855=IFCDERIVEDPROFILEDEF($,$,#852,#854,$);
#856=IFCCARTESIANPOINT((0.,100.));
#857=IFCAXIS2PLACEMENT2D(#856,$);
#858=IFCISHAPEPROFILEDEF(.AREA.,'I-Profile',#857,100.,200.,7.,12.,$,$,$);
#859=IFCCARTESIANPOINT((0.,0.));
#860=IFCCARTESIANTRANSFORMATIONOPERATOR2DNONUNIFORM($,$,#859,1.,1.0003427924908681);
#861=IFCDERIVEDPROFILEDEF($,$,#858,#860,$);
#862=IFCCARTESIANPOINT((0.,100.));
#863=IFCAXIS2PLACEMENT2D(#862,$);
#864=IFCISHAPEPROFILEDEF(.AREA.,'I-Profile',#863,100.,200.,7.,12.,$,$,$);
#865=IFCCARTESIANPOINT((0.,0.));
#866=IFCCARTESIANTRANSFORMATIONOPERATOR2DNONUNIFORM($,$,#865,1.,1.0003427924908681);
#867=IFCDERIVEDPROFILEDEF($,$,#864,#866,$);
#868=IFCCARTESIANPOINT((0.,100.));
#869=IFCAXIS2PLACEMENT2D(#868,$);
#870=IFCISHAPEPROFILEDEF(.AREA.,'I-Profile',#869,100.,200.,7.,12.,$,$,$);
#871=IFCCARTESIANPOINT((0.,0.));
#872=IFCCARTESIANTRANSFORMATIONOPERATOR2DNONUNIFORM($,$,#871,1.,1.0003427924908677);
#873=IFCDERIVEDPROFILEDEF($,$,#870,#872,$);
#874=IFCCARTESIANPOINT((0.,100.));
#875=IFCAXIS2PLACEMENT2D(#874,$);
#876=IFCISHAPEPROFILEDEF(.AREA.,'I-Profile',#875,100.,200.,7.,12.,$,$,$);
#877=IFCCARTESIANPOINT((0.,0.));
#878=IFCCARTESIANTRANSFORMATIONOPERATOR2DNONUNIFORM($,$,#877,1.,1.0003427924908681);
#879=IFCDERIVEDPROFILEDEF($,$,#876,#878,$);
#880=IFCCARTESIANPOINT((0.,100.));
#881=IFCAXIS2PLACEMENT2D(#880,$);
#882=IFCISHAPEPROFILEDEF(.AREA.,'I-Profile',#881,100.,200.,7.,12.,$,$,$);
#883=IFCCARTESIANPOINT((0.,0.));
#884=IFCCARTESIANTRANSFORMATIONOPERATOR2DNONUNIFORM($,$,#883,1.,1.0003427924908679);
#885=IFCDERIVEDPROFILEDEF($,$,#882,#884,$);
#886=IFCCARTESIANPOINT((0.,100.));
#887=IFCAXIS2PLACEMENT2D(#886,$);
#888=IFCISHAPEPROFILEDEF(.AREA.,'I-Profile',#887,100.,200.,7.,12.,$,$,$);
#889=IFCCARTESIANPOINT((0.,0.));
#890=IFCCARTESIANTRANSFORMATIONOPERATOR2DNONUNIFORM($,$,#889,1.,1.0003427924908679);
#891=IFCDERIVEDPROFILEDEF($,$,#888,#890,$);
#892=IFCCARTESIANPOINT((0.,100.));
#893=IFCAXIS2PLACEMENT2D(#892,$);
#894=IFCISHAPEPROFILEDEF(.AREA.,'I-Profile',#893,100.,200.,7.,12.,$,$,$);
#895=IFCCARTESIANPOINT((0.,0.));
#896=IFCCARTESIANTRANSFORMATIONOPERATOR2DNONUNIFORM($,$,#895,1.,1.0003427924908681);
#897=IFCDERIVEDPROFILEDEF($,$,#894,#896,$);
#898=IFCCARTESIANPOINT((0.,100.));
#899=IFCAXIS2PLACEMENT2D(#898,$);
#900=IFCISHAPEPROFILEDEF(.AREA.,'I-Profile',#899,100.,200.,7.,12.,$,$,$);
#901=IFCCARTESIANPOINT((0.,0.));
#902=IFCCARTESIANTRANSFORMATIONOPERATOR2DNONUNIFORM($,$,#901,1.,1.0003427924908677);
#903=IFCDERIVEDPROFILEDEF($,$,#900,#902,$);
#904=IFCCARTESIANPOINT((0.,100.));
#905=IFCAXIS2PLACEMENT2D(#904,$);
#906=IFCISHAPEPROFILEDEF(.AREA.,'I-Profile',#905,100.,200.,7.,12.,$,$,$);
#907=IFCCARTESIANPOINT((0.,0.));
#908=IFCCARTESIANTRANSFORMATIONOPERATOR2DNONUNIFORM($,$,#907,1.,1.0003427924908681);
#909=IFCDERIVEDPROFILEDEF($,$,#906,#908,$);
#910=IFCCARTESIANPOINT((0.,100.));
#911=IFCAXIS2PLACEMENT2D(#910,$);
#912=IFCISHAPEPROFILEDEF(.AREA.,'I-Profile',#911,100.,200.,7.,12.,$,$,$);
#913=IFCCARTESIANPOINT((0.,0.));
#914=IFCCARTESIANTRANSFORMATIONOPERATOR2DNONUNIFORM($,$,#913,1.,1.0003427924908681);
#915=IFCDERIVEDPROFILEDEF($,$,#912,#914,$);
#916=IFCCARTESIANPOINT((0.,100.));
#917=IFCAXIS2PLACEMENT2D(#916,$);
#918=IFCISHAPEPROFILEDEF(.AREA.,'I-Profile',#917,100.,200.,7.,12.,$,$,$);
#919=IFCCARTESIANPOINT((0.,0.));
#920=IFCCARTESIANTRANSFORMATIONOPERATOR2DNONUNIFORM($,$,#919,1.,1.0003427924908679);
#921=IFCDERIVEDPROFILEDEF($,$,#918,#920,$);
#922=IFCCARTESIANPOINT((0.,100.));
#923=IFCAXIS2PLACEMENT2D(#922,$);
#924=IFCISHAPEPROFILEDEF(.AREA.,'I-Profile',#923,100.,200.,7.,12.,$,$,$);
#925=IFCCARTESIANPOINT((0.,0.));
#926=IFCCARTESIANTRANSFORMATIONOPERATOR2DNONUNIFORM($,$,#925,1.,1.0003427924908679);
#927=IFCDERIVEDPROFILEDEF($,$,#924,#926,$);
#928=IFCCARTESIANPOINT((0.,100.));
#929=IFCAXIS2PLACEMENT2D(#928,$);
#930=IFCISHAPEPROFILEDEF(.AREA.,'I-Profile',#929,100.,200.,7.,12.,$,$,$);
#931=IFCCARTESIANPOINT((0.,0.));
#932=IFCCARTESIANTRANSFORMATIONOPERATOR2DNONUNIFORM($,$,#931,1.,1.0003427924908681);
#933=IFCDERIVEDPROFILEDEF($,$,#930,#932,$);
#934=IFCCARTESIANPOINT((0.,100.));
#935=IFCAXIS2PLACEMENT2D(#934,$);
#936=IFCISHAPEPROFILEDEF(.AREA.,'I-Profile',#935,100.,200.,7.,12.,$,$,$);
#937=IFCCARTESIANPOINT((0.,0.));
#938=IFCCARTESIANTRANSFORMATIONOPERATOR2DNONUNIFORM($,$,#937,1.,1.0003427924908677);
#939=IFCDERIVEDPROFILEDEF($,$,#936,#938,$);
#940=IFCCARTESIANPOINT((0.,100.));
#941=IFCAXIS2PLACEMENT2D(#940,$);
#942=IFCISHAPEPROFILEDEF(.AREA.,'I-Profile',#941,100.,200.,7.,12.,$,$,$);
#943=IFCCARTESIANPOINT((0.,0.));
#944=IFCCARTESIANTRANSFORMATIONOPERATOR2DNONUNIFORM($,$,#943,1.,1.0003427924908679);
#945=IFCDERIVEDPROFILEDEF($,$,#942,#944,$);
#946=IFCCARTESIANPOINT((0.,100.));
#947=IFCAXIS2PLACEMENT2D(#946,$);
#948=IFCISHAPEPROFILEDEF(.AREA.,'I-Profile',#947,100.,200.,7.,12.,$,$,$);
#949=IFCCARTESIANPOINT((0.,0.));
#950=IFCCARTESIANTRANSFORMATIONOPERATOR2DNONUNIFORM($,$,#949,1.,1.0003427924908679);
#951=IFCDERIVEDPROFILEDEF($,$,#948,#950,$);
#952=IFCCARTESIANPOINT((0.,100.));
#953=IFCAXIS2PLACEMENT2D(#952,$);
#954=IFCISHAPEPROFILEDEF(.AREA.,'I-Profile',#953,100.,200.,7.,12.,$,$,$);
#955=IFCCARTESIANPOINT((0.,0.));
#956=IFCCARTESIANTRANSFORMATIONOPERATOR2DNONUNIFORM($,$,#955,1.,1.0003427924908679);
#957=IFCDERIVEDPROFILEDEF($,$,#954,#956,$);
#958=IFCCARTESIANPOINT((0.,100.));
#959=IFCAXIS2PLACEMENT2D(#958,$);
#960=IFCISHAPEPROFILEDEF(.AREA.,'I-Profile',#959,100.,200.,7.,12.,$,$,$);
#961=IFCCARTESIANPOINT((0.,0.));
#962=IFCCARTESIANTRANSFORMATIONOPERATOR2DNONUNIFORM($,$,#961,1.,1.0003427924908679);
#963=IFCDERIVEDPROFILEDEF($,$,#960,#962,$);
#964=IFCCARTESIANPOINT((0.,100.));
#965=IFCAXIS2PLACEMENT2D(#964,$);
#966=IFCISHAPEPROFILEDEF(.AREA.,'I-Profile',#965,100.,200.,7.,12.,$,$,$);
#967=IFCCARTESIANPOINT((0.,0.));
#968=IFCCARTESIANTRANSFORMATIONOPERATOR2DNONUNIFORM($,$,#967,1.,1.0003427924908679);
#969=IFCDERIVEDPROFILEDEF($,$,#966,#968,$);
#970=IFCCARTESIANPOINT((0.,100.));
#971=IFCAXIS2PLACEMENT2D(#970,$);
#972=IFCISHAPEPROFILEDEF(.AREA.,'I-Profile',#971,100.,200.,7.,12.,$,$,$);
#973=IFCCARTESIANPOINT((0.,0.));
#974=IFCCARTESIANTRANSFORMATIONOPERATOR2DNONUNIFORM($,$,#973,1.,1.0003427924908679);
#975=IFCDERIVEDPROFILEDEF($,$,#972,#974,$);
#976=IFCCARTESIANPOINT((0.,100.));
#977=IFCAXIS2PLACEMENT2D(#976,$);
#978=IFCISHAPEPROFILEDEF(.AREA.,'I-Profile',#977,100.,200.,7.,12.,$,$,$);
#979=IFCCARTESIANPOINT((0.,0.));
#980=IFCCARTESIANTRANSFORMATIONOPERATOR2DNONUNIFORM($,$,#979,1.,1.0003427924908679);
#981=IFCDERIVEDPROFILEDEF($,$,#978,#980,$);
#982=IFCCARTESIANPOINT((0.,100.));
#983=IFCAXIS2PLACEMENT2D(#982,$);
#984=IFCISHAPEPROFILEDEF(.AREA.,'I-Profile',#983,100.,200.,7.,12.,$,$,$);
#985=IFCCARTESIANPOINT((0.,0.));
#986=IFCCARTESIANTRANSFORMATIONOPERATOR2DNONUNIFORM($,$,#985,1.,1.0003427924908679);
#987=IFCDERIVEDPROFILEDEF($,$,#984,#986,$);
#988=IFCCARTESIANPOINT((0.,100.));
#989=IFCAXIS2PLACEMENT2D(#988,$);
#990=IFCISHAPEPROFILEDEF(.AREA.,'I-Profile',#989,100.,200.,7.,12.,$,$,$);
#991=IFCCARTESIANPOINT((0.,0.));
#992=IFCCARTESIANTRANSFORMATIONOPERATOR2DNONUNIFORM($,$,#991,1.,1.0003427924908681);
#993=IFCDERIVEDPROFILEDEF($,$,#990,#992,$);
#994=IFCCARTESIANPOINT((0.,100.));
#995=IFCAXIS2PLACEMENT2D(#994,$);
#996=IFCISHAPEPROFILEDEF(.AREA.,'I-Profile',#995,100.,200.,7.,12.,$,$,$);
#997=IFCCARTESIANPOINT((0.,0.));
#998=IFCCARTESIANTRANSFORMATIONOPERATOR2DNONUNIFORM($,$,#997,1.,1.0003427924908679);
#999=IFCDERIVEDPROFILEDEF($,$,#996,#998,$);
#1000=IFCCARTESIANPOINT((0.,100.));
#1001=IFCAXIS2PLACEMENT2D(#1000,$);
#1002=IFCISHAPEPROFILEDEF(.AREA.,'I-Profile',#1001,100.,200.,7.,12.,$,$,$);
#1003=IFCCARTESIANPOINT((0.,0.));
#1004=IFCCARTESIANTRANSFORMATIONOPERATOR2DNONUNIFORM($,$,#1003,1.,1.0003427924908679);
#1005=IFCDERIVEDPROFILEDEF($,$,#1002,#1004,$);
#1006=IFCCARTESIANPOINT((0.,100.));
#1007=IFCAXIS2PLACEMENT2D(#1006,$);
#1008=IFCISHAPEPROFILEDEF(.AREA.,'I-Profile',#1007,100.,200.,7.,12.,$,$,$);
#1009=IFCCARTESIANPOINT((0.,0.));
#1010=IFCCARTESIANTRANSFORMATIONOPERATOR2DNONUNIFORM($,$,#1009,1.,1.0000856797663864);
#1011=IFCDERIVEDPROFILEDEF($,$,#1008,#1010,$);
#1012=IFCCARTESIANPOINT((0.,100.));
#1013=IFCAXIS2PLACEMENT2D(#1012,$);
#1014=IFCISHAPEPROFILEDEF(.AREA.,'I-Profile',#1013,100.,200.,7.,12.,$,$,$);
#1015=IFCCARTESIANPOINT((0.,0.));
#1016=IFCCARTESIANTRANSFORMATIONOPERATOR2DNONUNIFORM($,$,#1015,1.0000856797663864,1.);
#1017=IFCDERIVEDPROFILEDEF($,$,#1014,#1016,$);
#1018=IFCCARTESIANPOINT((0.,100.));
#1019=IFCAXIS2PLACEMENT2D(#1018,$);
#1020=IFCISHAPEPROFILEDEF(.AREA.,'I-Profile',#1019,100.,200.,7.,12.,$,$,$);
#1021=IFCCARTESIANPOINT((0.,0.));
#1022=IFCCARTESIANTRANSFORMATIONOPERATOR2DNONUNIFORM($,$,#1021,1.0003427924908681,1.);
#1023=IFCDERIVEDPROFILEDEF($,$,#1020,#1022,$);
#1024=IFCCARTESIANPOINT((0.,100.));
#1025=IFCAXIS2PLACEMENT2D(#1024,$);
#1026=IFCISHAPEPROFILEDEF(.AREA.,'I-Profile',#1025,100.,200.,7.,12.,$,$,$);
#1027=IFCCARTESIANPOINT((0.,0.));
#1028=IFCCARTESIANTRANSFORMATIONOPERATOR2DNONUNIFORM($,$,#1027,1.0003427924908677,1.);
#1029=IFCDERIVEDPROFILEDEF($,$,#1026,#1028,$);
#1030=IFCCARTESIANPOINT((0.,100.));
#1031=IFCAXIS2PLACEMENT2D(#1030,$);
#1032=IFCISHAPEPROFILEDEF(.AREA.,'I-Profile',#1031,100.,200.,7.,12.,$,$,$);
#1033=IFCCARTESIANPOINT((0.,0.));
#1034=IFCCARTESIANTRANSFORMATIONOPERATOR2DNONUNIFORM($,$,#1033,1.0003427924908681,1.);
#1035=IFCDERIVEDPROFILEDEF($,$,#1032,#1034,$);
#1036=IFCCARTESIANPOINT((0.,100.));
#1037=IFCAXIS2PLACEMENT2D(#1036,$);
#1038=IFCISHAPEPROFILEDEF(.AREA.,'I-Profile',#1037,100.,200.,7.,12.,$,$,$);
#1039=IFCCARTESIANPOINT((0.,0.));
#1040=IFCCARTESIANTRANSFORMATIONOPERATOR2DNONUNIFORM($,$,#1039,1.0003427924908677,1.);
#1041=IFCDERIVEDPROFILEDEF($,$,#1038,#1040,$);
#1042=IFCCARTESIANPOINT((0.,100.));
#1043=IFCAXIS2PLACEMENT2D(#1042,$);
#1044=IFCISHAPEPROFILEDEF(.AREA.,'I-Profile',#1043,100.,200.,7.,12.,$,$,$);
#1045=IFCCARTESIANPOINT((0.,0.));
#1046=IFCCARTESIANTRANSFORMATIONOPERATOR2DNONUNIFORM($,$,#1045,1.0003427924908681,1.);
#1047=IFCDERIVEDPROFILEDEF($,$,#1044,#1046,$);
#1048=IFCCARTESIANPOINT((0.,100.));
#1049=IFCAXIS2PLACEMENT2D(#1048,$);
#1050=IFCISHAPEPROFILEDEF(.AREA.,'I-Profile',#1049,100.,200.,7.,12.,$,$,$);
#1051=IFCCARTESIANPOINT((0.,0.));
#1052=IFCCARTESIANTRANSFORMATIONOPERATOR2DNONUNIFORM($,$,#1051,1.0003427924908681,1.);
#1053=IFCDERIVEDPROFILEDEF($,$,#1050,#1052,$);
#1054=IFCCARTESIANPOINT((0.,100.));
#1055=IFCAXIS2PLACEMENT2D(#1054,$);
#1056=IFCISHAPEPROFILEDEF(.AREA.,'I-Profile',#1055,100.,200.,7.,12.,$,$,$);
#1057=IFCCARTESIANPOINT((0.,0.));
#1058=IFCCARTESIANTRANSFORMATIONOPERATOR2DNONUNIFORM($,$,#1057,1.0003427924908677,1.);
#1059=IFCDERIVEDPROFILEDEF($,$,#1056,#1058,$);
#1060=IFCCARTESIANPOINT((0.,100.));
#1061=IFCAXIS2PLACEMENT2D(#1060,$);
#1062=IFCISHAPEPROFILEDEF(.AREA.,'I-Profile',#1061,100.,200.,7.,12.,$,$,$);
#1063=IFCCARTESIANPOINT((0.,0.));
#1064=IFCCARTESIANTRANSFORMATIONOPERATOR2DNONUNIFORM($,$,#1063,1.0003427924908681,1.);
#1065=IFCDERIVEDPROFILEDEF($,$,#1062,#1064,$);
#1066=IFCCARTESIANPOINT((0.,100.));
#1067=IFCAXIS2PLACEMENT2D(#1066,$);
#1068=IFCISHAPEPROFILEDEF(.AREA.,'I-Profile',#1067,100.,200.,7.,12.,$,$,$);
#1069=IFCCARTESIANPOINT((0.,0.));
#1070=IFCCARTESIANTRANSFORMATIONOPERATOR2DNONUNIFORM($,$,#1069,1.0003427924908679,1.);
#1071=IFCDERIVEDPROFILEDEF($,$,#1068,#1070,$);
#1072=IFCCARTESIANPOINT((0.,100.));
#1073=IFCAXIS2PLACEMENT2D(#1072,$);
#1074=IFCISHAPEPROFILEDEF(.AREA.,'I-Profile',#1073,100.,200.,7.,12.,$,$,$);
#1075=IFCCARTESIANPOINT((0.,0.));
#1076=IFCCARTESIANTRANSFORMATIONOPERATOR2DNONUNIFORM($,$,#1075,1.0003427924908679,1.);
#1077=IFCDERIVEDPROFILEDEF($,$,#1074,#1076,$);
#1078=IFCCARTESIANPOINT((0.,100.));
#1079=IFCAXIS2PLACEMENT2D(#1078,$);
#1080=IFCISHAPEPROFILEDEF(.AREA.,'I-Profile',#1079,100.,200.,7.,12.,$,$,$);
#1081=IFCCARTESIANPOINT((0.,0.));
#1082=IFCCARTESIANTRANSFORMATIONOPERATOR2DNONUNIFORM($,$,#1081,1.0003427924908681,1.);
#1083=IFCDERIVEDPROFILEDEF($,$,#1080,#1082,$);
#1084=IFCCARTESIANPOINT((0.,100.));
#1085=IFCAXIS2PLACEMENT2D(#1084,$);
#1086=IFCISHAPEPROFILEDEF(.AREA.,'I-Profile',#1085,100.,200.,7.,12.,$,$,$);
#1087=IFCCARTESIANPOINT((0.,0.));
#1088=IFCCARTESIANTRANSFORMATIONOPERATOR2DNONUNIFORM($,$,#1087,1.0003427924908677,1.);
#1089=IFCDERIVEDPROFILEDEF($,$,#1086,#1088,$);
#1090=IFCCARTESIANPOINT((0.,100.));
#1091=IFCAXIS2PLACEMENT2D(#1090,$);
#1092=IFCISHAPEPROFILEDEF(.AREA.,'I-Profile',#1091,100.,200.,7.,12.,$,$,$);
#1093=IFCCARTESIANPOINT((0.,0.));
#1094=IFCCARTESIANTRANSFORMATIONOPERATOR2DNONUNIFORM($,$,#1093,1.0003427924908681,1.);
#1095=IFCDERIVEDPROFILEDEF($,$,#1092,#1094,$);
#1096=IFCCARTESIANPOINT((0.,100.));
#1097=IFCAXIS2PLACEMENT2D(#1096,$);
#1098=IFCISHAPEPROFILEDEF(.AREA.,'I-Profile',#1097,100.,200.,7.,12.,$,$,$);
#1099=IFCCARTESIANPOINT((0.,0.));
#1100=IFCCARTESIANTRANSFORMATIONOPERATOR2DNONUNIFORM($,$,#1099,1.0003427924908681,1.);
#1101=IFCDERIVEDPROFILEDEF($,$,#1098,#1100,$);
#1102=IFCCARTESIANPOINT((0.,100.));
#1103=IFCAXIS2PLACEMENT2D(#1102,$);
#1104=IFCISHAPEPROFILEDEF(.AREA.,'I-Profile',#1103,100.,200.,7.,12.,$,$,$);
#1105=IFCCARTESIANPOINT((0.,0.));
#1106=IFCCARTESIANTRANSFORMATIONOPERATOR2DNONUNIFORM($,$,#1105,1.0003427924908679,1.);
#1107=IFCDERIVEDPROFILEDEF($,$,#1104,#1106,$);
#1108=IFCCARTESIANPOINT((0.,100.));
#1109=IFCAXIS2PLACEMENT2D(#1108,$);
#1110=IFCISHAPEPROFILEDEF(.AREA.,'I-Profile',#1109,100.,200.,7.,12.,$,$,$);
#1111=IFCCARTESIANPOINT((0.,0.));
#1112=IFCCARTESIANTRANSFORMATIONOPERATOR2DNONUNIFORM($,$,#1111,1.0003427924908679,1.);
#1113=IFCDERIVEDPROFILEDEF($,$,#1110,#1112,$);
#1114=IFCCARTESIANPOINT((0.,100.));
#1115=IFCAXIS2PLACEMENT2D(#1114,$);
#1116=IFCISHAPEPROFILEDEF(.AREA.,'I-Profile',#1115,100.,200.,7.,12.,$,$,$);
#1117=IFCCARTESIANPOINT((0.,0.));
#1118=IFCCARTESIANTRANSFORMATIONOPERATOR2DNONUNIFORM($,$,#1117,1.0003427924908681,1.);
#1119=IFCDERIVEDPROFILEDEF($,$,#1116,#1118,$);
#1120=IFCCARTESIANPOINT((0.,100.));
#1121=IFCAXIS2PLACEMENT2D(#1120,$);
#1122=IFCISHAPEPROFILEDEF(.AREA.,'I-Profile',#1121,100.,200.,7.,12.,$,$,$);
#1123=IFCCARTESIANPOINT((0.,0.));
#1124=IFCCARTESIANTRANSFORMATIONOPERATOR2DNONUNIFORM($,$,#1123,1.0003427924908677,1.);
#1125=IFCDERIVEDPROFILEDEF($,$,#1122,#1124,$);
#1126=IFCCARTESIANPOINT((0.,100.));
#1127=IFCAXIS2PLACEMENT2D(#1126,$);
#1128=IFCISHAPEPROFILEDEF(.AREA.,'I-Profile',#1127,100.,200.,7.,12.,$,$,$);
#1129=IFCCARTESIANPOINT((0.,0.));
#1130=IFCCARTESIANTRANSFORMATIONOPERATOR2DNONUNIFORM($,$,#1129,1.0003427924908679,1.);
#1131=IFCDERIVEDPROFILEDEF($,$,#1128,#1130,$);
#1132=IFCCARTESIANPOINT((0.,100.));
#1133=IFCAXIS2PLACEMENT2D(#1132,$);
#1134=IFCISHAPEPROFILEDEF(.AREA.,'I-Profile',#1133,100.,200.,7.,12.,$,$,$);
#1135=IFCCARTESIANPOINT((0.,0.));
#1136=IFCCARTESIANTRANSFORMATIONOPERATOR2DNONUNIFORM($,$,#1135,1.0003427924908679,1.);
#1137=IFCDERIVEDPROFILEDEF($,$,#1134,#1136,$);
#1138=IFCCARTESIANPOINT((0.,100.));
#1139=IFCAXIS2PLACEMENT2D(#1138,$);
#1140=IFCISHAPEPROFILEDEF(.AREA.,'I-Profile',#1139,100.,200.,7.,12.,$,$,$);
#1141=IFCCARTESIANPOINT((0.,0.));
#1142=IFCCARTESIANTRANSFORMATIONOPERATOR2DNONUNIFORM($,$,#1141,1.0003427924908679,1.);
#1143=IFCDERIVEDPROFILEDEF($,$,#1140,#1142,$);
#1144=IFCCARTESIANPOINT((0.,100.));
#1145=IFCAXIS2PLACEMENT2D(#1144,$);
#1146=IFCISHAPEPROFILEDEF(.AREA.,'I-Profile',#1145,100.,200.,7.,12.,$,$,$);
#1147=IFCCARTESIANPOINT((0.,0.));
#1148=IFCCARTESIANTRANSFORMATIONOPERATOR2DNONUNIFORM($,$,#1147,1.0003427924908679,1.);
#1149=IFCDERIVEDPROFILEDEF($,$,#1146,#1148,$);
#1150=IFCCARTESIANPOINT((0.,100.));
#1151=IFCAXIS2PLACEMENT2D(#1150,$);
#1152=IFCISHAPEPROFILEDEF(.AREA.,'I-Profile',#1151,100.,200.,7.,12.,$,$,$);
#1153=IFCCARTESIANPOINT((0.,0.));
#1154=IFCCARTESIANTRANSFORMATIONOPERATOR2DNONUNIFORM($,$,#1153,1.0003427924908679,1.);
#1155=IFCDERIVEDPROFILEDEF($,$,#1152,#1154,$);
#1156=IFCCARTESIANPOINT((0.,100.));
#1157=IFCAXIS2PLACEMENT2D(#1156,$);
#1158=IFCISHAPEPROFILEDEF(.AREA.,'I-Profile',#1157,100.,200.,7.,12.,$,$,$);
#1159=IFCCARTESIANPOINT((0.,0.));
#1160=IFCCARTESIANTRANSFORMATIONOPERATOR2DNONUNIFORM($,$,#1159,1.0003427924908679,1.);
#1161=IFCDERIVEDPROFILEDEF($,$,#1158,#1160,$);
#1162=IFCCARTESIANPOINT((0.,100.));
#1163=IFCAXIS2PLACEMENT2D(#1162,$);
#1164=IFCISHAPEPROFILEDEF(.AREA.,'I-Profile',#1163,100.,200.,7.,12.,$,$,$);
#1165=IFCCARTESIANPOINT((0.,0.));
#1166=IFCCARTESIANTRANSFORMATIONOPERATOR2DNONUNIFORM($,$,#1165,1.0003427924908679,1.);
#1167=IFCDERIVEDPROFILEDEF($,$,#1164,#1166,$);
#1168=IFCCARTESIANPOINT((0.,100.));
#1169=IFCAXIS2PLACEMENT2D(#1168,$);
#1170=IFCISHAPEPROFILEDEF(.AREA.,'I-Profile',#1169,100.,200.,7.,12.,$,$,$);
#1171=IFCCARTESIANPOINT((0.,0.));
#1172=IFCCARTESIANTRANSFORMATIONOPERATOR2DNONUNIFORM($,$,#1171,1.0003427924908679,1.);
#1173=IFCDERIVEDPROFILEDEF($,$,#1170,#1172,$);
#1174=IFCCARTESIANPOINT((0.,100.));
#1175=IFCAXIS2PLACEMENT2D(#1174,$);
#1176=IFCISHAPEPROFILEDEF(.AREA.,'I-Profile',#1175,100.,200.,7.,12.,$,$,$);
#1177=IFCCARTESIANPOINT((0.,0.));
#1178=IFCCARTESIANTRANSFORMATIONOPERATOR2DNONUNIFORM($,$,#1177,1.0003427924908681,1.);
#1179=IFCDERIVEDPROFILEDEF($,$,#1176,#1178,$);
#1180=IFCCARTESIANPOINT((0.,100.));
#1181=IFCAXIS2PLACEMENT2D(#1180,$);
#1182=IFCISHAPEPROFILEDEF(.AREA.,'I-Profile',#1181,100.,200.,7.,12.,$,$,$);
#1183=IFCCARTESIANPOINT((0.,0.));
#1184=IFCCARTESIANTRANSFORMATIONOPERATOR2DNONUNIFORM($,$,#1183,1.0003427924908679,1.);
#1185=IFCDERIVEDPROFILEDEF($,$,#1182,#1184,$);
#1186=IFCCARTESIANPOINT((0.,100.));
#1187=IFCAXIS2PLACEMENT2D(#1186,$);
#1188=IFCISHAPEPROFILEDEF(.AREA.,'I-Profile',#1187,100.,200.,7.,12.,$,$,$);
#1189=IFCCARTESIANPOINT((0.,0.));
#1190=IFCCARTESIANTRANSFORMATIONOPERATOR2DNONUNIFORM($,$,#1189,1.0003427924908679,1.);
#1191=IFCDERIVEDPROFILEDEF($,$,#1188,#1190,$);
#1192=IFCCARTESIANPOINT((0.,100.));
#1193=IFCAXIS2PLACEMENT2D(#1192,$);
#1194=IFCISHAPEPROFILEDEF(.AREA.,'I-Profile',#1193,100.,200.,7.,12.,$,$,$);
#1195=IFCCARTESIANPOINT((0.,0.));
#1196=IFCCARTESIANTRANSFORMATIONOPERATOR2DNONUNIFORM($,$,#1195,1.0000856797663864,1.);
#1197=IFCDERIVEDPROFILEDEF($,$,#1194,#1196,$);
#1198=IFCCARTESIANPOINT((0.,100.));
#1199=IFCAXIS2PLACEMENT2D(#1198,$);
#1200=IFCISHAPEPROFILEDEF(.AREA.,'I-Profile',#1199,100.,200.,7.,12.,$,$,$);
#1201=IFCCARTESIANPOINT((0.,0.,0.));
#1202=IFCDIRECTION((1.,0.,0.));
#1203=IFCDIRECTION((0.,1.,0.));
#1204=IFCAXIS2PLACEMENT3D(#1201,#1202,#1203);
#1205=IFCCARTESIANPOINT((3600.,0.,0.));
#1206=IFCDIRECTION((0.99990000000000001,0.,0.013100000000000001));
#1207=IFCDIRECTION((0.,1.,-0.));
#1208=IFCAXIS2PLACEMENT3D(#1205,#1206,#1207);
#1209=IFCCARTESIANPOINT((3620.9344000000001,0.,0.54820000000000002));
#1210=IFCDIRECTION((0.99860000000000004,0.,0.052299999999999999));
#1211=IFCDIRECTION((0.,1.,-0.));
#1212=IFCAXIS2PLACEMENT3D(#1209,#1210,#1211);
#1213=IFCCARTESIANPOINT((3641.8114,0.,2.1911999999999998));
#1214=IFCDIRECTION((0.99450000000000005,0.,0.1045));
#1215=IFCDIRECTION((0.,1.,-0.));
#1216=IFCAXIS2PLACEMENT3D(#1213,#1214,#1215);
#1217=IFCCARTESIANPOINT((3662.5738000000001,0.,4.9246999999999996));
#1218=IFCDIRECTION((0.98770000000000002,0.,0.15640000000000001));
#1219=IFCDIRECTION((0.,1.,-0.));
#1220=IFCAXIS2PLACEMENT3D(#1217,#1218,#1219);
#1221=IFCCARTESIANPOINT((3683.1646999999998,0.,8.7409999999999997));
#1222=IFCDIRECTION((0.97809999999999997,0.,0.2079));
#1223=IFCDIRECTION((0.,1.,-0.));
#1224=IFCAXIS2PLACEMENT3D(#1221,#1222,#1223);
#1225=IFCCARTESIANPOINT((3703.5275999999999,0.,13.6297));
#1226=IFCDIRECTION((0.96589999999999998,0.,0.25879999999999997));
#1227=IFCDIRECTION((0.,1.,-0.));
#1228=IFCAXIS2PLACEMENT3D(#1225,#1226,#1227);
#1229=IFCCARTESIANPOINT((3723.6068,0.,19.577400000000001));
#1230=IFCDIRECTION((0.95109999999999995,0.,0.309));
#1231=IFCDIRECTION((0.,1.,-0.));
#1232=IFCAXIS2PLACEMENT3D(#1229,#1230,#1231);
#1233=IFCCARTESIANPOINT((3743.3472000000002,0.,26.567799999999998));
#1234=IFCDIRECTION((0.93359999999999999,0.,0.3584));
#1235=IFCDIRECTION((0.,1.,-0.));
#1236=IFCAXIS2PLACEMENT3D(#1233,#1234,#1235);
#1237=IFCCARTESIANPOINT((3762.6947,0.,34.581800000000001));
#1238=IFCDIRECTION((0.91349999999999998,0.,0.40670000000000001));
#1239=IFCDIRECTION((0.,1.,-0.));
#1240=IFCAXIS2PLACEMENT3D(#1237,#1238,#1239);
#1241=IFCCARTESIANPOINT((3781.5962,0.,43.5974));
#1242=IFCDIRECTION((0.89100000000000001,0.,0.45400000000000001));
#1243=IFCDIRECTION((0.,1.,-0.));
#1244=IFCAXIS2PLACEMENT3D(#1241,#1242,#1243);
#1245=IFCCARTESIANPOINT((3800.,0.,53.589799999999997));
#1246=IFCDIRECTION((0.86599999999999999,0.,0.5));
#1247=IFCDIRECTION((0.,1.,-0.));
#1248=IFCAXIS2PLACEMENT3D(#1245,#1246,#1247);
#1249=IFCCARTESIANPOINT((3817.8555999999999,0.,64.531800000000004));
#1250=IFCDIRECTION((0.8387,0.,0.54459999999999997));
#1251=IFCDIRECTION((0.,1.,-0.));
#1252=IFCAXIS2PLACEMENT3D(#1249,#1250,#1251);
#1253=IFCCARTESIANPOINT((3835.1140999999998,0.,76.393199999999993));
#1254=IFCDIRECTION((0.80900000000000005,0.,0.58779999999999999));
#1255=IFCDIRECTION((0.,1.,-0.));
#1256=IFCAXIS2PLACEMENT3D(#1253,#1254,#1255);
#1257=IFCCARTESIANPOINT((3851.7282,0.,89.141599999999997));
#1258=IFCDIRECTION((0.77710000000000001,0.,0.62929999999999997));
#1259=IFCDIRECTION((0.,1.,-0.));
#1260=IFCAXIS2PLACEMENT3D(#1257,#1258,#1259);
#1261=IFCCARTESIANPOINT((3867.6522,0.,102.74209999999999));
#1262=IFCDIRECTION((0.74309999999999998,0.,0.66910000000000003));
#1263=IFCDIRECTION((0.,1.,-0.));
#1264=IFCAXIS2PLACEMENT3D(#1261,#1262,#1263);
#1265=IFCCARTESIANPOINT((3882.8427000000001,0.,117.15730000000001));
#1266=IFCDIRECTION((0.70709999999999995,0.,0.70709999999999995));
#1267=IFCDIRECTION((0.,1.,-0.));
#1268=IFCAXIS2PLACEMENT3D(#1265,#1266,#1267);
#1269=IFCCARTESIANPOINT((3897.2579000000001,0.,132.34780000000001));
#1270=IFCDIRECTION((0.66910000000000003,0.,0.74309999999999998));
#1271=IFCDIRECTION((0.,1.,-0.));
#1272=IFCAXIS2PLACEMENT3D(#1269,#1270,#1271);
#1273=IFCCARTESIANPOINT((3910.8584000000001,0.,148.27180000000001));
#1274=IFCDIRECTION((0.62929999999999997,0.,0.77710000000000001));
#1275=IFCDIRECTION((0.,1.,-0.));
#1276=IFCAXIS2PLACEMENT3D(#1273,#1274,#1275);
#1277=IFCCARTESIANPOINT((3923.6068,0.,164.88589999999999));
#1278=IFCDIRECTION((0.58779999999999999,0.,0.80900000000000005));
#1279=IFCDIRECTION((0.,1.,-0.));
#1280=IFCAXIS2PLACEMENT3D(#1277,#1278,#1279);
#1281=IFCCARTESIANPOINT((3935.4681999999998,0.,182.14439999999999));
#1282=IFCDIRECTION((0.54459999999999997,0.,0.8387));
#1283=IFCDIRECTION((0.,1.,-0.));
#1284=IFCAXIS2PLACEMENT3D(#1281,#1282,#1283);
#1285=IFCCARTESIANPOINT((3946.4101999999998,0.,200.));
#1286=IFCDIRECTION((0.5,0.,0.86599999999999999));
#1287=IFCDIRECTION((0.,1.,-0.));
#1288=IFCAXIS2PLACEMENT3D(#1285,#1286,#1287);
#1289=IFCCARTESIANPOINT((3956.4025999999999,0.,218.40379999999999));
#1290=IFCDIRECTION((0.45400000000000001,0.,0.89100000000000001));
#1291=IFCDIRECTION((0.,1.,-0.));
#1292=IFCAXIS2PLACEMENT3D(#1289,#1290,#1291);
#1293=IFCCARTESIANPOINT((3965.4182000000001,0.,237.30529999999999));
#1294=IFCDIRECTION((0.40670000000000001,0.,0.91349999999999998));
#1295=IFCDIRECTION((0.,1.,-0.));
#1296=IFCAXIS2PLACEMENT3D(#1293,#1294,#1295);
#1297=IFCCARTESIANPOINT((3973.4322000000002,0.,256.65280000000001));
#1298=IFCDIRECTION((0.3584,0.,0.93359999999999999));
#1299=IFCDIRECTION((0.,1.,-0.));
#1300=IFCAXIS2PLACEMENT3D(#1297,#1298,#1299);
#1301=IFCCARTESIANPOINT((3980.4225999999999,0.,276.39319999999998));
#1302=IFCDIRECTION((0.309,0.,0.95109999999999995));
#1303=IFCDIRECTION((0.,1.,-0.));
#1304=IFCAXIS2PLACEMENT3D(#1301,#1302,#1303);
#1305=IFCCARTESIANPOINT((3986.3703,0.,296.47239999999999));
#1306=IFCDIRECTION((0.25879999999999997,0.,0.96589999999999998));
#1307=IFCDIRECTION((0.,1.,-0.));
#1308=IFCAXIS2PLACEMENT3D(#1305,#1306,#1307);
#1309=IFCCARTESIANPOINT((3991.259,0.,316.83530000000002));
#1310=IFCDIRECTION((0.2079,0.,0.97809999999999997));
#1311=IFCDIRECTION((0.,1.,-0.));
#1312=IFCAXIS2PLACEMENT3D(#1309,#1310,#1311);
#1313=IFCCARTESIANPOINT((3995.0753,0.,337.42619999999999));
#1314=IFCDIRECTION((0.15640000000000001,0.,0.98770000000000002));
#1315=IFCDIRECTION((0.,1.,-0.));
#1316=IFCAXIS2PLACEMENT3D(#1313,#1314,#1315);
#1317=IFCCARTESIANPOINT((3997.8087999999998,0.,358.18860000000001));
#1318=IFCDIRECTION((0.1045,0.,0.99450000000000005));
#1319=IFCDIRECTION((0.,1.,-0.));
#1320=IFCAXIS2PLACEMENT3D(#1317,#1318,#1319);
#1321=IFCCARTESIANPOINT((3999.4517999999998,0.,379.06560000000002));
#1322=IFCDIRECTION((0.052299999999999999,0.,0.99860000000000004));
#1323=IFCDIRECTION((0.,1.,-0.));
#1324=IFCAXIS2PLACEMENT3D(#1321,#1322,#1323);
#1325=IFCCARTESIANPOINT((4000.,0.,400.));
#1326=IFCDIRECTION((0.013100000000000001,0.,0.99990000000000001));
#1327=IFCDIRECTION((0.,1.,-0.));
#1328=IFCAXIS2PLACEMENT3D(#1325,#1326,#1327);
#1329=IFCCARTESIANPOINT((4000.,0.,1600.));
#1330=IFCDIRECTION((0.,0.013100000000000001,0.99990000000000001));
#1331=IFCDIRECTION((-0.,0.99990000000000001,-0.013100000000000001));
#1332=IFCAXIS2PLACEMENT3D(#1329,#1330,#1331);
#1333=IFCCARTESIANPOINT((4000.,0.54820000000000002,1620.9344000000001));
#1334=IFCDIRECTION((0.,0.052299999999999999,0.99860000000000004));
#1335=IFCDIRECTION((-0.,0.99860000000000004,-0.052299999999999999));
#1336=IFCAXIS2PLACEMENT3D(#1333,#1334,#1335);
#1337=IFCCARTESIANPOINT((4000.,2.1911999999999998,1641.8114));
#1338=IFCDIRECTION((0.,0.1045,0.99450000000000005));
#1339=IFCDIRECTION((-0.,0.99450000000000005,-0.1045));
#1340=IFCAXIS2PLACEMENT3D(#1337,#1338,#1339);
#1341=IFCCARTESIANPOINT((4000.,4.9246999999999996,1662.5737999999999));
#1342=IFCDIRECTION((0.,0.15640000000000001,0.98770000000000002));
#1343=IFCDIRECTION((-0.,0.98770000000000002,-0.15640000000000001));
#1344=IFCAXIS2PLACEMENT3D(#1341,#1342,#1343);
#1345=IFCCARTESIANPOINT((4000.,8.7409999999999997,1683.1647));
#1346=IFCDIRECTION((0.,0.2079,0.97809999999999997));
#1347=IFCDIRECTION((-0.,0.97809999999999997,-0.2079));
#1348=IFCAXIS2PLACEMENT3D(#1345,#1346,#1347);
#1349=IFCCARTESIANPOINT((4000.,13.6297,1703.5275999999999));
#1350=IFCDIRECTION((0.,0.25879999999999997,0.96589999999999998));
#1351=IFCDIRECTION((-0.,0.96589999999999998,-0.25879999999999997));
#1352=IFCAXIS2PLACEMENT3D(#1349,#1350,#1351);
#1353=IFCCARTESIANPOINT((4000.,19.577400000000001,1723.6068));
#1354=IFCDIRECTION((0.,0.309,0.95109999999999995));
#1355=IFCDIRECTION((-0.,0.95109999999999995,-0.309));
#1356=IFCAXIS2PLACEMENT3D(#1353,#1354,#1355);
#1357=IFCCARTESIANPOINT((4000.,26.567799999999998,1743.3471999999999));
#1358=IFCDIRECTION((0.,0.3584,0.93359999999999999));
#1359=IFCDIRECTION((-0.,0.93359999999999999,-0.3584));
#1360=IFCAXIS2PLACEMENT3D(#1357,#1358,#1359);
#1361=IFCCARTESIANPOINT((4000.,34.581800000000001,1762.6947));
#1362=IFCDIRECTION((0.,0.40670000000000001,0.91349999999999998));
#1363=IFCDIRECTION((-0.,0.91349999999999998,-0.40670000000000001));
#1364=IFCAXIS2PLACEMENT3D(#1361,#1362,#1363);
#1365=IFCCARTESIANPOINT((4000.,43.5974,1781.5962));
#1366=IFCDIRECTION((0.,0.45400000000000001,0.89100000000000001));
#1367=IFCDIRECTION((-0.,0.89100000000000001,-0.45400000000000001));
#1368=IFCAXIS2PLACEMENT3D(#1365,#1366,#1367);
#1369=IFCCARTESIANPOINT((4000.,53.589799999999997,1800.));
#1370=IFCDIRECTION((0.,0.5,0.86599999999999999));
#1371=IFCDIRECTION((-0.,0.86599999999999999,-0.5));
#1372=IFCAXIS2PLACEMENT3D(#1369,#1370,#1371);
#1373=IFCCARTESIANPOINT((4000.,64.531800000000004,1817.8556000000001));
#1374=IFCDIRECTION((0.,0.54459999999999997,0.8387));
#1375=IFCDIRECTION((-0.,0.8387,-0.54459999999999997));
#1376=IFCAXIS2PLACEMENT3D(#1373,#1374,#1375);
#1377=IFCCARTESIANPOINT((4000.,76.393199999999993,1835.1141));
#1378=IFCDIRECTION((0.,0.58779999999999999,0.80900000000000005));
#1379=IFCDIRECTION((-0.,0.80900000000000005,-0.58779999999999999));
#1380=IFCAXIS2PLACEMENT3D(#1377,#1378,#1379);
#1381=IFCCARTESIANPOINT((4000.,89.141599999999997,1851.7282));
#1382=IFCDIRECTION((0.,0.62929999999999997,0.77710000000000001));
#1383=IFCDIRECTION((-0.,0.77710000000000001,-0.62929999999999997));
#1384=IFCAXIS2PLACEMENT3D(#1381,#1382,#1383);
#1385=IFCCARTESIANPOINT((4000.,102.74209999999999,1867.6522));
#1386=IFCDIRECTION((0.,0.66910000000000003,0.74309999999999998));
#1387=IFCDIRECTION((-0.,0.74309999999999998,-0.66910000000000003));
#1388=IFCAXIS2PLACEMENT3D(#1385,#1386,#1387);
#1389=IFCCARTESIANPOINT((4000.,117.15730000000001,1882.8426999999999));
#1390=IFCDIRECTION((0.,0.70709999999999995,0.70709999999999995));
#1391=IFCDIRECTION((-0.,0.70709999999999995,-0.70709999999999995));
#1392=IFCAXIS2PLACEMENT3D(#1389,#1390,#1391);
#1393=IFCCARTESIANPOINT((4000.,132.34780000000001,1897.2579000000001));
#1394=IFCDIRECTION((0.,0.74309999999999998,0.66910000000000003));
#1395=IFCDIRECTION((-0.,0.66910000000000003,-0.74309999999999998));
#1396=IFCAXIS2PLACEMENT3D(#1393,#1394,#1395);
#1397=IFCCARTESIANPOINT((4000.,148.27180000000001,1910.8584000000001));
#1398=IFCDIRECTION((0.,0.77710000000000001,0.62929999999999997));
#1399=IFCDIRECTION((-0.,0.62929999999999997,-0.77710000000000001));
#1400=IFCAXIS2PLACEMENT3D(#1397,#1398,#1399);
#1401=IFCCARTESIANPOINT((4000.,164.88589999999999,1923.6068));
#1402=IFCDIRECTION((0.,0.80900000000000005,0.58779999999999999));
#1403=IFCDIRECTION((-0.,0.58779999999999999,-0.80900000000000005));
#1404=IFCAXIS2PLACEMENT3D(#1401,#1402,#1403);
#1405=IFCCARTESIANPOINT((4000.,182.14439999999999,1935.4682));
#1406=IFCDIRECTION((0.,0.8387,0.54459999999999997));
#1407=IFCDIRECTION((-0.,0.54459999999999997,-0.8387));
#1408=IFCAXIS2PLACEMENT3D(#1405,#1406,#1407);
#1409=IFCCARTESIANPOINT((4000.,200.,1946.4102));
#1410=IFCDIRECTION((0.,0.86599999999999999,0.5));
#1411=IFCDIRECTION((-0.,0.5,-0.86599999999999999));
#1412=IFCAXIS2PLACEMENT3D(#1409,#1410,#1411);
#1413=IFCCARTESIANPOINT((4000.,218.40379999999999,1956.4025999999999));
#1414=IFCDIRECTION((0.,0.89100000000000001,0.45400000000000001));
#1415=IFCDIRECTION((-0.,0.45400000000000001,-0.89100000000000001));
#1416=IFCAXIS2PLACEMENT3D(#1413,#1414,#1415);
#1417=IFCCARTESIANPOINT((4000.,237.30529999999999,1965.4182000000001));
#1418=IFCDIRECTION((0.,0.91349999999999998,0.40670000000000001));
#1419=IFCDIRECTION((-0.,0.40670000000000001,-0.91349999999999998));
#1420=IFCAXIS2PLACEMENT3D(#1417,#1418,#1419);
#1421=IFCCARTESIANPOINT((4000.,256.65280000000001,1973.4322));
#1422=IFCDIRECTION((0.,0.93359999999999999,0.3584));
#1423=IFCDIRECTION((-0.,0.3584,-0.93359999999999999));
#1424=IFCAXIS2PLACEMENT3D(#1421,#1422,#1423);
#1425=IFCCARTESIANPOINT((4000.,276.39319999999998,1980.4226000000001));
#1426=IFCDIRECTION((0.,0.95109999999999995,0.309));
#1427=IFCDIRECTION((-0.,0.309,-0.95109999999999995));
#1428=IFCAXIS2PLACEMENT3D(#1425,#1426,#1427);
#1429=IFCCARTESIANPOINT((4000.,296.47239999999999,1986.3703));
#1430=IFCDIRECTION((0.,0.96589999999999998,0.25879999999999997));
#1431=IFCDIRECTION((-0.,0.25879999999999997,-0.96589999999999998));
#1432=IFCAXIS2PLACEMENT3D(#1429,#1430,#1431);
#1433=IFCCARTESIANPOINT((4000.,316.83530000000002,1991.259));
#1434=IFCDIRECTION((0.,0.97809999999999997,0.2079));
#1435=IFCDIRECTION((-0.,0.2079,-0.97809999999999997));
#1436=IFCAXIS2PLACEMENT3D(#1433,#1434,#1435);
#1437=IFCCARTESIANPOINT((4000.,337.42619999999999,1995.0753));
#1438=IFCDIRECTION((0.,0.98770000000000002,0.15640000000000001));
#1439=IFCDIRECTION((-0.,0.15640000000000001,-0.98770000000000002));
#1440=IFCAXIS2PLACEMENT3D(#1437,#1438,#1439);
#1441=IFCCARTESIANPOINT((4000.,358.18860000000001,1997.8088));
#1442=IFCDIRECTION((0.,0.99450000000000005,0.1045));
#1443=IFCDIRECTION((-0.,0.1045,-0.99450000000000005));
#1444=IFCAXIS2PLACEMENT3D(#1441,#1442,#1443);
#1445=IFCCARTESIANPOINT((4000.,379.06560000000002,1999.4518));
#1446=IFCDIRECTION((0.,0.99860000000000004,0.052299999999999999));
#1447=IFCDIRECTION((-0.,0.052299999999999999,-0.99860000000000004));
#1448=IFCAXIS2PLACEMENT3D(#1445,#1446,#1447);
#1449=IFCCARTESIANPOINT((4000.,400.,2000.));
#1450=IFCDIRECTION((0.,0.99990000000000001,0.013100000000000001));
#1451=IFCDIRECTION((-0.,0.013100000000000001,-0.99990000000000001));
#1452=IFCAXIS2PLACEMENT3D(#1449,#1450,#1451);
#1453=IFCCARTESIANPOINT((4000.,2600.,2000.));
#1454=IFCDIRECTION((0.,0.99990000000000001,0.0135));
#1455=IFCDIRECTION((-0.,0.0135,-0.99990000000000001));
#1456=IFCAXIS2PLACEMENT3D(#1453,#1454,#1455);
#1457=IFCCARTESIANPOINT((4000.,2621.6556,2000.5866000000001));
#1458=IFCDIRECTION((0.,0.99850000000000005,0.054100000000000002));
#1459=IFCDIRECTION((-0.,0.054100000000000002,-0.99850000000000005));
#1460=IFCAXIS2PLACEMENT3D(#1457,#1458,#1459);
#1461=IFCCARTESIANPOINT((4000.,2643.2476000000001,2002.3448000000001));
#1462=IFCDIRECTION((0.,0.99409999999999998,0.1081));
#1463=IFCDIRECTION((-0.,0.1081,-0.99409999999999998));
#1464=IFCAXIS2PLACEMENT3D(#1461,#1462,#1463);
#1465=IFCCARTESIANPOINT((4000.,2664.7127999999998,2005.2693999999999));
#1466=IFCDIRECTION((0.,0.98680000000000001,0.1618));
#1467=IFCDIRECTION((-0.,0.1618,-0.98680000000000001));
#1468=IFCAXIS2PLACEMENT3D(#1465,#1466,#1467);
#1469=IFCCARTESIANPOINT((4000.,2685.9881999999998,2009.3517999999999));
#1470=IFCDIRECTION((0.,0.97660000000000002,0.215));
#1471=IFCDIRECTION((-0.,0.215,-0.97660000000000002));
#1472=IFCAXIS2PLACEMENT3D(#1469,#1470,#1471);
#1473=IFCCARTESIANPOINT((4000.,2707.0113000000001,2014.5799999999999));
#1474=IFCDIRECTION((0.,0.96350000000000002,0.26750000000000002));
#1475=IFCDIRECTION((-0.,0.26750000000000002,-0.96350000000000002));
#1476=IFCAXIS2PLACEMENT3D(#1473,#1474,#1475);
#1477=IFCCARTESIANPOINT((4000.,2727.7206000000001,2020.9386999999999));
#1478=IFCDIRECTION((0.,0.94769999999999999,0.31929999999999997));
#1479=IFCDIRECTION((-0.,0.31929999999999997,-0.94769999999999999));
#1480=IFCAXIS2PLACEMENT3D(#1477,#1478,#1479);
#1481=IFCCARTESIANPOINT((4000.,2748.0553,2028.4093));
#1482=IFCDIRECTION((0.,0.92900000000000005,0.37009999999999998));
#1483=IFCDIRECTION((-0.,0.37009999999999998,-0.92900000000000005));
#1484=IFCAXIS2PLACEMENT3D(#1481,#1482,#1483);
#1485=IFCCARTESIANPOINT((4000.,2767.9555999999998,2036.9698000000001));
#1486=IFCDIRECTION((0.,0.90759999999999996,0.4199));
#1487=IFCDIRECTION((-0.,0.4199,-0.90759999999999996));
#1488=IFCAXIS2PLACEMENT3D(#1485,#1486,#1487);
#1489=IFCCARTESIANPOINT((4000.,2787.3634000000002,2046.5952));
#1490=IFCDIRECTION((0.,0.88349999999999995,0.46839999999999998));
#1491=IFCDIRECTION((-0.,0.46839999999999998,-0.88349999999999995));
#1492=IFCAXIS2PLACEMENT3D(#1489,#1490,#1491);
#1493=IFCCARTESIANPOINT((4000.,2806.2215000000001,2057.2570999999998));
#1494=IFCDIRECTION((0.,0.8569,0.51559999999999995));
#1495=IFCDIRECTION((-0.,0.51559999999999995,-0.8569));
#1496=IFCAXIS2PLACEMENT3D(#1493,#1494,#1495);
#1497=IFCCARTESIANPOINT((4000.,2824.4748,2068.9243999999999));
#1498=IFCDIRECTION((0.,0.82769999999999999,0.56120000000000003));
#1499=IFCDIRECTION((-0.,0.56120000000000003,-0.82769999999999999));
#1500=IFCAXIS2PLACEMENT3D(#1497,#1498,#1499);
#1501=IFCCARTESIANPOINT((4000.,2842.0697,2081.5628000000002));
#1502=IFCDIRECTION((0.,0.79610000000000003,0.60519999999999996));
#1503=IFCDIRECTION((-0.,0.60519999999999996,-0.79610000000000003));
#1504=IFCAXIS2PLACEMENT3D(#1501,#1502,#1503);
#1505=IFCCARTESIANPOINT((4000.,2858.9544999999998,2095.1352000000002));
#1506=IFCDIRECTION((0.,0.76219999999999999,0.64739999999999998));
#1507=IFCDIRECTION((-0.,0.64739999999999998,-0.76219999999999999));
#1508=IFCAXIS2PLACEMENT3D(#1505,#1506,#1507);
#1509=IFCCARTESIANPOINT((4000.,2875.0798,2109.6017999999999));
#1510=IFCDIRECTION((0.,0.72599999999999998,0.68769999999999998));
#1511=IFCDIRECTION((-0.,0.68769999999999998,-0.72599999999999998));
#1512=IFCAXIS2PLACEMENT3D(#1509,#1510,#1511);
#1513=IFCCARTESIANPOINT((4000.,2890.3982000000001,2124.9202));
#1514=IFCDIRECTION((0.,0.68769999999999998,0.72599999999999998));
#1515=IFCDIRECTION((-0.,0.72599999999999998,-0.68769999999999998));
#1516=IFCAXIS2PLACEMENT3D(#1513,#1514,#1515);
#1517=IFCCARTESIANPOINT((4000.,2904.8647999999998,2141.0455000000002));
#1518=IFCDIRECTION((0.,0.64739999999999998,0.76219999999999999));
#1519=IFCDIRECTION((-0.,0.76219999999999999,-0.64739999999999998));
#1520=IFCAXIS2PLACEMENT3D(#1517,#1518,#1519);
#1521=IFCCARTESIANPOINT((4000.,2918.4371999999998,2157.9303));
#1522=IFCDIRECTION((0.,0.60519999999999996,0.79610000000000003));
#1523=IFCDIRECTION((-0.,0.79610000000000003,-0.60519999999999996));
#1524=IFCAXIS2PLACEMENT3D(#1521,#1522,#1523);
#1525=IFCCARTESIANPOINT((4000.,2931.0756000000001,2175.5252));
#1526=IFCDIRECTION((0.,0.56120000000000003,0.82769999999999999));
#1527=IFCDIRECTION((-0.,0.82769999999999999,-0.56120000000000003));
#1528=IFCAXIS2PLACEMENT3D(#1525,#1526,#1527);
#1529=IFCCARTESIANPOINT((4000.,2942.7429000000002,2193.7784999999999));
#1530=IFCDIRECTION((0.,0.51559999999999995,0.8569));
#1531=IFCDIRECTION((-0.,0.8569,-0.51559999999999995));
#1532=IFCAXIS2PLACEMENT3D(#1529,#1530,#1531);
#1533=IFCCARTESIANPOINT((4000.,2953.4047999999998,2212.6365999999998));
#1534=IFCDIRECTION((0.,0.46839999999999998,0.88349999999999995));
#1535=IFCDIRECTION((-0.,0.88349999999999995,-0.46839999999999998));
#1536=IFCAXIS2PLACEMENT3D(#1533,#1534,#1535);
#1537=IFCCARTESIANPOINT((4000.,2963.0302000000001,2232.0444000000002));
#1538=IFCDIRECTION((0.,0.4199,0.90759999999999996));
#1539=IFCDIRECTION((-0.,0.90759999999999996,-0.4199));
#1540=IFCAXIS2PLACEMENT3D(#1537,#1538,#1539);
#1541=IFCCARTESIANPOINT((4000.,2971.5907000000002,2251.9447));
#1542=IFCDIRECTION((0.,0.37009999999999998,0.92900000000000005));
#1543=IFCDIRECTION((-0.,0.92900000000000005,-0.37009999999999998));
#1544=IFCAXIS2PLACEMENT3D(#1541,#1542,#1543);
#1545=IFCCARTESIANPOINT((4000.,2979.0612999999998,2272.2793999999999));
#1546=IFCDIRECTION((0.,0.31929999999999997,0.94769999999999999));
#1547=IFCDIRECTION((-0.,0.94769999999999999,-0.31929999999999997));
#1548=IFCAXIS2PLACEMENT3D(#1545,#1546,#1547);
#1549=IFCCARTESIANPOINT((4000.,2985.4200000000001,2292.9886999999999));
#1550=IFCDIRECTION((0.,0.26750000000000002,0.96350000000000002));
#1551=IFCDIRECTION((-0.,0.96350000000000002,-0.26750000000000002));
#1552=IFCAXIS2PLACEMENT3D(#1549,#1550,#1551);
#1553=IFCCARTESIANPOINT((4000.,2990.6482000000001,2314.0118000000002));
#1554=IFCDIRECTION((0.,0.215,0.97660000000000002));
#1555=IFCDIRECTION((-0.,0.97660000000000002,-0.215));
#1556=IFCAXIS2PLACEMENT3D(#1553,#1554,#1555);
#1557=IFCCARTESIANPOINT((4000.,2994.7305999999999,2335.2872000000002));
#1558=IFCDIRECTION((0.,0.1618,0.98680000000000001));
#1559=IFCDIRECTION((-0.,0.98680000000000001,-0.1618));
#1560=IFCAXIS2PLACEMENT3D(#1557,#1558,#1559);
#1561=IFCCARTESIANPOINT((4000.,2997.6552000000001,2356.7523999999999));
#1562=IFCDIRECTION((0.,0.1081,0.99409999999999998));
#1563=IFCDIRECTION((-0.,0.99409999999999998,-0.1081));
#1564=IFCAXIS2PLACEMENT3D(#1561,#1562,#1563);
#1565=IFCCARTESIANPOINT((4000.,2999.4133999999999,2378.3444));
#1566=IFCDIRECTION((0.,0.054100000000000002,0.99850000000000005));
#1567=IFCDIRECTION((-0.,0.99850000000000005,-0.054100000000000002));
#1568=IFCAXIS2PLACEMENT3D(#1565,#1566,#1567);
#1569=IFCCARTESIANPOINT((4000.,3000.,2400.));
#1570=IFCDIRECTION((0.,0.0135,0.99990000000000001));
#1571=IFCDIRECTION((-0.,0.99990000000000001,-0.0135));
#1572=IFCAXIS2PLACEMENT3D(#1569,#1570,#1571);
#1573=IFCCARTESIANPOINT((4000.,3000.,2600.));
#1574=IFCDIRECTION((-0.0135,0.,0.99990000000000001));
#1575=IFCDIRECTION((-0.,1.,-0.));
#1576=IFCAXIS2PLACEMENT3D(#1573,#1574,#1575);
#1577=IFCCARTESIANPOINT((3999.4133999999999,3000.,2621.6556));
#1578=IFCDIRECTION((-0.054100000000000002,0.,0.99850000000000005));
#1579=IFCDIRECTION((-0.,1.,-0.));
#1580=IFCAXIS2PLACEMENT3D(#1577,#1578,#1579);
#1581=IFCCARTESIANPOINT((3997.6552000000001,3000.,2643.2476000000001));
#1582=IFCDIRECTION((-0.1081,0.,0.99409999999999998));
#1583=IFCDIRECTION((-0.,1.,-0.));
#1584=IFCAXIS2PLACEMENT3D(#1581,#1582,#1583);
#1585=IFCCARTESIANPOINT((3994.7305999999999,3000.,2664.7127999999998));
#1586=IFCDIRECTION((-0.1618,0.,0.98680000000000001));
#1587=IFCDIRECTION((-0.,1.,-0.));
#1588=IFCAXIS2PLACEMENT3D(#1585,#1586,#1587);
#1589=IFCCARTESIANPOINT((3990.6482000000001,3000.,2685.9881999999998));
#1590=IFCDIRECTION((-0.215,0.,0.97660000000000002));
#1591=IFCDIRECTION((-0.,1.,-0.));
#1592=IFCAXIS2PLACEMENT3D(#1589,#1590,#1591);
#1593=IFCCARTESIANPOINT((3985.4200000000001,3000.,2707.0113000000001));
#1594=IFCDIRECTION((-0.26750000000000002,0.,0.96350000000000002));
#1595=IFCDIRECTION((-0.,1.,-0.));
#1596=IFCAXIS2PLACEMENT3D(#1593,#1594,#1595);
#1597=IFCCARTESIANPOINT((3979.0612999999998,3000.,2727.7206000000001));
#1598=IFCDIRECTION((-0.31929999999999997,0.,0.94769999999999999));
#1599=IFCDIRECTION((-0.,1.,-0.));
#1600=IFCAXIS2PLACEMENT3D(#1597,#1598,#1599);
#1601=IFCCARTESIANPOINT((3971.5907000000002,3000.,2748.0553));
#1602=IFCDIRECTION((-0.37009999999999998,0.,0.92900000000000005));
#1603=IFCDIRECTION((-0.,1.,-0.));
#1604=IFCAXIS2PLACEMENT3D(#1601,#1602,#1603);
#1605=IFCCARTESIANPOINT((3963.0302000000001,3000.,2767.9555999999998));
#1606=IFCDIRECTION((-0.4199,0.,0.90759999999999996));
#1607=IFCDIRECTION((-0.,1.,-0.));
#1608=IFCAXIS2PLACEMENT3D(#1605,#1606,#1607);
#1609=IFCCARTESIANPOINT((3953.4047999999998,3000.,2787.3634000000002));
#1610=IFCDIRECTION((-0.46839999999999998,0.,0.88349999999999995));
#1611=IFCDIRECTION((-0.,1.,-0.));
#1612=IFCAXIS2PLACEMENT3D(#1609,#1610,#1611);
#1613=IFCCARTESIANPOINT((3942.7429000000002,3000.,2806.2215000000001));
#1614=IFCDIRECTION((-0.51559999999999995,0.,0.8569));
#1615=IFCDIRECTION((-0.,1.,-0.));
#1616=IFCAXIS2PLACEMENT3D(#1613,#1614,#1615);
#1617=IFCCARTESIANPOINT((3931.0756000000001,3000.,2824.4748));
#1618=IFCDIRECTION((-0.56120000000000003,0.,0.82769999999999999));
#1619=IFCDIRECTION((-0.,1.,-0.));
#1620=IFCAXIS2PLACEMENT3D(#1617,#1618,#1619);
#1621=IFCCARTESIANPOINT((3918.4371999999998,3000.,2842.0697));
#1622=IFCDIRECTION((-0.60519999999999996,0.,0.79610000000000003));
#1623=IFCDIRECTION((-0.,1.,-0.));
#1624=IFCAXIS2PLACEMENT3D(#1621,#1622,#1623);
#1625=IFCCARTESIANPOINT((3904.8647999999998,3000.,2858.9544999999998));
#1626=IFCDIRECTION((-0.64739999999999998,0.,0.76219999999999999));
#1627=IFCDIRECTION((-0.,1.,-0.));
#1628=IFCAXIS2PLACEMENT3D(#1625,#1626,#1627);
#1629=IFCCARTESIANPOINT((3890.3982000000001,3000.,2875.0798));
#1630=IFCDIRECTION((-0.68769999999999998,0.,0.72599999999999998));
#1631=IFCDIRECTION((-0.,1.,-0.));
#1632=IFCAXIS2PLACEMENT3D(#1629,#1630,#1631);
#1633=IFCCARTESIANPOINT((3875.0798,3000.,2890.3982000000001));
#1634=IFCDIRECTION((-0.72599999999999998,0.,0.68769999999999998));
#1635=IFCDIRECTION((-0.,1.,-0.));
#1636=IFCAXIS2PLACEMENT3D(#1633,#1634,#1635);
#1637=IFCCARTESIANPOINT((3858.9544999999998,3000.,2904.8647999999998));
#1638=IFCDIRECTION((-0.76219999999999999,0.,0.64739999999999998));
#1639=IFCDIRECTION((-0.,1.,-0.));
#1640=IFCAXIS2PLACEMENT3D(#1637,#1638,#1639);
#1641=IFCCARTESIANPOINT((3842.0697,3000.,2918.4371999999998));
#1642=IFCDIRECTION((-0.79610000000000003,0.,0.60519999999999996));
#1643=IFCDIRECTION((-0.,1.,-0.));
#1644=IFCAXIS2PLACEMENT3D(#1641,#1642,#1643);
#1645=IFCCARTESIANPOINT((3824.4748,3000.,2931.0756000000001));
#1646=IFCDIRECTION((-0.82769999999999999,0.,0.56120000000000003));
#1647=IFCDIRECTION((-0.,1.,-0.));
#1648=IFCAXIS2PLACEMENT3D(#1645,#1646,#1647);
#1649=IFCCARTESIANPOINT((3806.2215000000001,3000.,2942.7429000000002));
#1650=IFCDIRECTION((-0.8569,0.,0.51559999999999995));
#1651=IFCDIRECTION((-0.,1.,-0.));
#1652=IFCAXIS2PLACEMENT3D(#1649,#1650,#1651);
#1653=IFCCARTESIANPOINT((3787.3634000000002,3000.,2953.4047999999998));
#1654=IFCDIRECTION((-0.88349999999999995,0.,0.46839999999999998));
#1655=IFCDIRECTION((-0.,1.,-0.));
#1656=IFCAXIS2PLACEMENT3D(#1653,#1654,#1655);
#1657=IFCCARTESIANPOINT((3767.9555999999998,3000.,2963.0302000000001));
#1658=IFCDIRECTION((-0.90759999999999996,0.,0.4199));
#1659=IFCDIRECTION((-0.,1.,-0.));
#1660=IFCAXIS2PLACEMENT3D(#1657,#1658,#1659);
#1661=IFCCARTESIANPOINT((3748.0553,3000.,2971.5907000000002));
#1662=IFCDIRECTION((-0.92900000000000005,0.,0.37009999999999998));
#1663=IFCDIRECTION((-0.,1.,-0.));
#1664=IFCAXIS2PLACEMENT3D(#1661,#1662,#1663);
#1665=IFCCARTESIANPOINT((3727.7206000000001,3000.,2979.0612999999998));
#1666=IFCDIRECTION((-0.94769999999999999,0.,0.31929999999999997));
#1667=IFCDIRECTION((-0.,1.,-0.));
#1668=IFCAXIS2PLACEMENT3D(#1665,#1666,#1667);
#1669=IFCCARTESIANPOINT((3707.0113000000001,3000.,2985.4200000000001));
#1670=IFCDIRECTION((-0.96350000000000002,0.,0.26750000000000002));
#1671=IFCDIRECTION((-0.,1.,-0.));
#1672=IFCAXIS2PLACEMENT3D(#1669,#1670,#1671);
#1673=IFCCARTESIANPOINT((3685.9881999999998,3000.,2990.6482000000001));
#1674=IFCDIRECTION((-0.97660000000000002,0.,0.215));
#1675=IFCDIRECTION((-0.,1.,-0.));
#1676=IFCAXIS2PLACEMENT3D(#1673,#1674,#1675);
#1677=IFCCARTESIANPOINT((3664.7127999999998,3000.,2994.7305999999999));
#1678=IFCDIRECTION((-0.98680000000000001,0.,0.1618));
#1679=IFCDIRECTION((-0.,1.,-0.));
#1680=IFCAXIS2PLACEMENT3D(#1677,#1678,#1679);
#1681=IFCCARTESIANPOINT((3643.2476000000001,3000.,2997.6552000000001));
#1682=IFCDIRECTION((-0.99409999999999998,0.,0.1081));
#1683=IFCDIRECTION((-0.,1.,-0.));
#1684=IFCAXIS2PLACEMENT3D(#1681,#1682,#1683);
#1685=IFCCARTESIANPOINT((3621.6556,3000.,2999.4133999999999));
#1686=IFCDIRECTION((-0.99850000000000005,0.,0.054100000000000002));
#1687=IFCDIRECTION((-0.,1.,-0.));
#1688=IFCAXIS2PLACEMENT3D(#1685,#1686,#1687);
#1689=IFCCARTESIANPOINT((3600.,3000.,3000.));
#1690=IFCDIRECTION((-0.99990000000000001,0.,0.0135));
#1691=IFCDIRECTION((-0.,1.,-0.));
#1692=IFCAXIS2PLACEMENT3D(#1689,#1690,#1691);
#1693=IFCCARTESIANPOINT((400.,3000.,3000.));
#1694=IFCDIRECTION((-0.99990000000000001,0.,-0.013100000000000001));
#1695=IFCDIRECTION((0.,1.,-0.));
#1696=IFCAXIS2PLACEMENT3D(#1693,#1694,#1695);
#1697=IFCCARTESIANPOINT((379.06560000000002,3000.,2999.4517999999998));
#1698=IFCDIRECTION((-0.99860000000000004,0.,-0.052299999999999999));
#1699=IFCDIRECTION((0.,1.,-0.));
#1700=IFCAXIS2PLACEMENT3D(#1697,#1698,#1699);
#1701=IFCCARTESIANPOINT((358.18860000000001,3000.,2997.8087999999998));
#1702=IFCDIRECTION((-0.99450000000000005,0.,-0.1045));
#1703=IFCDIRECTION((0.,1.,-0.));
#1704=IFCAXIS2PLACEMENT3D(#1701,#1702,#1703);
#1705=IFCCARTESIANPOINT((337.42619999999999,3000.,2995.0753));
#1706=IFCDIRECTION((-0.98770000000000002,0.,-0.15640000000000001));
#1707=IFCDIRECTION((0.,1.,-0.));
#1708=IFCAXIS2PLACEMENT3D(#1705,#1706,#1707);
#1709=IFCCARTESIANPOINT((316.83530000000002,3000.,2991.259));
#1710=IFCDIRECTION((-0.97809999999999997,0.,-0.2079));
#1711=IFCDIRECTION((0.,1.,-0.));
#1712=IFCAXIS2PLACEMENT3D(#1709,#1710,#1711);
#1713=IFCCARTESIANPOINT((296.47239999999999,3000.,2986.3703));
#1714=IFCDIRECTION((-0.96589999999999998,0.,-0.25879999999999997));
#1715=IFCDIRECTION((0.,1.,-0.));
#1716=IFCAXIS2PLACEMENT3D(#1713,#1714,#1715);
#1717=IFCCARTESIANPOINT((276.39319999999998,3000.,2980.4225999999999));
#1718=IFCDIRECTION((-0.95109999999999995,0.,-0.309));
#1719=IFCDIRECTION((0.,1.,-0.));
#1720=IFCAXIS2PLACEMENT3D(#1717,#1718,#1719);
#1721=IFCCARTESIANPOINT((256.65280000000001,3000.,2973.4322000000002));
#1722=IFCDIRECTION((-0.93359999999999999,0.,-0.3584));
#1723=IFCDIRECTION((0.,1.,-0.));
#1724=IFCAXIS2PLACEMENT3D(#1721,#1722,#1723);
#1725=IFCCARTESIANPOINT((237.30529999999999,3000.,2965.4182000000001));
#1726=IFCDIRECTION((-0.91349999999999998,0.,-0.40670000000000001));
#1727=IFCDIRECTION((0.,1.,-0.));
#1728=IFCAXIS2PLACEMENT3D(#1725,#1726,#1727);
#1729=IFCCARTESIANPOINT((218.40379999999999,3000.,2956.4025999999999));
#1730=IFCDIRECTION((-0.89100000000000001,0.,-0.45400000000000001));
#1731=IFCDIRECTION((0.,1.,-0.));
#1732=IFCAXIS2PLACEMENT3D(#1729,#1730,#1731);
#1733=IFCCARTESIANPOINT((200.,3000.,2946.4101999999998));
#1734=IFCDIRECTION((-0.86599999999999999,0.,-0.5));
#1735=IFCDIRECTION((0.,1.,-0.));
#1736=IFCAXIS2PLACEMENT3D(#1733,#1734,#1735);
#1737=IFCCARTESIANPOINT((182.14439999999999,3000.,2935.4681999999998));
#1738=IFCDIRECTION((-0.8387,0.,-0.54459999999999997));
#1739=IFCDIRECTION((0.,1.,-0.));
#1740=IFCAXIS2PLACEMENT3D(#1737,#1738,#1739);
#1741=IFCCARTESIANPOINT((164.88589999999999,3000.,2923.6068));
#1742=IFCDIRECTION((-0.80900000000000005,0.,-0.58779999999999999));
#1743=IFCDIRECTION((0.,1.,-0.));
#1744=IFCAXIS2PLACEMENT3D(#1741,#1742,#1743);
#1745=IFCCARTESIANPOINT((148.27180000000001,3000.,2910.8584000000001));
#1746=IFCDIRECTION((-0.77710000000000001,0.,-0.62929999999999997));
#1747=IFCDIRECTION((0.,1.,-0.));
#1748=IFCAXIS2PLACEMENT3D(#1745,#1746,#1747);
#1749=IFCCARTESIANPOINT((132.34780000000001,3000.,2897.2579000000001));
#1750=IFCDIRECTION((-0.74309999999999998,0.,-0.66910000000000003));
#1751=IFCDIRECTION((0.,1.,-0.));
#1752=IFCAXIS2PLACEMENT3D(#1749,#1750,#1751);
#1753=IFCCARTESIANPOINT((117.15730000000001,3000.,2882.8427000000001));
#1754=IFCDIRECTION((-0.70709999999999995,0.,-0.70709999999999995));
#1755=IFCDIRECTION((0.,1.,-0.));
#1756=IFCAXIS2PLACEMENT3D(#1753,#1754,#1755);
#1757=IFCCARTESIANPOINT((102.74209999999999,3000.,2867.6522));
#1758=IFCDIRECTION((-0.66910000000000003,0.,-0.74309999999999998));
#1759=IFCDIRECTION((0.,1.,-0.));
#1760=IFCAXIS2PLACEMENT3D(#1757,#1758,#1759);
#1761=IFCCARTESIANPOINT((89.141599999999997,3000.,2851.7282));
#1762=IFCDIRECTION((-0.62929999999999997,0.,-0.77710000000000001));
#1763=IFCDIRECTION((0.,1.,-0.));
#1764=IFCAXIS2PLACEMENT3D(#1761,#1762,#1763);
#1765=IFCCARTESIANPOINT((76.393199999999993,3000.,2835.1140999999998));
#1766=IFCDIRECTION((-0.58779999999999999,0.,-0.80900000000000005));
#1767=IFCDIRECTION((0.,1.,-0.));
#1768=IFCAXIS2PLACEMENT3D(#1765,#1766,#1767);
#1769=IFCCARTESIANPOINT((64.531800000000004,3000.,2817.8555999999999));
#1770=IFCDIRECTION((-0.54459999999999997,0.,-0.8387));
#1771=IFCDIRECTION((0.,1.,-0.));
#1772=IFCAXIS2PLACEMENT3D(#1769,#1770,#1771);
#1773=IFCCARTESIANPOINT((53.589799999999997,3000.,2800.));
#1774=IFCDIRECTION((-0.5,0.,-0.86599999999999999));
#1775=IFCDIRECTION((0.,1.,-0.));
#1776=IFCAXIS2PLACEMENT3D(#1773,#1774,#1775);
#1777=IFCCARTESIANPOINT((43.5974,3000.,2781.5962));
#1778=IFCDIRECTION((-0.45400000000000001,0.,-0.89100000000000001));
#1779=IFCDIRECTION((0.,1.,-0.));
#1780=IFCAXIS2PLACEMENT3D(#1777,#1778,#1779);
#1781=IFCCARTESIANPOINT((34.581800000000001,3000.,2762.6947));
#1782=IFCDIRECTION((-0.40670000000000001,0.,-0.91349999999999998));
#1783=IFCDIRECTION((0.,1.,-0.));
#1784=IFCAXIS2PLACEMENT3D(#1781,#1782,#1783);
#1785=IFCCARTESIANPOINT((26.567799999999998,3000.,2743.3472000000002));
#1786=IFCDIRECTION((-0.3584,0.,-0.93359999999999999));
#1787=IFCDIRECTION((0.,1.,-0.));
#1788=IFCAXIS2PLACEMENT3D(#1785,#1786,#1787);
#1789=IFCCARTESIANPOINT((19.577400000000001,3000.,2723.6068));
#1790=IFCDIRECTION((-0.309,0.,-0.95109999999999995));
#1791=IFCDIRECTION((0.,1.,-0.));
#1792=IFCAXIS2PLACEMENT3D(#1789,#1790,#1791);
#1793=IFCCARTESIANPOINT((13.6297,3000.,2703.5275999999999));
#1794=IFCDIRECTION((-0.25879999999999997,0.,-0.96589999999999998));
#1795=IFCDIRECTION((0.,1.,-0.));
#1796=IFCAXIS2PLACEMENT3D(#1793,#1794,#1795);
#1797=IFCCARTESIANPOINT((8.7409999999999997,3000.,2683.1646999999998));
#1798=IFCDIRECTION((-0.2079,0.,-0.97809999999999997));
#1799=IFCDIRECTION((0.,1.,-0.));
#1800=IFCAXIS2PLACEMENT3D(#1797,#1798,#1799);
#1801=IFCCARTESIANPOINT((4.9246999999999996,3000.,2662.5738000000001));
#1802=IFCDIRECTION((-0.15640000000000001,0.,-0.98770000000000002));
#1803=IFCDIRECTION((0.,1.,-0.));
#1804=IFCAXIS2PLACEMENT3D(#1801,#1802,#1803);
#1805=IFCCARTESIANPOINT((2.1911999999999998,3000.,2641.8114));
#1806=IFCDIRECTION((-0.1045,0.,-0.99450000000000005));
#1807=IFCDIRECTION((0.,1.,-0.));
#1808=IFCAXIS2PLACEMENT3D(#1805,#1806,#1807);
#1809=IFCCARTESIANPOINT((0.54820000000000002,3000.,2620.9344000000001));
#1810=IFCDIRECTION((-0.052299999999999999,0.,-0.99860000000000004));
#1811=IFCDIRECTION((0.,1.,-0.));
#1812=IFCAXIS2PLACEMENT3D(#1809,#1810,#1811);
#1813=IFCCARTESIANPOINT((0.,3000.,2600.));
#1814=IFCDIRECTION((-0.013100000000000001,0.,-0.99990000000000001));
#1815=IFCDIRECTION((0.,1.,-0.));
#1816=IFCAXIS2PLACEMENT3D(#1813,#1814,#1815);
#1817=IFCCARTESIANPOINT((0.,3000.,400.));
#1818=IFCDIRECTION((0.,-0.013100000000000001,-0.99990000000000001));
#1819=IFCDIRECTION((-0.,0.99990000000000001,-0.013100000000000001));
#1820=IFCAXIS2PLACEMENT3D(#1817,#1818,#1819);
#1821=IFCCARTESIANPOINT((0.,2999.4517999999998,379.06560000000002));
#1822=IFCDIRECTION((0.,-0.052299999999999999,-0.99860000000000004));
#1823=IFCDIRECTION((-0.,0.99860000000000004,-0.052299999999999999));
#1824=IFCAXIS2PLACEMENT3D(#1821,#1822,#1823);
#1825=IFCCARTESIANPOINT((0.,2997.8087999999998,358.18860000000001));
#1826=IFCDIRECTION((0.,-0.1045,-0.99450000000000005));
#1827=IFCDIRECTION((-0.,0.99450000000000005,-0.1045));
#1828=IFCAXIS2PLACEMENT3D(#1825,#1826,#1827);
#1829=IFCCARTESIANPOINT((0.,2995.0753,337.42619999999999));
#1830=IFCDIRECTION((0.,-0.15640000000000001,-0.98770000000000002));
#1831=IFCDIRECTION((-0.,0.98770000000000002,-0.15640000000000001));
#1832=IFCAXIS2PLACEMENT3D(#1829,#1830,#1831);
#1833=IFCCARTESIANPOINT((0.,2991.259,316.83530000000002));
#1834=IFCDIRECTION((0.,-0.2079,-0.97809999999999997));
#1835=IFCDIRECTION((-0.,0.97809999999999997,-0.2079));
#1836=IFCAXIS2PLACEMENT3D(#1833,#1834,#1835);
#1837=IFCCARTESIANPOINT((0.,2986.3703,296.47239999999999));
#1838=IFCDIRECTION((0.,-0.25879999999999997,-0.96589999999999998));
#1839=IFCDIRECTION((-0.,0.96589999999999998,-0.25879999999999997));
#1840=IFCAXIS2PLACEMENT3D(#1837,#1838,#1839);
#1841=IFCCARTESIANPOINT((0.,2980.4225999999999,276.39319999999998));
#1842=IFCDIRECTION((0.,-0.309,-0.95109999999999995));
#1843=IFCDIRECTION((-0.,0.95109999999999995,-0.309));
#1844=IFCAXIS2PLACEMENT3D(#1841,#1842,#1843);
#1845=IFCCARTESIANPOINT((0.,2973.4322000000002,256.65280000000001));
#1846=IFCDIRECTION((0.,-0.3584,-0.93359999999999999));
#1847=IFCDIRECTION((-0.,0.93359999999999999,-0.3584));
#1848=IFCAXIS2PLACEMENT3D(#1845,#1846,#1847);
#1849=IFCCARTESIANPOINT((0.,2965.4182000000001,237.30529999999999));
#1850=IFCDIRECTION((0.,-0.40670000000000001,-0.91349999999999998));
#1851=IFCDIRECTION((-0.,0.91349999999999998,-0.40670000000000001));
#1852=IFCAXIS2PLACEMENT3D(#1849,#1850,#1851);
#1853=IFCCARTESIANPOINT((0.,2956.4025999999999,218.40379999999999));
#1854=IFCDIRECTION((0.,-0.45400000000000001,-0.89100000000000001));
#1855=IFCDIRECTION((-0.,0.89100000000000001,-0.45400000000000001));
#1856=IFCAXIS2PLACEMENT3D(#1853,#1854,#1855);
#1857=IFCCARTESIANPOINT((0.,2946.4101999999998,200.));
#1858=IFCDIRECTION((0.,-0.5,-0.86599999999999999));
#1859=IFCDIRECTION((-0.,0.86599999999999999,-0.5));
#1860=IFCAXIS2PLACEMENT3D(#1857,#1858,#1859);
#1861=IFCCARTESIANPOINT((0.,2935.4681999999998,182.14439999999999));
#1862=IFCDIRECTION((0.,-0.54459999999999997,-0.8387));
#1863=IFCDIRECTION((-0.,0.8387,-0.54459999999999997));
#1864=IFCAXIS2PLACEMENT3D(#1861,#1862,#1863);
#1865=IFCCARTESIANPOINT((0.,2923.6068,164.88589999999999));
#1866=IFCDIRECTION((0.,-0.58779999999999999,-0.80900000000000005));
#1867=IFCDIRECTION((-0.,0.80900000000000005,-0.58779999999999999));
#1868=IFCAXIS2PLACEMENT3D(#1865,#1866,#1867);
#1869=IFCCARTESIANPOINT((0.,2910.8584000000001,148.27180000000001));
#1870=IFCDIRECTION((0.,-0.62929999999999997,-0.77710000000000001));
#1871=IFCDIRECTION((-0.,0.77710000000000001,-0.62929999999999997));
#1872=IFCAXIS2PLACEMENT3D(#1869,#1870,#1871);
#1873=IFCCARTESIANPOINT((0.,2897.2579000000001,132.34780000000001));
#1874=IFCDIRECTION((0.,-0.66910000000000003,-0.74309999999999998));
#1875=IFCDIRECTION((-0.,0.74309999999999998,-0.66910000000000003));
#1876=IFCAXIS2PLACEMENT3D(#1873,#1874,#1875);
#1877=IFCCARTESIANPOINT((0.,2882.8427000000001,117.15730000000001));
#1878=IFCDIRECTION((0.,-0.70709999999999995,-0.70709999999999995));
#1879=IFCDIRECTION((-0.,0.70709999999999995,-0.70709999999999995));
#1880=IFCAXIS2PLACEMENT3D(#1877,#1878,#1879);
#1881=IFCCARTESIANPOINT((0.,2867.6522,102.74209999999999));
#1882=IFCDIRECTION((0.,-0.74309999999999998,-0.66910000000000003));
#1883=IFCDIRECTION((-0.,0.66910000000000003,-0.74309999999999998));
#1884=IFCAXIS2PLACEMENT3D(#1881,#1882,#1883);
#1885=IFCCARTESIANPOINT((0.,2851.7282,89.141599999999997));
#1886=IFCDIRECTION((0.,-0.77710000000000001,-0.62929999999999997));
#1887=IFCDIRECTION((-0.,0.62929999999999997,-0.77710000000000001));
#1888=IFCAXIS2PLACEMENT3D(#1885,#1886,#1887);
#1889=IFCCARTESIANPOINT((0.,2835.1140999999998,76.393199999999993));
#1890=IFCDIRECTION((0.,-0.80900000000000005,-0.58779999999999999));
#1891=IFCDIRECTION((-0.,0.58779999999999999,-0.80900000000000005));
#1892=IFCAXIS2PLACEMENT3D(#1889,#1890,#1891);
#1893=IFCCARTESIANPOINT((0.,2817.8555999999999,64.531800000000004));
#1894=IFCDIRECTION((0.,-0.8387,-0.54459999999999997));
#1895=IFCDIRECTION((-0.,0.54459999999999997,-0.8387));
#1896=IFCAXIS2PLACEMENT3D(#1893,#1894,#1895);
#1897=IFCCARTESIANPOINT((0.,2800.,53.589799999999997));
#1898=IFCDIRECTION((0.,-0.86599999999999999,-0.5));
#1899=IFCDIRECTION((-0.,0.5,-0.86599999999999999));
#1900=IFCAXIS2PLACEMENT3D(#1897,#1898,#1899);
#1901=IFCCARTESIANPOINT((0.,2781.5962,43.5974));
#1902=IFCDIRECTION((0.,-0.89100000000000001,-0.45400000000000001));
#1903=IFCDIRECTION((-0.,0.45400000000000001,-0.89100000000000001));
#1904=IFCAXIS2PLACEMENT3D(#1901,#1902,#1903);
#1905=IFCCARTESIANPOINT((0.,2762.6947,34.581800000000001));
#1906=IFCDIRECTION((0.,-0.91349999999999998,-0.40670000000000001));
#1907=IFCDIRECTION((-0.,0.40670000000000001,-0.91349999999999998));
#1908=IFCAXIS2PLACEMENT3D(#1905,#1906,#1907);
#1909=IFCCARTESIANPOINT((0.,2743.3472000000002,26.567799999999998));
#1910=IFCDIRECTION((0.,-0.93359999999999999,-0.3584));
#1911=IFCDIRECTION((-0.,0.3584,-0.93359999999999999));
#1912=IFCAXIS2PLACEMENT3D(#1909,#1910,#1911);
#1913=IFCCARTESIANPOINT((0.,2723.6068,19.577400000000001));
#1914=IFCDIRECTION((0.,-0.95109999999999995,-0.309));
#1915=IFCDIRECTION((-0.,0.309,-0.95109999999999995));
#1916=IFCAXIS2PLACEMENT3D(#1913,#1914,#1915);
#1917=IFCCARTESIANPOINT((0.,2703.5275999999999,13.6297));
#1918=IFCDIRECTION((0.,-0.96589999999999998,-0.25879999999999997));
#1919=IFCDIRECTION((-0.,0.25879999999999997,-0.96589999999999998));
#1920=IFCAXIS2PLACEMENT3D(#1917,#1918,#1919);
#1921=IFCCARTESIANPOINT((0.,2683.1646999999998,8.7409999999999997));
#1922=IFCDIRECTION((0.,-0.97809999999999997,-0.2079));
#1923=IFCDIRECTION((-0.,0.2079,-0.97809999999999997));
#1924=IFCAXIS2PLACEMENT3D(#1921,#1922,#1923);
#1925=IFCCARTESIANPOINT((0.,2662.5738000000001,4.9246999999999996));
#1926=IFCDIRECTION((0.,-0.98770000000000002,-0.15640000000000001));
#1927=IFCDIRECTION((-0.,0.15640000000000001,-0.98770000000000002));
#1928=IFCAXIS2PLACEMENT3D(#1925,#1926,#1927);
#1929=IFCCARTESIANPOINT((0.,2641.8114,2.1911999999999998));
#1930=IFCDIRECTION((0.,-0.99450000000000005,-0.1045));
#1931=IFCDIRECTION((-0.,0.1045,-0.99450000000000005));
#1932=IFCAXIS2PLACEMENT3D(#1929,#1930,#1931);
#1933=IFCCARTESIANPOINT((0.,2620.9344000000001,0.54820000000000002));
#1934=IFCDIRECTION((0.,-0.99860000000000004,-0.052299999999999999));
#1935=IFCDIRECTION((-0.,0.052299999999999999,-0.99860000000000004));
#1936=IFCAXIS2PLACEMENT3D(#1933,#1934,#1935);
#1937=IFCCARTESIANPOINT((0.,2600.,0.));
#1938=IFCDIRECTION((0.,-0.99990000000000001,-0.013100000000000001));
#1939=IFCDIRECTION((-0.,0.013100000000000001,-0.99990000000000001));
#1940=IFCAXIS2PLACEMENT3D(#1937,#1938,#1939);
#1941=IFCCARTESIANPOINT((0.,500.,0.));
#1942=IFCDIRECTION((0.,-1.,0.));
#1943=IFCDIRECTION((-0.,-0.,-1.));
#1944=IFCAXIS2PLACEMENT3D(#1941,#1942,#1943);
#1945=IFCCARTESIANPOINTLIST3D(((0.,-50.,0.),(0.,50.,0.),(0.,50.,12.),(0.,3.5,12.),(0.,3.5,188.),(0.,50.,188.),(0.,50.,200.),(0.,-50.,200.),(0.,-50.,188.),(0.,-3.5,188.),(0.,-3.5,12.),(0.,-50.,12.),(3600.,-50.,0.),(3600.,50.,0.),(3599.8427999999999,50.,12.),(3599.8427999999999,3.5,12.),(3597.5369999999998,3.5,188.),(3597.5369999999998,50.,188.),(3597.3797,50.,200.),(3597.3797,-50.,200.),(3597.5369999999998,-50.,188.),(3597.5369999999998,-3.5,188.),(3599.8427999999999,-3.5,12.),(3599.8427999999999,-50.,12.),(3620.9344000000001,-50.,0.54820000000000002),(3620.9344000000001,50.,0.54820000000000002),(3620.3065999999999,50.,12.5359),(3620.3065999999999,3.5,12.5359),(3611.0983000000001,3.5,188.3552),(3611.0983000000001,50.,188.3552),(3610.4704999999999,50.,200.34289999999999),(3610.4704999999999,-50.,200.34289999999999),(3611.0983000000001,-50.,188.3552),(3611.0983000000001,-3.5,188.3552),(3620.3065999999999,-3.5,12.5359),(3620.3065999999999,-50.,12.5359),(3641.8114,-50.,2.1911999999999998),(3641.8114,50.,2.1911999999999998),(3640.5569,50.,14.1296),(3640.5569,3.5,14.1296),(3622.1581999999999,3.5,189.2259),(3622.1581999999999,50.,189.2259),(3620.9036999999998,50.,201.1643),(3620.9036999999998,-50.,201.1643),(3622.1581999999999,-50.,189.2259),(3622.1581999999999,-3.5,189.2259),(3640.5569,-3.5,14.1296),(3640.5569,-50.,14.1296),(3662.5738000000001,-50.,4.9246999999999996),(3662.5738000000001,50.,4.9246999999999996),(3660.6963999999998,50.,16.781099999999999),(3660.6963999999998,3.5,16.781099999999999),(3633.1606999999999,3.5,190.6748),(3633.1606999999999,50.,190.6748),(3631.2833000000001,50.,202.53120000000001),(3631.2833000000001,-50.,202.53120000000001),(3633.1606999999999,-50.,190.6748),(3633.1606999999999,-3.5,190.6748),(3660.6963999999998,-3.5,16.781099999999999),(3660.6963999999998,-50.,16.781099999999999),(3683.1646999999998,-50.,8.7409999999999997),(3683.1646999999998,50.,8.7409999999999997),(3680.6689000000001,50.,20.482800000000001),(3680.6689000000001,3.5,20.482800000000001),(3644.0641999999998,3.5,192.69579999999999),(3644.0641999999998,50.,192.69579999999999),(3641.5684000000001,50.,204.4376),(3641.5684000000001,-50.,204.4376),(3644.0641999999998,-50.,192.69579999999999),(3644.0641999999998,-3.5,192.69579999999999),(3680.6689000000001,-3.5,20.482800000000001),(3680.6689000000001,-50.,20.482800000000001),(3703.5275999999999,-50.,13.6297),(3703.5275999999999,50.,13.6297),(3700.4207999999999,50.,25.224799999999998),(3700.4207999999999,3.5,25.224799999999998),(3654.8551000000002,3.5,195.28659999999999),(3654.8551000000002,50.,195.28659999999999),(3651.7483000000002,50.,206.8817),(3651.7483000000002,-50.,206.8817),(3654.8551000000002,-50.,195.28659999999999),(3654.8551000000002,-3.5,195.28659999999999),(3700.4207999999999,-3.5,25.224799999999998),(3700.4207999999999,-50.,25.224799999999998),(3723.6068,-50.,19.577400000000001),(3723.6068,50.,19.577400000000001),(3719.8977,50.,30.9941),(3719.8977,3.5,30.9941),(3665.4969999999998,3.5,198.43899999999999),(3665.4969999999998,50.,198.43899999999999),(3661.7878000000001,50.,209.85570000000001),(3661.7878000000001,-50.,209.85570000000001),(3665.4969999999998,-50.,198.43899999999999),(3665.4969999999998,-3.5,198.43899999999999),(3719.8977,-3.5,30.9941),(3719.8977,-50.,30.9941),(3743.3472000000002,-50.,26.567799999999998),(3743.3472000000002,50.,26.567799999999998),(3739.0450999999998,50.,37.774500000000003),(3739.0450999999998,3.5,37.774500000000003),(3675.9468999999999,3.5,202.1395),(3675.9468999999999,50.,202.1395),(3671.6448,50.,213.34620000000001),(3671.6448,-50.,213.34620000000001),(3675.9468999999999,-50.,202.1395),(3675.9468999999999,-3.5,202.1395),(3739.0450999999998,-3.5,37.774500000000003),(3739.0450999999998,-50.,37.774500000000003),(3762.6947,-50.,34.581800000000001),(3762.6947,50.,34.581800000000001),(3757.8123999999998,50.,45.548200000000001),(3757.8123999999998,3.5,45.548200000000001),(3686.2046,3.5,206.38839999999999),(3686.2046,50.,206.38839999999999),(3681.3222000000001,50.,217.35470000000001),(3681.3222000000001,-50.,217.35470000000001),(3686.2046,-50.,206.38839999999999),(3686.2046,-3.5,206.38839999999999),(3757.8123999999998,-3.5,45.548200000000001),(3757.8123999999998,-50.,45.548200000000001),(3781.5962,-50.,43.5974),(3781.5962,50.,43.5974),(3776.1462999999999,50.,54.293100000000003),(3776.1462999999999,3.5,54.293100000000003),(3696.2148000000002,3.5,211.16309999999999),(3696.2148000000002,50.,211.16309999999999),(3690.7649000000001,50.,221.8588),(3690.7649000000001,-50.,221.8588),(3696.2148000000002,-50.,211.16309999999999),(3696.2148000000002,-3.5,211.16309999999999),(3776.1462999999999,-3.5,54.293100000000003),(3776.1462999999999,-50.,54.293100000000003),(3800.,-50.,53.589799999999997),(3800.,50.,53.589799999999997),(3793.9978000000001,50.,63.985599999999998),(3793.9978000000001,3.5,63.985599999999998),(3705.9657000000002,3.5,216.4572),(3705.9657000000002,50.,216.4572),(3699.9634999999998,50.,226.85300000000001),(3699.9634999999998,-50.,226.85300000000001),(3705.9657000000002,-50.,216.4572),(3705.9657000000002,-3.5,216.4572),(3793.9978000000001,-3.5,63.985599999999998),(3793.9978000000001,-50.,63.985599999999998),(3817.8555999999999,-50.,64.531800000000004),(3817.8555999999999,50.,64.531800000000004),(3811.3182000000002,50.,74.599599999999995),(3811.3182000000002,3.5,74.599599999999995),(3715.4360999999999,3.5,222.26089999999999),(3715.4360999999999,50.,222.26089999999999),(3708.8986,50.,232.3287),(3708.8986,-50.,232.3287),(3715.4360999999999,-50.,222.26089999999999),(3715.4360999999999,-3.5,222.26089999999999),(3811.3182000000002,-3.5,74.599599999999995),(3811.3182000000002,-50.,74.599599999999995),(3835.1140999999998,-50.,76.393199999999993),(3835.1140999999998,50.,76.393199999999993),(3828.058,50.,86.104600000000005),(3828.058,3.5,86.104600000000005),(3724.5693000000001,3.5,228.53809999999999),(3724.5693000000001,50.,228.53809999999999),(3717.5131999999999,50.,238.24950000000001),(3717.5131999999999,-50.,238.24950000000001),(3724.5693000000001,-50.,228.53809999999999),(3724.5693000000001,-3.5,228.53809999999999),(3828.058,-3.5,86.104600000000005),(3828.058,-50.,86.104600000000005),(3851.7282,-50.,89.141599999999997),(3851.7282,50.,89.141599999999997),(3844.1736000000001,50.,98.470399999999998),(3844.1736000000001,3.5,98.470399999999998),(3733.3735000000001,3.5,235.2936),(3733.3735000000001,50.,235.2936),(3725.8189000000002,50.,244.6224),(3725.8189000000002,-50.,244.6224),(3733.3735000000001,-50.,235.2936),(3733.3735000000001,-3.5,235.2936),(3844.1736000000001,-3.5,98.470399999999998),(3844.1736000000001,-50.,98.470399999999998),(3867.6522,-50.,102.74209999999999),(3867.6522,50.,102.74209999999999),(3859.6197999999999,50.,111.6628),(3859.6197999999999,3.5,111.6628),(3741.8114999999998,3.5,242.50030000000001),(3741.8114999999998,50.,242.50030000000001),(3733.7791000000002,50.,251.42099999999999),(3733.7791000000002,-50.,251.42099999999999),(3741.8114999999998,-50.,242.50030000000001),(3741.8114999999998,-3.5,242.50030000000001),(3859.6197999999999,-3.5,111.6628),(3859.6197999999999,-50.,111.6628),(3882.8427000000001,-50.,117.15730000000001),(3882.8427000000001,50.,117.15730000000001),(3874.3544999999999,50.,125.6455),(3874.3544999999999,3.5,125.6455),(3749.8611000000001,3.5,250.13890000000001),(3749.8611000000001,50.,250.13890000000001),(3741.3728999999998,50.,258.62709999999998),(3741.3728999999998,-50.,258.62709999999998),(3749.8611000000001,-50.,250.13890000000001),(3749.8611000000001,-3.5,250.13890000000001),(3874.3544999999999,-3.5,125.6455),(3874.3544999999999,-50.,125.6455),(3897.2579000000001,-50.,132.34780000000001),(3897.2579000000001,50.,132.34780000000001),(3888.3371999999999,50.,140.3802),(3888.3371999999999,3.5,140.3802),(3757.4996999999998,3.5,258.18849999999998),(3757.4996999999998,50.,258.18849999999998),(3748.5790000000002,50.,266.22089999999997),(3748.5790000000002,-50.,266.22089999999997),(3757.4996999999998,-50.,258.18849999999998),(3757.4996999999998,-3.5,258.18849999999998),(3888.3371999999999,-3.5,140.3802),(3888.3371999999999,-50.,140.3802),(3910.8584000000001,-50.,148.27180000000001),(3910.8584000000001,50.,148.27180000000001),(3901.5295999999998,50.,155.82640000000001),(3901.5295999999998,3.5,155.82640000000001),(3764.7064,3.5,266.62650000000002),(3764.7064,50.,266.62650000000002),(3755.3775999999998,50.,274.18110000000001),(3755.3775999999998,-50.,274.18110000000001),(3764.7064,-50.,266.62650000000002),(3764.7064,-3.5,266.62650000000002),(3901.5295999999998,-3.5,155.82640000000001),(3901.5295999999998,-50.,155.82640000000001),(3923.6068,-50.,164.88589999999999),(3923.6068,50.,164.88589999999999),(3913.8953999999999,50.,171.94200000000001),(3913.8953999999999,3.5,171.94200000000001),(3771.4618999999998,3.5,275.4307),(3771.4618999999998,50.,275.4307),(3761.7505000000001,50.,282.48680000000002),(3761.7505000000001,-50.,282.48680000000002),(3771.4618999999998,-50.,275.4307),(3771.4618999999998,-3.5,275.4307),(3913.8953999999999,-3.5,171.94200000000001),(3913.8953999999999,-50.,171.94200000000001),(3935.4681999999998,-50.,182.14439999999999),(3935.4681999999998,50.,182.14439999999999),(3925.4004,50.,188.68180000000001),(3925.4004,3.5,188.68180000000001),(3777.7390999999998,3.5,284.56389999999999),(3777.7390999999998,50.,284.56389999999999),(3767.6713,50.,291.10140000000001),(3767.6713,-50.,291.10140000000001),(3777.7390999999998,-50.,284.56389999999999),(3777.7390999999998,-3.5,284.56389999999999),(3925.4004,-3.5,188.68180000000001),(3925.4004,-50.,188.68180000000001),(3946.4101999999998,-50.,200.),(3946.4101999999998,50.,200.),(3936.0144,50.,206.00219999999999),(3936.0144,3.5,206.00219999999999),(3783.5428000000002,3.5,294.03429999999997),(3783.5428000000002,50.,294.03429999999997),(3773.1469999999999,50.,300.03649999999999),(3773.1469999999999,-50.,300.03649999999999),(3783.5428000000002,-50.,294.03429999999997),(3783.5428000000002,-3.5,294.03429999999997),(3936.0144,-3.5,206.00219999999999),(3936.0144,-50.,206.00219999999999),(3956.4025999999999,-50.,218.40379999999999),(3956.4025999999999,50.,218.40379999999999),(3945.7069000000001,50.,223.8537),(3945.7069000000001,3.5,223.8537),(3788.8368999999998,3.5,303.78519999999997),(3788.8368999999998,50.,303.78519999999997),(3778.1412,50.,309.23509999999999),(3778.1412,-50.,309.23509999999999),(3788.8368999999998,-50.,303.78519999999997),(3788.8368999999998,-3.5,303.78519999999997),(3945.7069000000001,-3.5,223.8537),(3945.7069000000001,-50.,223.8537),(3965.4182000000001,-50.,237.30529999999999),(3965.4182000000001,50.,237.30529999999999),(3954.4517999999998,50.,242.1876),(3954.4517999999998,3.5,242.1876),(3793.6116000000002,3.5,313.79539999999997),(3793.6116000000002,50.,313.79539999999997),(3782.6453000000001,50.,318.67779999999999),(3782.6453000000001,-50.,318.67779999999999),(3793.6116000000002,-50.,313.79539999999997),(3793.6116000000002,-3.5,313.79539999999997),(3954.4517999999998,-3.5,242.1876),(3954.4517999999998,-50.,242.1876),(3973.4322000000002,-50.,256.65280000000001),(3973.4322000000002,50.,256.65280000000001),(3962.2255,50.,260.95490000000001),(3962.2255,3.5,260.95490000000001),(3797.8604999999998,3.5,324.05309999999997),(3797.8604999999998,50.,324.05309999999997),(3786.6538,50.,328.35520000000002),(3786.6538,-50.,328.35520000000002),(3797.8604999999998,-50.,324.05309999999997),(3797.8604999999998,-3.5,324.05309999999997),(3962.2255,-3.5,260.95490000000001),(3962.2255,-50.,260.95490000000001),(3980.4225999999999,-50.,276.39319999999998),(3980.4225999999999,50.,276.39319999999998),(3969.0059000000001,50.,280.10230000000001),(3969.0059000000001,3.5,280.10230000000001),(3801.5610000000001,3.5,334.50299999999999),(3801.5610000000001,50.,334.50299999999999),(3790.1442999999999,50.,338.2122),(3790.1442999999999,-50.,338.2122),(3801.5610000000001,-50.,334.50299999999999),(3801.5610000000001,-3.5,334.50299999999999),(3969.0059000000001,-3.5,280.10230000000001),(3969.0059000000001,-50.,280.10230000000001),(3986.3703,-50.,296.47239999999999),(3986.3703,50.,296.47239999999999),(3974.7752,50.,299.57920000000001),(3974.7752,3.5,299.57920000000001),(3804.7134000000001,3.5,345.14490000000001),(3804.7134000000001,50.,345.14490000000001),(3793.1183000000001,50.,348.25170000000003),(3793.1183000000001,-50.,348.25170000000003),(3804.7134000000001,-50.,345.14490000000001),(3804.7134000000001,-3.5,345.14490000000001),(3974.7752,-3.5,299.57920000000001),(3974.7752,-50.,299.57920000000001),(3991.259,-50.,316.83530000000002),(3991.259,50.,316.83530000000002),(3979.5171999999998,50.,319.33109999999999),(3979.5171999999998,3.5,319.33109999999999),(3807.3042,3.5,355.93579999999997),(3807.3042,50.,355.93579999999997),(3795.5623999999998,50.,358.4316),(3795.5623999999998,-50.,358.4316),(3807.3042,-50.,355.93579999999997),(3807.3042,-3.5,355.93579999999997),(3979.5171999999998,-3.5,319.33109999999999),(3979.5171999999998,-50.,319.33109999999999),(3995.0753,-50.,337.42619999999999),(3995.0753,50.,337.42619999999999),(3983.2188999999998,50.,339.30360000000002),(3983.2188999999998,3.5,339.30360000000002),(3809.3252000000002,3.5,366.83929999999998),(3809.3252000000002,50.,366.83929999999998),(3797.4688000000001,50.,368.7167),(3797.4688000000001,-50.,368.7167),(3809.3252000000002,-50.,366.83929999999998),(3809.3252000000002,-3.5,366.83929999999998),(3983.2188999999998,-3.5,339.30360000000002),(3983.2188999999998,-50.,339.30360000000002),(3997.8087999999998,-50.,358.18860000000001),(3997.8087999999998,50.,358.18860000000001),(3985.8703999999998,50.,359.44310000000002),(3985.8703999999998,3.5,359.44310000000002),(3810.7741000000001,3.5,377.84179999999998),(3810.7741000000001,50.,377.84179999999998),(3798.8357000000001,50.,379.09629999999999),(3798.8357000000001,-50.,379.09629999999999),(3810.7741000000001,-50.,377.84179999999998),(3810.7741000000001,-3.5,377.84179999999998),(3985.8703999999998,-3.5,359.44310000000002),(3985.8703999999998,-50.,359.44310000000002),(3999.4517999999998,-50.,379.06560000000002),(3999.4517999999998,50.,379.06560000000002),(3987.4641000000001,50.,379.6934),(3987.4641000000001,3.5,379.6934),(3811.6448,3.5,388.90170000000001),(3811.6448,50.,388.90170000000001),(3799.6570999999999,50.,389.52949999999998),(3799.6570999999999,-50.,389.52949999999998),(3811.6448,-50.,388.90170000000001),(3811.6448,-3.5,388.90170000000001),(3987.4641000000001,-3.5,379.6934),(3987.4641000000001,-50.,379.6934),(4000.,-50.,400.),(4000.,50.,400.),(3988.,50.,400.15719999999999),(3988.,3.5,400.15719999999999),(3812.,3.5,402.46300000000002),(3812.,50.,402.46300000000002),(3800.,50.,402.62029999999999),(3800.,-50.,402.62029999999999),(3812.,-50.,402.46300000000002),(3812.,-3.5,402.46300000000002),(3988.,-3.5,400.15719999999999),(3988.,-50.,400.15719999999999),(4000.,-50.,1600.6550999999999),(4000.,50.,1599.3449000000001),(3988.,50.,1599.3449000000001),(3988.,3.5,1599.9540999999999),(3812.,3.5,1599.9540999999999),(3812.,50.,1599.3449000000001),(3800.,50.,1599.3449000000001),(3800.,-50.,1600.6550999999999),(3812.,-50.,1600.6550999999999),(3812.,-3.5,1600.0459000000001),(3988.,-3.5,1600.0459000000001),(3988.,-50.,1600.6550999999999),(4000.,-49.400500000000001,1623.5504000000001),(4000.,50.496899999999997,1618.3184000000001),(3988.,50.496899999999997,1618.3184000000001),(3988.,4.0446,1620.7512999999999),(3812.,4.0446,1620.7512999999999),(3812.,50.496899999999997,1618.3184000000001),(3800.,50.496899999999997,1618.3184000000001),(3800.,-49.400500000000001,1623.5504000000001),(3812.,-49.400500000000001,1623.5504000000001),(3812.,-2.9481999999999999,1621.1175000000001),(3988.,-2.9481999999999999,1621.1175000000001),(3988.,-49.400500000000001,1623.5504000000001),(4000.,-47.552100000000003,1647.0382999999999),(4000.,51.9345,1636.5844999999999),(3988.,51.9345,1636.5844999999999),(3988.,5.6731999999999996,1641.4455),(3812.,5.6731999999999996,1641.4455),(3812.,51.9345,1636.5844999999999),(3800.,51.9345,1636.5844999999999),(3800.,-47.552100000000003,1647.0382999999999),(3812.,-47.552100000000003,1647.0382999999999),(3812.,-1.2907999999999999,1642.1773000000001),(3988.,-1.2907999999999999,1642.1773000000001),(3988.,-47.552100000000003,1647.0382999999999),(4000.,-44.476900000000001,1670.3964000000001),(4000.,54.326300000000003,1654.7511999999999),(3988.,54.326300000000003,1654.7511999999999),(3988.,8.3827999999999996,1662.0262),(3812.,8.3827999999999996,1662.0262),(3812.,54.326300000000003,1654.7511999999999),(3800.,54.326300000000003,1654.7511999999999),(3800.,-44.476900000000001,1670.3964000000001),(3812.,-44.476900000000001,1670.3964000000001),(3812.,1.4665999999999999,1663.1214),(3988.,1.4665999999999999,1663.1214),(3988.,-44.476900000000001,1670.3964000000001),(4000.,-40.183199999999999,1693.5637999999999),(4000.,57.665199999999999,1672.7655999999999),(3988.,57.665199999999999,1672.7655999999999),(3988.,12.165699999999999,1682.4367999999999),(3812.,12.165699999999999,1682.4367999999999),(3812.,57.665199999999999,1672.7655999999999),(3800.,57.665199999999999,1672.7655999999999),(3800.,-40.183199999999999,1693.5637999999999),(3812.,-40.183199999999999,1693.5637999999999),(3812.,5.3163,1683.8925999999999),(3988.,5.3163,1683.8925999999999),(3988.,-40.183199999999999,1693.5637999999999),(4000.,-34.683300000000003,1716.4724000000001),(4000.,61.942700000000002,1690.5827999999999),(3988.,61.942700000000002,1690.5827999999999),(3988.,17.011600000000001,1702.6215),(3812.,17.011600000000001,1702.6215),(3812.,61.942700000000002,1690.5827999999999),(3800.,61.942700000000002,1690.5827999999999),(3800.,-34.683300000000003,1716.4724000000001),(3812.,-34.683300000000003,1716.4724000000001),(3812.,10.2478,1704.4337),(3988.,10.2478,1704.4337),(3988.,-34.683300000000003,1716.4724000000001),(4000.,-27.9922,1739.0615),(4000.,67.147000000000006,1708.1521),(3988.,67.147000000000006,1708.1521),(3988.,22.907299999999999,1722.5250000000001),(3812.,22.907299999999999,1722.5250000000001),(3812.,67.147000000000006,1708.1521),(3800.,67.147000000000006,1708.1521),(3800.,-27.9922,1739.0615),(3812.,-27.9922,1739.0615),(3812.,16.247499999999999,1724.6886),(3988.,16.247499999999999,1724.6886),(3988.,-27.9922,1739.0615),(4000.,-20.126799999999999,1761.2728),(4000.,73.2624,1725.4215999999999),(3988.,73.2624,1725.4215999999999),(3988.,29.836400000000001,1742.0924),(3812.,29.836400000000001,1742.0924),(3812.,73.2624,1725.4215999999999),(3800.,73.2624,1725.4215999999999),(3800.,-20.126799999999999,1761.2728),(3812.,-20.126799999999999,1761.2728),(3812.,23.299199999999999,1744.6020000000001),(3988.,23.299199999999999,1744.6020000000001),(3988.,-20.126799999999999,1761.2728),(4000.,-11.1114,1783.0378000000001),(4000.,80.275000000000006,1742.3516),(3988.,80.275000000000006,1742.3516),(3988.,37.780299999999997,1761.2707),(3812.,37.780299999999997,1761.2707),(3812.,80.275000000000006,1742.3516),(3800.,80.275000000000006,1742.3516),(3800.,-11.1114,1783.0378000000001),(3812.,-11.1114,1783.0378000000001),(3812.,31.383299999999998,1764.1187),(3988.,31.383299999999998,1764.1187),(3988.,-11.1114,1783.0378000000001),(4000.,-0.96789999999999998,1804.3040000000001),(4000.,88.162700000000001,1758.8884),(3988.,88.162700000000001,1758.8884),(3988.,46.716999999999999,1780.0066999999999),(3812.,46.716999999999999,1780.0066999999999),(3812.,88.162700000000001,1758.8884),(3800.,88.162700000000001,1758.8884),(3800.,-0.96789999999999998,1804.3040000000001),(3812.,-0.96789999999999998,1804.3040000000001),(3812.,40.477800000000002,1783.1857),(3988.,40.477800000000002,1783.1857),(3988.,-0.96789999999999998,1804.3040000000001),(4000.,10.273999999999999,1825.0091),(4000.,96.905600000000007,1774.9909),(3988.,96.905600000000007,1774.9909),(3988.,56.621899999999997,1798.2493999999999),(3812.,56.621899999999997,1798.2493999999999),(3812.,96.905600000000007,1774.9909),(3800.,96.905600000000007,1774.9909),(3800.,10.273999999999999,1825.0091),(3812.,10.273999999999999,1825.0091),(3812.,50.557699999999997,1801.7506000000001),(3988.,50.557699999999997,1801.7506000000001),(3988.,10.273999999999999,1825.0091),(4000.,22.582599999999999,1845.0948000000001),(4000.,106.48099999999999,1790.6164000000001),(3988.,106.48099999999999,1790.6164000000001),(3988.,67.468199999999996,1815.9489000000001),(3812.,67.468199999999996,1815.9489000000001),(3812.,106.48099999999999,1790.6164000000001),(3800.,106.48099999999999,1790.6164000000001),(3800.,22.582599999999999,1845.0948000000001),(3812.,22.582599999999999,1845.0948000000001),(3812.,61.595399999999998,1819.7623000000001),(3988.,61.595399999999998,1819.7623000000001),(3988.,22.582599999999999,1845.0948000000001),(4000.,35.929099999999998,1864.5143),(4000.,116.8573,1805.7139),(3988.,116.8573,1805.7139),(3988.,79.225700000000003,1833.0561),(3812.,79.225700000000003,1833.0561),(3812.,116.8573,1805.7139),(3800.,116.8573,1805.7139),(3800.,35.929099999999998,1864.5143),(3812.,35.929099999999998,1864.5143),(3812.,73.560699999999997,1837.1721),(3988.,73.560699999999997,1837.1721),(3988.,35.929099999999998,1864.5143),(4000.,50.2714,1883.2055),(4000.,128.01179999999999,1820.2509),(3988.,128.01179999999999,1820.2509),(3988.,91.862499999999997,1849.5247999999999),(3812.,91.862499999999997,1849.5247999999999),(3812.,128.01179999999999,1820.2509),(3800.,128.01179999999999,1820.2509),(3800.,50.2714,1883.2055),(3812.,50.2714,1883.2055),(3812.,86.420699999999997,1853.9315999999999),(3988.,86.420699999999997,1853.9315999999999),(3988.,50.2714,1883.2055),(4000.,65.572400000000002,1901.1205),(4000.,139.9118,1834.1839),(3988.,139.9118,1834.1839),(3988.,105.34399999999999,1865.3094000000001),(3812.,105.34399999999999,1865.3094000000001),(3812.,139.9118,1834.1839),(3800.,139.9118,1834.1839),(3800.,65.572400000000002,1901.1205),(3812.,65.572400000000002,1901.1205),(3812.,100.14019999999999,1869.9949999999999),(3988.,100.14019999999999,1869.9949999999999),(3988.,65.572400000000002,1901.1205),(4000.,81.7898,1918.2102),(4000.,152.5248,1847.4752000000001),(3988.,152.5248,1847.4752000000001),(3988.,119.633,1880.367),(3812.,119.633,1880.367),(3812.,152.5248,1847.4752000000001),(3800.,152.5248,1847.4752000000001),(3800.,81.7898,1918.2102),(3812.,81.7898,1918.2102),(3812.,114.6816,1885.3184000000001),(3988.,114.6816,1885.3184000000001),(3988.,81.7898,1918.2102),(4000.,98.879499999999993,1934.4276),(4000.,165.81610000000001,1860.0881999999999),(3988.,165.81610000000001,1860.0881999999999),(3988.,134.69059999999999,1894.6559999999999),(3812.,134.69059999999999,1894.6559999999999),(3812.,165.81610000000001,1860.0881999999999),(3800.,165.81610000000001,1860.0881999999999),(3800.,98.879499999999993,1934.4276),(3812.,98.879499999999993,1934.4276),(3812.,130.005,1899.8598),(3988.,130.005,1899.8598),(3988.,98.879499999999993,1934.4276),(4000.,116.7945,1949.7285999999999),(4000.,179.7491,1871.9882),(3988.,179.7491,1871.9882),(3988.,150.4752,1908.1375),(3812.,150.4752,1908.1375),(3812.,179.7491,1871.9882),(3800.,179.7491,1871.9882),(3800.,116.7945,1949.7285999999999),(3812.,116.7945,1949.7285999999999),(3812.,146.0684,1913.5793000000001),(3988.,146.0684,1913.5793000000001),(3988.,116.7945,1949.7285999999999),(4000.,135.48570000000001,1964.0708999999999),(4000.,194.2861,1883.1427000000001),(3988.,194.2861,1883.1427000000001),(3988.,166.94390000000001,1920.7743),(3812.,166.94390000000001,1920.7743),(3812.,194.2861,1883.1427000000001),(3800.,194.2861,1883.1427000000001),(3800.,135.48570000000001,1964.0708999999999),(3812.,135.48570000000001,1964.0708999999999),(3812.,162.8279,1926.4393),(3988.,162.8279,1926.4393),(3988.,135.48570000000001,1964.0708999999999),(4000.,154.90520000000001,1977.4174),(4000.,209.3836,1893.519),(3988.,209.3836,1893.519),(3988.,184.05109999999999,1932.5318),(3812.,184.05109999999999,1932.5318),(3812.,209.3836,1893.519),(3800.,209.3836,1893.519),(3800.,154.90520000000001,1977.4174),(3812.,154.90520000000001,1977.4174),(3812.,180.23769999999999,1938.4046000000001),(3988.,180.23769999999999,1938.4046000000001),(3988.,154.90520000000001,1977.4174),(4000.,174.99090000000001,1989.7260000000001),(4000.,225.00909999999999,1903.0944),(3988.,225.00909999999999,1903.0944),(3988.,201.75059999999999,1943.3780999999999),(3812.,201.75059999999999,1943.3780999999999),(3812.,225.00909999999999,1903.0944),(3800.,225.00909999999999,1903.0944),(3800.,174.99090000000001,1989.7260000000001),(3812.,174.99090000000001,1989.7260000000001),(3812.,198.24940000000001,1949.4422999999999),(3988.,198.24940000000001,1949.4422999999999),(3988.,174.99090000000001,1989.7260000000001),(4000.,195.696,2000.9679000000001),(4000.,241.11160000000001,1911.8372999999999),(3988.,241.11160000000001,1911.8372999999999),(3988.,219.9933,1953.2829999999999),(3812.,219.9933,1953.2829999999999),(3812.,241.11160000000001,1911.8372999999999),(3800.,241.11160000000001,1911.8372999999999),(3800.,195.696,2000.9679000000001),(3812.,195.696,2000.9679000000001),(3812.,216.8143,1959.5222000000001),(3988.,216.8143,1959.5222000000001),(3988.,195.696,2000.9679000000001),(4000.,216.9622,2011.1114),(4000.,257.64839999999998,1919.7249999999999),(3988.,257.64839999999998,1919.7249999999999),(3988.,238.72929999999999,1962.2197000000001),(3812.,238.72929999999999,1962.2197000000001),(3812.,257.64839999999998,1919.7249999999999),(3800.,257.64839999999998,1919.7249999999999),(3800.,216.9622,2011.1114),(3812.,216.9622,2011.1114),(3812.,235.88130000000001,1968.6167),(3988.,235.88130000000001,1968.6167),(3988.,216.9622,2011.1114),(4000.,238.72720000000001,2020.1268),(4000.,274.57839999999999,1926.7375999999999),(3988.,274.57839999999999,1926.7375999999999),(3988.,257.9076,1970.1636000000001),(3812.,257.9076,1970.1636000000001),(3812.,274.57839999999999,1926.7375999999999),(3800.,274.57839999999999,1926.7375999999999),(3800.,238.72720000000001,2020.1268),(3812.,238.72720000000001,2020.1268),(3812.,255.398,1976.7008000000001),(3988.,255.398,1976.7008000000001),(3988.,238.72720000000001,2020.1268),(4000.,260.93849999999998,2027.9921999999999),(4000.,291.84789999999998,1932.8530000000001),(3988.,291.84789999999998,1932.8530000000001),(3988.,277.47500000000002,1977.0926999999999),(3812.,277.47500000000002,1977.0926999999999),(3812.,291.84789999999998,1932.8530000000001),(3800.,291.84789999999998,1932.8530000000001),(3800.,260.93849999999998,2027.9921999999999),(3812.,260.93849999999998,2027.9921999999999),(3812.,275.31139999999999,1983.7525000000001),(3988.,275.31139999999999,1983.7525000000001),(3988.,260.93849999999998,2027.9921999999999),(4000.,283.52760000000001,2034.6832999999999),(4000.,309.41719999999998,1938.0572999999999),(3988.,309.41719999999998,1938.0572999999999),(3988.,297.37849999999997,1982.9884),(3812.,297.37849999999997,1982.9884),(3812.,309.41719999999998,1938.0572999999999),(3800.,309.41719999999998,1938.0572999999999),(3800.,283.52760000000001,2034.6832999999999),(3812.,283.52760000000001,2034.6832999999999),(3812.,295.56630000000001,1989.7521999999999),(3988.,295.56630000000001,1989.7521999999999),(3988.,283.52760000000001,2034.6832999999999),(4000.,306.43619999999999,2040.1831999999999),(4000.,327.23439999999999,1942.3348000000001),(3988.,327.23439999999999,1942.3348000000001),(3988.,317.56319999999999,1987.8343),(3812.,317.56319999999999,1987.8343),(3812.,327.23439999999999,1942.3348000000001),(3800.,327.23439999999999,1942.3348000000001),(3800.,306.43619999999999,2040.1831999999999),(3812.,306.43619999999999,2040.1831999999999),(3812.,316.10739999999998,1994.6837),(3988.,316.10739999999998,1994.6837),(3988.,306.43619999999999,2040.1831999999999),(4000.,329.60359999999997,2044.4768999999999),(4000.,345.24880000000002,1945.6737000000001),(3988.,345.24880000000002,1945.6737000000001),(3988.,337.97379999999998,1991.6171999999999),(3812.,337.97379999999998,1991.6171999999999),(3812.,345.24880000000002,1945.6737000000001),(3800.,345.24880000000002,1945.6737000000001),(3800.,329.60359999999997,2044.4768999999999),(3812.,329.60359999999997,2044.4768999999999),(3812.,336.87860000000001,1998.5334),(3988.,336.87860000000001,1998.5334),(3988.,329.60359999999997,2044.4768999999999),(4000.,352.96170000000001,2047.5521000000001),(4000.,363.41550000000001,1948.0654999999999),(3988.,363.41550000000001,1948.0654999999999),(3988.,358.55450000000002,1994.3268),(3812.,358.55450000000002,1994.3268),(3812.,363.41550000000001,1948.0654999999999),(3800.,363.41550000000001,1948.0654999999999),(3800.,352.96170000000001,2047.5521000000001),(3812.,352.96170000000001,2047.5521000000001),(3812.,357.8227,2001.2908),(3988.,357.8227,2001.2908),(3988.,352.96170000000001,2047.5521000000001),(4000.,376.44959999999998,2049.4005000000002),(4000.,381.6816,1949.5030999999999),(3988.,381.6816,1949.5030999999999),(3988.,379.24869999999999,1995.9554000000001),(3812.,379.24869999999999,1995.9554000000001),(3812.,381.6816,1949.5030999999999),(3800.,381.6816,1949.5030999999999),(3800.,376.44959999999998,2049.4005000000002),(3812.,376.44959999999998,2049.4005000000002),(3812.,378.88249999999999,2002.9482),(3988.,378.88249999999999,2002.9482),(3988.,376.44959999999998,2049.4005000000002),(4000.,399.3449,2050.),(4000.,400.6551,1950.),(3988.,400.6551,1950.),(3988.,400.04590000000002,1996.5),(3812.,400.04590000000002,1996.5),(3812.,400.6551,1950.),(3800.,400.6551,1950.),(3800.,399.3449,2050.),(3812.,399.3449,2050.),(3812.,399.95409999999998,2003.5),(3988.,399.95409999999998,2003.5),(3988.,399.3449,2050.),(4000.,2599.3249000000001,2050.),(4000.,2600.6750999999999,1950.),(3988.,2600.6750999999999,1950.),(3988.,2600.0473000000002,1996.5),(3812.,2600.0473000000002,1996.5),(3812.,2600.6750999999999,1950.),(3800.,2600.6750999999999,1950.),(3800.,2599.3249000000001,2050.),(3812.,2599.3249000000001,2050.),(3812.,2599.9526999999998,2003.5),(3988.,2599.9526999999998,2003.5),(3988.,2599.3249000000001,2050.),(4000.,2618.9495000000002,2050.5317),(4000.,2624.3616999999999,1950.6415),(3988.,2624.3616999999999,1950.6415),(3988.,2621.8449999999998,1997.0904),(3812.,2621.8449999999998,1997.0904),(3812.,2624.3616999999999,1950.6415),(3800.,2624.3616999999999,1950.6415),(3800.,2618.9495000000002,2050.5317),(3812.,2618.9495000000002,2050.5317),(3812.,2621.4661999999998,2004.0827999999999),(3988.,2621.4661999999998,2004.0827999999999),(3988.,2618.9495000000002,2050.5317),(4000.,2637.8404,2052.0700000000002),(4000.,2648.6547999999998,1952.6196),(3988.,2648.6547999999998,1952.6196),(3988.,2643.6261,1998.864),(3812.,2643.6261,1998.864),(3812.,2648.6547999999998,1952.6196),(3800.,2648.6547999999998,1952.6196),(3800.,2637.8404,2052.0700000000002),(3812.,2637.8404,2052.0700000000002),(3812.,2642.8690999999999,2005.8255999999999),(3988.,2642.8690999999999,2005.8255999999999),(3988.,2637.8404,2052.0700000000002),(4000.,2656.6196,2054.6286),(4000.,2672.806,1955.9102),(3988.,2672.806,1955.9102),(3988.,2665.2793000000001,2001.8143),(3812.,2665.2793000000001,2001.8143),(3812.,2672.806,1955.9102),(3800.,2672.806,1955.9102),(3800.,2656.6196,2054.6286),(3812.,2656.6196,2054.6286),(3812.,2664.1462999999999,2008.7245),(3988.,2664.1462999999999,2008.7245),(3988.,2656.6196,2054.6286),(4000.,2675.2341000000001,2058.2004000000002),(4000.,2696.7422999999999,1960.5032000000001),(3988.,2696.7422999999999,1960.5032000000001),(3988.,2686.741,2005.9323999999999),(3812.,2686.741,2005.9323999999999),(3812.,2696.7422999999999,1960.5032000000001),(3800.,2696.7422999999999,1960.5032000000001),(3800.,2675.2341000000001,2058.2004000000002),(3812.,2675.2341000000001,2058.2004000000002),(3812.,2685.2354,2012.7711999999999),(3988.,2685.2354,2012.7711999999999),(3988.,2675.2341000000001,2058.2004000000002),(4000.,2693.6306,2062.7754),(4000.,2720.3919999999998,1966.3846000000001),(3988.,2720.3919999999998,1966.3846000000001),(3988.,2707.9479000000001,2011.2063000000001),(3812.,2707.9479000000001,2011.2063000000001),(3812.,2720.3919999999998,1966.3846000000001),(3800.,2720.3919999999998,1966.3846000000001),(3800.,2693.6306,2062.7754),(3812.,2693.6306,2062.7754),(3812.,2706.0747000000001,2017.9537),(3988.,2706.0747000000001,2017.9537),(3988.,2693.6306,2062.7754),(4000.,2711.7503999999999,2068.3389999999999),(4000.,2743.6907999999999,1973.5383999999999),(3988.,2743.6907999999999,1973.5383999999999),(3988.,2728.8384999999998,2017.6206999999999),(3812.,2728.8384999999998,2017.6206999999999),(3812.,2743.6907999999999,1973.5383999999999),(3800.,2743.6907999999999,1973.5383999999999),(3800.,2711.7503999999999,2068.3389999999999),(3812.,2711.7503999999999,2068.3389999999999),(3812.,2726.6026999999999,2024.2566999999999),(3988.,2726.6026999999999,2024.2566999999999),(3988.,2711.7503999999999,2068.3389999999999),(4000.,2729.5437000000002,2074.8760000000002),(4000.,2766.5668999999998,1981.9426000000001),(3988.,2766.5668999999998,1981.9426000000001),(3988.,2749.3510999999999,2025.1566),(3812.,2749.3510999999999,2025.1566),(3812.,2766.5668999999998,1981.9426000000001),(3800.,2766.5668999999998,1981.9426000000001),(3800.,2729.5437000000002,2074.8760000000002),(3812.,2729.5437000000002,2074.8760000000002),(3812.,2746.7595000000001,2031.662),(3988.,2746.7595000000001,2031.662),(3988.,2729.5437000000002,2074.8760000000002),(4000.,2746.9535000000001,2082.3652000000002),(4000.,2788.9576999999999,1991.5744),(3988.,2788.9576999999999,1991.5744),(3988.,2769.4256999999998,2033.7920999999999),(3812.,2769.4256999999998,2033.7920999999999),(3812.,2788.9576999999999,1991.5744),(3800.,2788.9576999999999,1991.5744),(3800.,2746.9535000000001,2082.3652000000002),(3812.,2746.9535000000001,2082.3652000000002),(3812.,2766.4854999999998,2040.1475),(3988.,2766.4854999999998,2040.1475),(3988.,2746.9535000000001,2082.3652000000002),(4000.,2763.9344999999998,2090.7871),(4000.,2810.7923000000001,2002.4032999999999),(3988.,2810.7923000000001,2002.4032999999999),(3988.,2789.0034000000001,2043.5018),(3812.,2789.0034000000001,2043.5018),(3812.,2810.7923000000001,2002.4032999999999),(3800.,2810.7923000000001,2002.4032999999999),(3800.,2763.9344999999998,2090.7871),(3812.,2763.9344999999998,2090.7871),(3812.,2785.7233999999999,2049.6886),(3988.,2785.7233999999999,2049.6886),(3988.,2763.9344999999998,2090.7871),(4000.,2780.4335999999998,2100.1152000000002),(4000.,2832.0093999999999,2014.3989999999999),(3988.,2832.0093999999999,2014.3989999999999),(3988.,2808.0266999999999,2054.2570000000001),(3812.,2808.0266999999999,2054.2570000000001),(3812.,2832.0093999999999,2014.3989999999999),(3800.,2832.0093999999999,2014.3989999999999),(3800.,2780.4335999999998,2100.1152000000002),(3812.,2780.4335999999998,2100.1152000000002),(3812.,2804.4162999999999,2060.2572),(3988.,2804.4162999999999,2060.2572),(3988.,2780.4335999999998,2100.1152000000002),(4000.,2796.4050000000002,2110.3238999999999),(4000.,2852.5446000000002,2027.5248999999999),(3988.,2852.5446000000002,2027.5248999999999),(3988.,2826.4396999999999,2066.0264000000002),(3812.,2826.4396999999999,2066.0264000000002),(3812.,2852.5446000000002,2027.5248999999999),(3800.,2852.5446000000002,2027.5248999999999),(3800.,2796.4050000000002,2110.3238999999999),(3812.,2796.4050000000002,2110.3238999999999),(3812.,2822.5099,2071.8224),(3988.,2822.5099,2071.8224),(3988.,2796.4050000000002,2110.3238999999999),(4000.,2811.7991999999999,2121.3816000000002),(4000.,2872.3402000000001,2041.7439999999999),(3988.,2872.3402000000001,2041.7439999999999),(3988.,2844.1886,2078.7755000000002),(3812.,2844.1886,2078.7755000000002),(3812.,2872.3402000000001,2041.7439999999999),(3800.,2872.3402000000001,2041.7439999999999),(3800.,2811.7991999999999,2121.3816000000002),(3812.,2811.7991999999999,2121.3816000000002),(3812.,2839.9508000000001,2084.3501000000001),(3988.,2839.9508000000001,2084.3501000000001),(3988.,2811.7991999999999,2121.3816000000002),(4000.,2826.5738000000001,2133.2577000000001),(4000.,2891.3352,2057.0127000000002),(3988.,2891.3352,2057.0127000000002),(3988.,2861.2211000000002,2092.4666000000002),(3812.,2861.2211000000002,2092.4666000000002),(3812.,2891.3352,2057.0127000000002),(3800.,2891.3352,2057.0127000000002),(3800.,2826.5738000000001,2133.2577000000001),(3812.,2826.5738000000001,2133.2577000000001),(3812.,2856.6878999999999,2097.8038000000001),(3988.,2856.6878999999999,2097.8038000000001),(3988.,2826.5738000000001,2133.2577000000001),(4000.,2840.6822999999999,2145.915),(4000.,2909.4773,2073.2885999999999),(3988.,2909.4773,2073.2885999999999),(3988.,2877.4875999999999,2107.0599000000002),(3812.,2877.4875999999999,2107.0599000000002),(3812.,2909.4773,2073.2885999999999),(3800.,2909.4773,2073.2885999999999),(3800.,2840.6822999999999,2145.915),(3812.,2840.6822999999999,2145.915),(3812.,2872.672,2112.1437000000001),(3988.,2872.672,2112.1437000000001),(3988.,2840.6822999999999,2145.915),(4000.,2854.085,2159.3177000000001),(4000.,2926.7114000000001,2090.5227),(3988.,2926.7114000000001,2090.5227),(3988.,2892.9400999999998,2122.5124000000001),(3812.,2892.9400999999998,2122.5124000000001),(3812.,2926.7114000000001,2090.5227),(3800.,2926.7114000000001,2090.5227),(3800.,2854.085,2159.3177000000001),(3812.,2854.085,2159.3177000000001),(3812.,2887.8562999999999,2127.328),(3988.,2887.8562999999999,2127.328),(3988.,2854.085,2159.3177000000001),(4000.,2866.7422999999999,2173.4261999999999),(4000.,2942.9872999999998,2108.6648),(3988.,2942.9872999999998,2108.6648),(3988.,2907.5333999999998,2138.7788999999998),(3812.,2907.5333999999998,2138.7788999999998),(3812.,2942.9872999999998,2108.6648),(3800.,2942.9872999999998,2108.6648),(3800.,2866.7422999999999,2173.4261999999999),(3812.,2866.7422999999999,2173.4261999999999),(3812.,2902.1961999999999,2143.3121000000001),(3988.,2902.1961999999999,2143.3121000000001),(3988.,2866.7422999999999,2173.4261999999999),(4000.,2878.6183999999998,2188.2008000000001),(4000.,2958.2559999999999,2127.6597999999999),(3988.,2958.2559999999999,2127.6597999999999),(3988.,2921.2244999999998,2155.8114),(3812.,2921.2244999999998,2155.8114),(3812.,2958.2559999999999,2127.6597999999999),(3800.,2958.2559999999999,2127.6597999999999),(3800.,2878.6183999999998,2188.2008000000001),(3812.,2878.6183999999998,2188.2008000000001),(3812.,2915.6498999999999,2160.0491999999999),(3988.,2915.6498999999999,2160.0491999999999),(3988.,2878.6183999999998,2188.2008000000001),(4000.,2889.6761000000001,2203.5949999999998),(4000.,2972.4751000000001,2147.4553999999998),(3988.,2972.4751000000001,2147.4553999999998),(3988.,2933.9735999999998,2173.5603000000001),(3812.,2933.9735999999998,2173.5603000000001),(3812.,2972.4751000000001,2147.4553999999998),(3800.,2972.4751000000001,2147.4553999999998),(3800.,2889.6761000000001,2203.5949999999998),(3812.,2889.6761000000001,2203.5949999999998),(3812.,2928.1776,2177.4901),(3988.,2928.1776,2177.4901),(3988.,2889.6761000000001,2203.5949999999998),(4000.,2899.8847999999998,2219.5664000000002),(4000.,2985.6010000000001,2167.9906000000001),(3988.,2985.6010000000001,2167.9906000000001),(3988.,2945.7429999999999,2191.9733000000001),(3812.,2945.7429999999999,2191.9733000000001),(3812.,2985.6010000000001,2167.9906000000001),(3800.,2985.6010000000001,2167.9906000000001),(3800.,2899.8847999999998,2219.5664000000002),(3812.,2899.8847999999998,2219.5664000000002),(3812.,2939.7428,2195.5837000000001),(3988.,2939.7428,2195.5837000000001),(3988.,2899.8847999999998,2219.5664000000002),(4000.,2909.2129,2236.0655000000002),(4000.,2997.5967000000001,2189.2076999999999),(3988.,2997.5967000000001,2189.2076999999999),(3988.,2956.4982,2210.9965999999999),(3812.,2956.4982,2210.9965999999999),(3812.,2997.5967000000001,2189.2076999999999),(3800.,2997.5967000000001,2189.2076999999999),(3800.,2909.2129,2236.0655000000002),(3812.,2909.2129,2236.0655000000002),(3812.,2950.3114,2214.2766000000001),(3988.,2950.3114,2214.2766000000001),(3988.,2909.2129,2236.0655000000002),(4000.,2917.6347999999998,2253.0464999999999),(4000.,3008.4256,2211.0423000000001),(3988.,3008.4256,2211.0423000000001),(3988.,2966.2078999999999,2230.5743000000002),(3812.,2966.2078999999999,2230.5743000000002),(3812.,3008.4256,2211.0423000000001),(3800.,3008.4256,2211.0423000000001),(3800.,2917.6347999999998,2253.0464999999999),(3812.,2917.6347999999998,2253.0464999999999),(3812.,2959.8525,2233.5145000000002),(3988.,2959.8525,2233.5145000000002),(3988.,2917.6347999999998,2253.0464999999999),(4000.,2925.1239999999998,2270.4562999999998),(4000.,3018.0574000000001,2233.4331000000002),(3988.,3018.0574000000001,2233.4331000000002),(3988.,2974.8434000000002,2250.6489000000001),(3812.,2974.8434000000002,2250.6489000000001),(3812.,3018.0574000000001,2233.4331000000002),(3800.,3018.0574000000001,2233.4331000000002),(3800.,2925.1239999999998,2270.4562999999998),(3812.,2925.1239999999998,2270.4562999999998),(3812.,2968.3380000000002,2253.2404999999999),(3988.,2968.3380000000002,2253.2404999999999),(3988.,2925.1239999999998,2270.4562999999998),(4000.,2931.6610000000001,2288.2496000000001),(4000.,3026.4616000000001,2256.3092000000001),(3988.,3026.4616000000001,2256.3092000000001),(3988.,2982.3793000000001,2271.1615000000002),(3812.,2982.3793000000001,2271.1615000000002),(3812.,3026.4616000000001,2256.3092000000001),(3800.,3026.4616000000001,2256.3092000000001),(3800.,2931.6610000000001,2288.2496000000001),(3812.,2931.6610000000001,2288.2496000000001),(3812.,2975.7433000000001,2273.3973000000001),(3988.,2975.7433000000001,2273.3973000000001),(3988.,2931.6610000000001,2288.2496000000001),(4000.,2937.2246,2306.3694),(4000.,3033.6154000000001,2279.6080000000002),(3988.,3033.6154000000001,2279.6080000000002),(3988.,2988.7937000000002,2292.0520999999999),(3812.,2988.7937000000002,2292.0520999999999),(3812.,3033.6154000000001,2279.6080000000002),(3800.,3033.6154000000001,2279.6080000000002),(3800.,2937.2246,2306.3694),(3812.,2937.2246,2306.3694),(3812.,2982.0463,2293.9252999999999),(3988.,2982.0463,2293.9252999999999),(3988.,2937.2246,2306.3694),(4000.,2941.7995999999998,2324.7658999999999),(4000.,3039.4967999999999,2303.2577000000001),(3988.,3039.4967999999999,2303.2577000000001),(3988.,2994.0675999999999,2313.259),(3812.,2994.0675999999999,2313.259),(3812.,3039.4967999999999,2303.2577000000001),(3800.,3039.4967999999999,2303.2577000000001),(3800.,2941.7995999999998,2324.7658999999999),(3812.,2941.7995999999998,2324.7658999999999),(3812.,2987.2287999999999,2314.7646),(3988.,2987.2287999999999,2314.7646),(3988.,2941.7995999999998,2324.7658999999999),(4000.,2945.3714,2343.3804),(4000.,3044.0898000000002,2327.194),(3988.,3044.0898000000002,2327.194),(3988.,2998.1857,2334.7206999999999),(3812.,2998.1857,2334.7206999999999),(3812.,3044.0898000000002,2327.194),(3800.,3044.0898000000002,2327.194),(3800.,2945.3714,2343.3804),(3812.,2945.3714,2343.3804),(3812.,2991.2755000000002,2335.8537000000001),(3988.,2991.2755000000002,2335.8537000000001),(3988.,2945.3714,2343.3804),(4000.,2947.9299999999998,2362.1596),(4000.,3047.3804,2351.3452000000002),(3988.,3047.3804,2351.3452000000002),(3988.,3001.136,2356.3739),(3812.,3001.136,2356.3739),(3812.,3047.3804,2351.3452000000002),(3800.,3047.3804,2351.3452000000002),(3800.,2947.9299999999998,2362.1596),(3812.,2947.9299999999998,2362.1596),(3812.,2994.1743999999999,2357.1309000000001),(3988.,2994.1743999999999,2357.1309000000001),(3988.,2947.9299999999998,2362.1596),(4000.,2949.4683,2381.0504999999998),(4000.,3049.3584999999998,2375.6383000000001),(3988.,3049.3584999999998,2375.6383000000001),(3988.,3002.9096,2378.1550000000002),(3812.,3002.9096,2378.1550000000002),(3812.,3049.3584999999998,2375.6383000000001),(3800.,3049.3584999999998,2375.6383000000001),(3800.,2949.4683,2381.0504999999998),(3812.,2949.4683,2381.0504999999998),(3812.,2995.9171999999999,2378.5338000000002),(3988.,2995.9171999999999,2378.5338000000002),(3988.,2949.4683,2381.0504999999998),(4000.,2950.,2400.6750999999999),(4000.,3050.,2399.3249000000001),(3988.,3050.,2399.3249000000001),(3988.,3003.5,2399.9526999999998),(3812.,3003.5,2399.9526999999998),(3812.,3050.,2399.3249000000001),(3800.,3050.,2399.3249000000001),(3800.,2950.,2400.6750999999999),(3812.,2950.,2400.6750999999999),(3812.,2996.5,2400.0473000000002),(3988.,2996.5,2400.0473000000002),(3988.,2950.,2400.6750999999999),(4000.,2950.,2600.),(4000.,3050.,2600.),(3988.,3050.,2599.8380000000002),(3988.,3003.5,2599.8380000000002),(3811.9998999999998,3003.5,2597.4616999999998),(3811.9998999999998,3050.,2597.4616999999998),(3799.9998999999998,3050.,2597.2997),(3799.9998999999998,2950.,2597.2997),(3811.9998999999998,2950.,2597.4616999999998),(3811.9998999999998,2996.5,2597.4616999999998),(3988.,2996.5,2599.8380000000002),(3988.,2950.,2599.8380000000002),(3999.4133999999999,2950.,2621.6556),(3999.4133999999999,3050.,2621.6556),(3987.4265999999998,3050.,2621.0061000000001),(3987.4265999999998,3003.5,2621.0061000000001),(3811.6199000000001,3003.5,2611.4807000000001),(3811.6199000000001,3050.,2611.4807000000001),(3799.6331,3050.,2610.8312000000001),(3799.6331,2950.,2610.8312000000001),(3811.6199000000001,2950.,2611.4807000000001),(3811.6199000000001,2996.5,2611.4807000000001),(3987.4265999999998,2996.5,2621.0061000000001),(3987.4265999999998,2950.,2621.0061000000001),(3997.6552000000001,2950.,2643.2476000000001),(3997.6552000000001,3050.,2643.2476000000001),(3985.7211000000002,3050.,2641.9499000000001),(3985.7211000000002,3003.5,2641.9499000000001),(3810.6884,3003.5,2622.9164999999998),(3810.6884,3050.,2622.9164999999998),(3798.7543000000001,3050.,2621.6188000000002),(3798.7543000000001,2950.,2621.6188000000002),(3810.6884,2950.,2622.9164999999998),(3810.6884,2996.5,2622.9164999999998),(3985.7211000000002,2996.5,2641.9499000000001),(3985.7211000000002,2950.,2641.9499000000001),(3994.7305999999999,2950.,2664.7127999999998),(3994.7305999999999,3050.,2664.7127999999998),(3982.8843999999999,3050.,2662.7703999999999),(3982.8843999999999,3003.5,2662.7703999999999),(3809.1397999999999,3003.5,2634.2824999999998),(3809.1397999999999,3050.,2634.2824999999998),(3797.2936,3050.,2632.3402000000001),(3797.2936,2950.,2632.3402000000001),(3809.1397999999999,2950.,2634.2824999999998),(3809.1397999999999,2996.5,2634.2824999999998),(3982.8843999999999,2996.5,2662.7703999999999),(3982.8843999999999,2950.,2662.7703999999999),(3990.6482000000001,2950.,2685.9881999999998),(3990.6482000000001,3050.,2685.9881999999998),(3978.9245000000001,3050.,2683.4072000000001),(3978.9245000000001,3003.5,2683.4072000000001),(3806.9775,3003.5,2645.5527999999999),(3806.9775,3050.,2645.5527999999999),(3795.2539000000002,3050.,2642.9717999999998),(3795.2539000000002,2950.,2642.9717999999998),(3806.9775,2950.,2645.5527999999999),(3806.9775,2996.5,2645.5527999999999),(3978.9245000000001,2996.5,2683.4072000000001),(3978.9245000000001,2950.,2683.4072000000001),(3985.4200000000001,2950.,2707.0113000000001),(3985.4200000000001,3050.,2707.0113000000001),(3973.8530999999998,3050.,2703.7999),(3973.8530999999998,3003.5,2703.7999),(3804.2053999999998,3003.5,2656.6999999999998),(3804.2053999999998,3050.,2656.6999999999998),(3792.6386000000002,3050.,2653.4886999999999),(3792.6386000000002,2950.,2653.4886999999999),(3804.2053999999998,2950.,2656.6999999999998),(3804.2053999999998,2996.5,2656.6999999999998),(3973.8530999999998,2996.5,2703.7999),(3973.8530999999998,2950.,2703.7999),(3979.0612999999998,2950.,2727.7206000000001),(3979.0612999999998,3050.,2727.7206000000001),(3967.6851999999999,3050.,2723.8878),(3967.6851999999999,3003.5,2723.8878),(3800.8362000000002,3003.5,2667.6727999999998),(3800.8362000000002,3050.,2667.6727999999998),(3789.4600999999998,3050.,2663.8400000000001),(3789.4600999999998,2950.,2663.8400000000001),(3800.8362000000002,2950.,2667.6727999999998),(3800.8362000000002,2996.5,2667.6727999999998),(3967.6851999999999,2996.5,2723.8878),(3967.6851999999999,2950.,2723.8878),(3971.5907000000002,2950.,2748.0553),(3971.5907000000002,3050.,2748.0553),(3960.4387000000002,3050.,2743.6125000000002),(3960.4387000000002,3003.5,2743.6125000000002),(3796.8759,3003.5,2678.4515000000001),(3796.8759,3050.,2678.4515000000001),(3785.7239,3050.,2674.0086999999999),(3785.7239,2950.,2674.0086999999999),(3796.8759,2950.,2678.4515000000001),(3796.8759,2996.5,2678.4515000000001),(3960.4387000000002,2996.5,2743.6125000000002),(3960.4387000000002,2950.,2743.6125000000002),(3963.0302000000001,2950.,2767.9555999999998),(3963.0302000000001,3050.,2767.9555999999998),(3952.1352999999999,3050.,2762.9151000000002),(3952.1352999999999,3003.5,2762.9151000000002),(3792.3434000000002,3003.5,2688.9875999999999),(3792.3434000000002,3050.,2688.9875999999999),(3781.4485,3050.,2683.9470999999999),(3781.4485,2950.,2683.9470999999999),(3792.3434000000002,2950.,2688.9875999999999),(3792.3434000000002,2996.5,2688.9875999999999),(3952.1352999999999,2996.5,2762.9151000000002),(3952.1352999999999,2950.,2762.9151000000002),(3953.4047999999998,2950.,2787.3634000000002),(3953.4047999999998,3050.,2787.3634000000002),(3942.7988,3050.,2781.7404999999999),(3942.7988,3003.5,2781.7404999999999),(3787.2433999999998,3003.5,2699.2705999999998),(3787.2433999999998,3050.,2699.2705999999998),(3776.6374000000001,3050.,2693.6477),(3776.6374000000001,2950.,2693.6477),(3787.2433999999998,2950.,2699.2705999999998),(3787.2433999999998,2996.5,2699.2705999999998),(3942.7988,2996.5,2781.7404999999999),(3942.7988,2950.,2781.7404999999999),(3942.7429000000002,2950.,2806.2215000000001),(3942.7429000000002,3050.,2806.2215000000001),(3932.4569000000001,3050.,2800.0324000000001),(3932.4569000000001,3003.5,2800.0324000000001),(3781.5963000000002,3003.5,2709.259),(3781.5963000000002,3050.,2709.259),(3771.3103999999998,3050.,2703.0699),(3771.3103999999998,2950.,2703.0699),(3781.5963000000002,2950.,2709.259),(3781.5963000000002,2996.5,2709.259),(3932.4569000000001,2996.5,2800.0324000000001),(3932.4569000000001,2950.,2800.0324000000001),(3931.0756000000001,2950.,2824.4748),(3931.0756000000001,3050.,2824.4748),(3921.1397000000002,3050.,2817.7379999999998),(3921.1397000000002,3003.5,2817.7379999999998),(3775.4135000000001,3003.5,2718.9322000000002),(3775.4135000000001,3050.,2718.9322000000002),(3765.4776000000002,3050.,2712.1954999999998),(3765.4776000000002,2950.,2712.1954999999998),(3775.4135000000001,2950.,2718.9322000000002),(3775.4135000000001,2996.5,2718.9322000000002),(3921.1397000000002,2996.5,2817.7379999999998),(3921.1397000000002,2950.,2817.7379999999998),(3918.4371999999998,2950.,2842.0697),(3918.4371999999998,3050.,2842.0697),(3908.8807000000002,3050.,2834.8047999999999),(3908.8807000000002,3003.5,2834.8047999999999),(3768.7186999999999,3003.5,2728.2528000000002),(3768.7186999999999,3050.,2728.2528000000002),(3759.1622000000002,3050.,2720.9879000000001),(3759.1622000000002,2950.,2720.9879000000001),(3768.7186999999999,2950.,2728.2528000000002),(3768.7186999999999,2996.5,2728.2528000000002),(3908.8807000000002,2996.5,2834.8047999999999),(3908.8807000000002,2950.,2834.8047999999999),(3904.8647999999998,2950.,2858.9544999999998),(3904.8647999999998,3050.,2858.9544999999998),(3895.7154,3050.,2851.1831000000002),(3895.7154,3003.5,2851.1831000000002),(3761.5241000000001,3003.5,2737.2033000000001),(3761.5241000000001,3050.,2737.2033000000001),(3752.3746000000001,3050.,2729.4319),(3752.3746000000001,2950.,2729.4319),(3761.5241000000001,2950.,2737.2033000000001),(3761.5241000000001,2996.5,2737.2033000000001),(3895.7154,2996.5,2851.1831000000002),(3895.7154,2950.,2851.1831000000002),(3890.3982000000001,2950.,2875.0798),(3890.3982000000001,3050.,2875.0798),(3881.683,3050.,2866.8244),(3881.683,3003.5,2866.8244),(3753.8606,3003.5,2745.7451999999998),(3753.8606,3050.,2745.7451999999998),(3745.1455000000001,3050.,2737.4897999999998),(3745.1455000000001,2950.,2737.4897999999998),(3753.8606,2950.,2745.7451999999998),(3753.8606,2996.5,2745.7451999999998),(3881.683,2996.5,2866.8244),(3881.683,2950.,2866.8244),(3875.0798,2950.,2890.3982000000001),(3875.0798,3050.,2890.3982000000001),(3866.8244,3050.,2881.683),(3866.8244,3003.5,2881.683),(3745.7451999999998,3003.5,2753.8606),(3745.7451999999998,3050.,2753.8606),(3737.4897999999998,3050.,2745.1455000000001),(3737.4897999999998,2950.,2745.1455000000001),(3745.7451999999998,2950.,2753.8606),(3745.7451999999998,2996.5,2753.8606),(3866.8244,2996.5,2881.683),(3866.8244,2950.,2881.683),(3858.9544999999998,2950.,2904.8647999999998),(3858.9544999999998,3050.,2904.8647999999998),(3851.1831000000002,3050.,2895.7154),(3851.1831000000002,3003.5,2895.7154),(3737.2033000000001,3003.5,2761.5241000000001),(3737.2033000000001,3050.,2761.5241000000001),(3729.4319,3050.,2752.3746000000001),(3729.4319,2950.,2752.3746000000001),(3737.2033000000001,2950.,2761.5241000000001),(3737.2033000000001,2996.5,2761.5241000000001),(3851.1831000000002,2996.5,2895.7154),(3851.1831000000002,2950.,2895.7154),(3842.0697,2950.,2918.4371999999998),(3842.0697,3050.,2918.4371999999998),(3834.8047999999999,3050.,2908.8807000000002),(3834.8047999999999,3003.5,2908.8807000000002),(3728.2528000000002,3003.5,2768.7186999999999),(3728.2528000000002,3050.,2768.7186999999999),(3720.9879000000001,3050.,2759.1622000000002),(3720.9879000000001,2950.,2759.1622000000002),(3728.2528000000002,2950.,2768.7186999999999),(3728.2528000000002,2996.5,2768.7186999999999),(3834.8047999999999,2996.5,2908.8807000000002),(3834.8047999999999,2950.,2908.8807000000002),(3824.4748,2950.,2931.0756000000001),(3824.4748,3050.,2931.0756000000001),(3817.7379999999998,3050.,2921.1397000000002),(3817.7379999999998,3003.5,2921.1397000000002),(3718.9322000000002,3003.5,2775.4135000000001),(3718.9322000000002,3050.,2775.4135000000001),(3712.1954999999998,3050.,2765.4776000000002),(3712.1954999999998,2950.,2765.4776000000002),(3718.9322000000002,2950.,2775.4135000000001),(3718.9322000000002,2996.5,2775.4135000000001),(3817.7379999999998,2996.5,2921.1397000000002),(3817.7379999999998,2950.,2921.1397000000002),(3806.2215000000001,2950.,2942.7429000000002),(3806.2215000000001,3050.,2942.7429000000002),(3800.0324000000001,3050.,2932.4569000000001),(3800.0324000000001,3003.5,2932.4569000000001),(3709.259,3003.5,2781.5963000000002),(3709.259,3050.,2781.5963000000002),(3703.0699,3050.,2771.3103999999998),(3703.0699,2950.,2771.3103999999998),(3709.259,2950.,2781.5963000000002),(3709.259,2996.5,2781.5963000000002),(3800.0324000000001,2996.5,2932.4569000000001),(3800.0324000000001,2950.,2932.4569000000001),(3787.3634000000002,2950.,2953.4047999999998),(3787.3634000000002,3050.,2953.4047999999998),(3781.7404999999999,3050.,2942.7988),(3781.7404999999999,3003.5,2942.7988),(3699.2705999999998,3003.5,2787.2433999999998),(3699.2705999999998,3050.,2787.2433999999998),(3693.6477,3050.,2776.6374000000001),(3693.6477,2950.,2776.6374000000001),(3699.2705999999998,2950.,2787.2433999999998),(3699.2705999999998,2996.5,2787.2433999999998),(3781.7404999999999,2996.5,2942.7988),(3781.7404999999999,2950.,2942.7988),(3767.9555999999998,2950.,2963.0302000000001),(3767.9555999999998,3050.,2963.0302000000001),(3762.9151000000002,3050.,2952.1352999999999),(3762.9151000000002,3003.5,2952.1352999999999),(3688.9875999999999,3003.5,2792.3434000000002),(3688.9875999999999,3050.,2792.3434000000002),(3683.9470999999999,3050.,2781.4485),(3683.9470999999999,2950.,2781.4485),(3688.9875999999999,2950.,2792.3434000000002),(3688.9875999999999,2996.5,2792.3434000000002),(3762.9151000000002,2996.5,2952.1352999999999),(3762.9151000000002,2950.,2952.1352999999999),(3748.0553,2950.,2971.5907000000002),(3748.0553,3050.,2971.5907000000002),(3743.6125000000002,3050.,2960.4387000000002),(3743.6125000000002,3003.5,2960.4387000000002),(3678.4515000000001,3003.5,2796.8759),(3678.4515000000001,3050.,2796.8759),(3674.0086999999999,3050.,2785.7239),(3674.0086999999999,2950.,2785.7239),(3678.4515000000001,2950.,2796.8759),(3678.4515000000001,2996.5,2796.8759),(3743.6125000000002,2996.5,2960.4387000000002),(3743.6125000000002,2950.,2960.4387000000002),(3727.7206000000001,2950.,2979.0612999999998),(3727.7206000000001,3050.,2979.0612999999998),(3723.8878,3050.,2967.6851999999999),(3723.8878,3003.5,2967.6851999999999),(3667.6727999999998,3003.5,2800.8362000000002),(3667.6727999999998,3050.,2800.8362000000002),(3663.8400000000001,3050.,2789.4600999999998),(3663.8400000000001,2950.,2789.4600999999998),(3667.6727999999998,2950.,2800.8362000000002),(3667.6727999999998,2996.5,2800.8362000000002),(3723.8878,2996.5,2967.6851999999999),(3723.8878,2950.,2967.6851999999999),(3707.0113000000001,2950.,2985.4200000000001),(3707.0113000000001,3050.,2985.4200000000001),(3703.7999,3050.,2973.8530999999998),(3703.7999,3003.5,2973.8530999999998),(3656.6999999999998,3003.5,2804.2053999999998),(3656.6999999999998,3050.,2804.2053999999998),(3653.4886999999999,3050.,2792.6386000000002),(3653.4886999999999,2950.,2792.6386000000002),(3656.6999999999998,2950.,2804.2053999999998),(3656.6999999999998,2996.5,2804.2053999999998),(3703.7999,2996.5,2973.8530999999998),(3703.7999,2950.,2973.8530999999998),(3685.9881999999998,2950.,2990.6482000000001),(3685.9881999999998,3050.,2990.6482000000001),(3683.4072000000001,3050.,2978.9245000000001),(3683.4072000000001,3003.5,2978.9245000000001),(3645.5527999999999,3003.5,2806.9775),(3645.5527999999999,3050.,2806.9775),(3642.9717999999998,3050.,2795.2539000000002),(3642.9717999999998,2950.,2795.2539000000002),(3645.5527999999999,2950.,2806.9775),(3645.5527999999999,2996.5,2806.9775),(3683.4072000000001,2996.5,2978.9245000000001),(3683.4072000000001,2950.,2978.9245000000001),(3664.7127999999998,2950.,2994.7305999999999),(3664.7127999999998,3050.,2994.7305999999999),(3662.7703999999999,3050.,2982.8843999999999),(3662.7703999999999,3003.5,2982.8843999999999),(3634.2824999999998,3003.5,2809.1397999999999),(3634.2824999999998,3050.,2809.1397999999999),(3632.3402000000001,3050.,2797.2936),(3632.3402000000001,2950.,2797.2936),(3634.2824999999998,2950.,2809.1397999999999),(3634.2824999999998,2996.5,2809.1397999999999),(3662.7703999999999,2996.5,2982.8843999999999),(3662.7703999999999,2950.,2982.8843999999999),(3643.2476000000001,2950.,2997.6552000000001),(3643.2476000000001,3050.,2997.6552000000001),(3641.9499000000001,3050.,2985.7211000000002),(3641.9499000000001,3003.5,2985.7211000000002),(3622.9164999999998,3003.5,2810.6884),(3622.9164999999998,3050.,2810.6884),(3621.6188000000002,3050.,2798.7543000000001),(3621.6188000000002,2950.,2798.7543000000001),(3622.9164999999998,2950.,2810.6884),(3622.9164999999998,2996.5,2810.6884),(3641.9499000000001,2996.5,2985.7211000000002),(3641.9499000000001,2950.,2985.7211000000002),(3621.6556,2950.,2999.4133999999999),(3621.6556,3050.,2999.4133999999999),(3621.0061000000001,3050.,2987.4265999999998),(3621.0061000000001,3003.5,2987.4265999999998),(3611.4807000000001,3003.5,2811.6199000000001),(3611.4807000000001,3050.,2811.6199000000001),(3610.8312000000001,3050.,2799.6331),(3610.8312000000001,2950.,2799.6331),(3611.4807000000001,2950.,2811.6199000000001),(3611.4807000000001,2996.5,2811.6199000000001),(3621.0061000000001,2996.5,2987.4265999999998),(3621.0061000000001,2950.,2987.4265999999998),(3600.,2950.,3000.),(3600.,3050.,3000.),(3599.8380000000002,3050.,2988.),(3599.8380000000002,3003.5,2988.),(3597.4616999999998,3003.5,2811.9998999999998),(3597.4616999999998,3050.,2811.9998999999998),(3597.2997,3050.,2799.9998999999998),(3597.2997,2950.,2799.9998999999998),(3597.4616999999998,2950.,2811.9998999999998),(3597.4616999999998,2996.5,2811.9998999999998),(3599.8380000000002,2996.5,2988.),(3599.8380000000002,2950.,2988.),(400.,2950.,3000.),(400.,3050.,3000.),(400.15719999999999,3050.,2988.),(400.15719999999999,3003.5,2988.),(402.46300000000002,3003.5,2812.),(402.46300000000002,3050.,2812.),(402.62029999999999,3050.,2800.),(402.62029999999999,2950.,2800.),(402.46300000000002,2950.,2812.),(402.46300000000002,2996.5,2812.),(400.15719999999999,2996.5,2988.),(400.15719999999999,2950.,2988.),(379.06560000000002,2950.,2999.4517999999998),(379.06560000000002,3050.,2999.4517999999998),(379.6934,3050.,2987.4641000000001),(379.6934,3003.5,2987.4641000000001),(388.90170000000001,3003.5,2811.6448),(388.90170000000001,3050.,2811.6448),(389.52949999999998,3050.,2799.6570999999999),(389.52949999999998,2950.,2799.6570999999999),(388.90170000000001,2950.,2811.6448),(388.90170000000001,2996.5,2811.6448),(379.6934,2996.5,2987.4641000000001),(379.6934,2950.,2987.4641000000001),(358.18860000000001,2950.,2997.8087999999998),(358.18860000000001,3050.,2997.8087999999998),(359.44310000000002,3050.,2985.8703999999998),(359.44310000000002,3003.5,2985.8703999999998),(377.84179999999998,3003.5,2810.7741000000001),(377.84179999999998,3050.,2810.7741000000001),(379.09629999999999,3050.,2798.8357000000001),(379.09629999999999,2950.,2798.8357000000001),(377.84179999999998,2950.,2810.7741000000001),(377.84179999999998,2996.5,2810.7741000000001),(359.44310000000002,2996.5,2985.8703999999998),(359.44310000000002,2950.,2985.8703999999998),(337.42619999999999,2950.,2995.0753),(337.42619999999999,3050.,2995.0753),(339.30360000000002,3050.,2983.2188999999998),(339.30360000000002,3003.5,2983.2188999999998),(366.83929999999998,3003.5,2809.3252000000002),(366.83929999999998,3050.,2809.3252000000002),(368.7167,3050.,2797.4688000000001),(368.7167,2950.,2797.4688000000001),(366.83929999999998,2950.,2809.3252000000002),(366.83929999999998,2996.5,2809.3252000000002),(339.30360000000002,2996.5,2983.2188999999998),(339.30360000000002,2950.,2983.2188999999998),(316.83530000000002,2950.,2991.259),(316.83530000000002,3050.,2991.259),(319.33109999999999,3050.,2979.5171999999998),(319.33109999999999,3003.5,2979.5171999999998),(355.93579999999997,3003.5,2807.3042),(355.93579999999997,3050.,2807.3042),(358.4316,3050.,2795.5623999999998),(358.4316,2950.,2795.5623999999998),(355.93579999999997,2950.,2807.3042),(355.93579999999997,2996.5,2807.3042),(319.33109999999999,2996.5,2979.5171999999998),(319.33109999999999,2950.,2979.5171999999998),(296.47239999999999,2950.,2986.3703),(296.47239999999999,3050.,2986.3703),(299.57920000000001,3050.,2974.7752),(299.57920000000001,3003.5,2974.7752),(345.14490000000001,3003.5,2804.7134000000001),(345.14490000000001,3050.,2804.7134000000001),(348.25170000000003,3050.,2793.1183000000001),(348.25170000000003,2950.,2793.1183000000001),(345.14490000000001,2950.,2804.7134000000001),(345.14490000000001,2996.5,2804.7134000000001),(299.57920000000001,2996.5,2974.7752),(299.57920000000001,2950.,2974.7752),(276.39319999999998,2950.,2980.4225999999999),(276.39319999999998,3050.,2980.4225999999999),(280.10230000000001,3050.,2969.0059000000001),(280.10230000000001,3003.5,2969.0059000000001),(334.50299999999999,3003.5,2801.5610000000001),(334.50299999999999,3050.,2801.5610000000001),(338.2122,3050.,2790.1442999999999),(338.2122,2950.,2790.1442999999999),(334.50299999999999,2950.,2801.5610000000001),(334.50299999999999,2996.5,2801.5610000000001),(280.10230000000001,2996.5,2969.0059000000001),(280.10230000000001,2950.,2969.0059000000001),(256.65280000000001,2950.,2973.4322000000002),(256.65280000000001,3050.,2973.4322000000002),(260.95490000000001,3050.,2962.2255),(260.95490000000001,3003.5,2962.2255),(324.05309999999997,3003.5,2797.8604999999998),(324.05309999999997,3050.,2797.8604999999998),(328.35520000000002,3050.,2786.6538),(328.35520000000002,2950.,2786.6538),(324.05309999999997,2950.,2797.8604999999998),(324.05309999999997,2996.5,2797.8604999999998),(260.95490000000001,2996.5,2962.2255),(260.95490000000001,2950.,2962.2255),(237.30529999999999,2950.,2965.4182000000001),(237.30529999999999,3050.,2965.4182000000001),(242.1876,3050.,2954.4517999999998),(242.1876,3003.5,2954.4517999999998),(313.79539999999997,3003.5,2793.6116000000002),(313.79539999999997,3050.,2793.6116000000002),(318.67779999999999,3050.,2782.6453000000001),(318.67779999999999,2950.,2782.6453000000001),(313.79539999999997,2950.,2793.6116000000002),(313.79539999999997,2996.5,2793.6116000000002),(242.1876,2996.5,2954.4517999999998),(242.1876,2950.,2954.4517999999998),(218.40379999999999,2950.,2956.4025999999999),(218.40379999999999,3050.,2956.4025999999999),(223.8537,3050.,2945.7069000000001),(223.8537,3003.5,2945.7069000000001),(303.78519999999997,3003.5,2788.8368999999998),(303.78519999999997,3050.,2788.8368999999998),(309.23509999999999,3050.,2778.1412),(309.23509999999999,2950.,2778.1412),(303.78519999999997,2950.,2788.8368999999998),(303.78519999999997,2996.5,2788.8368999999998),(223.8537,2996.5,2945.7069000000001),(223.8537,2950.,2945.7069000000001),(200.,2950.,2946.4101999999998),(200.,3050.,2946.4101999999998),(206.00219999999999,3050.,2936.0144),(206.00219999999999,3003.5,2936.0144),(294.03429999999997,3003.5,2783.5428000000002),(294.03429999999997,3050.,2783.5428000000002),(300.03649999999999,3050.,2773.1469999999999),(300.03649999999999,2950.,2773.1469999999999),(294.03429999999997,2950.,2783.5428000000002),(294.03429999999997,2996.5,2783.5428000000002),(206.00219999999999,2996.5,2936.0144),(206.00219999999999,2950.,2936.0144),(182.14439999999999,2950.,2935.4681999999998),(182.14439999999999,3050.,2935.4681999999998),(188.68180000000001,3050.,2925.4004),(188.68180000000001,3003.5,2925.4004),(284.56389999999999,3003.5,2777.7390999999998),(284.56389999999999,3050.,2777.7390999999998),(291.10140000000001,3050.,2767.6713),(291.10140000000001,2950.,2767.6713),(284.56389999999999,2950.,2777.7390999999998),(284.56389999999999,2996.5,2777.7390999999998),(188.68180000000001,2996.5,2925.4004),(188.68180000000001,2950.,2925.4004),(164.88589999999999,2950.,2923.6068),(164.88589999999999,3050.,2923.6068),(171.94200000000001,3050.,2913.8953999999999),(171.94200000000001,3003.5,2913.8953999999999),(275.4307,3003.5,2771.4618999999998),(275.4307,3050.,2771.4618999999998),(282.48680000000002,3050.,2761.7505000000001),(282.48680000000002,2950.,2761.7505000000001),(275.4307,2950.,2771.4618999999998),(275.4307,2996.5,2771.4618999999998),(171.94200000000001,2996.5,2913.8953999999999),(171.94200000000001,2950.,2913.8953999999999),(148.27180000000001,2950.,2910.8584000000001),(148.27180000000001,3050.,2910.8584000000001),(155.82640000000001,3050.,2901.5295999999998),(155.82640000000001,3003.5,2901.5295999999998),(266.62650000000002,3003.5,2764.7064),(266.62650000000002,3050.,2764.7064),(274.18110000000001,3050.,2755.3775999999998),(274.18110000000001,2950.,2755.3775999999998),(266.62650000000002,2950.,2764.7064),(266.62650000000002,2996.5,2764.7064),(155.82640000000001,2996.5,2901.5295999999998),(155.82640000000001,2950.,2901.5295999999998),(132.34780000000001,2950.,2897.2579000000001),(132.34780000000001,3050.,2897.2579000000001),(140.3802,3050.,2888.3371999999999),(140.3802,3003.5,2888.3371999999999),(258.18849999999998,3003.5,2757.4996999999998),(258.18849999999998,3050.,2757.4996999999998),(266.22089999999997,3050.,2748.5790000000002),(266.22089999999997,2950.,2748.5790000000002),(258.18849999999998,2950.,2757.4996999999998),(258.18849999999998,2996.5,2757.4996999999998),(140.3802,2996.5,2888.3371999999999),(140.3802,2950.,2888.3371999999999),(117.15730000000001,2950.,2882.8427000000001),(117.15730000000001,3050.,2882.8427000000001),(125.6455,3050.,2874.3544999999999),(125.6455,3003.5,2874.3544999999999),(250.13890000000001,3003.5,2749.8611000000001),(250.13890000000001,3050.,2749.8611000000001),(258.62709999999998,3050.,2741.3728999999998),(258.62709999999998,2950.,2741.3728999999998),(250.13890000000001,2950.,2749.8611000000001),(250.13890000000001,2996.5,2749.8611000000001),(125.6455,2996.5,2874.3544999999999),(125.6455,2950.,2874.3544999999999),(102.74209999999999,2950.,2867.6522),(102.74209999999999,3050.,2867.6522),(111.6628,3050.,2859.6197999999999),(111.6628,3003.5,2859.6197999999999),(242.50030000000001,3003.5,2741.8114999999998),(242.50030000000001,3050.,2741.8114999999998),(251.42099999999999,3050.,2733.7791000000002),(251.42099999999999,2950.,2733.7791000000002),(242.50030000000001,2950.,2741.8114999999998),(242.50030000000001,2996.5,2741.8114999999998),(111.6628,2996.5,2859.6197999999999),(111.6628,2950.,2859.6197999999999),(89.141599999999997,2950.,2851.7282),(89.141599999999997,3050.,2851.7282),(98.470399999999998,3050.,2844.1736000000001),(98.470399999999998,3003.5,2844.1736000000001),(235.2936,3003.5,2733.3735000000001),(235.2936,3050.,2733.3735000000001),(244.6224,3050.,2725.8189000000002),(244.6224,2950.,2725.8189000000002),(235.2936,2950.,2733.3735000000001),(235.2936,2996.5,2733.3735000000001),(98.470399999999998,2996.5,2844.1736000000001),(98.470399999999998,2950.,2844.1736000000001),(76.393199999999993,2950.,2835.1140999999998),(76.393199999999993,3050.,2835.1140999999998),(86.104600000000005,3050.,2828.058),(86.104600000000005,3003.5,2828.058),(228.53809999999999,3003.5,2724.5693000000001),(228.53809999999999,3050.,2724.5693000000001),(238.24950000000001,3050.,2717.5131999999999),(238.24950000000001,2950.,2717.5131999999999),(228.53809999999999,2950.,2724.5693000000001),(228.53809999999999,2996.5,2724.5693000000001),(86.104600000000005,2996.5,2828.058),(86.104600000000005,2950.,2828.058),(64.531800000000004,2950.,2817.8555999999999),(64.531800000000004,3050.,2817.8555999999999),(74.599599999999995,3050.,2811.3182000000002),(74.599599999999995,3003.5,2811.3182000000002),(222.26089999999999,3003.5,2715.4360999999999),(222.26089999999999,3050.,2715.4360999999999),(232.3287,3050.,2708.8986),(232.3287,2950.,2708.8986),(222.26089999999999,2950.,2715.4360999999999),(222.26089999999999,2996.5,2715.4360999999999),(74.599599999999995,2996.5,2811.3182000000002),(74.599599999999995,2950.,2811.3182000000002),(53.589799999999997,2950.,2800.),(53.589799999999997,3050.,2800.),(63.985599999999998,3050.,2793.9978000000001),(63.985599999999998,3003.5,2793.9978000000001),(216.4572,3003.5,2705.9657000000002),(216.4572,3050.,2705.9657000000002),(226.85300000000001,3050.,2699.9634999999998),(226.85300000000001,2950.,2699.9634999999998),(216.4572,2950.,2705.9657000000002),(216.4572,2996.5,2705.9657000000002),(63.985599999999998,2996.5,2793.9978000000001),(63.985599999999998,2950.,2793.9978000000001),(43.5974,2950.,2781.5962),(43.5974,3050.,2781.5962),(54.293100000000003,3050.,2776.1462999999999),(54.293100000000003,3003.5,2776.1462999999999),(211.16309999999999,3003.5,2696.2148000000002),(211.16309999999999,3050.,2696.2148000000002),(221.8588,3050.,2690.7649000000001),(221.8588,2950.,2690.7649000000001),(211.16309999999999,2950.,2696.2148000000002),(211.16309999999999,2996.5,2696.2148000000002),(54.293100000000003,2996.5,2776.1462999999999),(54.293100000000003,2950.,2776.1462999999999),(34.581800000000001,2950.,2762.6947),(34.581800000000001,3050.,2762.6947),(45.548200000000001,3050.,2757.8123999999998),(45.548200000000001,3003.5,2757.8123999999998),(206.38839999999999,3003.5,2686.2046),(206.38839999999999,3050.,2686.2046),(217.35470000000001,3050.,2681.3222000000001),(217.35470000000001,2950.,2681.3222000000001),(206.38839999999999,2950.,2686.2046),(206.38839999999999,2996.5,2686.2046),(45.548200000000001,2996.5,2757.8123999999998),(45.548200000000001,2950.,2757.8123999999998),(26.567799999999998,2950.,2743.3472000000002),(26.567799999999998,3050.,2743.3472000000002),(37.774500000000003,3050.,2739.0450999999998),(37.774500000000003,3003.5,2739.0450999999998),(202.1395,3003.5,2675.9468999999999),(202.1395,3050.,2675.9468999999999),(213.34620000000001,3050.,2671.6448),(213.34620000000001,2950.,2671.6448),(202.1395,2950.,2675.9468999999999),(202.1395,2996.5,2675.9468999999999),(37.774500000000003,2996.5,2739.0450999999998),(37.774500000000003,2950.,2739.0450999999998),(19.577400000000001,2950.,2723.6068),(19.577400000000001,3050.,2723.6068),(30.9941,3050.,2719.8977),(30.9941,3003.5,2719.8977),(198.43899999999999,3003.5,2665.4969999999998),(198.43899999999999,3050.,2665.4969999999998),(209.85570000000001,3050.,2661.7878000000001),(209.85570000000001,2950.,2661.7878000000001),(198.43899999999999,2950.,2665.4969999999998),(198.43899999999999,2996.5,2665.4969999999998),(30.9941,2996.5,2719.8977),(30.9941,2950.,2719.8977),(13.6297,2950.,2703.5275999999999),(13.6297,3050.,2703.5275999999999),(25.224799999999998,3050.,2700.4207999999999),(25.224799999999998,3003.5,2700.4207999999999),(195.28659999999999,3003.5,2654.8551000000002),(195.28659999999999,3050.,2654.8551000000002),(206.8817,3050.,2651.7483000000002),(206.8817,2950.,2651.7483000000002),(195.28659999999999,2950.,2654.8551000000002),(195.28659999999999,2996.5,2654.8551000000002),(25.224799999999998,2996.5,2700.4207999999999),(25.224799999999998,2950.,2700.4207999999999),(8.7409999999999997,2950.,2683.1646999999998),(8.7409999999999997,3050.,2683.1646999999998),(20.482800000000001,3050.,2680.6689000000001),(20.482800000000001,3003.5,2680.6689000000001),(192.69579999999999,3003.5,2644.0641999999998),(192.69579999999999,3050.,2644.0641999999998),(204.4376,3050.,2641.5684000000001),(204.4376,2950.,2641.5684000000001),(192.69579999999999,2950.,2644.0641999999998),(192.69579999999999,2996.5,2644.0641999999998),(20.482800000000001,2996.5,2680.6689000000001),(20.482800000000001,2950.,2680.6689000000001),(4.9246999999999996,2950.,2662.5738000000001),(4.9246999999999996,3050.,2662.5738000000001),(16.781099999999999,3050.,2660.6963999999998),(16.781099999999999,3003.5,2660.6963999999998),(190.6748,3003.5,2633.1606999999999),(190.6748,3050.,2633.1606999999999),(202.53120000000001,3050.,2631.2833000000001),(202.53120000000001,2950.,2631.2833000000001),(190.6748,2950.,2633.1606999999999),(190.6748,2996.5,2633.1606999999999),(16.781099999999999,2996.5,2660.6963999999998),(16.781099999999999,2950.,2660.6963999999998),(2.1911999999999998,2950.,2641.8114),(2.1911999999999998,3050.,2641.8114),(14.1296,3050.,2640.5569),(14.1296,3003.5,2640.5569),(189.2259,3003.5,2622.1581999999999),(189.2259,3050.,2622.1581999999999),(201.1643,3050.,2620.9036999999998),(201.1643,2950.,2620.9036999999998),(189.2259,2950.,2622.1581999999999),(189.2259,2996.5,2622.1581999999999),(14.1296,2996.5,2640.5569),(14.1296,2950.,2640.5569),(0.54820000000000002,2950.,2620.9344000000001),(0.54820000000000002,3050.,2620.9344000000001),(12.5359,3050.,2620.3065999999999),(12.5359,3003.5,2620.3065999999999),(188.3552,3003.5,2611.0983000000001),(188.3552,3050.,2611.0983000000001),(200.34289999999999,3050.,2610.4704999999999),(200.34289999999999,2950.,2610.4704999999999),(188.3552,2950.,2611.0983000000001),(188.3552,2996.5,2611.0983000000001),(12.5359,2996.5,2620.3065999999999),(12.5359,2950.,2620.3065999999999),(0.,2950.,2600.),(0.,3050.,2600.),(12.,3050.,2599.8427999999999),(12.,3003.5,2599.8427999999999),(188.,3003.5,2597.5369999999998),(188.,3050.,2597.5369999999998),(200.,3050.,2597.3797),(200.,2950.,2597.3797),(188.,2950.,2597.5369999999998),(188.,2996.5,2597.5369999999998),(12.,2996.5,2599.8427999999999),(12.,2950.,2599.8427999999999),(0.,2950.,400.6551),(0.,3050.,399.3449),(12.,3050.,399.3449),(12.,3003.5,399.95409999999998),(188.,3003.5,399.95409999999998),(188.,3050.,399.3449),(200.,3050.,399.3449),(200.,2950.,400.6551),(188.,2950.,400.6551),(188.,2996.5,400.04590000000002),(12.,2996.5,400.04590000000002),(12.,2950.,400.6551),(0.,2949.5030999999999,381.6816),(0.,3049.4005000000002,376.44959999999998),(12.,3049.4005000000002,376.44959999999998),(12.,3002.9481999999998,378.88249999999999),(188.,3002.9481999999998,378.88249999999999),(188.,3049.4005000000002,376.44959999999998),(200.,3049.4005000000002,376.44959999999998),(200.,2949.5030999999999,381.6816),(188.,2949.5030999999999,381.6816),(188.,2995.9553999999998,379.24869999999999),(12.,2995.9553999999998,379.24869999999999),(12.,2949.5030999999999,381.6816),(0.,2948.0655000000002,363.41550000000001),(0.,3047.5520999999999,352.96170000000001),(12.,3047.5520999999999,352.96170000000001),(12.,3001.2908000000002,357.8227),(188.,3001.2908000000002,357.8227),(188.,3047.5520999999999,352.96170000000001),(200.,3047.5520999999999,352.96170000000001),(200.,2948.0655000000002,363.41550000000001),(188.,2948.0655000000002,363.41550000000001),(188.,2994.3267999999998,358.55450000000002),(12.,2994.3267999999998,358.55450000000002),(12.,2948.0655000000002,363.41550000000001),(0.,2945.6736999999998,345.24880000000002),(0.,3044.4769000000001,329.60359999999997),(12.,3044.4769000000001,329.60359999999997),(12.,2998.5333999999998,336.87860000000001),(188.,2998.5333999999998,336.87860000000001),(188.,3044.4769000000001,329.60359999999997),(200.,3044.4769000000001,329.60359999999997),(200.,2945.6736999999998,345.24880000000002),(188.,2945.6736999999998,345.24880000000002),(188.,2991.6172000000001,337.97379999999998),(12.,2991.6172000000001,337.97379999999998),(12.,2945.6736999999998,345.24880000000002),(0.,2942.3348000000001,327.23439999999999),(0.,3040.1831999999999,306.43619999999999),(12.,3040.1831999999999,306.43619999999999),(12.,2994.6837,316.10739999999998),(188.,2994.6837,316.10739999999998),(188.,3040.1831999999999,306.43619999999999),(200.,3040.1831999999999,306.43619999999999),(200.,2942.3348000000001,327.23439999999999),(188.,2942.3348000000001,327.23439999999999),(188.,2987.8343,317.56319999999999),(12.,2987.8343,317.56319999999999),(12.,2942.3348000000001,327.23439999999999),(0.,2938.0572999999999,309.41719999999998),(0.,3034.6833000000001,283.52760000000001),(12.,3034.6833000000001,283.52760000000001),(12.,2989.7521999999999,295.56630000000001),(188.,2989.7521999999999,295.56630000000001),(188.,3034.6833000000001,283.52760000000001),(200.,3034.6833000000001,283.52760000000001),(200.,2938.0572999999999,309.41719999999998),(188.,2938.0572999999999,309.41719999999998),(188.,2982.9884000000002,297.37849999999997),(12.,2982.9884000000002,297.37849999999997),(12.,2938.0572999999999,309.41719999999998),(0.,2932.8530000000001,291.84789999999998),(0.,3027.9922000000001,260.93849999999998),(12.,3027.9922000000001,260.93849999999998),(12.,2983.7525000000001,275.31139999999999),(188.,2983.7525000000001,275.31139999999999),(188.,3027.9922000000001,260.93849999999998),(200.,3027.9922000000001,260.93849999999998),(200.,2932.8530000000001,291.84789999999998),(188.,2932.8530000000001,291.84789999999998),(188.,2977.0927000000001,277.47500000000002),(12.,2977.0927000000001,277.47500000000002),(12.,2932.8530000000001,291.84789999999998),(0.,2926.7375999999999,274.57839999999999),(0.,3020.1268,238.72720000000001),(12.,3020.1268,238.72720000000001),(12.,2976.7008000000001,255.398),(188.,2976.7008000000001,255.398),(188.,3020.1268,238.72720000000001),(200.,3020.1268,238.72720000000001),(200.,2926.7375999999999,274.57839999999999),(188.,2926.7375999999999,274.57839999999999),(188.,2970.1635999999999,257.9076),(12.,2970.1635999999999,257.9076),(12.,2926.7375999999999,274.57839999999999),(0.,2919.7249999999999,257.64839999999998),(0.,3011.1113999999998,216.9622),(12.,3011.1113999999998,216.9622),(12.,2968.6167,235.88130000000001),(188.,2968.6167,235.88130000000001),(188.,3011.1113999999998,216.9622),(200.,3011.1113999999998,216.9622),(200.,2919.7249999999999,257.64839999999998),(188.,2919.7249999999999,257.64839999999998),(188.,2962.2197000000001,238.72929999999999),(12.,2962.2197000000001,238.72929999999999),(12.,2919.7249999999999,257.64839999999998),(0.,2911.8373000000001,241.11160000000001),(0.,3000.9679000000001,195.696),(12.,3000.9679000000001,195.696),(12.,2959.5221999999999,216.8143),(188.,2959.5221999999999,216.8143),(188.,3000.9679000000001,195.696),(200.,3000.9679000000001,195.696),(200.,2911.8373000000001,241.11160000000001),(188.,2911.8373000000001,241.11160000000001),(188.,2953.2829999999999,219.9933),(12.,2953.2829999999999,219.9933),(12.,2911.8373000000001,241.11160000000001),(0.,2903.0944,225.00909999999999),(0.,2989.7260000000001,174.99090000000001),(12.,2989.7260000000001,174.99090000000001),(12.,2949.4423000000002,198.24940000000001),(188.,2949.4423000000002,198.24940000000001),(188.,2989.7260000000001,174.99090000000001),(200.,2989.7260000000001,174.99090000000001),(200.,2903.0944,225.00909999999999),(188.,2903.0944,225.00909999999999),(188.,2943.3780999999999,201.75059999999999),(12.,2943.3780999999999,201.75059999999999),(12.,2903.0944,225.00909999999999),(0.,2893.5189999999998,209.3836),(0.,2977.4173999999998,154.90520000000001),(12.,2977.4173999999998,154.90520000000001),(12.,2938.4045999999998,180.23769999999999),(188.,2938.4045999999998,180.23769999999999),(188.,2977.4173999999998,154.90520000000001),(200.,2977.4173999999998,154.90520000000001),(200.,2893.5189999999998,209.3836),(188.,2893.5189999999998,209.3836),(188.,2932.5318000000002,184.05109999999999),(12.,2932.5318000000002,184.05109999999999),(12.,2893.5189999999998,209.3836),(0.,2883.1426999999999,194.2861),(0.,2964.0709000000002,135.48570000000001),(12.,2964.0709000000002,135.48570000000001),(12.,2926.4393,162.8279),(188.,2926.4393,162.8279),(188.,2964.0709000000002,135.48570000000001),(200.,2964.0709000000002,135.48570000000001),(200.,2883.1426999999999,194.2861),(188.,2883.1426999999999,194.2861),(188.,2920.7743,166.94390000000001),(12.,2920.7743,166.94390000000001),(12.,2883.1426999999999,194.2861),(0.,2871.9881999999998,179.7491),(0.,2949.7285999999999,116.7945),(12.,2949.7285999999999,116.7945),(12.,2913.5792999999999,146.0684),(188.,2913.5792999999999,146.0684),(188.,2949.7285999999999,116.7945),(200.,2949.7285999999999,116.7945),(200.,2871.9881999999998,179.7491),(188.,2871.9881999999998,179.7491),(188.,2908.1374999999998,150.4752),(12.,2908.1374999999998,150.4752),(12.,2871.9881999999998,179.7491),(0.,2860.0882000000001,165.81610000000001),(0.,2934.4276,98.879499999999993),(12.,2934.4276,98.879499999999993),(12.,2899.8598000000002,130.005),(188.,2899.8598000000002,130.005),(188.,2934.4276,98.879499999999993),(200.,2934.4276,98.879499999999993),(200.,2860.0882000000001,165.81610000000001),(188.,2860.0882000000001,165.81610000000001),(188.,2894.6559999999999,134.69059999999999),(12.,2894.6559999999999,134.69059999999999),(12.,2860.0882000000001,165.81610000000001),(0.,2847.4751999999999,152.5248),(0.,2918.2102,81.7898),(12.,2918.2102,81.7898),(12.,2885.3184000000001,114.6816),(188.,2885.3184000000001,114.6816),(188.,2918.2102,81.7898),(200.,2918.2102,81.7898),(200.,2847.4751999999999,152.5248),(188.,2847.4751999999999,152.5248),(188.,2880.3670000000002,119.633),(12.,2880.3670000000002,119.633),(12.,2847.4751999999999,152.5248),(0.,2834.1839,139.9118),(0.,2901.1205,65.572400000000002),(12.,2901.1205,65.572400000000002),(12.,2869.9949999999999,100.14019999999999),(188.,2869.9949999999999,100.14019999999999),(188.,2901.1205,65.572400000000002),(200.,2901.1205,65.572400000000002),(200.,2834.1839,139.9118),(188.,2834.1839,139.9118),(188.,2865.3094000000001,105.34399999999999),(12.,2865.3094000000001,105.34399999999999),(12.,2834.1839,139.9118),(0.,2820.2509,128.01179999999999),(0.,2883.2055,50.2714),(12.,2883.2055,50.2714),(12.,2853.9315999999999,86.420699999999997),(188.,2853.9315999999999,86.420699999999997),(188.,2883.2055,50.2714),(200.,2883.2055,50.2714),(200.,2820.2509,128.01179999999999),(188.,2820.2509,128.01179999999999),(188.,2849.5248000000001,91.862499999999997),(12.,2849.5248000000001,91.862499999999997),(12.,2820.2509,128.01179999999999),(0.,2805.7139000000002,116.8573),(0.,2864.5142999999998,35.929099999999998),(12.,2864.5142999999998,35.929099999999998),(12.,2837.1720999999998,73.560699999999997),(188.,2837.1720999999998,73.560699999999997),(188.,2864.5142999999998,35.929099999999998),(200.,2864.5142999999998,35.929099999999998),(200.,2805.7139000000002,116.8573),(188.,2805.7139000000002,116.8573),(188.,2833.0560999999998,79.225700000000003),(12.,2833.0560999999998,79.225700000000003),(12.,2805.7139000000002,116.8573),(0.,2790.6163999999999,106.48099999999999),(0.,2845.0947999999999,22.582599999999999),(12.,2845.0947999999999,22.582599999999999),(12.,2819.7622999999999,61.595399999999998),(188.,2819.7622999999999,61.595399999999998),(188.,2845.0947999999999,22.582599999999999),(200.,2845.0947999999999,22.582599999999999),(200.,2790.6163999999999,106.48099999999999),(188.,2790.6163999999999,106.48099999999999),(188.,2815.9488999999999,67.468199999999996),(12.,2815.9488999999999,67.468199999999996),(12.,2790.6163999999999,106.48099999999999),(0.,2774.9908999999998,96.905600000000007),(0.,2825.0091000000002,10.273999999999999),(12.,2825.0091000000002,10.273999999999999),(12.,2801.7505999999998,50.557699999999997),(188.,2801.7505999999998,50.557699999999997),(188.,2825.0091000000002,10.273999999999999),(200.,2825.0091000000002,10.273999999999999),(200.,2774.9908999999998,96.905600000000007),(188.,2774.9908999999998,96.905600000000007),(188.,2798.2494000000002,56.621899999999997),(12.,2798.2494000000002,56.621899999999997),(12.,2774.9908999999998,96.905600000000007),(0.,2758.8883999999998,88.162700000000001),(0.,2804.3040000000001,-0.96789999999999998),(12.,2804.3040000000001,-0.96789999999999998),(12.,2783.1857,40.477800000000002),(188.,2783.1857,40.477800000000002),(188.,2804.3040000000001,-0.96789999999999998),(200.,2804.3040000000001,-0.96789999999999998),(200.,2758.8883999999998,88.162700000000001),(188.,2758.8883999999998,88.162700000000001),(188.,2780.0066999999999,46.716999999999999),(12.,2780.0066999999999,46.716999999999999),(12.,2758.8883999999998,88.162700000000001),(0.,2742.3516,80.275000000000006),(0.,2783.0378000000001,-11.1114),(12.,2783.0378000000001,-11.1114),(12.,2764.1187,31.383299999999998),(188.,2764.1187,31.383299999999998),(188.,2783.0378000000001,-11.1114),(200.,2783.0378000000001,-11.1114),(200.,2742.3516,80.275000000000006),(188.,2742.3516,80.275000000000006),(188.,2761.2707,37.780299999999997),(12.,2761.2707,37.780299999999997),(12.,2742.3516,80.275000000000006),(0.,2725.4216000000001,73.2624),(0.,2761.2728000000002,-20.126799999999999),(12.,2761.2728000000002,-20.126799999999999),(12.,2744.6019999999999,23.299199999999999),(188.,2744.6019999999999,23.299199999999999),(188.,2761.2728000000002,-20.126799999999999),(200.,2761.2728000000002,-20.126799999999999),(200.,2725.4216000000001,73.2624),(188.,2725.4216000000001,73.2624),(188.,2742.0924,29.836400000000001),(12.,2742.0924,29.836400000000001),(12.,2725.4216000000001,73.2624),(0.,2708.1520999999998,67.147000000000006),(0.,2739.0614999999998,-27.9922),(12.,2739.0614999999998,-27.9922),(12.,2724.6886,16.247499999999999),(188.,2724.6886,16.247499999999999),(188.,2739.0614999999998,-27.9922),(200.,2739.0614999999998,-27.9922),(200.,2708.1520999999998,67.147000000000006),(188.,2708.1520999999998,67.147000000000006),(188.,2722.5250000000001,22.907299999999999),(12.,2722.5250000000001,22.907299999999999),(12.,2708.1520999999998,67.147000000000006),(0.,2690.5828000000001,61.942700000000002),(0.,2716.4724000000001,-34.683300000000003),(12.,2716.4724000000001,-34.683300000000003),(12.,2704.4337,10.2478),(188.,2704.4337,10.2478),(188.,2716.4724000000001,-34.683300000000003),(200.,2716.4724000000001,-34.683300000000003),(200.,2690.5828000000001,61.942700000000002),(188.,2690.5828000000001,61.942700000000002),(188.,2702.6215000000002,17.011600000000001),(12.,2702.6215000000002,17.011600000000001),(12.,2690.5828000000001,61.942700000000002),(0.,2672.7656000000002,57.665199999999999),(0.,2693.5637999999999,-40.183199999999999),(12.,2693.5637999999999,-40.183199999999999),(12.,2683.8926000000001,5.3163),(188.,2683.8926000000001,5.3163),(188.,2693.5637999999999,-40.183199999999999),(200.,2693.5637999999999,-40.183199999999999),(200.,2672.7656000000002,57.665199999999999),(188.,2672.7656000000002,57.665199999999999),(188.,2682.4367999999999,12.165699999999999),(12.,2682.4367999999999,12.165699999999999),(12.,2672.7656000000002,57.665199999999999),(0.,2654.7512000000002,54.326300000000003),(0.,2670.3964000000001,-44.476900000000001),(12.,2670.3964000000001,-44.476900000000001),(12.,2663.1214,1.4665999999999999),(188.,2663.1214,1.4665999999999999),(188.,2670.3964000000001,-44.476900000000001),(200.,2670.3964000000001,-44.476900000000001),(200.,2654.7512000000002,54.326300000000003),(188.,2654.7512000000002,54.326300000000003),(188.,2662.0261999999998,8.3827999999999996),(12.,2662.0261999999998,8.3827999999999996),(12.,2654.7512000000002,54.326300000000003),(0.,2636.5844999999999,51.9345),(0.,2647.0383000000002,-47.552100000000003),(12.,2647.0383000000002,-47.552100000000003),(12.,2642.1772999999998,-1.2907999999999999),(188.,2642.1772999999998,-1.2907999999999999),(188.,2647.0383000000002,-47.552100000000003),(200.,2647.0383000000002,-47.552100000000003),(200.,2636.5844999999999,51.9345),(188.,2636.5844999999999,51.9345),(188.,2641.4454999999998,5.6731999999999996),(12.,2641.4454999999998,5.6731999999999996),(12.,2636.5844999999999,51.9345),(0.,2618.3184000000001,50.496899999999997),(0.,2623.5504000000001,-49.400500000000001),(12.,2623.5504000000001,-49.400500000000001),(12.,2621.1174999999998,-2.9481999999999999),(188.,2621.1174999999998,-2.9481999999999999),(188.,2623.5504000000001,-49.400500000000001),(200.,2623.5504000000001,-49.400500000000001),(200.,2618.3184000000001,50.496899999999997),(188.,2618.3184000000001,50.496899999999997),(188.,2620.7512999999999,4.0446),(12.,2620.7512999999999,4.0446),(12.,2618.3184000000001,50.496899999999997),(0.,2599.3449000000001,50.),(0.,2600.6550999999999,-50.),(12.,2600.6550999999999,-50.),(12.,2600.0459000000001,-3.5),(188.,2600.0459000000001,-3.5),(188.,2600.6550999999999,-50.),(200.,2600.6550999999999,-50.),(200.,2599.3449000000001,50.),(188.,2599.3449000000001,50.),(188.,2599.9540999999999,3.5),(12.,2599.9540999999999,3.5),(12.,2599.3449000000001,50.),(0.,500.,50.),(0.,500.,-50.),(12.,500.,-50.),(12.,500.,-3.5),(188.,500.,-3.5),(188.,500.,-50.),(200.,500.,-50.),(200.,500.,50.),(188.,500.,50.),(188.,500.,3.5),(12.,500.,3.5),(12.,500.,50.)));
#1946=IFCTRIANGULATEDFACESET(#1945,$,.F.,((1,2,14),(1,14,13),(2,3,15),(2,15,14),(3,4,16),(3,16,15),(4,5,17),(4,17,16),(5,6,18),(5,18,17),(6,7,19),(6,19,18),(7,8,20),(7,20,19),(8,9,21),(8,21,20),(9,10,22),(9,22,21),(10,11,23),(10,23,22),(11,12,24),(11,24,23),(12,1,13),(12,13,24),(13,14,26),(13,26,25),(14,15,27),(14,27,26),(15,16,28),(15,28,27),(16,17,29),(16,29,28),(17,18,30),(17,30,29),(18,19,31),(18,31,30),(19,20,32),(19,32,31),(20,21,33),(20,33,32),(21,22,34),(21,34,33),(22,23,35),(22,35,34),(23,24,36),(23,36,35),(24,13,25),(24,25,36),(25,26,38),(25,38,37),(26,27,39),(26,39,38),(27,28,40),(27,40,39),(28,29,41),(28,41,40),(29,30,42),(29,42,41),(30,31,43),(30,43,42),(31,32,44),(31,44,43),(32,33,45),(32,45,44),(33,34,46),(33,46,45),(34,35,47),(34,47,46),(35,36,48),(35,48,47),(36,25,37),(36,37,48),(37,38,50),(37,50,49),(38,39,51),(38,51,50),(39,40,52),(39,52,51),(40,41,53),(40,53,52),(41,42,54),(41,54,53),(42,43,55),(42,55,54),(43,44,56),(43,56,55),(44,45,57),(44,57,56),(45,46,58),(45,58,57),(46,47,59),(46,59,58),(47,48,60),(47,60,59),(48,37,49),(48,49,60),(49,50,62),(49,62,61),(50,51,63),(50,63,62),(51,52,64),(51,64,63),(52,53,65),(52,65,64),(53,54,66),(53,66,65),(54,55,67),(54,67,66),(55,56,68),(55,68,67),(56,57,69),(56,69,68),(57,58,70),(57,70,69),(58,59,71),(58,71,70),(59,60,72),(59,72,71),(60,49,61),(60,61,72),(61,62,74),(61,74,73),(62,63,75),(62,75,74),(63,64,76),(63,76,75),(64,65,77),(64,77,76),(65,66,78),(65,78,77),(66,67,79),(66,79,78),(67,68,80),(67,80,79),(68,69,81),(68,81,80),(69,70,82),(69,82,81),(70,71,83),(70,83,82),(71,72,84),(71,84,83),(72,61,73),(72,73,84),(73,74,86),(73,86,85),(74,75,87),(74,87,86),(75,76,88),(75,88,87),(76,77,89),(76,89,88),(77,78,90),(77,90,89),(78,79,91),(78,91,90),(79,80,92),(79,92,91),(80,81,93),(80,93,92),(81,82,94),(81,94,93),(82,83,95),(82,95,94),(83,84,96),(83,96,95),(84,73,85),(84,85,96),(85,86,98),(85,98,97),(86,87,99),(86,99,98),(87,88,100),(87,100,99),(88,89,101),(88,101,100),(89,90,102),(89,102,101),(90,91,103),(90,103,102),(91,92,104),(91,104,103),(92,93,105),(92,105,104),(93,94,106),(93,106,105),(94,95,107),(94,107,106),(95,96,108),(95,108,107),(96,85,97),(96,97,108),(97,98,110),(97,110,109),(98,99,111),(98,111,110),(99,100,112),(99,112,111),(100,101,113),(100,113,112),(101,102,114),(101,114,113),(102,103,115),(102,115,114),(103,104,116),(103,116,115),(104,105,117),(104,117,116),(105,106,118),(105,118,117),(106,107,119),(106,119,118),(107,108,120),(107,120,119),(108,97,109),(108,109,120),(109,110,122),(109,122,121),(110,111,123),(110,123,122),(111,112,124),(111,124,123),(112,113,125),(112,125,124),(113,114,126),(113,126,125),(114,115,127),(114,127,126),(115,116,128),(115,128,127),(116,117,129),(116,129,128),(117,118,130),(117,130,129),(118,119,131),(118,131,130),(119,120,132),(119,132,131),(120,109,121),(120,121,132),(121,122,134),(121,134,133),(122,123,135),(122,135,134),(123,124,136),(123,136,135),(124,125,137),(124,137,136),(125,126,138),(125,138,137),(126,127,139),(126,139,138),(127,128,140),(127,140,139),(128,129,141),(128,141,140),(129,130,142),(129,142,141),(130,131,143),(130,143,142),(131,132,144),(131,144,143),(132,121,133),(132,133,144),(133,134,146),(133,146,145),(134,135,147),(134,147,146),(135,136,148),(135,148,147),(136,137,149),(136,149,148),(137,138,150),(137,150,149),(138,139,151),(138,151,150),(139,140,152),(139,152,151),(140,141,153),(140,153,152),(141,142,154),(141,154,153),(142,143,155),(142,155,154),(143,144,156),(143,156,155),(144,133,145),(144,145,156),(145,146,158),(145,158,157),(146,147,159),(146,159,158),(147,148,160),(147,160,159),(148,149,161),(148,161,160),(149,150,162),(149,162,161),(150,151,163),(150,163,162),(151,152,164),(151,164,163),(152,153,165),(152,165,164),(153,154,166),(153,166,165),(154,155,167),(154,167,166),(155,156,168),(155,168,167),(156,145,157),(156,157,168),(157,158,170),(157,170,169),(158,159,171),(158,171,170),(159,160,172),(159,172,171),(160,161,173),(160,173,172),(161,162,174),(161,174,173),(162,163,175),(162,175,174),(163,164,176),(163,176,175),(164,165,177),(164,177,176),(165,166,178),(165,178,177),(166,167,179),(166,179,178),(167,168,180),(167,180,179),(168,157,169),(168,169,180),(169,170,182),(169,182,181),(170,171,183),(170,183,182),(171,172,184),(171,184,183),(172,173,185),(172,185,184),(173,174,186),(173,186,185),(174,175,187),(174,187,186),(175,176,188),(175,188,187),(176,177,189),(176,189,188),(177,178,190),(177,190,189),(178,179,191),(178,191,190),(179,180,192),(179,192,191),(180,169,181),(180,181,192),(181,182,194),(181,194,193),(182,183,195),(182,195,194),(183,184,196),(183,196,195),(184,185,197),(184,197,196),(185,186,198),(185,198,197),(186,187,199),(186,199,198),(187,188,200),(187,200,199),(188,189,201),(188,201,200),(189,190,202),(189,202,201),(190,191,203),(190,203,202),(191,192,204),(191,204,203),(192,181,193),(192,193,204),(193,194,206),(193,206,205),(194,195,207),(194,207,206),(195,196,208),(195,208,207),(196,197,209),(196,209,208),(197,198,210),(197,210,209),(198,199,211),(198,211,210),(199,200,212),(199,212,211),(200,201,213),(200,213,212),(201,202,214),(201,214,213),(202,203,215),(202,215,214),(203,204,216),(203,216,215),(204,193,205),(204,205,216),(205,206,218),(205,218,217),(206,207,219),(206,219,218),(207,208,220),(207,220,219),(208,209,221),(208,221,220),(209,210,222),(209,222,221),(210,211,223),(210,223,222),(211,212,224),(211,224,223),(212,213,225),(212,225,224),(213,214,226),(213,226,225),(214,215,227),(214,227,226),(215,216,228),(215,228,227),(216,205,217),(216,217,228),(217,218,230),(217,230,229),(218,219,231),(218,231,230),(219,220,232),(219,232,231),(220,221,233),(220,233,232),(221,222,234),(221,234,233),(222,223,235),(222,235,234),(223,224,236),(223,236,235),(224,225,237),(224,237,236),(225,226,238),(225,238,237),(226,227,239),(226,239,238),(227,228,240),(227,240,239),(228,217,229),(228,229,240),(229,230,242),(229,242,241),(230,231,243),(230,243,242),(231,232,244),(231,244,243),(232,233,245),(232,245,244),(233,234,246),(233,246,245),(234,235,247),(234,247,246),(235,236,248),(235,248,247),(236,237,249),(236,249,248),(237,238,250),(237,250,249),(238,239,251),(238,251,250),(239,240,252),(239,252,251),(240,229,241),(240,241,252),(241,242,254),(241,254,253),(242,243,255),(242,255,254),(243,244,256),(243,256,255),(244,245,257),(244,257,256),(245,246,258),(245,258,257),(246,247,259),(246,259,258),(247,248,260),(247,260,259),(248,249,261),(248,261,260),(249,250,262),(249,262,261),(250,251,263),(250,263,262),(251,252,264),(251,264,263),(252,241,253),(252,253,264),(253,254,266),(253,266,265),(254,255,267),(254,267,266),(255,256,268),(255,268,267),(256,257,269),(256,269,268),(257,258,270),(257,270,269),(258,259,271),(258,271,270),(259,260,272),(259,272,271),(260,261,273),(260,273,272),(261,262,274),(261,274,273),(262,263,275),(262,275,274),(263,264,276),(263,276,275),(264,253,265),(264,265,276),(265,266,278),(265,278,277),(266,267,279),(266,279,278),(267,268,280),(267,280,279),(268,269,281),(268,281,280),(269,270,282),(269,282,281),(270,271,283),(270,283,282),(271,272,284),(271,284,283),(272,273,285),(272,285,284),(273,274,286),(273,286,285),(274,275,287),(274,287,286),(275,276,288),(275,288,287),(276,265,277),(276,277,288),(277,278,290),(277,290,289),(278,279,291),(278,291,290),(279,280,292),(279,292,291),(280,281,293),(280,293,292),(281,282,294),(281,294,293),(282,283,295),(282,295,294),(283,284,296),(283,296,295),(284,285,297),(284,297,296),(285,286,298),(285,298,297),(286,287,299),(286,299,298),(287,288,300),(287,300,299),(288,277,289),(288,289,300),(289,290,302),(289,302,301),(290,291,303),(290,303,302),(291,292,304),(291,304,303),(292,293,305),(292,305,304),(293,294,306),(293,306,305),(294,295,307),(294,307,306),(295,296,308),(295,308,307),(296,297,309),(296,309,308),(297,298,310),(297,310,309),(298,299,311),(298,311,310),(299,300,312),(299,312,311),(300,289,301),(300,301,312),(301,302,314),(301,314,313),(302,303,315),(302,315,314),(303,304,316),(303,316,315),(304,305,317),(304,317,316),(305,306,318),(305,318,317),(306,307,319),(306,319,318),(307,308,320),(307,320,319),(308,309,321),(308,321,320),(309,310,322),(309,322,321),(310,311,323),(310,323,322),(311,312,324),(311,324,323),(312,301,313),(312,313,324),(313,314,326),(313,326,325),(314,315,327),(314,327,326),(315,316,328),(315,328,327),(316,317,329),(316,329,328),(317,318,330),(317,330,329),(318,319,331),(318,331,330),(319,320,332),(319,332,331),(320,321,333),(320,333,332),(321,322,334),(321,334,333),(322,323,335),(322,335,334),(323,324,336),(323,336,335),(324,313,325),(324,325,336),(325,326,338),(325,338,337),(326,327,339),(326,339,338),(327,328,340),(327,340,339),(328,329,341),(328,341,340),(329,330,342),(329,342,341),(330,331,343),(330,343,342),(331,332,344),(331,344,343),(332,333,345),(332,345,344),(333,334,346),(333,346,345),(334,335,347),(334,347,346),(335,336,348),(335,348,347),(336,325,337),(336,337,348),(337,338,350),(337,350,349),(338,339,351),(338,351,350),(339,340,352),(339,352,351),(340,341,353),(340,353,352),(341,342,354),(341,354,353),(342,343,355),(342,355,354),(343,344,356),(343,356,355),(344,345,357),(344,357,356),(345,346,358),(345,358,357),(346,347,359),(346,359,358),(347,348,360),(347,360,359),(348,337,349),(348,349,360),(349,350,362),(349,362,361),(350,351,363),(350,363,362),(351,352,364),(351,364,363),(352,353,365),(352,365,364),(353,354,366),(353,366,365),(354,355,367),(354,367,366),(355,356,368),(355,368,367),(356,357,369),(356,369,368),(357,358,370),(357,370,369),(358,359,371),(358,371,370),(359,360,372),(359,372,371),(360,349,361),(360,361,372),(361,362,374),(361,374,373),(362,363,375),(362,375,374),(363,364,376),(363,376,375),(364,365,377),(364,377,376),(365,366,378),(365,378,377),(366,367,379),(366,379,378),(367,368,380),(367,380,379),(368,369,381),(368,381,380),(369,370,382),(369,382,381),(370,371,383),(370,383,382),(371,372,384),(371,384,383),(372,361,373),(372,373,384),(373,374,386),(373,386,385),(374,375,387),(374,387,386),(375,376,388),(375,388,387),(376,377,389),(376,389,388),(377,378,390),(377,390,389),(378,379,391),(378,391,390),(379,380,392),(379,392,391),(380,381,393),(380,393,392),(381,382,394),(381,394,393),(382,383,395),(382,395,394),(383,384,396),(383,396,395),(384,373,385),(384,385,396),(385,386,398),(385,398,397),(386,387,399),(386,399,398),(387,388,400),(387,400,399),(388,389,401),(388,401,400),(389,390,402),(389,402,401),(390,391,403),(390,403,402),(391,392,404),(391,404,403),(392,393,405),(392,405,404),(393,394,406),(393,406,405),(394,395,407),(394,407,406),(395,396,408),(395,408,407),(396,385,397),(396,397,408),(397,398,410),(397,410,409),(398,399,411),(398,411,410),(399,400,412),(399,412,411),(400,401,413),(400,413,412),(401,402,414),(401,414,413),(402,403,415),(402,415,414),(403,404,416),(403,416,415),(404,405,417),(404,417,416),(405,406,418),(405,418,417),(406,407,419),(406,419,418),(407,408,420),(407,420,419),(408,397,409),(408,409,420),(409,410,422),(409,422,421),(410,411,423),(410,423,422),(411,412,424),(411,424,423),(412,413,425),(412,425,424),(413,414,426),(413,426,425),(414,415,427),(414,427,426),(415,416,428),(415,428,427),(416,417,429),(416,429,428),(417,418,430),(417,430,429),(418,419,431),(418,431,430),(419,420,432),(419,432,431),(420,409,421),(420,421,432),(421,422,434),(421,434,433),(422,423,435),(422,435,434),(423,424,436),(423,436,435),(424,425,437),(424,437,436),(425,426,438),(425,438,437),(426,427,439),(426,439,438),(427,428,440),(427,440,439),(428,429,441),(428,441,440),(429,430,442),(429,442,441),(430,431,443),(430,443,442),(431,432,444),(431,444,443),(432,421,433),(432,433,444),(433,434,446),(433,446,445),(434,435,447),(434,447,446),(435,436,448),(435,448,447),(436,437,449),(436,449,448),(437,438,450),(437,450,449),(438,439,451),(438,451,450),(439,440,452),(439,452,451),(440,441,453),(440,453,452),(441,442,454),(441,454,453),(442,443,455),(442,455,454),(443,444,456),(443,456,455),(444,433,445),(444,445,456),(445,446,458),(445,458,457),(446,447,459),(446,459,458),(447,448,460),(447,460,459),(448,449,461),(448,461,460),(449,450,462),(449,462,461),(450,451,463),(450,463,462),(451,452,464),(451,464,463),(452,453,465),(452,465,464),(453,454,466),(453,466,465),(454,455,467),(454,467,466),(455,456,468),(455,468,467),(456,445,457),(456,457,468),(457,458,470),(457,470,469),(458,459,471),(458,471,470),(459,460,472),(459,472,471),(460,461,473),(460,473,472),(461,462,474),(461,474,473),(462,463,475),(462,475,474),(463,464,476),(463,476,475),(464,465,477),(464,477,476),(465,466,478),(465,478,477),(466,467,479),(466,479,478),(467,468,480),(467,480,479),(468,457,469),(468,469,480),(469,470,482),(469,482,481),(470,471,483),(470,483,482),(471,472,484),(471,484,483),(472,473,485),(472,485,484),(473,474,486),(473,486,485),(474,475,487),(474,487,486),(475,476,488),(475,488,487),(476,477,489),(476,489,488),(477,478,490),(477,490,489),(478,479,491),(478,491,490),(479,480,492),(479,492,491),(480,469,481),(480,481,492),(481,482,494),(481,494,493),(482,483,495),(482,495,494),(483,484,496),(483,496,495),(484,485,497),(484,497,496),(485,486,498),(485,498,497),(486,487,499),(486,499,498),(487,488,500),(487,500,499),(488,489,501),(488,501,500),(489,490,502),(489,502,501),(490,491,503),(490,503,502),(491,492,504),(491,504,503),(492,481,493),(492,493,504),(493,494,506),(493,506,505),(494,495,507),(494,507,506),(495,496,508),(495,508,507),(496,497,509),(496,509,508),(497,498,510),(497,510,509),(498,499,511),(498,511,510),(499,500,512),(499,512,511),(500,501,513),(500,513,512),(501,502,514),(501,514,513),(502,503,515),(502,515,514),(503,504,516),(503,516,515),(504,493,505),(504,505,516),(505,506,518),(505,518,517),(506,507,519),(506,519,518),(507,508,520),(507,520,519),(508,509,521),(508,521,520),(509,510,522),(509,522,521),(510,511,523),(510,523,522),(511,512,524),(511,524,523),(512,513,525),(512,525,524),(513,514,526),(513,526,525),(514,515,527),(514,527,526),(515,516,528),(515,528,527),(516,505,517),(516,517,528),(517,518,530),(517,530,529),(518,519,531),(518,531,530),(519,520,532),(519,532,531),(520,521,533),(520,533,532),(521,522,534),(521,534,533),(522,523,535),(522,535,534),(523,524,536),(523,536,535),(524,525,537),(524,537,536),(525,526,538),(525,538,537),(526,527,539),(526,539,538),(527,528,540),(527,540,539),(528,517,529),(528,529,540),(529,530,542),(529,542,541),(530,531,543),(530,543,542),(531,532,544),(531,544,543),(532,533,545),(532,545,544),(533,534,546),(533,546,545),(534,535,547),(534,547,546),(535,536,548),(535,548,547),(536,537,549),(536,549,548),(537,538,550),(537,550,549),(538,539,551),(538,551,550),(539,540,552),(539,552,551),(540,529,541),(540,541,552),(541,542,554),(541,554,553),(542,543,555),(542,555,554),(543,544,556),(543,556,555),(544,545,557),(544,557,556),(545,546,558),(545,558,557),(546,547,559),(546,559,558),(547,548,560),(547,560,559),(548,549,561),(548,561,560),(549,550,562),(549,562,561),(550,551,563),(550,563,562),(551,552,564),(551,564,563),(552,541,553),(552,553,564),(553,554,566),(553,566,565),(554,555,567),(554,567,566),(555,556,568),(555,568,567),(556,557,569),(556,569,568),(557,558,570),(557,570,569),(558,559,571),(558,571,570),(559,560,572),(559,572,571),(560,561,573),(560,573,572),(561,562,574),(561,574,573),(562,563,575),(562,575,574),(563,564,576),(563,576,575),(564,553,565),(564,565,576),(565,566,578),(565,578,577),(566,567,579),(566,579,578),(567,568,580),(567,580,579),(568,569,581),(568,581,580),(569,570,582),(569,582,581),(570,571,583),(570,583,582),(571,572,584),(571,584,583),(572,573,585),(572,585,584),(573,574,586),(573,586,585),(574,575,587),(574,587,586),(575,576,588),(575,588,587),(576,565,577),(576,577,588),(577,578,590),(577,590,589),(578,579,591),(578,591,590),(579,580,592),(579,592,591),(580,581,593),(580,593,592),(581,582,594),(581,594,593),(582,583,595),(582,595,594),(583,584,596),(583,596,595),(584,585,597),(584,597,596),(585,586,598),(585,598,597),(586,587,599),(586,599,598),(587,588,600),(587,600,599),(588,577,589),(588,589,600),(589,590,602),(589,602,601),(590,591,603),(590,603,602),(591,592,604),(591,604,603),(592,593,605),(592,605,604),(593,594,606),(593,606,605),(594,595,607),(594,607,606),(595,596,608),(595,608,607),(596,597,609),(596,609,608),(597,598,610),(597,610,609),(598,599,611),(598,611,610),(599,600,612),(599,612,611),(600,589,601),(600,601,612),(601,602,614),(601,614,613),(602,603,615),(602,615,614),(603,604,616),(603,616,615),(604,605,617),(604,617,616),(605,606,618),(605,618,617),(606,607,619),(606,619,618),(607,608,620),(607,620,619),(608,609,621),(608,621,620),(609,610,622),(609,622,621),(610,611,623),(610,623,622),(611,612,624),(611,624,623),(612,601,613),(612,613,624),(613,614,626),(613,626,625),(614,615,627),(614,627,626),(615,616,628),(615,628,627),(616,617,629),(616,629,628),(617,618,630),(617,630,629),(618,619,631),(618,631,630),(619,620,632),(619,632,631),(620,621,633),(620,633,632),(621,622,634),(621,634,633),(622,623,635),(622,635,634),(623,624,636),(623,636,635),(624,613,625),(624,625,636),(625,626,638),(625,638,637),(626,627,639),(626,639,638),(627,628,640),(627,640,639),(628,629,641),(628,641,640),(629,630,642),(629,642,641),(630,631,643),(630,643,642),(631,632,644),(631,644,643),(632,633,645),(632,645,644),(633,634,646),(633,646,645),(634,635,647),(634,647,646),(635,636,648),(635,648,647),(636,625,637),(636,637,648),(637,638,650),(637,650,649),(638,639,651),(638,651,650),(639,640,652),(639,652,651),(640,641,653),(640,653,652),(641,642,654),(641,654,653),(642,643,655),(642,655,654),(643,644,656),(643,656,655),(644,645,657),(644,657,656),(645,646,658),(645,658,657),(646,647,659),(646,659,658),(647,648,660),(647,660,659),(648,637,649),(648,649,660),(649,650,662),(649,662,661),(650,651,663),(650,663,662),(651,652,664),(651,664,663),(652,653,665),(652,665,664),(653,654,666),(653,666,665),(654,655,667),(654,667,666),(655,656,668),(655,668,667),(656,657,669),(656,669,668),(657,658,670),(657,670,669),(658,659,671),(658,671,670),(659,660,672),(659,672,671),(660,649,661),(660,661,672),(661,662,674),(661,674,673),(662,663,675),(662,675,674),(663,664,676),(663,676,675),(664,665,677),(664,677,676),(665,666,678),(665,678,677),(666,667,679),(666,679,678),(667,668,680),(667,680,679),(668,669,681),(668,681,680),(669,670,682),(669,682,681),(670,671,683),(670,683,682),(671,672,684),(671,684,683),(672,661,673),(672,673,684),(673,674,686),(673,686,685),(674,675,687),(674,687,686),(675,676,688),(675,688,687),(676,677,689),(676,689,688),(677,678,690),(677,690,689),(678,679,691),(678,691,690),(679,680,692),(679,692,691),(680,681,693),(680,693,692),(681,682,694),(681,694,693),(682,683,695),(682,695,694),(683,684,696),(683,696,695),(684,673,685),(684,685,696),(685,686,698),(685,698,697),(686,687,699),(686,699,698),(687,688,700),(687,700,699),(688,689,701),(688,701,700),(689,690,702),(689,702,701),(690,691,703),(690,703,702),(691,692,704),(691,704,703),(692,693,705),(692,705,704),(693,694,706),(693,706,705),(694,695,707),(694,707,706),(695,696,708),(695,708,707),(696,685,697),(696,697,708),(697,698,710),(697,710,709),(698,699,711),(698,711,710),(699,700,712),(699,712,711),(700,701,713),(700,713,712),(701,702,714),(701,714,713),(702,703,715),(702,715,714),(703,704,716),(703,716,715),(704,705,717),(704,717,716),(705,706,718),(705,718,717),(706,707,719),(706,719,718),(707,708,720),(707,720,719),(708,697,709),(708,709,720),(709,710,722),(709,722,721),(710,711,723),(710,723,722),(711,712,724),(711,724,723),(712,713,725),(712,725,724),(713,714,726),(713,726,725),(714,715,727),(714,727,726),(715,716,728),(715,728,727),(716,717,729),(716,729,728),(717,718,730),(717,730,729),(718,719,731),(718,731,730),(719,720,732),(719,732,731),(720,709,721),(720,721,732),(721,722,734),(721,734,733),(722,723,735),(722,735,734),(723,724,736),(723,736,735),(724,725,737),(724,737,736),(725,726,738),(725,738,737),(726,727,739),(726,739,738),(727,728,740),(727,740,739),(728,729,741),(728,741,740),(729,730,742),(729,742,741),(730,731,743),(730,743,742),(731,732,744),(731,744,743),(732,721,733),(732,733,744),(733,734,746),(733,746,745),(734,735,747),(734,747,746),(735,736,748),(735,748,747),(736,737,749),(736,749,748),(737,738,750),(737,750,749),(738,739,751),(738,751,750),(739,740,752),(739,752,751),(740,741,753),(740,753,752),(741,742,754),(741,754,753),(742,743,755),(742,755,754),(743,744,756),(743,756,755),(744,733,745),(744,745,756),(745,746,758),(745,758,757),(746,747,759),(746,759,758),(747,748,760),(747,760,759),(748,749,761),(748,761,760),(749,750,762),(749,762,761),(750,751,763),(750,763,762),(751,752,764),(751,764,763),(752,753,765),(752,765,764),(753,754,766),(753,766,765),(754,755,767),(754,767,766),(755,756,768),(755,768,767),(756,745,757),(756,757,768),(757,758,770),(757,770,769),(758,759,771),(758,771,770),(759,760,772),(759,772,771),(760,761,773),(760,773,772),(761,762,774),(761,774,773),(762,763,775),(762,775,774),(763,764,776),(763,776,775),(764,765,777),(764,777,776),(765,766,778),(765,778,777),(766,767,779),(766,779,778),(767,768,780),(767,780,779),(768,757,769),(768,769,780),(769,770,782),(769,782,781),(770,771,783),(770,783,782),(771,772,784),(771,784,783),(772,773,785),(772,785,784),(773,774,786),(773,786,785),(774,775,787),(774,787,786),(775,776,788),(775,788,787),(776,777,789),(776,789,788),(777,778,790),(777,790,789),(778,779,791),(778,791,790),(779,780,792),(779,792,791),(780,769,781),(780,781,792),(781,782,794),(781,794,793),(782,783,795),(782,795,794),(783,784,796),(783,796,795),(784,785,797),(784,797,796),(785,786,798),(785,798,797),(786,787,799),(786,799,798),(787,788,800),(787,800,799),(788,789,801),(788,801,800),(789,790,802),(789,802,801),(790,791,803),(790,803,802),(791,792,804),(791,804,803),(792,781,793),(792,793,804),(793,794,806),(793,806,805),(794,795,807),(794,807,806),(795,796,808),(795,808,807),(796,797,809),(796,809,808),(797,798,810),(797,810,809),(798,799,811),(798,811,810),(799,800,812),(799,812,811),(800,801,813),(800,813,812),(801,802,814),(801,814,813),(802,803,815),(802,815,814),(803,804,816),(803,816,815),(804,793,805),(804,805,816),(805,806,818),(805,818,817),(806,807,819),(806,819,818),(807,808,820),(807,820,819),(808,809,821),(808,821,820),(809,810,822),(809,822,821),(810,811,823),(810,823,822),(811,812,824),(811,824,823),(812,813,825),(812,825,824),(813,814,826),(813,826,825),(814,815,827),(814,827,826),(815,816,828),(815,828,827),(816,805,817),(816,817,828),(817,818,830),(817,830,829),(818,819,831),(818,831,830),(819,820,832),(819,832,831),(820,821,833),(820,833,832),(821,822,834),(821,834,833),(822,823,835),(822,835,834),(823,824,836),(823,836,835),(824,825,837),(824,837,836),(825,826,838),(825,838,837),(826,827,839),(826,839,838),(827,828,840),(827,840,839),(828,817,829),(828,829,840),(829,830,842),(829,842,841),(830,831,843),(830,843,842),(831,832,844),(831,844,843),(832,833,845),(832,845,844),(833,834,846),(833,846,845),(834,835,847),(834,847,846),(835,836,848),(835,848,847),(836,837,849),(836,849,848),(837,838,850),(837,850,849),(838,839,851),(838,851,850),(839,840,852),(839,852,851),(840,829,841),(840,841,852),(841,842,854),(841,854,853),(842,843,855),(842,855,854),(843,844,856),(843,856,855),(844,845,857),(844,857,856),(845,846,858),(845,858,857),(846,847,859),(846,859,858),(847,848,860),(847,860,859),(848,849,861),(848,861,860),(849,850,862),(849,862,861),(850,851,863),(850,863,862),(851,852,864),(851,864,863),(852,841,853),(852,853,864),(853,854,866),(853,866,865),(854,855,867),(854,867,866),(855,856,868),(855,868,867),(856,857,869),(856,869,868),(857,858,870),(857,870,869),(858,859,871),(858,871,870),(859,860,872),(859,872,871),(860,861,873),(860,873,872),(861,862,874),(861,874,873),(862,863,875),(862,875,874),(863,864,876),(863,876,875),(864,853,865),(864,865,876),(865,866,878),(865,878,877),(866,867,879),(866,879,878),(867,868,880),(867,880,879),(868,869,881),(868,881,880),(869,870,882),(869,882,881),(870,871,883),(870,883,882),(871,872,884),(871,884,883),(872,873,885),(872,885,884),(873,874,886),(873,886,885),(874,875,887),(874,887,886),(875,876,888),(875,888,887),(876,865,877),(876,877,888),(877,878,890),(877,890,889),(878,879,891),(878,891,890),(879,880,892),(879,892,891),(880,881,893),(880,893,892),(881,882,894),(881,894,893),(882,883,895),(882,895,894),(883,884,896),(883,896,895),(884,885,897),(884,897,896),(885,886,898),(885,898,897),(886,887,899),(886,899,898),(887,888,900),(887,900,899),(888,877,889),(888,889,900),(889,890,902),(889,902,901),(890,891,903),(890,903,902),(891,892,904),(891,904,903),(892,893,905),(892,905,904),(893,894,906),(893,906,905),(894,895,907),(894,907,906),(895,896,908),(895,908,907),(896,897,909),(896,909,908),(897,898,910),(897,910,909),(898,899,911),(898,911,910),(899,900,912),(899,912,911),(900,889,901),(900,901,912),(901,902,914),(901,914,913),(902,903,915),(902,915,914),(903,904,916),(903,916,915),(904,905,917),(904,917,916),(905,906,918),(905,918,917),(906,907,919),(906,919,918),(907,908,920),(907,920,919),(908,909,921),(908,921,920),(909,910,922),(909,922,921),(910,911,923),(910,923,922),(911,912,924),(911,924,923),(912,901,913),(912,913,924),(913,914,926),(913,926,925),(914,915,927),(914,927,926),(915,916,928),(915,928,927),(916,917,929),(916,929,928),(917,918,930),(917,930,929),(918,919,931),(918,931,930),(919,920,932),(919,932,931),(920,921,933),(920,933,932),(921,922,934),(921,934,933),(922,923,935),(922,935,934),(923,924,936),(923,936,935),(924,913,925),(924,925,936),(925,926,938),(925,938,937),(926,927,939),(926,939,938),(927,928,940),(927,940,939),(928,929,941),(928,941,940),(929,930,942),(929,942,941),(930,931,943),(930,943,942),(931,932,944),(931,944,943),(932,933,945),(932,945,944),(933,934,946),(933,946,945),(934,935,947),(934,947,946),(935,936,948),(935,948,947),(936,925,937),(936,937,948),(937,938,950),(937,950,949),(938,939,951),(938,951,950),(939,940,952),(939,952,951),(940,941,953),(940,953,952),(941,942,954),(941,954,953),(942,943,955),(942,955,954),(943,944,956),(943,956,955),(944,945,957),(944,957,956),(945,946,958),(945,958,957),(946,947,959),(946,959,958),(947,948,960),(947,960,959),(948,937,949),(948,949,960),(949,950,962),(949,962,961),(950,951,963),(950,963,962),(951,952,964),(951,964,963),(952,953,965),(952,965,964),(953,954,966),(953,966,965),(954,955,967),(954,967,966),(955,956,968),(955,968,967),(956,957,969),(956,969,968),(957,958,970),(957,970,969),(958,959,971),(958,971,970),(959,960,972),(959,972,971),(960,949,961),(960,961,972),(961,962,974),(961,974,973),(962,963,975),(962,975,974),(963,964,976),(963,976,975),(964,965,977),(964,977,976),(965,966,978),(965,978,977),(966,967,979),(966,979,978),(967,968,980),(967,980,979),(968,969,981),(968,981,980),(969,970,982),(969,982,981),(970,971,983),(970,983,982),(971,972,984),(971,984,983),(972,961,973),(972,973,984),(973,974,986),(973,986,985),(974,975,987),(974,987,986),(975,976,988),(975,988,987),(976,977,989),(976,989,988),(977,978,990),(977,990,989),(978,979,991),(978,991,990),(979,980,992),(979,992,991),(980,981,993),(980,993,992),(981,982,994),(981,994,993),(982,983,995),(982,995,994),(983,984,996),(983,996,995),(984,973,985),(984,985,996),(985,986,998),(985,998,997),(986,987,999),(986,999,998),(987,988,1000),(987,1000,999),(988,989,1001),(988,1001,1000),(989,990,1002),(989,1002,1001),(990,991,1003),(990,1003,1002),(991,992,1004),(991,1004,1003),(992,993,1005),(992,1005,1004),(993,994,1006),(993,1006,1005),(994,995,1007),(994,1007,1006),(995,996,1008),(995,1008,1007),(996,985,997),(996,997,1008),(997,998,1010),(997,1010,1009),(998,999,1011),(998,1011,1010),(999,1000,1012),(999,1012,1011),(1000,1001,1013),(1000,1013,1012),(1001,1002,1014),(1001,1014,1013),(1002,1003,1015),(1002,1015,1014),(1003,1004,1016),(1003,1016,1015),(1004,1005,1017),(1004,1017,1016),(1005,1006,1018),(1005,1018,1017),(1006,1007,1019),(1006,1019,1018),(1007,1008,1020),(1007,1020,1019),(1008,997,1009),(1008,1009,1020),(1009,1010,1022),(1009,1022,1021),(1010,1011,1023),(1010,1023,1022),(1011,1012,1024),(1011,1024,1023),(1012,1013,1025),(1012,1025,1024),(1013,1014,1026),(1013,1026,1025),(1014,1015,1027),(1014,1027,1026),(1015,1016,1028),(1015,1028,1027),(1016,1017,1029),(1016,1029,1028),(1017,1018,1030),(1017,1030,1029),(1018,1019,1031),(1018,1031,1030),(1019,1020,1032),(1019,1032,1031),(1020,1009,1021),(1020,1021,1032),(1021,1022,1034),(1021,1034,1033),(1022,1023,1035),(1022,1035,1034),(1023,1024,1036),(1023,1036,1035),(1024,1025,1037),(1024,1037,1036),(1025,1026,1038),(1025,1038,1037),(1026,1027,1039),(1026,1039,1038),(1027,1028,1040),(1027,1040,1039),(1028,1029,1041),(1028,1041,1040),(1029,1030,1042),(1029,1042,1041),(1030,1031,1043),(1030,1043,1042),(1031,1032,1044),(1031,1044,1043),(1032,1021,1033),(1032,1033,1044),(1033,1034,1046),(1033,1046,1045),(1034,1035,1047),(1034,1047,1046),(1035,1036,1048),(1035,1048,1047),(1036,1037,1049),(1036,1049,1048),(1037,1038,1050),(1037,1050,1049),(1038,1039,1051),(1038,1051,1050),(1039,1040,1052),(1039,1052,1051),(1040,1041,1053),(1040,1053,1052),(1041,1042,1054),(1041,1054,1053),(1042,1043,1055),(1042,1055,1054),(1043,1044,1056),(1043,1056,1055),(1044,1033,1045),(1044,1045,1056),(1045,1046,1058),(1045,1058,1057),(1046,1047,1059),(1046,1059,1058),(1047,1048,1060),(1047,1060,1059),(1048,1049,1061),(1048,1061,1060),(1049,1050,1062),(1049,1062,1061),(1050,1051,1063),(1050,1063,1062),(1051,1052,1064),(1051,1064,1063),(1052,1053,1065),(1052,1065,1064),(1053,1054,1066),(1053,1066,1065),(1054,1055,1067),(1054,1067,1066),(1055,1056,1068),(1055,1068,1067),(1056,1045,1057),(1056,1057,1068),(1057,1058,1070),(1057,1070,1069),(1058,1059,1071),(1058,1071,1070),(1059,1060,1072),(1059,1072,1071),(1060,1061,1073),(1060,1073,1072),(1061,1062,1074),(1061,1074,1073),(1062,1063,1075),(1062,1075,1074),(1063,1064,1076),(1063,1076,1075),(1064,1065,1077),(1064,1077,1076),(1065,1066,1078),(1065,1078,1077),(1066,1067,1079),(1066,1079,1078),(1067,1068,1080),(1067,1080,1079),(1068,1057,1069),(1068,1069,1080),(1069,1070,1082),(1069,1082,1081),(1070,1071,1083),(1070,1083,1082),(1071,1072,1084),(1071,1084,1083),(1072,1073,1085),(1072,1085,1084),(1073,1074,1086),(1073,1086,1085),(1074,1075,1087),(1074,1087,1086),(1075,1076,1088),(1075,1088,1087),(1076,1077,1089),(1076,1089,1088),(1077,1078,1090),(1077,1090,1089),(1078,1079,1091),(1078,1091,1090),(1079,1080,1092),(1079,1092,1091),(1080,1069,1081),(1080,1081,1092),(1081,1082,1094),(1081,1094,1093),(1082,1083,1095),(1082,1095,1094),(1083,1084,1096),(1083,1096,1095),(1084,1085,1097),(1084,1097,1096),(1085,1086,1098),(1085,1098,1097),(1086,1087,1099),(1086,1099,1098),(1087,1088,1100),(1087,1100,1099),(1088,1089,1101),(1088,1101,1100),(1089,1090,1102),(1089,1102,1101),(1090,1091,1103),(1090,1103,1102),(1091,1092,1104),(1091,1104,1103),(1092,1081,1093),(1092,1093,1104),(1093,1094,1106),(1093,1106,1105),(1094,1095,1107),(1094,1107,1106),(1095,1096,1108),(1095,1108,1107),(1096,1097,1109),(1096,1109,1108),(1097,1098,1110),(1097,1110,1109),(1098,1099,1111),(1098,1111,1110),(1099,1100,1112),(1099,1112,1111),(1100,1101,1113),(1100,1113,1112),(1101,1102,1114),(1101,1114,1113),(1102,1103,1115),(1102,1115,1114),(1103,1104,1116),(1103,1116,1115),(1104,1093,1105),(1104,1105,1116),(1105,1106,1118),(1105,1118,1117),(1106,1107,1119),(1106,1119,1118),(1107,1108,1120),(1107,1120,1119),(1108,1109,1121),(1108,1121,1120),(1109,1110,1122),(1109,1122,1121),(1110,1111,1123),(1110,1123,1122),(1111,1112,1124),(1111,1124,1123),(1112,1113,1125),(1112,1125,1124),(1113,1114,1126),(1113,1126,1125),(1114,1115,1127),(1114,1127,1126),(1115,1116,1128),(1115,1128,1127),(1116,1105,1117),(1116,1117,1128),(1117,1118,1130),(1117,1130,1129),(1118,1119,1131),(1118,1131,1130),(1119,1120,1132),(1119,1132,1131),(1120,1121,1133),(1120,1133,1132),(1121,1122,1134),(1121,1134,1133),(1122,1123,1135),(1122,1135,1134),(1123,1124,1136),(1123,1136,1135),(1124,1125,1137),(1124,1137,1136),(1125,1126,1138),(1125,1138,1137),(1126,1127,1139),(1126,1139,1138),(1127,1128,1140),(1127,1140,1139),(1128,1117,1129),(1128,1129,1140),(1129,1130,1142),(1129,1142,1141),(1130,1131,1143),(1130,1143,1142),(1131,1132,1144),(1131,1144,1143),(1132,1133,1145),(1132,1145,1144),(1133,1134,1146),(1133,1146,1145),(1134,1135,1147),(1134,1147,1146),(1135,1136,1148),(1135,1148,1147),(1136,1137,1149),(1136,1149,1148),(1137,1138,1150),(1137,1150,1149),(1138,1139,1151),(1138,1151,1150),(1139,1140,1152),(1139,1152,1151),(1140,1129,1141),(1140,1141,1152),(1141,1142,1154),(1141,1154,1153),(1142,1143,1155),(1142,1155,1154),(1143,1144,1156),(1143,1156,1155),(1144,1145,1157),(1144,1157,1156),(1145,1146,1158),(1145,1158,1157),(1146,1147,1159),(1146,1159,1158),(1147,1148,1160),(1147,1160,1159),(1148,1149,1161),(1148,1161,1160),(1149,1150,1162),(1149,1162,1161),(1150,1151,1163),(1150,1163,1162),(1151,1152,1164),(1151,1164,1163),(1152,1141,1153),(1152,1153,1164),(1153,1154,1166),(1153,1166,1165),(1154,1155,1167),(1154,1167,1166),(1155,1156,1168),(1155,1168,1167),(1156,1157,1169),(1156,1169,1168),(1157,1158,1170),(1157,1170,1169),(1158,1159,1171),(1158,1171,1170),(1159,1160,1172),(1159,1172,1171),(1160,1161,1173),(1160,1173,1172),(1161,1162,1174),(1161,1174,1173),(1162,1163,1175),(1162,1175,1174),(1163,1164,1176),(1163,1176,1175),(1164,1153,1165),(1164,1165,1176),(1165,1166,1178),(1165,1178,1177),(1166,1167,1179),(1166,1179,1178),(1167,1168,1180),(1167,1180,1179),(1168,1169,1181),(1168,1181,1180),(1169,1170,1182),(1169,1182,1181),(1170,1171,1183),(1170,1183,1182),(1171,1172,1184),(1171,1184,1183),(1172,1173,1185),(1172,1185,1184),(1173,1174,1186),(1173,1186,1185),(1174,1175,1187),(1174,1187,1186),(1175,1176,1188),(1175,1188,1187),(1176,1165,1177),(1176,1177,1188),(1177,1178,1190),(1177,1190,1189),(1178,1179,1191),(1178,1191,1190),(1179,1180,1192),(1179,1192,1191),(1180,1181,1193),(1180,1193,1192),(1181,1182,1194),(1181,1194,1193),(1182,1183,1195),(1182,1195,1194),(1183,1184,1196),(1183,1196,1195),(1184,1185,1197),(1184,1197,1196),(1185,1186,1198),(1185,1198,1197),(1186,1187,1199),(1186,1199,1198),(1187,1188,1200),(1187,1200,1199),(1188,1177,1189),(1188,1189,1200),(1189,1190,1202),(1189,1202,1201),(1190,1191,1203),(1190,1203,1202),(1191,1192,1204),(1191,1204,1203),(1192,1193,1205),(1192,1205,1204),(1193,1194,1206),(1193,1206,1205),(1194,1195,1207),(1194,1207,1206),(1195,1196,1208),(1195,1208,1207),(1196,1197,1209),(1196,1209,1208),(1197,1198,1210),(1197,1210,1209),(1198,1199,1211),(1198,1211,1210),(1199,1200,1212),(1199,1212,1211),(1200,1189,1201),(1200,1201,1212),(1201,1202,1214),(1201,1214,1213),(1202,1203,1215),(1202,1215,1214),(1203,1204,1216),(1203,1216,1215),(1204,1205,1217),(1204,1217,1216),(1205,1206,1218),(1205,1218,1217),(1206,1207,1219),(1206,1219,1218),(1207,1208,1220),(1207,1220,1219),(1208,1209,1221),(1208,1221,1220),(1209,1210,1222),(1209,1222,1221),(1210,1211,1223),(1210,1223,1222),(1211,1212,1224),(1211,1224,1223),(1212,1201,1213),(1212,1213,1224),(1213,1214,1226),(1213,1226,1225),(1214,1215,1227),(1214,1227,1226),(1215,1216,1228),(1215,1228,1227),(1216,1217,1229),(1216,1229,1228),(1217,1218,1230),(1217,1230,1229),(1218,1219,1231),(1218,1231,1230),(1219,1220,1232),(1219,1232,1231),(1220,1221,1233),(1220,1233,1232),(1221,1222,1234),(1221,1234,1233),(1222,1223,1235),(1222,1235,1234),(1223,1224,1236),(1223,1236,1235),(1224,1213,1225),(1224,1225,1236),(1225,1226,1238),(1225,1238,1237),(1226,1227,1239),(1226,1239,1238),(1227,1228,1240),(1227,1240,1239),(1228,1229,1241),(1228,1241,1240),(1229,1230,1242),(1229,1242,1241),(1230,1231,1243),(1230,1243,1242),(1231,1232,1244),(1231,1244,1243),(1232,1233,1245),(1232,1245,1244),(1233,1234,1246),(1233,1246,1245),(1234,1235,1247),(1234,1247,1246),(1235,1236,1248),(1235,1248,1247),(1236,1225,1237),(1236,1237,1248),(1237,1238,1250),(1237,1250,1249),(1238,1239,1251),(1238,1251,1250),(1239,1240,1252),(1239,1252,1251),(1240,1241,1253),(1240,1253,1252),(1241,1242,1254),(1241,1254,1253),(1242,1243,1255),(1242,1255,1254),(1243,1244,1256),(1243,1256,1255),(1244,1245,1257),(1244,1257,1256),(1245,1246,1258),(1245,1258,1257),(1246,1247,1259),(1246,1259,1258),(1247,1248,1260),(1247,1260,1259),(1248,1237,1249),(1248,1249,1260),(1249,1250,1262),(1249,1262,1261),(1250,1251,1263),(1250,1263,1262),(1251,1252,1264),(1251,1264,1263),(1252,1253,1265),(1252,1265,1264),(1253,1254,1266),(1253,1266,1265),(1254,1255,1267),(1254,1267,1266),(1255,1256,1268),(1255,1268,1267),(1256,1257,1269),(1256,1269,1268),(1257,1258,1270),(1257,1270,1269),(1258,1259,1271),(1258,1271,1270),(1259,1260,1272),(1259,1272,1271),(1260,1249,1261),(1260,1261,1272),(1261,1262,1274),(1261,1274,1273),(1262,1263,1275),(1262,1275,1274),(1263,1264,1276),(1263,1276,1275),(1264,1265,1277),(1264,1277,1276),(1265,1266,1278),(1265,1278,1277),(1266,1267,1279),(1266,1279,1278),(1267,1268,1280),(1267,1280,1279),(1268,1269,1281),(1268,1281,1280),(1269,1270,1282),(1269,1282,1281),(1270,1271,1283),(1270,1283,1282),(1271,1272,1284),(1271,1284,1283),(1272,1261,1273),(1272,1273,1284),(1273,1274,1286),(1273,1286,1285),(1274,1275,1287),(1274,1287,1286),(1275,1276,1288),(1275,1288,1287),(1276,1277,1289),(1276,1289,1288),(1277,1278,1290),(1277,1290,1289),(1278,1279,1291),(1278,1291,1290),(1279,1280,1292),(1279,1292,1291),(1280,1281,1293),(1280,1293,1292),(1281,1282,1294),(1281,1294,1293),(1282,1283,1295),(1282,1295,1294),(1283,1284,1296),(1283,1296,1295),(1284,1273,1285),(1284,1285,1296),(1285,1286,1298),(1285,1298,1297),(1286,1287,1299),(1286,1299,1298),(1287,1288,1300),(1287,1300,1299),(1288,1289,1301),(1288,1301,1300),(1289,1290,1302),(1289,1302,1301),(1290,1291,1303),(1290,1303,1302),(1291,1292,1304),(1291,1304,1303),(1292,1293,1305),(1292,1305,1304),(1293,1294,1306),(1293,1306,1305),(1294,1295,1307),(1294,1307,1306),(1295,1296,1308),(1295,1308,1307),(1296,1285,1297),(1296,1297,1308),(1297,1298,1310),(1297,1310,1309),(1298,1299,1311),(1298,1311,1310),(1299,1300,1312),(1299,1312,1311),(1300,1301,1313),(1300,1313,1312),(1301,1302,1314),(1301,1314,1313),(1302,1303,1315),(1302,1315,1314),(1303,1304,1316),(1303,1316,1315),(1304,1305,1317),(1304,1317,1316),(1305,1306,1318),(1305,1318,1317),(1306,1307,1319),(1306,1319,1318),(1307,1308,1320),(1307,1320,1319),(1308,1297,1309),(1308,1309,1320),(1309,1310,1322),(1309,1322,1321),(1310,1311,1323),(1310,1323,1322),(1311,1312,1324),(1311,1324,1323),(1312,1313,1325),(1312,1325,1324),(1313,1314,1326),(1313,1326,1325),(1314,1315,1327),(1314,1327,1326),(1315,1316,1328),(1315,1328,1327),(1316,1317,1329),(1316,1329,1328),(1317,1318,1330),(1317,1330,1329),(1318,1319,1331),(1318,1331,1330),(1319,1320,1332),(1319,1332,1331),(1320,1309,1321),(1320,1321,1332),(1321,1322,1334),(1321,1334,1333),(1322,1323,1335),(1322,1335,1334),(1323,1324,1336),(1323,1336,1335),(1324,1325,1337),(1324,1337,1336),(1325,1326,1338),(1325,1338,1337),(1326,1327,1339),(1326,1339,1338),(1327,1328,1340),(1327,1340,1339),(1328,1329,1341),(1328,1341,1340),(1329,1330,1342),(1329,1342,1341),(1330,1331,1343),(1330,1343,1342),(1331,1332,1344),(1331,1344,1343),(1332,1321,1333),(1332,1333,1344),(1333,1334,1346),(1333,1346,1345),(1334,1335,1347),(1334,1347,1346),(1335,1336,1348),(1335,1348,1347),(1336,1337,1349),(1336,1349,1348),(1337,1338,1350),(1337,1350,1349),(1338,1339,1351),(1338,1351,1350),(1339,1340,1352),(1339,1352,1351),(1340,1341,1353),(1340,1353,1352),(1341,1342,1354),(1341,1354,1353),(1342,1343,1355),(1342,1355,1354),(1343,1344,1356),(1343,1356,1355),(1344,1333,1345),(1344,1345,1356),(1345,1346,1358),(1345,1358,1357),(1346,1347,1359),(1346,1359,1358),(1347,1348,1360),(1347,1360,1359),(1348,1349,1361),(1348,1361,1360),(1349,1350,1362),(1349,1362,1361),(1350,1351,1363),(1350,1363,1362),(1351,1352,1364),(1351,1364,1363),(1352,1353,1365),(1352,1365,1364),(1353,1354,1366),(1353,1366,1365),(1354,1355,1367),(1354,1367,1366),(1355,1356,1368),(1355,1368,1367),(1356,1345,1357),(1356,1357,1368),(1357,1358,1370),(1357,1370,1369),(1358,1359,1371),(1358,1371,1370),(1359,1360,1372),(1359,1372,1371),(1360,1361,1373),(1360,1373,1372),(1361,1362,1374),(1361,1374,1373),(1362,1363,1375),(1362,1375,1374),(1363,1364,1376),(1363,1376,1375),(1364,1365,1377),(1364,1377,1376),(1365,1366,1378),(1365,1378,1377),(1366,1367,1379),(1366,1379,1378),(1367,1368,1380),(1367,1380,1379),(1368,1357,1369),(1368,1369,1380),(1369,1370,1382),(1369,1382,1381),(1370,1371,1383),(1370,1383,1382),(1371,1372,1384),(1371,1384,1383),(1372,1373,1385),(1372,1385,1384),(1373,1374,1386),(1373,1386,1385),(1374,1375,1387),(1374,1387,1386),(1375,1376,1388),(1375,1388,1387),(1376,1377,1389),(1376,1389,1388),(1377,1378,1390),(1377,1390,1389),(1378,1379,1391),(1378,1391,1390),(1379,1380,1392),(1379,1392,1391),(1380,1369,1381),(1380,1381,1392),(1381,1382,1394),(1381,1394,1393),(1382,1383,1395),(1382,1395,1394),(1383,1384,1396),(1383,1396,1395),(1384,1385,1397),(1384,1397,1396),(1385,1386,1398),(1385,1398,1397),(1386,1387,1399),(1386,1399,1398),(1387,1388,1400),(1387,1400,1399),(1388,1389,1401),(1388,1401,1400),(1389,1390,1402),(1389,1402,1401),(1390,1391,1403),(1390,1403,1402),(1391,1392,1404),(1391,1404,1403),(1392,1381,1393),(1392,1393,1404),(1393,1394,1406),(1393,1406,1405),(1394,1395,1407),(1394,1407,1406),(1395,1396,1408),(1395,1408,1407),(1396,1397,1409),(1396,1409,1408),(1397,1398,1410),(1397,1410,1409),(1398,1399,1411),(1398,1411,1410),(1399,1400,1412),(1399,1412,1411),(1400,1401,1413),(1400,1413,1412),(1401,1402,1414),(1401,1414,1413),(1402,1403,1415),(1402,1415,1414),(1403,1404,1416),(1403,1416,1415),(1404,1393,1405),(1404,1405,1416),(1405,1406,1418),(1405,1418,1417),(1406,1407,1419),(1406,1419,1418),(1407,1408,1420),(1407,1420,1419),(1408,1409,1421),(1408,1421,1420),(1409,1410,1422),(1409,1422,1421),(1410,1411,1423),(1410,1423,1422),(1411,1412,1424),(1411,1424,1423),(1412,1413,1425),(1412,1425,1424),(1413,1414,1426),(1413,1426,1425),(1414,1415,1427),(1414,1427,1426),(1415,1416,1428),(1415,1428,1427),(1416,1405,1417),(1416,1417,1428),(1417,1418,1430),(1417,1430,1429),(1418,1419,1431),(1418,1431,1430),(1419,1420,1432),(1419,1432,1431),(1420,1421,1433),(1420,1433,1432),(1421,1422,1434),(1421,1434,1433),(1422,1423,1435),(1422,1435,1434),(1423,1424,1436),(1423,1436,1435),(1424,1425,1437),(1424,1437,1436),(1425,1426,1438),(1425,1438,1437),(1426,1427,1439),(1426,1439,1438),(1427,1428,1440),(1427,1440,1439),(1428,1417,1429),(1428,1429,1440),(1429,1430,1442),(1429,1442,1441),(1430,1431,1443),(1430,1443,1442),(1431,1432,1444),(1431,1444,1443),(1432,1433,1445),(1432,1445,1444),(1433,1434,1446),(1433,1446,1445),(1434,1435,1447),(1434,1447,1446),(1435,1436,1448),(1435,1448,1447),(1436,1437,1449),(1436,1449,1448),(1437,1438,1450),(1437,1450,1449),(1438,1439,1451),(1438,1451,1450),(1439,1440,1452),(1439,1452,1451),(1440,1429,1441),(1440,1441,1452),(1441,1442,1454),(1441,1454,1453),(1442,1443,1455),(1442,1455,1454),(1443,1444,1456),(1443,1456,1455),(1444,1445,1457),(1444,1457,1456),(1445,1446,1458),(1445,1458,1457),(1446,1447,1459),(1446,1459,1458),(1447,1448,1460),(1447,1460,1459),(1448,1449,1461),(1448,1461,1460),(1449,1450,1462),(1449,1462,1461),(1450,1451,1463),(1450,1463,1462),(1451,1452,1464),(1451,1464,1463),(1452,1441,1453),(1452,1453,1464),(1453,1454,1466),(1453,1466,1465),(1454,1455,1467),(1454,1467,1466),(1455,1456,1468),(1455,1468,1467),(1456,1457,1469),(1456,1469,1468),(1457,1458,1470),(1457,1470,1469),(1458,1459,1471),(1458,1471,1470),(1459,1460,1472),(1459,1472,1471),(1460,1461,1473),(1460,1473,1472),(1461,1462,1474),(1461,1474,1473),(1462,1463,1475),(1462,1475,1474),(1463,1464,1476),(1463,1476,1475),(1464,1453,1465),(1464,1465,1476),(1465,1466,1478),(1465,1478,1477),(1466,1467,1479),(1466,1479,1478),(1467,1468,1480),(1467,1480,1479),(1468,1469,1481),(1468,1481,1480),(1469,1470,1482),(1469,1482,1481),(1470,1471,1483),(1470,1483,1482),(1471,1472,1484),(1471,1484,1483),(1472,1473,1485),(1472,1485,1484),(1473,1474,1486),(1473,1486,1485),(1474,1475,1487),(1474,1487,1486),(1475,1476,1488),(1475,1488,1487),(1476,1465,1477),(1476,1477,1488),(1477,1478,1490),(1477,1490,1489),(1478,1479,1491),(1478,1491,1490),(1479,1480,1492),(1479,1492,1491),(1480,1481,1493),(1480,1493,1492),(1481,1482,1494),(1481,1494,1493),(1482,1483,1495),(1482,1495,1494),(1483,1484,1496),(1483,1496,1495),(1484,1485,1497),(1484,1497,1496),(1485,1486,1498),(1485,1498,1497),(1486,1487,1499),(1486,1499,1498),(1487,1488,1500),(1487,1500,1499),(1488,1477,1489),(1488,1489,1500),(1489,1490,1502),(1489,1502,1501),(1490,1491,1503),(1490,1503,1502),(1491,1492,1504),(1491,1504,1503),(1492,1493,1505),(1492,1505,1504),(1493,1494,1506),(1493,1506,1505),(1494,1495,1507),(1494,1507,1506),(1495,1496,1508),(1495,1508,1507),(1496,1497,1509),(1496,1509,1508),(1497,1498,1510),(1497,1510,1509),(1498,1499,1511),(1498,1511,1510),(1499,1500,1512),(1499,1512,1511),(1500,1489,1501),(1500,1501,1512),(1501,1502,1514),(1501,1514,1513),(1502,1503,1515),(1502,1515,1514),(1503,1504,1516),(1503,1516,1515),(1504,1505,1517),(1504,1517,1516),(1505,1506,1518),(1505,1518,1517),(1506,1507,1519),(1506,1519,1518),(1507,1508,1520),(1507,1520,1519),(1508,1509,1521),(1508,1521,1520),(1509,1510,1522),(1509,1522,1521),(1510,1511,1523),(1510,1523,1522),(1511,1512,1524),(1511,1524,1523),(1512,1501,1513),(1512,1513,1524),(1513,1514,1526),(1513,1526,1525),(1514,1515,1527),(1514,1527,1526),(1515,1516,1528),(1515,1528,1527),(1516,1517,1529),(1516,1529,1528),(1517,1518,1530),(1517,1530,1529),(1518,1519,1531),(1518,1531,1530),(1519,1520,1532),(1519,1532,1531),(1520,1521,1533),(1520,1533,1532),(1521,1522,1534),(1521,1534,1533),(1522,1523,1535),(1522,1535,1534),(1523,1524,1536),(1523,1536,1535),(1524,1513,1525),(1524,1525,1536),(1525,1526,1538),(1525,1538,1537),(1526,1527,1539),(1526,1539,1538),(1527,1528,1540),(1527,1540,1539),(1528,1529,1541),(1528,1541,1540),(1529,1530,1542),(1529,1542,1541),(1530,1531,1543),(1530,1543,1542),(1531,1532,1544),(1531,1544,1543),(1532,1533,1545),(1532,1545,1544),(1533,1534,1546),(1533,1546,1545),(1534,1535,1547),(1534,1547,1546),(1535,1536,1548),(1535,1548,1547),(1536,1525,1537),(1536,1537,1548),(1537,1538,1550),(1537,1550,1549),(1538,1539,1551),(1538,1551,1550),(1539,1540,1552),(1539,1552,1551),(1540,1541,1553),(1540,1553,1552),(1541,1542,1554),(1541,1554,1553),(1542,1543,1555),(1542,1555,1554),(1543,1544,1556),(1543,1556,1555),(1544,1545,1557),(1544,1557,1556),(1545,1546,1558),(1545,1558,1557),(1546,1547,1559),(1546,1559,1558),(1547,1548,1560),(1547,1560,1559),(1548,1537,1549),(1548,1549,1560),(1549,1550,1562),(1549,1562,1561),(1550,1551,1563),(1550,1563,1562),(1551,1552,1564),(1551,1564,1563),(1552,1553,1565),(1552,1565,1564),(1553,1554,1566),(1553,1566,1565),(1554,1555,1567),(1554,1567,1566),(1555,1556,1568),(1555,1568,1567),(1556,1557,1569),(1556,1569,1568),(1557,1558,1570),(1557,1570,1569),(1558,1559,1571),(1558,1571,1570),(1559,1560,1572),(1559,1572,1571),(1560,1549,1561),(1560,1561,1572),(1561,1562,1574),(1561,1574,1573),(1562,1563,1575),(1562,1575,1574),(1563,1564,1576),(1563,1576,1575),(1564,1565,1577),(1564,1577,1576),(1565,1566,1578),(1565,1578,1577),(1566,1567,1579),(1566,1579,1578),(1567,1568,1580),(1567,1580,1579),(1568,1569,1581),(1568,1581,1580),(1569,1570,1582),(1569,1582,1581),(1570,1571,1583),(1570,1583,1582),(1571,1572,1584),(1571,1584,1583),(1572,1561,1573),(1572,1573,1584),(1573,1574,1586),(1573,1586,1585),(1574,1575,1587),(1574,1587,1586),(1575,1576,1588),(1575,1588,1587),(1576,1577,1589),(1576,1589,1588),(1577,1578,1590),(1577,1590,1589),(1578,1579,1591),(1578,1591,1590),(1579,1580,1592),(1579,1592,1591),(1580,1581,1593),(1580,1593,1592),(1581,1582,1594),(1581,1594,1593),(1582,1583,1595),(1582,1595,1594),(1583,1584,1596),(1583,1596,1595),(1584,1573,1585),(1584,1585,1596),(1585,1586,1598),(1585,1598,1597),(1586,1587,1599),(1586,1599,1598),(1587,1588,1600),(1587,1600,1599),(1588,1589,1601),(1588,1601,1600),(1589,1590,1602),(1589,1602,1601),(1590,1591,1603),(1590,1603,1602),(1591,1592,1604),(1591,1604,1603),(1592,1593,1605),(1592,1605,1604),(1593,1594,1606),(1593,1606,1605),(1594,1595,1607),(1594,1607,1606),(1595,1596,1608),(1595,1608,1607),(1596,1585,1597),(1596,1597,1608),(1597,1598,1610),(1597,1610,1609),(1598,1599,1611),(1598,1611,1610),(1599,1600,1612),(1599,1612,1611),(1600,1601,1613),(1600,1613,1612),(1601,1602,1614),(1601,1614,1613),(1602,1603,1615),(1602,1615,1614),(1603,1604,1616),(1603,1616,1615),(1604,1605,1617),(1604,1617,1616),(1605,1606,1618),(1605,1618,1617),(1606,1607,1619),(1606,1619,1618),(1607,1608,1620),(1607,1620,1619),(1608,1597,1609),(1608,1609,1620),(1609,1610,1622),(1609,1622,1621),(1610,1611,1623),(1610,1623,1622),(1611,1612,1624),(1611,1624,1623),(1612,1613,1625),(1612,1625,1624),(1613,1614,1626),(1613,1626,1625),(1614,1615,1627),(1614,1627,1626),(1615,1616,1628),(1615,1628,1627),(1616,1617,1629),(1616,1629,1628),(1617,1618,1630),(1617,1630,1629),(1618,1619,1631),(1618,1631,1630),(1619,1620,1632),(1619,1632,1631),(1620,1609,1621),(1620,1621,1632),(1621,1622,1634),(1621,1634,1633),(1622,1623,1635),(1622,1635,1634),(1623,1624,1636),(1623,1636,1635),(1624,1625,1637),(1624,1637,1636),(1625,1626,1638),(1625,1638,1637),(1626,1627,1639),(1626,1639,1638),(1627,1628,1640),(1627,1640,1639),(1628,1629,1641),(1628,1641,1640),(1629,1630,1642),(1629,1642,1641),(1630,1631,1643),(1630,1643,1642),(1631,1632,1644),(1631,1644,1643),(1632,1621,1633),(1632,1633,1644),(1633,1634,1646),(1633,1646,1645),(1634,1635,1647),(1634,1647,1646),(1635,1636,1648),(1635,1648,1647),(1636,1637,1649),(1636,1649,1648),(1637,1638,1650),(1637,1650,1649),(1638,1639,1651),(1638,1651,1650),(1639,1640,1652),(1639,1652,1651),(1640,1641,1653),(1640,1653,1652),(1641,1642,1654),(1641,1654,1653),(1642,1643,1655),(1642,1655,1654),(1643,1644,1656),(1643,1656,1655),(1644,1633,1645),(1644,1645,1656),(1645,1646,1658),(1645,1658,1657),(1646,1647,1659),(1646,1659,1658),(1647,1648,1660),(1647,1660,1659),(1648,1649,1661),(1648,1661,1660),(1649,1650,1662),(1649,1662,1661),(1650,1651,1663),(1650,1663,1662),(1651,1652,1664),(1651,1664,1663),(1652,1653,1665),(1652,1665,1664),(1653,1654,1666),(1653,1666,1665),(1654,1655,1667),(1654,1667,1666),(1655,1656,1668),(1655,1668,1667),(1656,1645,1657),(1656,1657,1668),(1657,1658,1670),(1657,1670,1669),(1658,1659,1671),(1658,1671,1670),(1659,1660,1672),(1659,1672,1671),(1660,1661,1673),(1660,1673,1672),(1661,1662,1674),(1661,1674,1673),(1662,1663,1675),(1662,1675,1674),(1663,1664,1676),(1663,1676,1675),(1664,1665,1677),(1664,1677,1676),(1665,1666,1678),(1665,1678,1677),(1666,1667,1679),(1666,1679,1678),(1667,1668,1680),(1667,1680,1679),(1668,1657,1669),(1668,1669,1680),(1669,1670,1682),(1669,1682,1681),(1670,1671,1683),(1670,1683,1682),(1671,1672,1684),(1671,1684,1683),(1672,1673,1685),(1672,1685,1684),(1673,1674,1686),(1673,1686,1685),(1674,1675,1687),(1674,1687,1686),(1675,1676,1688),(1675,1688,1687),(1676,1677,1689),(1676,1689,1688),(1677,1678,1690),(1677,1690,1689),(1678,1679,1691),(1678,1691,1690),(1679,1680,1692),(1679,1692,1691),(1680,1669,1681),(1680,1681,1692),(1681,1682,1694),(1681,1694,1693),(1682,1683,1695),(1682,1695,1694),(1683,1684,1696),(1683,1696,1695),(1684,1685,1697),(1684,1697,1696),(1685,1686,1698),(1685,1698,1697),(1686,1687,1699),(1686,1699,1698),(1687,1688,1700),(1687,1700,1699),(1688,1689,1701),(1688,1701,1700),(1689,1690,1702),(1689,1702,1701),(1690,1691,1703),(1690,1703,1702),(1691,1692,1704),(1691,1704,1703),(1692,1681,1693),(1692,1693,1704),(1693,1694,1706),(1693,1706,1705),(1694,1695,1707),(1694,1707,1706),(1695,1696,1708),(1695,1708,1707),(1696,1697,1709),(1696,1709,1708),(1697,1698,1710),(1697,1710,1709),(1698,1699,1711),(1698,1711,1710),(1699,1700,1712),(1699,1712,1711),(1700,1701,1713),(1700,1713,1712),(1701,1702,1714),(1701,1714,1713),(1702,1703,1715),(1702,1715,1714),(1703,1704,1716),(1703,1716,1715),(1704,1693,1705),(1704,1705,1716),(1705,1706,1718),(1705,1718,1717),(1706,1707,1719),(1706,1719,1718),(1707,1708,1720),(1707,1720,1719),(1708,1709,1721),(1708,1721,1720),(1709,1710,1722),(1709,1722,1721),(1710,1711,1723),(1710,1723,1722),(1711,1712,1724),(1711,1724,1723),(1712,1713,1725),(1712,1725,1724),(1713,1714,1726),(1713,1726,1725),(1714,1715,1727),(1714,1727,1726),(1715,1716,1728),(1715,1728,1727),(1716,1705,1717),(1716,1717,1728),(1717,1718,1730),(1717,1730,1729),(1718,1719,1731),(1718,1731,1730),(1719,1720,1732),(1719,1732,1731),(1720,1721,1733),(1720,1733,1732),(1721,1722,1734),(1721,1734,1733),(1722,1723,1735),(1722,1735,1734),(1723,1724,1736),(1723,1736,1735),(1724,1725,1737),(1724,1737,1736),(1725,1726,1738),(1725,1738,1737),(1726,1727,1739),(1726,1739,1738),(1727,1728,1740),(1727,1740,1739),(1728,1717,1729),(1728,1729,1740),(1729,1730,1742),(1729,1742,1741),(1730,1731,1743),(1730,1743,1742),(1731,1732,1744),(1731,1744,1743),(1732,1733,1745),(1732,1745,1744),(1733,1734,1746),(1733,1746,1745),(1734,1735,1747),(1734,1747,1746),(1735,1736,1748),(1735,1748,1747),(1736,1737,1749),(1736,1749,1748),(1737,1738,1750),(1737,1750,1749),(1738,1739,1751),(1738,1751,1750),(1739,1740,1752),(1739,1752,1751),(1740,1729,1741),(1740,1741,1752),(1741,1742,1754),(1741,1754,1753),(1742,1743,1755),(1742,1755,1754),(1743,1744,1756),(1743,1756,1755),(1744,1745,1757),(1744,1757,1756),(1745,1746,1758),(1745,1758,1757),(1746,1747,1759),(1746,1759,1758),(1747,1748,1760),(1747,1760,1759),(1748,1749,1761),(1748,1761,1760),(1749,1750,1762),(1749,1762,1761),(1750,1751,1763),(1750,1763,1762),(1751,1752,1764),(1751,1764,1763),(1752,1741,1753),(1752,1753,1764),(1753,1754,1766),(1753,1766,1765),(1754,1755,1767),(1754,1767,1766),(1755,1756,1768),(1755,1768,1767),(1756,1757,1769),(1756,1769,1768),(1757,1758,1770),(1757,1770,1769),(1758,1759,1771),(1758,1771,1770),(1759,1760,1772),(1759,1772,1771),(1760,1761,1773),(1760,1773,1772),(1761,1762,1774),(1761,1774,1773),(1762,1763,1775),(1762,1775,1774),(1763,1764,1776),(1763,1776,1775),(1764,1753,1765),(1764,1765,1776),(1765,1766,1778),(1765,1778,1777),(1766,1767,1779),(1766,1779,1778),(1767,1768,1780),(1767,1780,1779),(1768,1769,1781),(1768,1781,1780),(1769,1770,1782),(1769,1782,1781),(1770,1771,1783),(1770,1783,1782),(1771,1772,1784),(1771,1784,1783),(1772,1773,1785),(1772,1785,1784),(1773,1774,1786),(1773,1786,1785),(1774,1775,1787),(1774,1787,1786),(1775,1776,1788),(1775,1788,1787),(1776,1765,1777),(1776,1777,1788),(1777,1778,1790),(1777,1790,1789),(1778,1779,1791),(1778,1791,1790),(1779,1780,1792),(1779,1792,1791),(1780,1781,1793),(1780,1793,1792),(1781,1782,1794),(1781,1794,1793),(1782,1783,1795),(1782,1795,1794),(1783,1784,1796),(1783,1796,1795),(1784,1785,1797),(1784,1797,1796),(1785,1786,1798),(1785,1798,1797),(1786,1787,1799),(1786,1799,1798),(1787,1788,1800),(1787,1800,1799),(1788,1777,1789),(1788,1789,1800),(1789,1790,1802),(1789,1802,1801),(1790,1791,1803),(1790,1803,1802),(1791,1792,1804),(1791,1804,1803),(1792,1793,1805),(1792,1805,1804),(1793,1794,1806),(1793,1806,1805),(1794,1795,1807),(1794,1807,1806),(1795,1796,1808),(1795,1808,1807),(1796,1797,1809),(1796,1809,1808),(1797,1798,1810),(1797,1810,1809),(1798,1799,1811),(1798,1811,1810),(1799,1800,1812),(1799,1812,1811),(1800,1789,1801),(1800,1801,1812),(1801,1802,1814),(1801,1814,1813),(1802,1803,1815),(1802,1815,1814),(1803,1804,1816),(1803,1816,1815),(1804,1805,1817),(1804,1817,1816),(1805,1806,1818),(1805,1818,1817),(1806,1807,1819),(1806,1819,1818),(1807,1808,1820),(1807,1820,1819),(1808,1809,1821),(1808,1821,1820),(1809,1810,1822),(1809,1822,1821),(1810,1811,1823),(1810,1823,1822),(1811,1812,1824),(1811,1824,1823),(1812,1801,1813),(1812,1813,1824),(1813,1814,1826),(1813,1826,1825),(1814,1815,1827),(1814,1827,1826),(1815,1816,1828),(1815,1828,1827),(1816,1817,1829),(1816,1829,1828),(1817,1818,1830),(1817,1830,1829),(1818,1819,1831),(1818,1831,1830),(1819,1820,1832),(1819,1832,1831),(1820,1821,1833),(1820,1833,1832),(1821,1822,1834),(1821,1834,1833),(1822,1823,1835),(1822,1835,1834),(1823,1824,1836),(1823,1836,1835),(1824,1813,1825),(1824,1825,1836),(1825,1826,1838),(1825,1838,1837),(1826,1827,1839),(1826,1839,1838),(1827,1828,1840),(1827,1840,1839),(1828,1829,1841),(1828,1841,1840),(1829,1830,1842),(1829,1842,1841),(1830,1831,1843),(1830,1843,1842),(1831,1832,1844),(1831,1844,1843),(1832,1833,1845),(1832,1845,1844),(1833,1834,1846),(1833,1846,1845),(1834,1835,1847),(1834,1847,1846),(1835,1836,1848),(1835,1848,1847),(1836,1825,1837),(1836,1837,1848),(1837,1838,1850),(1837,1850,1849),(1838,1839,1851),(1838,1851,1850),(1839,1840,1852),(1839,1852,1851),(1840,1841,1853),(1840,1853,1852),(1841,1842,1854),(1841,1854,1853),(1842,1843,1855),(1842,1855,1854),(1843,1844,1856),(1843,1856,1855),(1844,1845,1857),(1844,1857,1856),(1845,1846,1858),(1845,1858,1857),(1846,1847,1859),(1846,1859,1858),(1847,1848,1860),(1847,1860,1859),(1848,1837,1849),(1848,1849,1860),(1849,1850,1862),(1849,1862,1861),(1850,1851,1863),(1850,1863,1862),(1851,1852,1864),(1851,1864,1863),(1852,1853,1865),(1852,1865,1864),(1853,1854,1866),(1853,1866,1865),(1854,1855,1867),(1854,1867,1866),(1855,1856,1868),(1855,1868,1867),(1856,1857,1869),(1856,1869,1868),(1857,1858,1870),(1857,1870,1869),(1858,1859,1871),(1858,1871,1870),(1859,1860,1872),(1859,1872,1871),(1860,1849,1861),(1860,1861,1872),(1861,1862,1874),(1861,1874,1873),(1862,1863,1875),(1862,1875,1874),(1863,1864,1876),(1863,1876,1875),(1864,1865,1877),(1864,1877,1876),(1865,1866,1878),(1865,1878,1877),(1866,1867,1879),(1866,1879,1878),(1867,1868,1880),(1867,1880,1879),(1868,1869,1881),(1868,1881,1880),(1869,1870,1882),(1869,1882,1881),(1870,1871,1883),(1870,1883,1882),(1871,1872,1884),(1871,1884,1883),(1872,1861,1873),(1872,1873,1884),(1873,1874,1886),(1873,1886,1885),(1874,1875,1887),(1874,1887,1886),(1875,1876,1888),(1875,1888,1887),(1876,1877,1889),(1876,1889,1888),(1877,1878,1890),(1877,1890,1889),(1878,1879,1891),(1878,1891,1890),(1879,1880,1892),(1879,1892,1891),(1880,1881,1893),(1880,1893,1892),(1881,1882,1894),(1881,1894,1893),(1882,1883,1895),(1882,1895,1894),(1883,1884,1896),(1883,1896,1895),(1884,1873,1885),(1884,1885,1896),(1885,1886,1898),(1885,1898,1897),(1886,1887,1899),(1886,1899,1898),(1887,1888,1900),(1887,1900,1899),(1888,1889,1901),(1888,1901,1900),(1889,1890,1902),(1889,1902,1901),(1890,1891,1903),(1890,1903,1902),(1891,1892,1904),(1891,1904,1903),(1892,1893,1905),(1892,1905,1904),(1893,1894,1906),(1893,1906,1905),(1894,1895,1907),(1894,1907,1906),(1895,1896,1908),(1895,1908,1907),(1896,1885,1897),(1896,1897,1908),(1897,1898,1910),(1897,1910,1909),(1898,1899,1911),(1898,1911,1910),(1899,1900,1912),(1899,1912,1911),(1900,1901,1913),(1900,1913,1912),(1901,1902,1914),(1901,1914,1913),(1902,1903,1915),(1902,1915,1914),(1903,1904,1916),(1903,1916,1915),(1904,1905,1917),(1904,1917,1916),(1905,1906,1918),(1905,1918,1917),(1906,1907,1919),(1906,1919,1918),(1907,1908,1920),(1907,1920,1919),(1908,1897,1909),(1908,1909,1920),(1909,1910,1922),(1909,1922,1921),(1910,1911,1923),(1910,1923,1922),(1911,1912,1924),(1911,1924,1923),(1912,1913,1925),(1912,1925,1924),(1913,1914,1926),(1913,1926,1925),(1914,1915,1927),(1914,1927,1926),(1915,1916,1928),(1915,1928,1927),(1916,1917,1929),(1916,1929,1928),(1917,1918,1930),(1917,1930,1929),(1918,1919,1931),(1918,1931,1930),(1919,1920,1932),(1919,1932,1931),(1920,1909,1921),(1920,1921,1932),(1921,1922,1934),(1921,1934,1933),(1922,1923,1935),(1922,1935,1934),(1923,1924,1936),(1923,1936,1935),(1924,1925,1937),(1924,1937,1936),(1925,1926,1938),(1925,1938,1937),(1926,1927,1939),(1926,1939,1938),(1927,1928,1940),(1927,1940,1939),(1928,1929,1941),(1928,1941,1940),(1929,1930,1942),(1929,1942,1941),(1930,1931,1943),(1930,1943,1942),(1931,1932,1944),(1931,1944,1943),(1932,1921,1933),(1932,1933,1944),(1933,1934,1946),(1933,1946,1945),(1934,1935,1947),(1934,1947,1946),(1935,1936,1948),(1935,1948,1947),(1936,1937,1949),(1936,1949,1948),(1937,1938,1950),(1937,1950,1949),(1938,1939,1951),(1938,1951,1950),(1939,1940,1952),(1939,1952,1951),(1940,1941,1953),(1940,1953,1952),(1941,1942,1954),(1941,1954,1953),(1942,1943,1955),(1942,1955,1954),(1943,1944,1956),(1943,1956,1955),(1944,1933,1945),(1944,1945,1956),(1945,1946,1958),(1945,1958,1957),(1946,1947,1959),(1946,1959,1958),(1947,1948,1960),(1947,1960,1959),(1948,1949,1961),(1948,1961,1960),(1949,1950,1962),(1949,1962,1961),(1950,1951,1963),(1950,1963,1962),(1951,1952,1964),(1951,1964,1963),(1952,1953,1965),(1952,1965,1964),(1953,1954,1966),(1953,1966,1965),(1954,1955,1967),(1954,1967,1966),(1955,1956,1968),(1955,1968,1967),(1956,1945,1957),(1956,1957,1968),(1957,1958,1970),(1957,1970,1969),(1958,1959,1971),(1958,1971,1970),(1959,1960,1972),(1959,1972,1971),(1960,1961,1973),(1960,1973,1972),(1961,1962,1974),(1961,1974,1973),(1962,1963,1975),(1962,1975,1974),(1963,1964,1976),(1963,1976,1975),(1964,1965,1977),(1964,1977,1976),(1965,1966,1978),(1965,1978,1977),(1966,1967,1979),(1966,1979,1978),(1967,1968,1980),(1967,1980,1979),(1968,1957,1969),(1968,1969,1980),(1969,1970,1982),(1969,1982,1981),(1970,1971,1983),(1970,1983,1982),(1971,1972,1984),(1971,1984,1983),(1972,1973,1985),(1972,1985,1984),(1973,1974,1986),(1973,1986,1985),(1974,1975,1987),(1974,1987,1986),(1975,1976,1988),(1975,1988,1987),(1976,1977,1989),(1976,1989,1988),(1977,1978,1990),(1977,1990,1989),(1978,1979,1991),(1978,1991,1990),(1979,1980,1992),(1979,1992,1991),(1980,1969,1981),(1980,1981,1992),(1981,1982,1994),(1981,1994,1993),(1982,1983,1995),(1982,1995,1994),(1983,1984,1996),(1983,1996,1995),(1984,1985,1997),(1984,1997,1996),(1985,1986,1998),(1985,1998,1997),(1986,1987,1999),(1986,1999,1998),(1987,1988,2000),(1987,2000,1999),(1988,1989,2001),(1988,2001,2000),(1989,1990,2002),(1989,2002,2001),(1990,1991,2003),(1990,2003,2002),(1991,1992,2004),(1991,2004,2003),(1992,1981,1993),(1992,1993,2004),(1993,1994,2006),(1993,2006,2005),(1994,1995,2007),(1994,2007,2006),(1995,1996,2008),(1995,2008,2007),(1996,1997,2009),(1996,2009,2008),(1997,1998,2010),(1997,2010,2009),(1998,1999,2011),(1998,2011,2010),(1999,2000,2012),(1999,2012,2011),(2000,2001,2013),(2000,2013,2012),(2001,2002,2014),(2001,2014,2013),(2002,2003,2015),(2002,2015,2014),(2003,2004,2016),(2003,2016,2015),(2004,1993,2005),(2004,2005,2016),(2005,2006,2018),(2005,2018,2017),(2006,2007,2019),(2006,2019,2018),(2007,2008,2020),(2007,2020,2019),(2008,2009,2021),(2008,2021,2020),(2009,2010,2022),(2009,2022,2021),(2010,2011,2023),(2010,2023,2022),(2011,2012,2024),(2011,2024,2023),(2012,2013,2025),(2012,2025,2024),(2013,2014,2026),(2013,2026,2025),(2014,2015,2027),(2014,2027,2026),(2015,2016,2028),(2015,2028,2027),(2016,2005,2017),(2016,2017,2028),(2017,2018,2030),(2017,2030,2029),(2018,2019,2031),(2018,2031,2030),(2019,2020,2032),(2019,2032,2031),(2020,2021,2033),(2020,2033,2032),(2021,2022,2034),(2021,2034,2033),(2022,2023,2035),(2022,2035,2034),(2023,2024,2036),(2023,2036,2035),(2024,2025,2037),(2024,2037,2036),(2025,2026,2038),(2025,2038,2037),(2026,2027,2039),(2026,2039,2038),(2027,2028,2040),(2027,2040,2039),(2028,2017,2029),(2028,2029,2040),(2029,2030,2042),(2029,2042,2041),(2030,2031,2043),(2030,2043,2042),(2031,2032,2044),(2031,2044,2043),(2032,2033,2045),(2032,2045,2044),(2033,2034,2046),(2033,2046,2045),(2034,2035,2047),(2034,2047,2046),(2035,2036,2048),(2035,2048,2047),(2036,2037,2049),(2036,2049,2048),(2037,2038,2050),(2037,2050,2049),(2038,2039,2051),(2038,2051,2050),(2039,2040,2052),(2039,2052,2051),(2040,2029,2041),(2040,2041,2052),(2041,2042,2054),(2041,2054,2053),(2042,2043,2055),(2042,2055,2054),(2043,2044,2056),(2043,2056,2055),(2044,2045,2057),(2044,2057,2056),(2045,2046,2058),(2045,2058,2057),(2046,2047,2059),(2046,2059,2058),(2047,2048,2060),(2047,2060,2059),(2048,2049,2061),(2048,2061,2060),(2049,2050,2062),(2049,2062,2061),(2050,2051,2063),(2050,2063,2062),(2051,2052,2064),(2051,2064,2063),(2052,2041,2053),(2052,2053,2064),(2053,2054,2066),(2053,2066,2065),(2054,2055,2067),(2054,2067,2066),(2055,2056,2068),(2055,2068,2067),(2056,2057,2069),(2056,2069,2068),(2057,2058,2070),(2057,2070,2069),(2058,2059,2071),(2058,2071,2070),(2059,2060,2072),(2059,2072,2071),(2060,2061,2073),(2060,2073,2072),(2061,2062,2074),(2061,2074,2073),(2062,2063,2075),(2062,2075,2074),(2063,2064,2076),(2063,2076,2075),(2064,2053,2065),(2064,2065,2076),(2065,2066,2078),(2065,2078,2077),(2066,2067,2079),(2066,2079,2078),(2067,2068,2080),(2067,2080,2079),(2068,2069,2081),(2068,2081,2080),(2069,2070,2082),(2069,2082,2081),(2070,2071,2083),(2070,2083,2082),(2071,2072,2084),(2071,2084,2083),(2072,2073,2085),(2072,2085,2084),(2073,2074,2086),(2073,2086,2085),(2074,2075,2087),(2074,2087,2086),(2075,2076,2088),(2075,2088,2087),(2076,2065,2077),(2076,2077,2088),(2077,2078,2090),(2077,2090,2089),(2078,2079,2091),(2078,2091,2090),(2079,2080,2092),(2079,2092,2091),(2080,2081,2093),(2080,2093,2092),(2081,2082,2094),(2081,2094,2093),(2082,2083,2095),(2082,2095,2094),(2083,2084,2096),(2083,2096,2095),(2084,2085,2097),(2084,2097,2096),(2085,2086,2098),(2085,2098,2097),(2086,2087,2099),(2086,2099,2098),(2087,2088,2100),(2087,2100,2099),(2088,2077,2089),(2088,2089,2100),(2089,2090,2102),(2089,2102,2101),(2090,2091,2103),(2090,2103,2102),(2091,2092,2104),(2091,2104,2103),(2092,2093,2105),(2092,2105,2104),(2093,2094,2106),(2093,2106,2105),(2094,2095,2107),(2094,2107,2106),(2095,2096,2108),(2095,2108,2107),(2096,2097,2109),(2096,2109,2108),(2097,2098,2110),(2097,2110,2109),(2098,2099,2111),(2098,2111,2110),(2099,2100,2112),(2099,2112,2111),(2100,2089,2101),(2100,2101,2112),(2101,2102,2114),(2101,2114,2113),(2102,2103,2115),(2102,2115,2114),(2103,2104,2116),(2103,2116,2115),(2104,2105,2117),(2104,2117,2116),(2105,2106,2118),(2105,2118,2117),(2106,2107,2119),(2106,2119,2118),(2107,2108,2120),(2107,2120,2119),(2108,2109,2121),(2108,2121,2120),(2109,2110,2122),(2109,2122,2121),(2110,2111,2123),(2110,2123,2122),(2111,2112,2124),(2111,2124,2123),(2112,2101,2113),(2112,2113,2124),(2113,2114,2126),(2113,2126,2125),(2114,2115,2127),(2114,2127,2126),(2115,2116,2128),(2115,2128,2127),(2116,2117,2129),(2116,2129,2128),(2117,2118,2130),(2117,2130,2129),(2118,2119,2131),(2118,2131,2130),(2119,2120,2132),(2119,2132,2131),(2120,2121,2133),(2120,2133,2132),(2121,2122,2134),(2121,2134,2133),(2122,2123,2135),(2122,2135,2134),(2123,2124,2136),(2123,2136,2135),(2124,2113,2125),(2124,2125,2136),(2125,2126,2138),(2125,2138,2137),(2126,2127,2139),(2126,2139,2138),(2127,2128,2140),(2127,2140,2139),(2128,2129,2141),(2128,2141,2140),(2129,2130,2142),(2129,2142,2141),(2130,2131,2143),(2130,2143,2142),(2131,2132,2144),(2131,2144,2143),(2132,2133,2145),(2132,2145,2144),(2133,2134,2146),(2133,2146,2145),(2134,2135,2147),(2134,2147,2146),(2135,2136,2148),(2135,2148,2147),(2136,2125,2137),(2136,2137,2148),(2137,2138,2150),(2137,2150,2149),(2138,2139,2151),(2138,2151,2150),(2139,2140,2152),(2139,2152,2151),(2140,2141,2153),(2140,2153,2152),(2141,2142,2154),(2141,2154,2153),(2142,2143,2155),(2142,2155,2154),(2143,2144,2156),(2143,2156,2155),(2144,2145,2157),(2144,2157,2156),(2145,2146,2158),(2145,2158,2157),(2146,2147,2159),(2146,2159,2158),(2147,2148,2160),(2147,2160,2159),(2148,2137,2149),(2148,2149,2160),(2149,2150,2162),(2149,2162,2161),(2150,2151,2163),(2150,2163,2162),(2151,2152,2164),(2151,2164,2163),(2152,2153,2165),(2152,2165,2164),(2153,2154,2166),(2153,2166,2165),(2154,2155,2167),(2154,2167,2166),(2155,2156,2168),(2155,2168,2167),(2156,2157,2169),(2156,2169,2168),(2157,2158,2170),(2157,2170,2169),(2158,2159,2171),(2158,2171,2170),(2159,2160,2172),(2159,2172,2171),(2160,2149,2161),(2160,2161,2172),(2161,2162,2174),(2161,2174,2173),(2162,2163,2175),(2162,2175,2174),(2163,2164,2176),(2163,2176,2175),(2164,2165,2177),(2164,2177,2176),(2165,2166,2178),(2165,2178,2177),(2166,2167,2179),(2166,2179,2178),(2167,2168,2180),(2167,2180,2179),(2168,2169,2181),(2168,2181,2180),(2169,2170,2182),(2169,2182,2181),(2170,2171,2183),(2170,2183,2182),(2171,2172,2184),(2171,2184,2183),(2172,2161,2173),(2172,2173,2184),(2173,2174,2186),(2173,2186,2185),(2174,2175,2187),(2174,2187,2186),(2175,2176,2188),(2175,2188,2187),(2176,2177,2189),(2176,2189,2188),(2177,2178,2190),(2177,2190,2189),(2178,2179,2191),(2178,2191,2190),(2179,2180,2192),(2179,2192,2191),(2180,2181,2193),(2180,2193,2192),(2181,2182,2194),(2181,2194,2193),(2182,2183,2195),(2182,2195,2194),(2183,2184,2196),(2183,2196,2195),(2184,2173,2185),(2184,2185,2196),(2185,2186,2198),(2185,2198,2197),(2186,2187,2199),(2186,2199,2198),(2187,2188,2200),(2187,2200,2199),(2188,2189,2201),(2188,2201,2200),(2189,2190,2202),(2189,2202,2201),(2190,2191,2203),(2190,2203,2202),(2191,2192,2204),(2191,2204,2203),(2192,2193,2205),(2192,2205,2204),(2193,2194,2206),(2193,2206,2205),(2194,2195,2207),(2194,2207,2206),(2195,2196,2208),(2195,2208,2207),(2196,2185,2197),(2196,2197,2208),(2197,2198,2210),(2197,2210,2209),(2198,2199,2211),(2198,2211,2210),(2199,2200,2212),(2199,2212,2211),(2200,2201,2213),(2200,2213,2212),(2201,2202,2214),(2201,2214,2213),(2202,2203,2215),(2202,2215,2214),(2203,2204,2216),(2203,2216,2215),(2204,2205,2217),(2204,2217,2216),(2205,2206,2218),(2205,2218,2217),(2206,2207,2219),(2206,2219,2218),(2207,2208,2220),(2207,2220,2219),(2208,2197,2209),(2208,2209,2220),(2209,2210,2222),(2209,2222,2221),(2210,2211,2223),(2210,2223,2222),(2211,2212,2224),(2211,2224,2223),(2212,2213,2225),(2212,2225,2224),(2213,2214,2226),(2213,2226,2225),(2214,2215,2227),(2214,2227,2226),(2215,2216,2228),(2215,2228,2227),(2216,2217,2229),(2216,2229,2228),(2217,2218,2230),(2217,2230,2229),(2218,2219,2231),(2218,2231,2230),(2219,2220,2232),(2219,2232,2231),(2220,2209,2221),(2220,2221,2232),(2,1,12),(4,3,2),(7,6,5),(8,7,5),(10,9,8),(2,12,11),(4,2,11),(5,4,11),(10,8,5),(11,10,5),(2232,2221,2222),(2222,2223,2224),(2225,2226,2227),(2225,2227,2228),(2228,2229,2230),(2231,2232,2222),(2231,2222,2224),(2231,2224,2225),(2225,2228,2230),(2225,2230,2231)),$);
#1947=IFCSHAPEREPRESENTATION(#12,'Body','Tessellation',(#1946));
#1948=IFCCARTESIANPOINT((0.,0.,0.));
#1949=IFCDIRECTION((0.,0.,1.));
#1950=IFCDIRECTION((1.,0.,0.));
#1951=IFCAXIS2PLACEMENT3D(#1948,#1949,#1950);
#1952=IFCLOCALPLACEMENT(#17,#1951);
#1953=IFCPRODUCTDEFINITIONSHAPE($,$,(#1947));
#1954=IFCBUILDINGELEMENTPROXY('0ePUu_FkLEUgx5k8cG69Vc',$,'closed_3d_filleted',$,$,#1952,#1953,$,$);
#1955=IFCRELCONTAINEDINSPATIALSTRUCTURE('28GlQQU$jAQfL1Zzk3Jw2F',$,$,$,(#1954),#18);
#1956=IFCCOLOURRGB($,0.50196078431372548,0.50196078431372548,0.50196078431372548);
#1957=IFCSURFACESTYLERENDERING(#1956,0.,$,$,$,$,$,$,.FLAT.);
#1958=IFCSURFACESTYLE($,.BOTH.,(#1957));
#1959=IFCSTYLEDITEM(#1946,(#1958),$);
ENDSEC;
END-ISO-10303-21;
