ISO-10303-21;
HEADER;
FILE_DESCRIPTION(('ViewDefinition [CoordinationView]'),'2;1');
FILE_NAME('','2026-05-10T11:09:05',(''),(''),'IfcOpenShell 0.8.4-e8eb5e4','IfcOpenShell 0.8.4-e8eb5e4','');
FILE_SCHEMA(('IFC4'));
ENDSEC;
DATA;
#1=IFCPROJECT('1a4W6$xBfCA8vDqitHdNQt',$,'Unnamed Project',$,$,$,$,(#11),#6);
#2=IFCSIUNIT(*,.LENGTHUNIT.,.MILLI.,.METRE.);
#3=IFCSIUNIT(*,.AREAUNIT.,$,.SQUARE_METRE.);
#4=IFCSIUNIT(*,.VOLUMEUNIT.,$,.CUBIC_METRE.);
#5=IFCSIUNIT(*,.PLANEANGLEUNIT.,$,.RADIAN.);
#6=IFCUNITASSIGNMENT((#3,#4,#2,#5));
#7=IFCCARTESIANPOINT((0.,0.,0.));
#8=IFCDIRECTION((0.,0.,1.));
#9=IFCDIRECTION((1.,0.,0.));
#10=IFCAXIS2PLACEMENT3D(#7,#8,#9);
#11=IFCGEOMETRICREPRESENTATIONCONTEXT($,'Model',3,1.E-05,#10,$);
#12=IFCGEOMETRICREPRESENTATIONSUBCONTEXT('Body','Model',*,*,*,*,#11,$,.MODEL_VIEW.,$);
#13=IFCCARTESIANPOINT((0.,0.,0.));
#14=IFCDIRECTION((0.,0.,1.));
#15=IFCDIRECTION((1.,0.,0.));
#16=IFCAXIS2PLACEMENT3D(#13,#14,#15);
#17=IFCLOCALPLACEMENT($,#16);
#18=IFCBUILDINGSTOREY('1xYsUaqyr8GPqINT$d7FWK',$,'Storey',$,$,#17,$,$,$,$);
#19=IFCRELAGGREGATES('3I0xvlxF98RfHe6e4J5XWk',$,$,$,#1,(#18));
#20=IFCCARTESIANPOINT((0.,0.,0.));
#21=IFCCARTESIANPOINT((1700.,0.,0.));
#22=IFCPOLYLINE((#20,#21));
#23=IFCCOMPOSITECURVESEGMENT(.CONTSAMEGRADIENT.,.T.,#22);
#24=IFCCARTESIANPOINT((1700.,300.,0.));
#25=IFCDIRECTION((0.,0.,1.));
#26=IFCDIRECTION((0.,-1.,0.));
#27=IFCAXIS2PLACEMENT3D(#24,#25,#26);
#28=IFCCIRCLE(#27,300.);
#29=IFCTRIMMEDCURVE(#28,(IFCPARAMETERVALUE(0.)),(IFCPARAMETERVALUE(90.)),.T.,.PARAMETER.);
#30=IFCCOMPOSITECURVESEGMENT(.CONTSAMEGRADIENT.,.T.,#29);
#31=IFCCARTESIANPOINT((2000.,300.,0.));
#32=IFCCARTESIANPOINT((2000.,700.,0.));
#33=IFCPOLYLINE((#31,#32));
#34=IFCCOMPOSITECURVESEGMENT(.CONTSAMEGRADIENT.,.T.,#33);
#35=IFCCARTESIANPOINT((2000.,700.,300.));
#36=IFCDIRECTION((1.,0.,0.));
#37=IFCDIRECTION((0.,0.,-1.));
#38=IFCAXIS2PLACEMENT3D(#35,#36,#37);
#39=IFCCIRCLE(#38,300.);
#40=IFCTRIMMEDCURVE(#39,(IFCPARAMETERVALUE(0.)),(IFCPARAMETERVALUE(90.)),.T.,.PARAMETER.);
#41=IFCCOMPOSITECURVESEGMENT(.CONTSAMEGRADIENT.,.T.,#40);
#42=IFCCARTESIANPOINT((2000.,1000.,300.));
#43=IFCCARTESIANPOINT((2000.,1000.,700.));
#44=IFCPOLYLINE((#42,#43));
#45=IFCCOMPOSITECURVESEGMENT(.CONTSAMEGRADIENT.,.T.,#44);
#46=IFCCARTESIANPOINT((2000.,700.,700.));
#47=IFCDIRECTION((1.,0.,-0.));
#48=IFCDIRECTION((0.,1.,0.));
#49=IFCAXIS2PLACEMENT3D(#46,#47,#48);
#50=IFCCIRCLE(#49,300.);
#51=IFCTRIMMEDCURVE(#50,(IFCPARAMETERVALUE(0.)),(IFCPARAMETERVALUE(90.)),.T.,.PARAMETER.);
#52=IFCCOMPOSITECURVESEGMENT(.CONTSAMEGRADIENT.,.T.,#51);
#53=IFCCARTESIANPOINT((2000.,700.,1000.));
#54=IFCCARTESIANPOINT((2000.,300.,1000.));
#55=IFCPOLYLINE((#53,#54));
#56=IFCCOMPOSITECURVESEGMENT(.CONTSAMEGRADIENT.,.T.,#55);
#57=IFCCARTESIANPOINT((2300.,300.,1000.));
#58=IFCDIRECTION((-0.,0.,1.));
#59=IFCDIRECTION((-1.,0.,0.));
#60=IFCAXIS2PLACEMENT3D(#57,#58,#59);
#61=IFCCIRCLE(#60,300.);
#62=IFCTRIMMEDCURVE(#61,(IFCPARAMETERVALUE(0.)),(IFCPARAMETERVALUE(90.)),.T.,.PARAMETER.);
#63=IFCCOMPOSITECURVESEGMENT(.CONTSAMEGRADIENT.,.T.,#62);
#64=IFCCARTESIANPOINT((2300.,0.,1000.));
#65=IFCCARTESIANPOINT((2875.7359,0.,1000.));
#66=IFCPOLYLINE((#64,#65));
#67=IFCCOMPOSITECURVESEGMENT(.CONTSAMEGRADIENT.,.T.,#66);
#68=IFCCARTESIANPOINT((2875.7359,300.,1000.));
#69=IFCDIRECTION((0.,0.,1.));
#70=IFCDIRECTION((-0.,-1.,0.));
#71=IFCAXIS2PLACEMENT3D(#68,#69,#70);
#72=IFCCIRCLE(#71,300.);
#73=IFCTRIMMEDCURVE(#72,(IFCPARAMETERVALUE(0.)),(IFCPARAMETERVALUE(45.0000000000001)),.T.,.PARAMETER.);
#74=IFCCOMPOSITECURVESEGMENT(.CONTSAMEGRADIENT.,.T.,#73);
#75=IFCCARTESIANPOINT((3087.868,87.868,1000.));
#76=IFCCARTESIANPOINT((3899.3438,899.3438,1000.));
#77=IFCPOLYLINE((#75,#76));
#78=IFCCOMPOSITECURVESEGMENT(.CONTSAMEGRADIENT.,.T.,#77);
#79=IFCCARTESIANPOINT((4072.5489,726.1387,826.7949));
#80=IFCDIRECTION((-0.4082,0.4082,-0.8165));
#81=IFCDIRECTION((-0.5774,0.5774,0.5774));
#82=IFCAXIS2PLACEMENT3D(#79,#80,#81);
#83=IFCCIRCLE(#82,300.);
#84=IFCTRIMMEDCURVE(#83,(IFCPARAMETERVALUE(0.)),(IFCPARAMETERVALUE(50.7684795164078)),.T.,.PARAMETER.);
#85=IFCCOMPOSITECURVESEGMENT(.CONTSAMEGRADIENT.,.T.,#84);
#86=IFCCARTESIANPOINT((4127.3211,1000.,936.3394));
#87=IFCCARTESIANPOINT((4897.5078,1000.,551.2461));
#88=IFCPOLYLINE((#86,#87));
#89=IFCCOMPOSITECURVESEGMENT(.CONTSAMEGRADIENT.,.T.,#88);
#90=IFCCARTESIANPOINT((4897.5078,700.,551.2461));
#91=IFCDIRECTION((-0.4472,-0.,-0.8944));
#92=IFCDIRECTION((0.,1.,0.));
#93=IFCAXIS2PLACEMENT3D(#90,#91,#92);
#94=IFCCIRCLE(#93,300.);
#95=IFCTRIMMEDCURVE(#94,(IFCPARAMETERVALUE(0.)),(IFCPARAMETERVALUE(41.8103148957787)),.T.,.PARAMETER.);
#96=IFCCOMPOSITECURVESEGMENT(.CONTSAMEGRADIENT.,.T.,#95);
#97=IFCCARTESIANPOINT((5076.3932,923.6068,461.8034));
#98=IFCCARTESIANPOINT((6000.,0.,0.));
#99=IFCPOLYLINE((#97,#98));
#100=IFCCOMPOSITECURVESEGMENT(.DISCONTINUOUS.,.T.,#99);
#101=IFCCOMPOSITECURVE((#23,#30,#34,#41,#45,#52,#56,#63,#67,#74,#78,#85,#89,#96,#100),.F.);
#102=IFCCARTESIANPOINT((0.,0.));
#103=IFCAXIS2PLACEMENT2D(#102,$);
#104=IFCRECTANGLEPROFILEDEF(.AREA.,$,#103,150.,300.);
#105=IFCCARTESIANPOINT((0.,0.));
#106=IFCAXIS2PLACEMENT2D(#105,$);
#107=IFCRECTANGLEPROFILEDEF(.AREA.,$,#106,150.,300.);
#108=IFCCARTESIANPOINT((0.,0.));
#109=IFCCARTESIANTRANSFORMATIONOPERATOR2D($,$,#108,$);
#110=IFCCARTESIANTRANSFORMATIONOPERATOR2DNONUNIFORM($,$,#108,1.,1.00008567976639);
#111=IFCDERIVEDPROFILEDEF($,$,#107,#110,$);
#112=IFCCARTESIANPOINT((0.,0.));
#113=IFCAXIS2PLACEMENT2D(#112,$);
#114=IFCRECTANGLEPROFILEDEF(.AREA.,$,#113,150.,300.);
#115=IFCCARTESIANPOINT((0.,0.));
#116=IFCCARTESIANTRANSFORMATIONOPERATOR2D($,$,#115,$);
#117=IFCCARTESIANTRANSFORMATIONOPERATOR2DNONUNIFORM($,$,#115,1.,1.00034279249087);
#118=IFCDERIVEDPROFILEDEF($,$,#114,#117,$);
#119=IFCCARTESIANPOINT((0.,0.));
#120=IFCAXIS2PLACEMENT2D(#119,$);
#121=IFCRECTANGLEPROFILEDEF(.AREA.,$,#120,150.,300.);
#122=IFCCARTESIANPOINT((0.,0.));
#123=IFCCARTESIANTRANSFORMATIONOPERATOR2D($,$,#122,$);
#124=IFCCARTESIANTRANSFORMATIONOPERATOR2DNONUNIFORM($,$,#122,1.,1.00034279249087);
#125=IFCDERIVEDPROFILEDEF($,$,#121,#124,$);
#126=IFCCARTESIANPOINT((0.,0.));
#127=IFCAXIS2PLACEMENT2D(#126,$);
#128=IFCRECTANGLEPROFILEDEF(.AREA.,$,#127,150.,300.);
#129=IFCCARTESIANPOINT((0.,0.));
#130=IFCCARTESIANTRANSFORMATIONOPERATOR2D($,$,#129,$);
#131=IFCCARTESIANTRANSFORMATIONOPERATOR2DNONUNIFORM($,$,#129,1.,1.00034279249087);
#132=IFCDERIVEDPROFILEDEF($,$,#128,#131,$);
#133=IFCCARTESIANPOINT((0.,0.));
#134=IFCAXIS2PLACEMENT2D(#133,$);
#135=IFCRECTANGLEPROFILEDEF(.AREA.,$,#134,150.,300.);
#136=IFCCARTESIANPOINT((0.,0.));
#137=IFCCARTESIANTRANSFORMATIONOPERATOR2D($,$,#136,$);
#138=IFCCARTESIANTRANSFORMATIONOPERATOR2DNONUNIFORM($,$,#136,1.,1.00034279249087);
#139=IFCDERIVEDPROFILEDEF($,$,#135,#138,$);
#140=IFCCARTESIANPOINT((0.,0.));
#141=IFCAXIS2PLACEMENT2D(#140,$);
#142=IFCRECTANGLEPROFILEDEF(.AREA.,$,#141,150.,300.);
#143=IFCCARTESIANPOINT((0.,0.));
#144=IFCCARTESIANTRANSFORMATIONOPERATOR2D($,$,#143,$);
#145=IFCCARTESIANTRANSFORMATIONOPERATOR2DNONUNIFORM($,$,#143,1.,1.00034279249087);
#146=IFCDERIVEDPROFILEDEF($,$,#142,#145,$);
#147=IFCCARTESIANPOINT((0.,0.));
#148=IFCAXIS2PLACEMENT2D(#147,$);
#149=IFCRECTANGLEPROFILEDEF(.AREA.,$,#148,150.,300.);
#150=IFCCARTESIANPOINT((0.,0.));
#151=IFCCARTESIANTRANSFORMATIONOPERATOR2D($,$,#150,$);
#152=IFCCARTESIANTRANSFORMATIONOPERATOR2DNONUNIFORM($,$,#150,1.,1.00034279249087);
#153=IFCDERIVEDPROFILEDEF($,$,#149,#152,$);
#154=IFCCARTESIANPOINT((0.,0.));
#155=IFCAXIS2PLACEMENT2D(#154,$);
#156=IFCRECTANGLEPROFILEDEF(.AREA.,$,#155,150.,300.);
#157=IFCCARTESIANPOINT((0.,0.));
#158=IFCCARTESIANTRANSFORMATIONOPERATOR2D($,$,#157,$);
#159=IFCCARTESIANTRANSFORMATIONOPERATOR2DNONUNIFORM($,$,#157,1.,1.00034279249087);
#160=IFCDERIVEDPROFILEDEF($,$,#156,#159,$);
#161=IFCCARTESIANPOINT((0.,0.));
#162=IFCAXIS2PLACEMENT2D(#161,$);
#163=IFCRECTANGLEPROFILEDEF(.AREA.,$,#162,150.,300.);
#164=IFCCARTESIANPOINT((0.,0.));
#165=IFCCARTESIANTRANSFORMATIONOPERATOR2D($,$,#164,$);
#166=IFCCARTESIANTRANSFORMATIONOPERATOR2DNONUNIFORM($,$,#164,1.,1.00034279249087);
#167=IFCDERIVEDPROFILEDEF($,$,#163,#166,$);
#168=IFCCARTESIANPOINT((0.,0.));
#169=IFCAXIS2PLACEMENT2D(#168,$);
#170=IFCRECTANGLEPROFILEDEF(.AREA.,$,#169,150.,300.);
#171=IFCCARTESIANPOINT((0.,0.));
#172=IFCCARTESIANTRANSFORMATIONOPERATOR2D($,$,#171,$);
#173=IFCCARTESIANTRANSFORMATIONOPERATOR2DNONUNIFORM($,$,#171,1.,1.00034279249087);
#174=IFCDERIVEDPROFILEDEF($,$,#170,#173,$);
#175=IFCCARTESIANPOINT((0.,0.));
#176=IFCAXIS2PLACEMENT2D(#175,$);
#177=IFCRECTANGLEPROFILEDEF(.AREA.,$,#176,150.,300.);
#178=IFCCARTESIANPOINT((0.,0.));
#179=IFCCARTESIANTRANSFORMATIONOPERATOR2D($,$,#178,$);
#180=IFCCARTESIANTRANSFORMATIONOPERATOR2DNONUNIFORM($,$,#178,1.,1.00034279249087);
#181=IFCDERIVEDPROFILEDEF($,$,#177,#180,$);
#182=IFCCARTESIANPOINT((0.,0.));
#183=IFCAXIS2PLACEMENT2D(#182,$);
#184=IFCRECTANGLEPROFILEDEF(.AREA.,$,#183,150.,300.);
#185=IFCCARTESIANPOINT((0.,0.));
#186=IFCCARTESIANTRANSFORMATIONOPERATOR2D($,$,#185,$);
#187=IFCCARTESIANTRANSFORMATIONOPERATOR2DNONUNIFORM($,$,#185,1.,1.00034279249087);
#188=IFCDERIVEDPROFILEDEF($,$,#184,#187,$);
#189=IFCCARTESIANPOINT((0.,0.));
#190=IFCAXIS2PLACEMENT2D(#189,$);
#191=IFCRECTANGLEPROFILEDEF(.AREA.,$,#190,150.,300.);
#192=IFCCARTESIANPOINT((0.,0.));
#193=IFCCARTESIANTRANSFORMATIONOPERATOR2D($,$,#192,$);
#194=IFCCARTESIANTRANSFORMATIONOPERATOR2DNONUNIFORM($,$,#192,1.,1.00034279249087);
#195=IFCDERIVEDPROFILEDEF($,$,#191,#194,$);
#196=IFCCARTESIANPOINT((0.,0.));
#197=IFCAXIS2PLACEMENT2D(#196,$);
#198=IFCRECTANGLEPROFILEDEF(.AREA.,$,#197,150.,300.);
#199=IFCCARTESIANPOINT((0.,0.));
#200=IFCCARTESIANTRANSFORMATIONOPERATOR2D($,$,#199,$);
#201=IFCCARTESIANTRANSFORMATIONOPERATOR2DNONUNIFORM($,$,#199,1.,1.00034279249087);
#202=IFCDERIVEDPROFILEDEF($,$,#198,#201,$);
#203=IFCCARTESIANPOINT((0.,0.));
#204=IFCAXIS2PLACEMENT2D(#203,$);
#205=IFCRECTANGLEPROFILEDEF(.AREA.,$,#204,150.,300.);
#206=IFCCARTESIANPOINT((0.,0.));
#207=IFCCARTESIANTRANSFORMATIONOPERATOR2D($,$,#206,$);
#208=IFCCARTESIANTRANSFORMATIONOPERATOR2DNONUNIFORM($,$,#206,1.,1.00034279249087);
#209=IFCDERIVEDPROFILEDEF($,$,#205,#208,$);
#210=IFCCARTESIANPOINT((0.,0.));
#211=IFCAXIS2PLACEMENT2D(#210,$);
#212=IFCRECTANGLEPROFILEDEF(.AREA.,$,#211,150.,300.);
#213=IFCCARTESIANPOINT((0.,0.));
#214=IFCCARTESIANTRANSFORMATIONOPERATOR2D($,$,#213,$);
#215=IFCCARTESIANTRANSFORMATIONOPERATOR2DNONUNIFORM($,$,#213,1.,1.00034279249087);
#216=IFCDERIVEDPROFILEDEF($,$,#212,#215,$);
#217=IFCCARTESIANPOINT((0.,0.));
#218=IFCAXIS2PLACEMENT2D(#217,$);
#219=IFCRECTANGLEPROFILEDEF(.AREA.,$,#218,150.,300.);
#220=IFCCARTESIANPOINT((0.,0.));
#221=IFCCARTESIANTRANSFORMATIONOPERATOR2D($,$,#220,$);
#222=IFCCARTESIANTRANSFORMATIONOPERATOR2DNONUNIFORM($,$,#220,1.,1.00034279249087);
#223=IFCDERIVEDPROFILEDEF($,$,#219,#222,$);
#224=IFCCARTESIANPOINT((0.,0.));
#225=IFCAXIS2PLACEMENT2D(#224,$);
#226=IFCRECTANGLEPROFILEDEF(.AREA.,$,#225,150.,300.);
#227=IFCCARTESIANPOINT((0.,0.));
#228=IFCCARTESIANTRANSFORMATIONOPERATOR2D($,$,#227,$);
#229=IFCCARTESIANTRANSFORMATIONOPERATOR2DNONUNIFORM($,$,#227,1.,1.00034279249087);
#230=IFCDERIVEDPROFILEDEF($,$,#226,#229,$);
#231=IFCCARTESIANPOINT((0.,0.));
#232=IFCAXIS2PLACEMENT2D(#231,$);
#233=IFCRECTANGLEPROFILEDEF(.AREA.,$,#232,150.,300.);
#234=IFCCARTESIANPOINT((0.,0.));
#235=IFCCARTESIANTRANSFORMATIONOPERATOR2D($,$,#234,$);
#236=IFCCARTESIANTRANSFORMATIONOPERATOR2DNONUNIFORM($,$,#234,1.,1.00034279249087);
#237=IFCDERIVEDPROFILEDEF($,$,#233,#236,$);
#238=IFCCARTESIANPOINT((0.,0.));
#239=IFCAXIS2PLACEMENT2D(#238,$);
#240=IFCRECTANGLEPROFILEDEF(.AREA.,$,#239,150.,300.);
#241=IFCCARTESIANPOINT((0.,0.));
#242=IFCCARTESIANTRANSFORMATIONOPERATOR2D($,$,#241,$);
#243=IFCCARTESIANTRANSFORMATIONOPERATOR2DNONUNIFORM($,$,#241,1.,1.00034279249087);
#244=IFCDERIVEDPROFILEDEF($,$,#240,#243,$);
#245=IFCCARTESIANPOINT((0.,0.));
#246=IFCAXIS2PLACEMENT2D(#245,$);
#247=IFCRECTANGLEPROFILEDEF(.AREA.,$,#246,150.,300.);
#248=IFCCARTESIANPOINT((0.,0.));
#249=IFCCARTESIANTRANSFORMATIONOPERATOR2D($,$,#248,$);
#250=IFCCARTESIANTRANSFORMATIONOPERATOR2DNONUNIFORM($,$,#248,1.,1.00034279249087);
#251=IFCDERIVEDPROFILEDEF($,$,#247,#250,$);
#252=IFCCARTESIANPOINT((0.,0.));
#253=IFCAXIS2PLACEMENT2D(#252,$);
#254=IFCRECTANGLEPROFILEDEF(.AREA.,$,#253,150.,300.);
#255=IFCCARTESIANPOINT((0.,0.));
#256=IFCCARTESIANTRANSFORMATIONOPERATOR2D($,$,#255,$);
#257=IFCCARTESIANTRANSFORMATIONOPERATOR2DNONUNIFORM($,$,#255,1.,1.00034279249087);
#258=IFCDERIVEDPROFILEDEF($,$,#254,#257,$);
#259=IFCCARTESIANPOINT((0.,0.));
#260=IFCAXIS2PLACEMENT2D(#259,$);
#261=IFCRECTANGLEPROFILEDEF(.AREA.,$,#260,150.,300.);
#262=IFCCARTESIANPOINT((0.,0.));
#263=IFCCARTESIANTRANSFORMATIONOPERATOR2D($,$,#262,$);
#264=IFCCARTESIANTRANSFORMATIONOPERATOR2DNONUNIFORM($,$,#262,1.,1.00034279249087);
#265=IFCDERIVEDPROFILEDEF($,$,#261,#264,$);
#266=IFCCARTESIANPOINT((0.,0.));
#267=IFCAXIS2PLACEMENT2D(#266,$);
#268=IFCRECTANGLEPROFILEDEF(.AREA.,$,#267,150.,300.);
#269=IFCCARTESIANPOINT((0.,0.));
#270=IFCCARTESIANTRANSFORMATIONOPERATOR2D($,$,#269,$);
#271=IFCCARTESIANTRANSFORMATIONOPERATOR2DNONUNIFORM($,$,#269,1.,1.00034279249087);
#272=IFCDERIVEDPROFILEDEF($,$,#268,#271,$);
#273=IFCCARTESIANPOINT((0.,0.));
#274=IFCAXIS2PLACEMENT2D(#273,$);
#275=IFCRECTANGLEPROFILEDEF(.AREA.,$,#274,150.,300.);
#276=IFCCARTESIANPOINT((0.,0.));
#277=IFCCARTESIANTRANSFORMATIONOPERATOR2D($,$,#276,$);
#278=IFCCARTESIANTRANSFORMATIONOPERATOR2DNONUNIFORM($,$,#276,1.,1.00034279249087);
#279=IFCDERIVEDPROFILEDEF($,$,#275,#278,$);
#280=IFCCARTESIANPOINT((0.,0.));
#281=IFCAXIS2PLACEMENT2D(#280,$);
#282=IFCRECTANGLEPROFILEDEF(.AREA.,$,#281,150.,300.);
#283=IFCCARTESIANPOINT((0.,0.));
#284=IFCCARTESIANTRANSFORMATIONOPERATOR2D($,$,#283,$);
#285=IFCCARTESIANTRANSFORMATIONOPERATOR2DNONUNIFORM($,$,#283,1.,1.00034279249087);
#286=IFCDERIVEDPROFILEDEF($,$,#282,#285,$);
#287=IFCCARTESIANPOINT((0.,0.));
#288=IFCAXIS2PLACEMENT2D(#287,$);
#289=IFCRECTANGLEPROFILEDEF(.AREA.,$,#288,150.,300.);
#290=IFCCARTESIANPOINT((0.,0.));
#291=IFCCARTESIANTRANSFORMATIONOPERATOR2D($,$,#290,$);
#292=IFCCARTESIANTRANSFORMATIONOPERATOR2DNONUNIFORM($,$,#290,1.,1.00034279249087);
#293=IFCDERIVEDPROFILEDEF($,$,#289,#292,$);
#294=IFCCARTESIANPOINT((0.,0.));
#295=IFCAXIS2PLACEMENT2D(#294,$);
#296=IFCRECTANGLEPROFILEDEF(.AREA.,$,#295,150.,300.);
#297=IFCCARTESIANPOINT((0.,0.));
#298=IFCCARTESIANTRANSFORMATIONOPERATOR2D($,$,#297,$);
#299=IFCCARTESIANTRANSFORMATIONOPERATOR2DNONUNIFORM($,$,#297,1.,1.00034279249087);
#300=IFCDERIVEDPROFILEDEF($,$,#296,#299,$);
#301=IFCCARTESIANPOINT((0.,0.));
#302=IFCAXIS2PLACEMENT2D(#301,$);
#303=IFCRECTANGLEPROFILEDEF(.AREA.,$,#302,150.,300.);
#304=IFCCARTESIANPOINT((0.,0.));
#305=IFCCARTESIANTRANSFORMATIONOPERATOR2D($,$,#304,$);
#306=IFCCARTESIANTRANSFORMATIONOPERATOR2DNONUNIFORM($,$,#304,1.,1.00034279249087);
#307=IFCDERIVEDPROFILEDEF($,$,#303,#306,$);
#308=IFCCARTESIANPOINT((0.,0.));
#309=IFCAXIS2PLACEMENT2D(#308,$);
#310=IFCRECTANGLEPROFILEDEF(.AREA.,$,#309,150.,300.);
#311=IFCCARTESIANPOINT((0.,0.));
#312=IFCCARTESIANTRANSFORMATIONOPERATOR2D($,$,#311,$);
#313=IFCCARTESIANTRANSFORMATIONOPERATOR2DNONUNIFORM($,$,#311,1.,1.00034279249087);
#314=IFCDERIVEDPROFILEDEF($,$,#310,#313,$);
#315=IFCCARTESIANPOINT((0.,0.));
#316=IFCAXIS2PLACEMENT2D(#315,$);
#317=IFCRECTANGLEPROFILEDEF(.AREA.,$,#316,150.,300.);
#318=IFCCARTESIANPOINT((0.,0.));
#319=IFCCARTESIANTRANSFORMATIONOPERATOR2D($,$,#318,$);
#320=IFCCARTESIANTRANSFORMATIONOPERATOR2DNONUNIFORM($,$,#318,1.,1.00008567976639);
#321=IFCDERIVEDPROFILEDEF($,$,#317,#320,$);
#322=IFCCARTESIANPOINT((0.,0.));
#323=IFCAXIS2PLACEMENT2D(#322,$);
#324=IFCRECTANGLEPROFILEDEF(.AREA.,$,#323,150.,300.);
#325=IFCCARTESIANPOINT((0.,0.));
#326=IFCCARTESIANTRANSFORMATIONOPERATOR2D($,$,#325,$);
#327=IFCCARTESIANTRANSFORMATIONOPERATOR2DNONUNIFORM($,$,#325,1.00008567976639,1.);
#328=IFCDERIVEDPROFILEDEF($,$,#324,#327,$);
#329=IFCCARTESIANPOINT((0.,0.));
#330=IFCAXIS2PLACEMENT2D(#329,$);
#331=IFCRECTANGLEPROFILEDEF(.AREA.,$,#330,150.,300.);
#332=IFCCARTESIANPOINT((0.,0.));
#333=IFCCARTESIANTRANSFORMATIONOPERATOR2D($,$,#332,$);
#334=IFCCARTESIANTRANSFORMATIONOPERATOR2DNONUNIFORM($,$,#332,1.00034279249087,1.);
#335=IFCDERIVEDPROFILEDEF($,$,#331,#334,$);
#336=IFCCARTESIANPOINT((0.,0.));
#337=IFCAXIS2PLACEMENT2D(#336,$);
#338=IFCRECTANGLEPROFILEDEF(.AREA.,$,#337,150.,300.);
#339=IFCCARTESIANPOINT((0.,0.));
#340=IFCCARTESIANTRANSFORMATIONOPERATOR2D($,$,#339,$);
#341=IFCCARTESIANTRANSFORMATIONOPERATOR2DNONUNIFORM($,$,#339,1.00034279249087,1.);
#342=IFCDERIVEDPROFILEDEF($,$,#338,#341,$);
#343=IFCCARTESIANPOINT((0.,0.));
#344=IFCAXIS2PLACEMENT2D(#343,$);
#345=IFCRECTANGLEPROFILEDEF(.AREA.,$,#344,150.,300.);
#346=IFCCARTESIANPOINT((0.,0.));
#347=IFCCARTESIANTRANSFORMATIONOPERATOR2D($,$,#346,$);
#348=IFCCARTESIANTRANSFORMATIONOPERATOR2DNONUNIFORM($,$,#346,1.00034279249087,1.);
#349=IFCDERIVEDPROFILEDEF($,$,#345,#348,$);
#350=IFCCARTESIANPOINT((0.,0.));
#351=IFCAXIS2PLACEMENT2D(#350,$);
#352=IFCRECTANGLEPROFILEDEF(.AREA.,$,#351,150.,300.);
#353=IFCCARTESIANPOINT((0.,0.));
#354=IFCCARTESIANTRANSFORMATIONOPERATOR2D($,$,#353,$);
#355=IFCCARTESIANTRANSFORMATIONOPERATOR2DNONUNIFORM($,$,#353,1.00034279249087,1.);
#356=IFCDERIVEDPROFILEDEF($,$,#352,#355,$);
#357=IFCCARTESIANPOINT((0.,0.));
#358=IFCAXIS2PLACEMENT2D(#357,$);
#359=IFCRECTANGLEPROFILEDEF(.AREA.,$,#358,150.,300.);
#360=IFCCARTESIANPOINT((0.,0.));
#361=IFCCARTESIANTRANSFORMATIONOPERATOR2D($,$,#360,$);
#362=IFCCARTESIANTRANSFORMATIONOPERATOR2DNONUNIFORM($,$,#360,1.00034279249087,1.);
#363=IFCDERIVEDPROFILEDEF($,$,#359,#362,$);
#364=IFCCARTESIANPOINT((0.,0.));
#365=IFCAXIS2PLACEMENT2D(#364,$);
#366=IFCRECTANGLEPROFILEDEF(.AREA.,$,#365,150.,300.);
#367=IFCCARTESIANPOINT((0.,0.));
#368=IFCCARTESIANTRANSFORMATIONOPERATOR2D($,$,#367,$);
#369=IFCCARTESIANTRANSFORMATIONOPERATOR2DNONUNIFORM($,$,#367,1.00034279249087,1.);
#370=IFCDERIVEDPROFILEDEF($,$,#366,#369,$);
#371=IFCCARTESIANPOINT((0.,0.));
#372=IFCAXIS2PLACEMENT2D(#371,$);
#373=IFCRECTANGLEPROFILEDEF(.AREA.,$,#372,150.,300.);
#374=IFCCARTESIANPOINT((0.,0.));
#375=IFCCARTESIANTRANSFORMATIONOPERATOR2D($,$,#374,$);
#376=IFCCARTESIANTRANSFORMATIONOPERATOR2DNONUNIFORM($,$,#374,1.00034279249087,1.);
#377=IFCDERIVEDPROFILEDEF($,$,#373,#376,$);
#378=IFCCARTESIANPOINT((0.,0.));
#379=IFCAXIS2PLACEMENT2D(#378,$);
#380=IFCRECTANGLEPROFILEDEF(.AREA.,$,#379,150.,300.);
#381=IFCCARTESIANPOINT((0.,0.));
#382=IFCCARTESIANTRANSFORMATIONOPERATOR2D($,$,#381,$);
#383=IFCCARTESIANTRANSFORMATIONOPERATOR2DNONUNIFORM($,$,#381,1.00034279249087,1.);
#384=IFCDERIVEDPROFILEDEF($,$,#380,#383,$);
#385=IFCCARTESIANPOINT((0.,0.));
#386=IFCAXIS2PLACEMENT2D(#385,$);
#387=IFCRECTANGLEPROFILEDEF(.AREA.,$,#386,150.,300.);
#388=IFCCARTESIANPOINT((0.,0.));
#389=IFCCARTESIANTRANSFORMATIONOPERATOR2D($,$,#388,$);
#390=IFCCARTESIANTRANSFORMATIONOPERATOR2DNONUNIFORM($,$,#388,1.00034279249087,1.);
#391=IFCDERIVEDPROFILEDEF($,$,#387,#390,$);
#392=IFCCARTESIANPOINT((0.,0.));
#393=IFCAXIS2PLACEMENT2D(#392,$);
#394=IFCRECTANGLEPROFILEDEF(.AREA.,$,#393,150.,300.);
#395=IFCCARTESIANPOINT((0.,0.));
#396=IFCCARTESIANTRANSFORMATIONOPERATOR2D($,$,#395,$);
#397=IFCCARTESIANTRANSFORMATIONOPERATOR2DNONUNIFORM($,$,#395,1.00034279249087,1.);
#398=IFCDERIVEDPROFILEDEF($,$,#394,#397,$);
#399=IFCCARTESIANPOINT((0.,0.));
#400=IFCAXIS2PLACEMENT2D(#399,$);
#401=IFCRECTANGLEPROFILEDEF(.AREA.,$,#400,150.,300.);
#402=IFCCARTESIANPOINT((0.,0.));
#403=IFCCARTESIANTRANSFORMATIONOPERATOR2D($,$,#402,$);
#404=IFCCARTESIANTRANSFORMATIONOPERATOR2DNONUNIFORM($,$,#402,1.00034279249087,1.);
#405=IFCDERIVEDPROFILEDEF($,$,#401,#404,$);
#406=IFCCARTESIANPOINT((0.,0.));
#407=IFCAXIS2PLACEMENT2D(#406,$);
#408=IFCRECTANGLEPROFILEDEF(.AREA.,$,#407,150.,300.);
#409=IFCCARTESIANPOINT((0.,0.));
#410=IFCCARTESIANTRANSFORMATIONOPERATOR2D($,$,#409,$);
#411=IFCCARTESIANTRANSFORMATIONOPERATOR2DNONUNIFORM($,$,#409,1.00034279249087,1.);
#412=IFCDERIVEDPROFILEDEF($,$,#408,#411,$);
#413=IFCCARTESIANPOINT((0.,0.));
#414=IFCAXIS2PLACEMENT2D(#413,$);
#415=IFCRECTANGLEPROFILEDEF(.AREA.,$,#414,150.,300.);
#416=IFCCARTESIANPOINT((0.,0.));
#417=IFCCARTESIANTRANSFORMATIONOPERATOR2D($,$,#416,$);
#418=IFCCARTESIANTRANSFORMATIONOPERATOR2DNONUNIFORM($,$,#416,1.00034279249087,1.);
#419=IFCDERIVEDPROFILEDEF($,$,#415,#418,$);
#420=IFCCARTESIANPOINT((0.,0.));
#421=IFCAXIS2PLACEMENT2D(#420,$);
#422=IFCRECTANGLEPROFILEDEF(.AREA.,$,#421,150.,300.);
#423=IFCCARTESIANPOINT((0.,0.));
#424=IFCCARTESIANTRANSFORMATIONOPERATOR2D($,$,#423,$);
#425=IFCCARTESIANTRANSFORMATIONOPERATOR2DNONUNIFORM($,$,#423,1.00034279249087,1.);
#426=IFCDERIVEDPROFILEDEF($,$,#422,#425,$);
#427=IFCCARTESIANPOINT((0.,0.));
#428=IFCAXIS2PLACEMENT2D(#427,$);
#429=IFCRECTANGLEPROFILEDEF(.AREA.,$,#428,150.,300.);
#430=IFCCARTESIANPOINT((0.,0.));
#431=IFCCARTESIANTRANSFORMATIONOPERATOR2D($,$,#430,$);
#432=IFCCARTESIANTRANSFORMATIONOPERATOR2DNONUNIFORM($,$,#430,1.00034279249087,1.);
#433=IFCDERIVEDPROFILEDEF($,$,#429,#432,$);
#434=IFCCARTESIANPOINT((0.,0.));
#435=IFCAXIS2PLACEMENT2D(#434,$);
#436=IFCRECTANGLEPROFILEDEF(.AREA.,$,#435,150.,300.);
#437=IFCCARTESIANPOINT((0.,0.));
#438=IFCCARTESIANTRANSFORMATIONOPERATOR2D($,$,#437,$);
#439=IFCCARTESIANTRANSFORMATIONOPERATOR2DNONUNIFORM($,$,#437,1.00034279249087,1.);
#440=IFCDERIVEDPROFILEDEF($,$,#436,#439,$);
#441=IFCCARTESIANPOINT((0.,0.));
#442=IFCAXIS2PLACEMENT2D(#441,$);
#443=IFCRECTANGLEPROFILEDEF(.AREA.,$,#442,150.,300.);
#444=IFCCARTESIANPOINT((0.,0.));
#445=IFCCARTESIANTRANSFORMATIONOPERATOR2D($,$,#444,$);
#446=IFCCARTESIANTRANSFORMATIONOPERATOR2DNONUNIFORM($,$,#444,1.00034279249087,1.);
#447=IFCDERIVEDPROFILEDEF($,$,#443,#446,$);
#448=IFCCARTESIANPOINT((0.,0.));
#449=IFCAXIS2PLACEMENT2D(#448,$);
#450=IFCRECTANGLEPROFILEDEF(.AREA.,$,#449,150.,300.);
#451=IFCCARTESIANPOINT((0.,0.));
#452=IFCCARTESIANTRANSFORMATIONOPERATOR2D($,$,#451,$);
#453=IFCCARTESIANTRANSFORMATIONOPERATOR2DNONUNIFORM($,$,#451,1.00034279249087,1.);
#454=IFCDERIVEDPROFILEDEF($,$,#450,#453,$);
#455=IFCCARTESIANPOINT((0.,0.));
#456=IFCAXIS2PLACEMENT2D(#455,$);
#457=IFCRECTANGLEPROFILEDEF(.AREA.,$,#456,150.,300.);
#458=IFCCARTESIANPOINT((0.,0.));
#459=IFCCARTESIANTRANSFORMATIONOPERATOR2D($,$,#458,$);
#460=IFCCARTESIANTRANSFORMATIONOPERATOR2DNONUNIFORM($,$,#458,1.00034279249087,1.);
#461=IFCDERIVEDPROFILEDEF($,$,#457,#460,$);
#462=IFCCARTESIANPOINT((0.,0.));
#463=IFCAXIS2PLACEMENT2D(#462,$);
#464=IFCRECTANGLEPROFILEDEF(.AREA.,$,#463,150.,300.);
#465=IFCCARTESIANPOINT((0.,0.));
#466=IFCCARTESIANTRANSFORMATIONOPERATOR2D($,$,#465,$);
#467=IFCCARTESIANTRANSFORMATIONOPERATOR2DNONUNIFORM($,$,#465,1.00034279249087,1.);
#468=IFCDERIVEDPROFILEDEF($,$,#464,#467,$);
#469=IFCCARTESIANPOINT((0.,0.));
#470=IFCAXIS2PLACEMENT2D(#469,$);
#471=IFCRECTANGLEPROFILEDEF(.AREA.,$,#470,150.,300.);
#472=IFCCARTESIANPOINT((0.,0.));
#473=IFCCARTESIANTRANSFORMATIONOPERATOR2D($,$,#472,$);
#474=IFCCARTESIANTRANSFORMATIONOPERATOR2DNONUNIFORM($,$,#472,1.00034279249087,1.);
#475=IFCDERIVEDPROFILEDEF($,$,#471,#474,$);
#476=IFCCARTESIANPOINT((0.,0.));
#477=IFCAXIS2PLACEMENT2D(#476,$);
#478=IFCRECTANGLEPROFILEDEF(.AREA.,$,#477,150.,300.);
#479=IFCCARTESIANPOINT((0.,0.));
#480=IFCCARTESIANTRANSFORMATIONOPERATOR2D($,$,#479,$);
#481=IFCCARTESIANTRANSFORMATIONOPERATOR2DNONUNIFORM($,$,#479,1.00034279249087,1.);
#482=IFCDERIVEDPROFILEDEF($,$,#478,#481,$);
#483=IFCCARTESIANPOINT((0.,0.));
#484=IFCAXIS2PLACEMENT2D(#483,$);
#485=IFCRECTANGLEPROFILEDEF(.AREA.,$,#484,150.,300.);
#486=IFCCARTESIANPOINT((0.,0.));
#487=IFCCARTESIANTRANSFORMATIONOPERATOR2D($,$,#486,$);
#488=IFCCARTESIANTRANSFORMATIONOPERATOR2DNONUNIFORM($,$,#486,1.00034279249087,1.);
#489=IFCDERIVEDPROFILEDEF($,$,#485,#488,$);
#490=IFCCARTESIANPOINT((0.,0.));
#491=IFCAXIS2PLACEMENT2D(#490,$);
#492=IFCRECTANGLEPROFILEDEF(.AREA.,$,#491,150.,300.);
#493=IFCCARTESIANPOINT((0.,0.));
#494=IFCCARTESIANTRANSFORMATIONOPERATOR2D($,$,#493,$);
#495=IFCCARTESIANTRANSFORMATIONOPERATOR2DNONUNIFORM($,$,#493,1.00034279249087,1.);
#496=IFCDERIVEDPROFILEDEF($,$,#492,#495,$);
#497=IFCCARTESIANPOINT((0.,0.));
#498=IFCAXIS2PLACEMENT2D(#497,$);
#499=IFCRECTANGLEPROFILEDEF(.AREA.,$,#498,150.,300.);
#500=IFCCARTESIANPOINT((0.,0.));
#501=IFCCARTESIANTRANSFORMATIONOPERATOR2D($,$,#500,$);
#502=IFCCARTESIANTRANSFORMATIONOPERATOR2DNONUNIFORM($,$,#500,1.00034279249087,1.);
#503=IFCDERIVEDPROFILEDEF($,$,#499,#502,$);
#504=IFCCARTESIANPOINT((0.,0.));
#505=IFCAXIS2PLACEMENT2D(#504,$);
#506=IFCRECTANGLEPROFILEDEF(.AREA.,$,#505,150.,300.);
#507=IFCCARTESIANPOINT((0.,0.));
#508=IFCCARTESIANTRANSFORMATIONOPERATOR2D($,$,#507,$);
#509=IFCCARTESIANTRANSFORMATIONOPERATOR2DNONUNIFORM($,$,#507,1.00034279249087,1.);
#510=IFCDERIVEDPROFILEDEF($,$,#506,#509,$);
#511=IFCCARTESIANPOINT((0.,0.));
#512=IFCAXIS2PLACEMENT2D(#511,$);
#513=IFCRECTANGLEPROFILEDEF(.AREA.,$,#512,150.,300.);
#514=IFCCARTESIANPOINT((0.,0.));
#515=IFCCARTESIANTRANSFORMATIONOPERATOR2D($,$,#514,$);
#516=IFCCARTESIANTRANSFORMATIONOPERATOR2DNONUNIFORM($,$,#514,1.00034279249087,1.);
#517=IFCDERIVEDPROFILEDEF($,$,#513,#516,$);
#518=IFCCARTESIANPOINT((0.,0.));
#519=IFCAXIS2PLACEMENT2D(#518,$);
#520=IFCRECTANGLEPROFILEDEF(.AREA.,$,#519,150.,300.);
#521=IFCCARTESIANPOINT((0.,0.));
#522=IFCCARTESIANTRANSFORMATIONOPERATOR2D($,$,#521,$);
#523=IFCCARTESIANTRANSFORMATIONOPERATOR2DNONUNIFORM($,$,#521,1.00034279249087,1.);
#524=IFCDERIVEDPROFILEDEF($,$,#520,#523,$);
#525=IFCCARTESIANPOINT((0.,0.));
#526=IFCAXIS2PLACEMENT2D(#525,$);
#527=IFCRECTANGLEPROFILEDEF(.AREA.,$,#526,150.,300.);
#528=IFCCARTESIANPOINT((0.,0.));
#529=IFCCARTESIANTRANSFORMATIONOPERATOR2D($,$,#528,$);
#530=IFCCARTESIANTRANSFORMATIONOPERATOR2DNONUNIFORM($,$,#528,1.00034279249087,1.);
#531=IFCDERIVEDPROFILEDEF($,$,#527,#530,$);
#532=IFCCARTESIANPOINT((0.,0.));
#533=IFCAXIS2PLACEMENT2D(#532,$);
#534=IFCRECTANGLEPROFILEDEF(.AREA.,$,#533,150.,300.);
#535=IFCCARTESIANPOINT((0.,0.));
#536=IFCCARTESIANTRANSFORMATIONOPERATOR2D($,$,#535,$);
#537=IFCCARTESIANTRANSFORMATIONOPERATOR2DNONUNIFORM($,$,#535,1.00008567976639,1.);
#538=IFCDERIVEDPROFILEDEF($,$,#534,#537,$);
#539=IFCCARTESIANPOINT((0.,0.));
#540=IFCAXIS2PLACEMENT2D(#539,$);
#541=IFCRECTANGLEPROFILEDEF(.AREA.,$,#540,150.,300.);
#542=IFCCARTESIANPOINT((0.,0.));
#543=IFCCARTESIANTRANSFORMATIONOPERATOR2D($,$,#542,$);
#544=IFCCARTESIANTRANSFORMATIONOPERATOR2DNONUNIFORM($,$,#542,1.00009169105351,1.);
#545=IFCDERIVEDPROFILEDEF($,$,#541,#544,$);
#546=IFCCARTESIANPOINT((0.,0.));
#547=IFCAXIS2PLACEMENT2D(#546,$);
#548=IFCRECTANGLEPROFILEDEF(.AREA.,$,#547,150.,300.);
#549=IFCCARTESIANPOINT((0.,0.));
#550=IFCCARTESIANTRANSFORMATIONOPERATOR2D($,$,#549,$);
#551=IFCCARTESIANTRANSFORMATIONOPERATOR2DNONUNIFORM($,$,#549,1.00036684830504,1.);
#552=IFCDERIVEDPROFILEDEF($,$,#548,#551,$);
#553=IFCCARTESIANPOINT((0.,0.));
#554=IFCAXIS2PLACEMENT2D(#553,$);
#555=IFCRECTANGLEPROFILEDEF(.AREA.,$,#554,150.,300.);
#556=IFCCARTESIANPOINT((0.,0.));
#557=IFCCARTESIANTRANSFORMATIONOPERATOR2D($,$,#556,$);
#558=IFCCARTESIANTRANSFORMATIONOPERATOR2DNONUNIFORM($,$,#556,1.00036684830504,1.);
#559=IFCDERIVEDPROFILEDEF($,$,#555,#558,$);
#560=IFCCARTESIANPOINT((0.,0.));
#561=IFCAXIS2PLACEMENT2D(#560,$);
#562=IFCRECTANGLEPROFILEDEF(.AREA.,$,#561,150.,300.);
#563=IFCCARTESIANPOINT((0.,0.));
#564=IFCCARTESIANTRANSFORMATIONOPERATOR2D($,$,#563,$);
#565=IFCCARTESIANTRANSFORMATIONOPERATOR2DNONUNIFORM($,$,#563,1.00036684830504,1.);
#566=IFCDERIVEDPROFILEDEF($,$,#562,#565,$);
#567=IFCCARTESIANPOINT((0.,0.));
#568=IFCAXIS2PLACEMENT2D(#567,$);
#569=IFCRECTANGLEPROFILEDEF(.AREA.,$,#568,150.,300.);
#570=IFCCARTESIANPOINT((0.,0.));
#571=IFCCARTESIANTRANSFORMATIONOPERATOR2D($,$,#570,$);
#572=IFCCARTESIANTRANSFORMATIONOPERATOR2DNONUNIFORM($,$,#570,1.00036684830504,1.);
#573=IFCDERIVEDPROFILEDEF($,$,#569,#572,$);
#574=IFCCARTESIANPOINT((0.,0.));
#575=IFCAXIS2PLACEMENT2D(#574,$);
#576=IFCRECTANGLEPROFILEDEF(.AREA.,$,#575,150.,300.);
#577=IFCCARTESIANPOINT((0.,0.));
#578=IFCCARTESIANTRANSFORMATIONOPERATOR2D($,$,#577,$);
#579=IFCCARTESIANTRANSFORMATIONOPERATOR2DNONUNIFORM($,$,#577,1.00036684830504,1.);
#580=IFCDERIVEDPROFILEDEF($,$,#576,#579,$);
#581=IFCCARTESIANPOINT((0.,0.));
#582=IFCAXIS2PLACEMENT2D(#581,$);
#583=IFCRECTANGLEPROFILEDEF(.AREA.,$,#582,150.,300.);
#584=IFCCARTESIANPOINT((0.,0.));
#585=IFCCARTESIANTRANSFORMATIONOPERATOR2D($,$,#584,$);
#586=IFCCARTESIANTRANSFORMATIONOPERATOR2DNONUNIFORM($,$,#584,1.00036684830504,1.);
#587=IFCDERIVEDPROFILEDEF($,$,#583,#586,$);
#588=IFCCARTESIANPOINT((0.,0.));
#589=IFCAXIS2PLACEMENT2D(#588,$);
#590=IFCRECTANGLEPROFILEDEF(.AREA.,$,#589,150.,300.);
#591=IFCCARTESIANPOINT((0.,0.));
#592=IFCCARTESIANTRANSFORMATIONOPERATOR2D($,$,#591,$);
#593=IFCCARTESIANTRANSFORMATIONOPERATOR2DNONUNIFORM($,$,#591,1.00036684830504,1.);
#594=IFCDERIVEDPROFILEDEF($,$,#590,#593,$);
#595=IFCCARTESIANPOINT((0.,0.));
#596=IFCAXIS2PLACEMENT2D(#595,$);
#597=IFCRECTANGLEPROFILEDEF(.AREA.,$,#596,150.,300.);
#598=IFCCARTESIANPOINT((0.,0.));
#599=IFCCARTESIANTRANSFORMATIONOPERATOR2D($,$,#598,$);
#600=IFCCARTESIANTRANSFORMATIONOPERATOR2DNONUNIFORM($,$,#598,1.00036684830504,1.);
#601=IFCDERIVEDPROFILEDEF($,$,#597,#600,$);
#602=IFCCARTESIANPOINT((0.,0.));
#603=IFCAXIS2PLACEMENT2D(#602,$);
#604=IFCRECTANGLEPROFILEDEF(.AREA.,$,#603,150.,300.);
#605=IFCCARTESIANPOINT((0.,0.));
#606=IFCCARTESIANTRANSFORMATIONOPERATOR2D($,$,#605,$);
#607=IFCCARTESIANTRANSFORMATIONOPERATOR2DNONUNIFORM($,$,#605,1.00036684830504,1.);
#608=IFCDERIVEDPROFILEDEF($,$,#604,#607,$);
#609=IFCCARTESIANPOINT((0.,0.));
#610=IFCAXIS2PLACEMENT2D(#609,$);
#611=IFCRECTANGLEPROFILEDEF(.AREA.,$,#610,150.,300.);
#612=IFCCARTESIANPOINT((0.,0.));
#613=IFCCARTESIANTRANSFORMATIONOPERATOR2D($,$,#612,$);
#614=IFCCARTESIANTRANSFORMATIONOPERATOR2DNONUNIFORM($,$,#612,1.00036684830504,1.);
#615=IFCDERIVEDPROFILEDEF($,$,#611,#614,$);
#616=IFCCARTESIANPOINT((0.,0.));
#617=IFCAXIS2PLACEMENT2D(#616,$);
#618=IFCRECTANGLEPROFILEDEF(.AREA.,$,#617,150.,300.);
#619=IFCCARTESIANPOINT((0.,0.));
#620=IFCCARTESIANTRANSFORMATIONOPERATOR2D($,$,#619,$);
#621=IFCCARTESIANTRANSFORMATIONOPERATOR2DNONUNIFORM($,$,#619,1.00036684830504,1.);
#622=IFCDERIVEDPROFILEDEF($,$,#618,#621,$);
#623=IFCCARTESIANPOINT((0.,0.));
#624=IFCAXIS2PLACEMENT2D(#623,$);
#625=IFCRECTANGLEPROFILEDEF(.AREA.,$,#624,150.,300.);
#626=IFCCARTESIANPOINT((0.,0.));
#627=IFCCARTESIANTRANSFORMATIONOPERATOR2D($,$,#626,$);
#628=IFCCARTESIANTRANSFORMATIONOPERATOR2DNONUNIFORM($,$,#626,1.00036684830504,1.);
#629=IFCDERIVEDPROFILEDEF($,$,#625,#628,$);
#630=IFCCARTESIANPOINT((0.,0.));
#631=IFCAXIS2PLACEMENT2D(#630,$);
#632=IFCRECTANGLEPROFILEDEF(.AREA.,$,#631,150.,300.);
#633=IFCCARTESIANPOINT((0.,0.));
#634=IFCCARTESIANTRANSFORMATIONOPERATOR2D($,$,#633,$);
#635=IFCCARTESIANTRANSFORMATIONOPERATOR2DNONUNIFORM($,$,#633,1.00036684830504,1.);
#636=IFCDERIVEDPROFILEDEF($,$,#632,#635,$);
#637=IFCCARTESIANPOINT((0.,0.));
#638=IFCAXIS2PLACEMENT2D(#637,$);
#639=IFCRECTANGLEPROFILEDEF(.AREA.,$,#638,150.,300.);
#640=IFCCARTESIANPOINT((0.,0.));
#641=IFCCARTESIANTRANSFORMATIONOPERATOR2D($,$,#640,$);
#642=IFCCARTESIANTRANSFORMATIONOPERATOR2DNONUNIFORM($,$,#640,1.00036684830504,1.);
#643=IFCDERIVEDPROFILEDEF($,$,#639,#642,$);
#644=IFCCARTESIANPOINT((0.,0.));
#645=IFCAXIS2PLACEMENT2D(#644,$);
#646=IFCRECTANGLEPROFILEDEF(.AREA.,$,#645,150.,300.);
#647=IFCCARTESIANPOINT((0.,0.));
#648=IFCCARTESIANTRANSFORMATIONOPERATOR2D($,$,#647,$);
#649=IFCCARTESIANTRANSFORMATIONOPERATOR2DNONUNIFORM($,$,#647,1.00036684830504,1.);
#650=IFCDERIVEDPROFILEDEF($,$,#646,#649,$);
#651=IFCCARTESIANPOINT((0.,0.));
#652=IFCAXIS2PLACEMENT2D(#651,$);
#653=IFCRECTANGLEPROFILEDEF(.AREA.,$,#652,150.,300.);
#654=IFCCARTESIANPOINT((0.,0.));
#655=IFCCARTESIANTRANSFORMATIONOPERATOR2D($,$,#654,$);
#656=IFCCARTESIANTRANSFORMATIONOPERATOR2DNONUNIFORM($,$,#654,1.00036684830504,1.);
#657=IFCDERIVEDPROFILEDEF($,$,#653,#656,$);
#658=IFCCARTESIANPOINT((0.,0.));
#659=IFCAXIS2PLACEMENT2D(#658,$);
#660=IFCRECTANGLEPROFILEDEF(.AREA.,$,#659,150.,300.);
#661=IFCCARTESIANPOINT((0.,0.));
#662=IFCCARTESIANTRANSFORMATIONOPERATOR2D($,$,#661,$);
#663=IFCCARTESIANTRANSFORMATIONOPERATOR2DNONUNIFORM($,$,#661,1.00036684830504,1.);
#664=IFCDERIVEDPROFILEDEF($,$,#660,#663,$);
#665=IFCCARTESIANPOINT((0.,0.));
#666=IFCAXIS2PLACEMENT2D(#665,$);
#667=IFCRECTANGLEPROFILEDEF(.AREA.,$,#666,150.,300.);
#668=IFCCARTESIANPOINT((0.,0.));
#669=IFCCARTESIANTRANSFORMATIONOPERATOR2D($,$,#668,$);
#670=IFCCARTESIANTRANSFORMATIONOPERATOR2DNONUNIFORM($,$,#668,1.00036684830504,1.);
#671=IFCDERIVEDPROFILEDEF($,$,#667,#670,$);
#672=IFCCARTESIANPOINT((0.,0.));
#673=IFCAXIS2PLACEMENT2D(#672,$);
#674=IFCRECTANGLEPROFILEDEF(.AREA.,$,#673,150.,300.);
#675=IFCCARTESIANPOINT((0.,0.));
#676=IFCCARTESIANTRANSFORMATIONOPERATOR2D($,$,#675,$);
#677=IFCCARTESIANTRANSFORMATIONOPERATOR2DNONUNIFORM($,$,#675,1.00036684830504,1.);
#678=IFCDERIVEDPROFILEDEF($,$,#674,#677,$);
#679=IFCCARTESIANPOINT((0.,0.));
#680=IFCAXIS2PLACEMENT2D(#679,$);
#681=IFCRECTANGLEPROFILEDEF(.AREA.,$,#680,150.,300.);
#682=IFCCARTESIANPOINT((0.,0.));
#683=IFCCARTESIANTRANSFORMATIONOPERATOR2D($,$,#682,$);
#684=IFCCARTESIANTRANSFORMATIONOPERATOR2DNONUNIFORM($,$,#682,1.00036684830504,1.);
#685=IFCDERIVEDPROFILEDEF($,$,#681,#684,$);
#686=IFCCARTESIANPOINT((0.,0.));
#687=IFCAXIS2PLACEMENT2D(#686,$);
#688=IFCRECTANGLEPROFILEDEF(.AREA.,$,#687,150.,300.);
#689=IFCCARTESIANPOINT((0.,0.));
#690=IFCCARTESIANTRANSFORMATIONOPERATOR2D($,$,#689,$);
#691=IFCCARTESIANTRANSFORMATIONOPERATOR2DNONUNIFORM($,$,#689,1.00036684830504,1.);
#692=IFCDERIVEDPROFILEDEF($,$,#688,#691,$);
#693=IFCCARTESIANPOINT((0.,0.));
#694=IFCAXIS2PLACEMENT2D(#693,$);
#695=IFCRECTANGLEPROFILEDEF(.AREA.,$,#694,150.,300.);
#696=IFCCARTESIANPOINT((0.,0.));
#697=IFCCARTESIANTRANSFORMATIONOPERATOR2D($,$,#696,$);
#698=IFCCARTESIANTRANSFORMATIONOPERATOR2DNONUNIFORM($,$,#696,1.00036684830504,1.);
#699=IFCDERIVEDPROFILEDEF($,$,#695,#698,$);
#700=IFCCARTESIANPOINT((0.,0.));
#701=IFCAXIS2PLACEMENT2D(#700,$);
#702=IFCRECTANGLEPROFILEDEF(.AREA.,$,#701,150.,300.);
#703=IFCCARTESIANPOINT((0.,0.));
#704=IFCCARTESIANTRANSFORMATIONOPERATOR2D($,$,#703,$);
#705=IFCCARTESIANTRANSFORMATIONOPERATOR2DNONUNIFORM($,$,#703,1.00036684830504,1.);
#706=IFCDERIVEDPROFILEDEF($,$,#702,#705,$);
#707=IFCCARTESIANPOINT((0.,0.));
#708=IFCAXIS2PLACEMENT2D(#707,$);
#709=IFCRECTANGLEPROFILEDEF(.AREA.,$,#708,150.,300.);
#710=IFCCARTESIANPOINT((0.,0.));
#711=IFCCARTESIANTRANSFORMATIONOPERATOR2D($,$,#710,$);
#712=IFCCARTESIANTRANSFORMATIONOPERATOR2DNONUNIFORM($,$,#710,1.00036684830504,1.);
#713=IFCDERIVEDPROFILEDEF($,$,#709,#712,$);
#714=IFCCARTESIANPOINT((0.,0.));
#715=IFCAXIS2PLACEMENT2D(#714,$);
#716=IFCRECTANGLEPROFILEDEF(.AREA.,$,#715,150.,300.);
#717=IFCCARTESIANPOINT((0.,0.));
#718=IFCCARTESIANTRANSFORMATIONOPERATOR2D($,$,#717,$);
#719=IFCCARTESIANTRANSFORMATIONOPERATOR2DNONUNIFORM($,$,#717,1.00036684830504,1.);
#720=IFCDERIVEDPROFILEDEF($,$,#716,#719,$);
#721=IFCCARTESIANPOINT((0.,0.));
#722=IFCAXIS2PLACEMENT2D(#721,$);
#723=IFCRECTANGLEPROFILEDEF(.AREA.,$,#722,150.,300.);
#724=IFCCARTESIANPOINT((0.,0.));
#725=IFCCARTESIANTRANSFORMATIONOPERATOR2D($,$,#724,$);
#726=IFCCARTESIANTRANSFORMATIONOPERATOR2DNONUNIFORM($,$,#724,1.00036684830504,1.);
#727=IFCDERIVEDPROFILEDEF($,$,#723,#726,$);
#728=IFCCARTESIANPOINT((0.,0.));
#729=IFCAXIS2PLACEMENT2D(#728,$);
#730=IFCRECTANGLEPROFILEDEF(.AREA.,$,#729,150.,300.);
#731=IFCCARTESIANPOINT((0.,0.));
#732=IFCCARTESIANTRANSFORMATIONOPERATOR2D($,$,#731,$);
#733=IFCCARTESIANTRANSFORMATIONOPERATOR2DNONUNIFORM($,$,#731,1.00036684830504,1.);
#734=IFCDERIVEDPROFILEDEF($,$,#730,#733,$);
#735=IFCCARTESIANPOINT((0.,0.));
#736=IFCAXIS2PLACEMENT2D(#735,$);
#737=IFCRECTANGLEPROFILEDEF(.AREA.,$,#736,150.,300.);
#738=IFCCARTESIANPOINT((0.,0.));
#739=IFCCARTESIANTRANSFORMATIONOPERATOR2D($,$,#738,$);
#740=IFCCARTESIANTRANSFORMATIONOPERATOR2DNONUNIFORM($,$,#738,1.00036684830504,1.);
#741=IFCDERIVEDPROFILEDEF($,$,#737,#740,$);
#742=IFCCARTESIANPOINT((0.,0.));
#743=IFCAXIS2PLACEMENT2D(#742,$);
#744=IFCRECTANGLEPROFILEDEF(.AREA.,$,#743,150.,300.);
#745=IFCCARTESIANPOINT((0.,0.));
#746=IFCCARTESIANTRANSFORMATIONOPERATOR2D($,$,#745,$);
#747=IFCCARTESIANTRANSFORMATIONOPERATOR2DNONUNIFORM($,$,#745,1.00009169105351,1.);
#748=IFCDERIVEDPROFILEDEF($,$,#744,#747,$);
#749=IFCCARTESIANPOINT((0.,0.));
#750=IFCAXIS2PLACEMENT2D(#749,$);
#751=IFCRECTANGLEPROFILEDEF(.AREA.,$,#750,150.,300.);
#752=IFCCARTESIANPOINT((0.,0.));
#753=IFCCARTESIANTRANSFORMATIONOPERATOR2D($,$,#752,$);
#754=IFCCARTESIANTRANSFORMATIONOPERATOR2DNONUNIFORM($,$,#752,1.,1.00008567976639);
#755=IFCDERIVEDPROFILEDEF($,$,#751,#754,$);
#756=IFCCARTESIANPOINT((0.,0.));
#757=IFCAXIS2PLACEMENT2D(#756,$);
#758=IFCRECTANGLEPROFILEDEF(.AREA.,$,#757,150.,300.);
#759=IFCCARTESIANPOINT((0.,0.));
#760=IFCCARTESIANTRANSFORMATIONOPERATOR2D($,$,#759,$);
#761=IFCCARTESIANTRANSFORMATIONOPERATOR2DNONUNIFORM($,$,#759,1.,1.00034279249087);
#762=IFCDERIVEDPROFILEDEF($,$,#758,#761,$);
#763=IFCCARTESIANPOINT((0.,0.));
#764=IFCAXIS2PLACEMENT2D(#763,$);
#765=IFCRECTANGLEPROFILEDEF(.AREA.,$,#764,150.,300.);
#766=IFCCARTESIANPOINT((0.,0.));
#767=IFCCARTESIANTRANSFORMATIONOPERATOR2D($,$,#766,$);
#768=IFCCARTESIANTRANSFORMATIONOPERATOR2DNONUNIFORM($,$,#766,1.,1.00034279249087);
#769=IFCDERIVEDPROFILEDEF($,$,#765,#768,$);
#770=IFCCARTESIANPOINT((0.,0.));
#771=IFCAXIS2PLACEMENT2D(#770,$);
#772=IFCRECTANGLEPROFILEDEF(.AREA.,$,#771,150.,300.);
#773=IFCCARTESIANPOINT((0.,0.));
#774=IFCCARTESIANTRANSFORMATIONOPERATOR2D($,$,#773,$);
#775=IFCCARTESIANTRANSFORMATIONOPERATOR2DNONUNIFORM($,$,#773,1.,1.00034279249087);
#776=IFCDERIVEDPROFILEDEF($,$,#772,#775,$);
#777=IFCCARTESIANPOINT((0.,0.));
#778=IFCAXIS2PLACEMENT2D(#777,$);
#779=IFCRECTANGLEPROFILEDEF(.AREA.,$,#778,150.,300.);
#780=IFCCARTESIANPOINT((0.,0.));
#781=IFCCARTESIANTRANSFORMATIONOPERATOR2D($,$,#780,$);
#782=IFCCARTESIANTRANSFORMATIONOPERATOR2DNONUNIFORM($,$,#780,1.,1.00034279249087);
#783=IFCDERIVEDPROFILEDEF($,$,#779,#782,$);
#784=IFCCARTESIANPOINT((0.,0.));
#785=IFCAXIS2PLACEMENT2D(#784,$);
#786=IFCRECTANGLEPROFILEDEF(.AREA.,$,#785,150.,300.);
#787=IFCCARTESIANPOINT((0.,0.));
#788=IFCCARTESIANTRANSFORMATIONOPERATOR2D($,$,#787,$);
#789=IFCCARTESIANTRANSFORMATIONOPERATOR2DNONUNIFORM($,$,#787,1.,1.00034279249087);
#790=IFCDERIVEDPROFILEDEF($,$,#786,#789,$);
#791=IFCCARTESIANPOINT((0.,0.));
#792=IFCAXIS2PLACEMENT2D(#791,$);
#793=IFCRECTANGLEPROFILEDEF(.AREA.,$,#792,150.,300.);
#794=IFCCARTESIANPOINT((0.,0.));
#795=IFCCARTESIANTRANSFORMATIONOPERATOR2D($,$,#794,$);
#796=IFCCARTESIANTRANSFORMATIONOPERATOR2DNONUNIFORM($,$,#794,1.,1.00034279249087);
#797=IFCDERIVEDPROFILEDEF($,$,#793,#796,$);
#798=IFCCARTESIANPOINT((0.,0.));
#799=IFCAXIS2PLACEMENT2D(#798,$);
#800=IFCRECTANGLEPROFILEDEF(.AREA.,$,#799,150.,300.);
#801=IFCCARTESIANPOINT((0.,0.));
#802=IFCCARTESIANTRANSFORMATIONOPERATOR2D($,$,#801,$);
#803=IFCCARTESIANTRANSFORMATIONOPERATOR2DNONUNIFORM($,$,#801,1.,1.00034279249087);
#804=IFCDERIVEDPROFILEDEF($,$,#800,#803,$);
#805=IFCCARTESIANPOINT((0.,0.));
#806=IFCAXIS2PLACEMENT2D(#805,$);
#807=IFCRECTANGLEPROFILEDEF(.AREA.,$,#806,150.,300.);
#808=IFCCARTESIANPOINT((0.,0.));
#809=IFCCARTESIANTRANSFORMATIONOPERATOR2D($,$,#808,$);
#810=IFCCARTESIANTRANSFORMATIONOPERATOR2DNONUNIFORM($,$,#808,1.,1.00034279249087);
#811=IFCDERIVEDPROFILEDEF($,$,#807,#810,$);
#812=IFCCARTESIANPOINT((0.,0.));
#813=IFCAXIS2PLACEMENT2D(#812,$);
#814=IFCRECTANGLEPROFILEDEF(.AREA.,$,#813,150.,300.);
#815=IFCCARTESIANPOINT((0.,0.));
#816=IFCCARTESIANTRANSFORMATIONOPERATOR2D($,$,#815,$);
#817=IFCCARTESIANTRANSFORMATIONOPERATOR2DNONUNIFORM($,$,#815,1.,1.00034279249087);
#818=IFCDERIVEDPROFILEDEF($,$,#814,#817,$);
#819=IFCCARTESIANPOINT((0.,0.));
#820=IFCAXIS2PLACEMENT2D(#819,$);
#821=IFCRECTANGLEPROFILEDEF(.AREA.,$,#820,150.,300.);
#822=IFCCARTESIANPOINT((0.,0.));
#823=IFCCARTESIANTRANSFORMATIONOPERATOR2D($,$,#822,$);
#824=IFCCARTESIANTRANSFORMATIONOPERATOR2DNONUNIFORM($,$,#822,1.,1.00034279249087);
#825=IFCDERIVEDPROFILEDEF($,$,#821,#824,$);
#826=IFCCARTESIANPOINT((0.,0.));
#827=IFCAXIS2PLACEMENT2D(#826,$);
#828=IFCRECTANGLEPROFILEDEF(.AREA.,$,#827,150.,300.);
#829=IFCCARTESIANPOINT((0.,0.));
#830=IFCCARTESIANTRANSFORMATIONOPERATOR2D($,$,#829,$);
#831=IFCCARTESIANTRANSFORMATIONOPERATOR2DNONUNIFORM($,$,#829,1.,1.00034279249087);
#832=IFCDERIVEDPROFILEDEF($,$,#828,#831,$);
#833=IFCCARTESIANPOINT((0.,0.));
#834=IFCAXIS2PLACEMENT2D(#833,$);
#835=IFCRECTANGLEPROFILEDEF(.AREA.,$,#834,150.,300.);
#836=IFCCARTESIANPOINT((0.,0.));
#837=IFCCARTESIANTRANSFORMATIONOPERATOR2D($,$,#836,$);
#838=IFCCARTESIANTRANSFORMATIONOPERATOR2DNONUNIFORM($,$,#836,1.,1.00034279249087);
#839=IFCDERIVEDPROFILEDEF($,$,#835,#838,$);
#840=IFCCARTESIANPOINT((0.,0.));
#841=IFCAXIS2PLACEMENT2D(#840,$);
#842=IFCRECTANGLEPROFILEDEF(.AREA.,$,#841,150.,300.);
#843=IFCCARTESIANPOINT((0.,0.));
#844=IFCCARTESIANTRANSFORMATIONOPERATOR2D($,$,#843,$);
#845=IFCCARTESIANTRANSFORMATIONOPERATOR2DNONUNIFORM($,$,#843,1.,1.00034279249087);
#846=IFCDERIVEDPROFILEDEF($,$,#842,#845,$);
#847=IFCCARTESIANPOINT((0.,0.));
#848=IFCAXIS2PLACEMENT2D(#847,$);
#849=IFCRECTANGLEPROFILEDEF(.AREA.,$,#848,150.,300.);
#850=IFCCARTESIANPOINT((0.,0.));
#851=IFCCARTESIANTRANSFORMATIONOPERATOR2D($,$,#850,$);
#852=IFCCARTESIANTRANSFORMATIONOPERATOR2DNONUNIFORM($,$,#850,1.,1.00034279249087);
#853=IFCDERIVEDPROFILEDEF($,$,#849,#852,$);
#854=IFCCARTESIANPOINT((0.,0.));
#855=IFCAXIS2PLACEMENT2D(#854,$);
#856=IFCRECTANGLEPROFILEDEF(.AREA.,$,#855,150.,300.);
#857=IFCCARTESIANPOINT((0.,0.));
#858=IFCCARTESIANTRANSFORMATIONOPERATOR2D($,$,#857,$);
#859=IFCCARTESIANTRANSFORMATIONOPERATOR2DNONUNIFORM($,$,#857,1.,1.00034279249087);
#860=IFCDERIVEDPROFILEDEF($,$,#856,#859,$);
#861=IFCCARTESIANPOINT((0.,0.));
#862=IFCAXIS2PLACEMENT2D(#861,$);
#863=IFCRECTANGLEPROFILEDEF(.AREA.,$,#862,150.,300.);
#864=IFCCARTESIANPOINT((0.,0.));
#865=IFCCARTESIANTRANSFORMATIONOPERATOR2D($,$,#864,$);
#866=IFCCARTESIANTRANSFORMATIONOPERATOR2DNONUNIFORM($,$,#864,1.,1.00034279249087);
#867=IFCDERIVEDPROFILEDEF($,$,#863,#866,$);
#868=IFCCARTESIANPOINT((0.,0.));
#869=IFCAXIS2PLACEMENT2D(#868,$);
#870=IFCRECTANGLEPROFILEDEF(.AREA.,$,#869,150.,300.);
#871=IFCCARTESIANPOINT((0.,0.));
#872=IFCCARTESIANTRANSFORMATIONOPERATOR2D($,$,#871,$);
#873=IFCCARTESIANTRANSFORMATIONOPERATOR2DNONUNIFORM($,$,#871,1.,1.00034279249087);
#874=IFCDERIVEDPROFILEDEF($,$,#870,#873,$);
#875=IFCCARTESIANPOINT((0.,0.));
#876=IFCAXIS2PLACEMENT2D(#875,$);
#877=IFCRECTANGLEPROFILEDEF(.AREA.,$,#876,150.,300.);
#878=IFCCARTESIANPOINT((0.,0.));
#879=IFCCARTESIANTRANSFORMATIONOPERATOR2D($,$,#878,$);
#880=IFCCARTESIANTRANSFORMATIONOPERATOR2DNONUNIFORM($,$,#878,1.,1.00034279249087);
#881=IFCDERIVEDPROFILEDEF($,$,#877,#880,$);
#882=IFCCARTESIANPOINT((0.,0.));
#883=IFCAXIS2PLACEMENT2D(#882,$);
#884=IFCRECTANGLEPROFILEDEF(.AREA.,$,#883,150.,300.);
#885=IFCCARTESIANPOINT((0.,0.));
#886=IFCCARTESIANTRANSFORMATIONOPERATOR2D($,$,#885,$);
#887=IFCCARTESIANTRANSFORMATIONOPERATOR2DNONUNIFORM($,$,#885,1.,1.00034279249087);
#888=IFCDERIVEDPROFILEDEF($,$,#884,#887,$);
#889=IFCCARTESIANPOINT((0.,0.));
#890=IFCAXIS2PLACEMENT2D(#889,$);
#891=IFCRECTANGLEPROFILEDEF(.AREA.,$,#890,150.,300.);
#892=IFCCARTESIANPOINT((0.,0.));
#893=IFCCARTESIANTRANSFORMATIONOPERATOR2D($,$,#892,$);
#894=IFCCARTESIANTRANSFORMATIONOPERATOR2DNONUNIFORM($,$,#892,1.,1.00034279249087);
#895=IFCDERIVEDPROFILEDEF($,$,#891,#894,$);
#896=IFCCARTESIANPOINT((0.,0.));
#897=IFCAXIS2PLACEMENT2D(#896,$);
#898=IFCRECTANGLEPROFILEDEF(.AREA.,$,#897,150.,300.);
#899=IFCCARTESIANPOINT((0.,0.));
#900=IFCCARTESIANTRANSFORMATIONOPERATOR2D($,$,#899,$);
#901=IFCCARTESIANTRANSFORMATIONOPERATOR2DNONUNIFORM($,$,#899,1.,1.00034279249087);
#902=IFCDERIVEDPROFILEDEF($,$,#898,#901,$);
#903=IFCCARTESIANPOINT((0.,0.));
#904=IFCAXIS2PLACEMENT2D(#903,$);
#905=IFCRECTANGLEPROFILEDEF(.AREA.,$,#904,150.,300.);
#906=IFCCARTESIANPOINT((0.,0.));
#907=IFCCARTESIANTRANSFORMATIONOPERATOR2D($,$,#906,$);
#908=IFCCARTESIANTRANSFORMATIONOPERATOR2DNONUNIFORM($,$,#906,1.,1.00034279249087);
#909=IFCDERIVEDPROFILEDEF($,$,#905,#908,$);
#910=IFCCARTESIANPOINT((0.,0.));
#911=IFCAXIS2PLACEMENT2D(#910,$);
#912=IFCRECTANGLEPROFILEDEF(.AREA.,$,#911,150.,300.);
#913=IFCCARTESIANPOINT((0.,0.));
#914=IFCCARTESIANTRANSFORMATIONOPERATOR2D($,$,#913,$);
#915=IFCCARTESIANTRANSFORMATIONOPERATOR2DNONUNIFORM($,$,#913,1.,1.00034279249087);
#916=IFCDERIVEDPROFILEDEF($,$,#912,#915,$);
#917=IFCCARTESIANPOINT((0.,0.));
#918=IFCAXIS2PLACEMENT2D(#917,$);
#919=IFCRECTANGLEPROFILEDEF(.AREA.,$,#918,150.,300.);
#920=IFCCARTESIANPOINT((0.,0.));
#921=IFCCARTESIANTRANSFORMATIONOPERATOR2D($,$,#920,$);
#922=IFCCARTESIANTRANSFORMATIONOPERATOR2DNONUNIFORM($,$,#920,1.,1.00034279249087);
#923=IFCDERIVEDPROFILEDEF($,$,#919,#922,$);
#924=IFCCARTESIANPOINT((0.,0.));
#925=IFCAXIS2PLACEMENT2D(#924,$);
#926=IFCRECTANGLEPROFILEDEF(.AREA.,$,#925,150.,300.);
#927=IFCCARTESIANPOINT((0.,0.));
#928=IFCCARTESIANTRANSFORMATIONOPERATOR2D($,$,#927,$);
#929=IFCCARTESIANTRANSFORMATIONOPERATOR2DNONUNIFORM($,$,#927,1.,1.00034279249087);
#930=IFCDERIVEDPROFILEDEF($,$,#926,#929,$);
#931=IFCCARTESIANPOINT((0.,0.));
#932=IFCAXIS2PLACEMENT2D(#931,$);
#933=IFCRECTANGLEPROFILEDEF(.AREA.,$,#932,150.,300.);
#934=IFCCARTESIANPOINT((0.,0.));
#935=IFCCARTESIANTRANSFORMATIONOPERATOR2D($,$,#934,$);
#936=IFCCARTESIANTRANSFORMATIONOPERATOR2DNONUNIFORM($,$,#934,1.,1.00034279249087);
#937=IFCDERIVEDPROFILEDEF($,$,#933,#936,$);
#938=IFCCARTESIANPOINT((0.,0.));
#939=IFCAXIS2PLACEMENT2D(#938,$);
#940=IFCRECTANGLEPROFILEDEF(.AREA.,$,#939,150.,300.);
#941=IFCCARTESIANPOINT((0.,0.));
#942=IFCCARTESIANTRANSFORMATIONOPERATOR2D($,$,#941,$);
#943=IFCCARTESIANTRANSFORMATIONOPERATOR2DNONUNIFORM($,$,#941,1.,1.00034279249087);
#944=IFCDERIVEDPROFILEDEF($,$,#940,#943,$);
#945=IFCCARTESIANPOINT((0.,0.));
#946=IFCAXIS2PLACEMENT2D(#945,$);
#947=IFCRECTANGLEPROFILEDEF(.AREA.,$,#946,150.,300.);
#948=IFCCARTESIANPOINT((0.,0.));
#949=IFCCARTESIANTRANSFORMATIONOPERATOR2D($,$,#948,$);
#950=IFCCARTESIANTRANSFORMATIONOPERATOR2DNONUNIFORM($,$,#948,1.,1.00034279249087);
#951=IFCDERIVEDPROFILEDEF($,$,#947,#950,$);
#952=IFCCARTESIANPOINT((0.,0.));
#953=IFCAXIS2PLACEMENT2D(#952,$);
#954=IFCRECTANGLEPROFILEDEF(.AREA.,$,#953,150.,300.);
#955=IFCCARTESIANPOINT((0.,0.));
#956=IFCCARTESIANTRANSFORMATIONOPERATOR2D($,$,#955,$);
#957=IFCCARTESIANTRANSFORMATIONOPERATOR2DNONUNIFORM($,$,#955,1.,1.00034279249087);
#958=IFCDERIVEDPROFILEDEF($,$,#954,#957,$);
#959=IFCCARTESIANPOINT((0.,0.));
#960=IFCAXIS2PLACEMENT2D(#959,$);
#961=IFCRECTANGLEPROFILEDEF(.AREA.,$,#960,150.,300.);
#962=IFCCARTESIANPOINT((0.,0.));
#963=IFCCARTESIANTRANSFORMATIONOPERATOR2D($,$,#962,$);
#964=IFCCARTESIANTRANSFORMATIONOPERATOR2DNONUNIFORM($,$,#962,1.,1.00008567976639);
#965=IFCDERIVEDPROFILEDEF($,$,#961,#964,$);
#966=IFCCARTESIANPOINT((0.,0.));
#967=IFCAXIS2PLACEMENT2D(#966,$);
#968=IFCRECTANGLEPROFILEDEF(.AREA.,$,#967,150.,300.);
#969=IFCCARTESIANPOINT((0.,0.));
#970=IFCCARTESIANTRANSFORMATIONOPERATOR2D($,$,#969,$);
#971=IFCCARTESIANTRANSFORMATIONOPERATOR2DNONUNIFORM($,$,#969,1.,1.00008567976639);
#972=IFCDERIVEDPROFILEDEF($,$,#968,#971,$);
#973=IFCCARTESIANPOINT((0.,0.));
#974=IFCAXIS2PLACEMENT2D(#973,$);
#975=IFCRECTANGLEPROFILEDEF(.AREA.,$,#974,150.,300.);
#976=IFCCARTESIANPOINT((0.,0.));
#977=IFCCARTESIANTRANSFORMATIONOPERATOR2D($,$,#976,$);
#978=IFCCARTESIANTRANSFORMATIONOPERATOR2DNONUNIFORM($,$,#976,1.,1.00034279249087);
#979=IFCDERIVEDPROFILEDEF($,$,#975,#978,$);
#980=IFCCARTESIANPOINT((0.,0.));
#981=IFCAXIS2PLACEMENT2D(#980,$);
#982=IFCRECTANGLEPROFILEDEF(.AREA.,$,#981,150.,300.);
#983=IFCCARTESIANPOINT((0.,0.));
#984=IFCCARTESIANTRANSFORMATIONOPERATOR2D($,$,#983,$);
#985=IFCCARTESIANTRANSFORMATIONOPERATOR2DNONUNIFORM($,$,#983,1.,1.00034279249087);
#986=IFCDERIVEDPROFILEDEF($,$,#982,#985,$);
#987=IFCCARTESIANPOINT((0.,0.));
#988=IFCAXIS2PLACEMENT2D(#987,$);
#989=IFCRECTANGLEPROFILEDEF(.AREA.,$,#988,150.,300.);
#990=IFCCARTESIANPOINT((0.,0.));
#991=IFCCARTESIANTRANSFORMATIONOPERATOR2D($,$,#990,$);
#992=IFCCARTESIANTRANSFORMATIONOPERATOR2DNONUNIFORM($,$,#990,1.,1.00034279249087);
#993=IFCDERIVEDPROFILEDEF($,$,#989,#992,$);
#994=IFCCARTESIANPOINT((0.,0.));
#995=IFCAXIS2PLACEMENT2D(#994,$);
#996=IFCRECTANGLEPROFILEDEF(.AREA.,$,#995,150.,300.);
#997=IFCCARTESIANPOINT((0.,0.));
#998=IFCCARTESIANTRANSFORMATIONOPERATOR2D($,$,#997,$);
#999=IFCCARTESIANTRANSFORMATIONOPERATOR2DNONUNIFORM($,$,#997,1.,1.00034279249087);
#1000=IFCDERIVEDPROFILEDEF($,$,#996,#999,$);
#1001=IFCCARTESIANPOINT((0.,0.));
#1002=IFCAXIS2PLACEMENT2D(#1001,$);
#1003=IFCRECTANGLEPROFILEDEF(.AREA.,$,#1002,150.,300.);
#1004=IFCCARTESIANPOINT((0.,0.));
#1005=IFCCARTESIANTRANSFORMATIONOPERATOR2D($,$,#1004,$);
#1006=IFCCARTESIANTRANSFORMATIONOPERATOR2DNONUNIFORM($,$,#1004,1.,1.00034279249087);
#1007=IFCDERIVEDPROFILEDEF($,$,#1003,#1006,$);
#1008=IFCCARTESIANPOINT((0.,0.));
#1009=IFCAXIS2PLACEMENT2D(#1008,$);
#1010=IFCRECTANGLEPROFILEDEF(.AREA.,$,#1009,150.,300.);
#1011=IFCCARTESIANPOINT((0.,0.));
#1012=IFCCARTESIANTRANSFORMATIONOPERATOR2D($,$,#1011,$);
#1013=IFCCARTESIANTRANSFORMATIONOPERATOR2DNONUNIFORM($,$,#1011,1.,1.00034279249087);
#1014=IFCDERIVEDPROFILEDEF($,$,#1010,#1013,$);
#1015=IFCCARTESIANPOINT((0.,0.));
#1016=IFCAXIS2PLACEMENT2D(#1015,$);
#1017=IFCRECTANGLEPROFILEDEF(.AREA.,$,#1016,150.,300.);
#1018=IFCCARTESIANPOINT((0.,0.));
#1019=IFCCARTESIANTRANSFORMATIONOPERATOR2D($,$,#1018,$);
#1020=IFCCARTESIANTRANSFORMATIONOPERATOR2DNONUNIFORM($,$,#1018,1.,1.00034279249087);
#1021=IFCDERIVEDPROFILEDEF($,$,#1017,#1020,$);
#1022=IFCCARTESIANPOINT((0.,0.));
#1023=IFCAXIS2PLACEMENT2D(#1022,$);
#1024=IFCRECTANGLEPROFILEDEF(.AREA.,$,#1023,150.,300.);
#1025=IFCCARTESIANPOINT((0.,0.));
#1026=IFCCARTESIANTRANSFORMATIONOPERATOR2D($,$,#1025,$);
#1027=IFCCARTESIANTRANSFORMATIONOPERATOR2DNONUNIFORM($,$,#1025,1.,1.00034279249087);
#1028=IFCDERIVEDPROFILEDEF($,$,#1024,#1027,$);
#1029=IFCCARTESIANPOINT((0.,0.));
#1030=IFCAXIS2PLACEMENT2D(#1029,$);
#1031=IFCRECTANGLEPROFILEDEF(.AREA.,$,#1030,150.,300.);
#1032=IFCCARTESIANPOINT((0.,0.));
#1033=IFCCARTESIANTRANSFORMATIONOPERATOR2D($,$,#1032,$);
#1034=IFCCARTESIANTRANSFORMATIONOPERATOR2DNONUNIFORM($,$,#1032,1.,1.00034279249087);
#1035=IFCDERIVEDPROFILEDEF($,$,#1031,#1034,$);
#1036=IFCCARTESIANPOINT((0.,0.));
#1037=IFCAXIS2PLACEMENT2D(#1036,$);
#1038=IFCRECTANGLEPROFILEDEF(.AREA.,$,#1037,150.,300.);
#1039=IFCCARTESIANPOINT((0.,0.));
#1040=IFCCARTESIANTRANSFORMATIONOPERATOR2D($,$,#1039,$);
#1041=IFCCARTESIANTRANSFORMATIONOPERATOR2DNONUNIFORM($,$,#1039,1.,1.00034279249087);
#1042=IFCDERIVEDPROFILEDEF($,$,#1038,#1041,$);
#1043=IFCCARTESIANPOINT((0.,0.));
#1044=IFCAXIS2PLACEMENT2D(#1043,$);
#1045=IFCRECTANGLEPROFILEDEF(.AREA.,$,#1044,150.,300.);
#1046=IFCCARTESIANPOINT((0.,0.));
#1047=IFCCARTESIANTRANSFORMATIONOPERATOR2D($,$,#1046,$);
#1048=IFCCARTESIANTRANSFORMATIONOPERATOR2DNONUNIFORM($,$,#1046,1.,1.00034279249087);
#1049=IFCDERIVEDPROFILEDEF($,$,#1045,#1048,$);
#1050=IFCCARTESIANPOINT((0.,0.));
#1051=IFCAXIS2PLACEMENT2D(#1050,$);
#1052=IFCRECTANGLEPROFILEDEF(.AREA.,$,#1051,150.,300.);
#1053=IFCCARTESIANPOINT((0.,0.));
#1054=IFCCARTESIANTRANSFORMATIONOPERATOR2D($,$,#1053,$);
#1055=IFCCARTESIANTRANSFORMATIONOPERATOR2DNONUNIFORM($,$,#1053,1.,1.00034279249087);
#1056=IFCDERIVEDPROFILEDEF($,$,#1052,#1055,$);
#1057=IFCCARTESIANPOINT((0.,0.));
#1058=IFCAXIS2PLACEMENT2D(#1057,$);
#1059=IFCRECTANGLEPROFILEDEF(.AREA.,$,#1058,150.,300.);
#1060=IFCCARTESIANPOINT((0.,0.));
#1061=IFCCARTESIANTRANSFORMATIONOPERATOR2D($,$,#1060,$);
#1062=IFCCARTESIANTRANSFORMATIONOPERATOR2DNONUNIFORM($,$,#1060,1.,1.00034279249087);
#1063=IFCDERIVEDPROFILEDEF($,$,#1059,#1062,$);
#1064=IFCCARTESIANPOINT((0.,0.));
#1065=IFCAXIS2PLACEMENT2D(#1064,$);
#1066=IFCRECTANGLEPROFILEDEF(.AREA.,$,#1065,150.,300.);
#1067=IFCCARTESIANPOINT((0.,0.));
#1068=IFCCARTESIANTRANSFORMATIONOPERATOR2D($,$,#1067,$);
#1069=IFCCARTESIANTRANSFORMATIONOPERATOR2DNONUNIFORM($,$,#1067,1.,1.00034279249087);
#1070=IFCDERIVEDPROFILEDEF($,$,#1066,#1069,$);
#1071=IFCCARTESIANPOINT((0.,0.));
#1072=IFCAXIS2PLACEMENT2D(#1071,$);
#1073=IFCRECTANGLEPROFILEDEF(.AREA.,$,#1072,150.,300.);
#1074=IFCCARTESIANPOINT((0.,0.));
#1075=IFCCARTESIANTRANSFORMATIONOPERATOR2D($,$,#1074,$);
#1076=IFCCARTESIANTRANSFORMATIONOPERATOR2DNONUNIFORM($,$,#1074,1.,1.00008567976639);
#1077=IFCDERIVEDPROFILEDEF($,$,#1073,#1076,$);
#1078=IFCCARTESIANPOINT((0.,0.));
#1079=IFCAXIS2PLACEMENT2D(#1078,$);
#1080=IFCRECTANGLEPROFILEDEF(.AREA.,$,#1079,150.,300.);
#1081=IFCCARTESIANPOINT((0.,0.));
#1082=IFCCARTESIANTRANSFORMATIONOPERATOR2D($,$,#1081,$);
#1083=IFCCARTESIANTRANSFORMATIONOPERATOR2DNONUNIFORM($,$,#1081,1.,1.00009584904554);
#1084=IFCDERIVEDPROFILEDEF($,$,#1080,#1083,$);
#1085=IFCCARTESIANPOINT((0.,0.));
#1086=IFCAXIS2PLACEMENT2D(#1085,$);
#1087=IFCRECTANGLEPROFILEDEF(.AREA.,$,#1086,150.,300.);
#1088=IFCCARTESIANPOINT((0.,0.));
#1089=IFCCARTESIANTRANSFORMATIONOPERATOR2D($,$,#1088,$);
#1090=IFCCARTESIANTRANSFORMATIONOPERATOR2DNONUNIFORM($,$,#1088,1.,1.00038348807368);
#1091=IFCDERIVEDPROFILEDEF($,$,#1087,#1090,$);
#1092=IFCCARTESIANPOINT((0.,0.));
#1093=IFCAXIS2PLACEMENT2D(#1092,$);
#1094=IFCRECTANGLEPROFILEDEF(.AREA.,$,#1093,150.,300.);
#1095=IFCCARTESIANPOINT((0.,0.));
#1096=IFCCARTESIANTRANSFORMATIONOPERATOR2D($,$,#1095,$);
#1097=IFCCARTESIANTRANSFORMATIONOPERATOR2DNONUNIFORM($,$,#1095,1.,1.00038348807368);
#1098=IFCDERIVEDPROFILEDEF($,$,#1094,#1097,$);
#1099=IFCCARTESIANPOINT((0.,0.));
#1100=IFCAXIS2PLACEMENT2D(#1099,$);
#1101=IFCRECTANGLEPROFILEDEF(.AREA.,$,#1100,150.,300.);
#1102=IFCCARTESIANPOINT((0.,0.));
#1103=IFCCARTESIANTRANSFORMATIONOPERATOR2D($,$,#1102,$);
#1104=IFCCARTESIANTRANSFORMATIONOPERATOR2DNONUNIFORM($,$,#1102,1.,1.00038348807368);
#1105=IFCDERIVEDPROFILEDEF($,$,#1101,#1104,$);
#1106=IFCCARTESIANPOINT((0.,0.));
#1107=IFCAXIS2PLACEMENT2D(#1106,$);
#1108=IFCRECTANGLEPROFILEDEF(.AREA.,$,#1107,150.,300.);
#1109=IFCCARTESIANPOINT((0.,0.));
#1110=IFCCARTESIANTRANSFORMATIONOPERATOR2D($,$,#1109,$);
#1111=IFCCARTESIANTRANSFORMATIONOPERATOR2DNONUNIFORM($,$,#1109,1.,1.00038348807368);
#1112=IFCDERIVEDPROFILEDEF($,$,#1108,#1111,$);
#1113=IFCCARTESIANPOINT((0.,0.));
#1114=IFCAXIS2PLACEMENT2D(#1113,$);
#1115=IFCRECTANGLEPROFILEDEF(.AREA.,$,#1114,150.,300.);
#1116=IFCCARTESIANPOINT((0.,0.));
#1117=IFCCARTESIANTRANSFORMATIONOPERATOR2D($,$,#1116,$);
#1118=IFCCARTESIANTRANSFORMATIONOPERATOR2DNONUNIFORM($,$,#1116,1.,1.00038348807368);
#1119=IFCDERIVEDPROFILEDEF($,$,#1115,#1118,$);
#1120=IFCCARTESIANPOINT((0.,0.));
#1121=IFCAXIS2PLACEMENT2D(#1120,$);
#1122=IFCRECTANGLEPROFILEDEF(.AREA.,$,#1121,150.,300.);
#1123=IFCCARTESIANPOINT((0.,0.));
#1124=IFCCARTESIANTRANSFORMATIONOPERATOR2D($,$,#1123,$);
#1125=IFCCARTESIANTRANSFORMATIONOPERATOR2DNONUNIFORM($,$,#1123,1.,1.00038348807368);
#1126=IFCDERIVEDPROFILEDEF($,$,#1122,#1125,$);
#1127=IFCCARTESIANPOINT((0.,0.));
#1128=IFCAXIS2PLACEMENT2D(#1127,$);
#1129=IFCRECTANGLEPROFILEDEF(.AREA.,$,#1128,150.,300.);
#1130=IFCCARTESIANPOINT((0.,0.));
#1131=IFCCARTESIANTRANSFORMATIONOPERATOR2D($,$,#1130,$);
#1132=IFCCARTESIANTRANSFORMATIONOPERATOR2DNONUNIFORM($,$,#1130,1.,1.00038348807368);
#1133=IFCDERIVEDPROFILEDEF($,$,#1129,#1132,$);
#1134=IFCCARTESIANPOINT((0.,0.));
#1135=IFCAXIS2PLACEMENT2D(#1134,$);
#1136=IFCRECTANGLEPROFILEDEF(.AREA.,$,#1135,150.,300.);
#1137=IFCCARTESIANPOINT((0.,0.));
#1138=IFCCARTESIANTRANSFORMATIONOPERATOR2D($,$,#1137,$);
#1139=IFCCARTESIANTRANSFORMATIONOPERATOR2DNONUNIFORM($,$,#1137,1.,1.00038348807368);
#1140=IFCDERIVEDPROFILEDEF($,$,#1136,#1139,$);
#1141=IFCCARTESIANPOINT((0.,0.));
#1142=IFCAXIS2PLACEMENT2D(#1141,$);
#1143=IFCRECTANGLEPROFILEDEF(.AREA.,$,#1142,150.,300.);
#1144=IFCCARTESIANPOINT((0.,0.));
#1145=IFCCARTESIANTRANSFORMATIONOPERATOR2D($,$,#1144,$);
#1146=IFCCARTESIANTRANSFORMATIONOPERATOR2DNONUNIFORM($,$,#1144,1.,1.00038348807368);
#1147=IFCDERIVEDPROFILEDEF($,$,#1143,#1146,$);
#1148=IFCCARTESIANPOINT((0.,0.));
#1149=IFCAXIS2PLACEMENT2D(#1148,$);
#1150=IFCRECTANGLEPROFILEDEF(.AREA.,$,#1149,150.,300.);
#1151=IFCCARTESIANPOINT((0.,0.));
#1152=IFCCARTESIANTRANSFORMATIONOPERATOR2D($,$,#1151,$);
#1153=IFCCARTESIANTRANSFORMATIONOPERATOR2DNONUNIFORM($,$,#1151,1.,1.00038348807368);
#1154=IFCDERIVEDPROFILEDEF($,$,#1150,#1153,$);
#1155=IFCCARTESIANPOINT((0.,0.));
#1156=IFCAXIS2PLACEMENT2D(#1155,$);
#1157=IFCRECTANGLEPROFILEDEF(.AREA.,$,#1156,150.,300.);
#1158=IFCCARTESIANPOINT((0.,0.));
#1159=IFCCARTESIANTRANSFORMATIONOPERATOR2D($,$,#1158,$);
#1160=IFCCARTESIANTRANSFORMATIONOPERATOR2DNONUNIFORM($,$,#1158,1.,1.00038348807368);
#1161=IFCDERIVEDPROFILEDEF($,$,#1157,#1160,$);
#1162=IFCCARTESIANPOINT((0.,0.));
#1163=IFCAXIS2PLACEMENT2D(#1162,$);
#1164=IFCRECTANGLEPROFILEDEF(.AREA.,$,#1163,150.,300.);
#1165=IFCCARTESIANPOINT((0.,0.));
#1166=IFCCARTESIANTRANSFORMATIONOPERATOR2D($,$,#1165,$);
#1167=IFCCARTESIANTRANSFORMATIONOPERATOR2DNONUNIFORM($,$,#1165,1.,1.00038348807368);
#1168=IFCDERIVEDPROFILEDEF($,$,#1164,#1167,$);
#1169=IFCCARTESIANPOINT((0.,0.));
#1170=IFCAXIS2PLACEMENT2D(#1169,$);
#1171=IFCRECTANGLEPROFILEDEF(.AREA.,$,#1170,150.,300.);
#1172=IFCCARTESIANPOINT((0.,0.));
#1173=IFCCARTESIANTRANSFORMATIONOPERATOR2D($,$,#1172,$);
#1174=IFCCARTESIANTRANSFORMATIONOPERATOR2DNONUNIFORM($,$,#1172,1.,1.00038348807368);
#1175=IFCDERIVEDPROFILEDEF($,$,#1171,#1174,$);
#1176=IFCCARTESIANPOINT((0.,0.));
#1177=IFCAXIS2PLACEMENT2D(#1176,$);
#1178=IFCRECTANGLEPROFILEDEF(.AREA.,$,#1177,150.,300.);
#1179=IFCCARTESIANPOINT((0.,0.));
#1180=IFCCARTESIANTRANSFORMATIONOPERATOR2D($,$,#1179,$);
#1181=IFCCARTESIANTRANSFORMATIONOPERATOR2DNONUNIFORM($,$,#1179,1.,1.00038348807368);
#1182=IFCDERIVEDPROFILEDEF($,$,#1178,#1181,$);
#1183=IFCCARTESIANPOINT((0.,0.));
#1184=IFCAXIS2PLACEMENT2D(#1183,$);
#1185=IFCRECTANGLEPROFILEDEF(.AREA.,$,#1184,150.,300.);
#1186=IFCCARTESIANPOINT((0.,0.));
#1187=IFCCARTESIANTRANSFORMATIONOPERATOR2D($,$,#1186,$);
#1188=IFCCARTESIANTRANSFORMATIONOPERATOR2DNONUNIFORM($,$,#1186,1.,1.00038348807368);
#1189=IFCDERIVEDPROFILEDEF($,$,#1185,#1188,$);
#1190=IFCCARTESIANPOINT((0.,0.));
#1191=IFCAXIS2PLACEMENT2D(#1190,$);
#1192=IFCRECTANGLEPROFILEDEF(.AREA.,$,#1191,150.,300.);
#1193=IFCCARTESIANPOINT((0.,0.));
#1194=IFCCARTESIANTRANSFORMATIONOPERATOR2D($,$,#1193,$);
#1195=IFCCARTESIANTRANSFORMATIONOPERATOR2DNONUNIFORM($,$,#1193,1.,1.00009584904554);
#1196=IFCDERIVEDPROFILEDEF($,$,#1192,#1195,$);
#1197=IFCCARTESIANPOINT((0.,0.));
#1198=IFCAXIS2PLACEMENT2D(#1197,$);
#1199=IFCRECTANGLEPROFILEDEF(.AREA.,$,#1198,150.,300.);
#1200=IFCCARTESIANPOINT((0.,0.));
#1201=IFCCARTESIANTRANSFORMATIONOPERATOR2D($,$,#1200,$);
#1202=IFCCARTESIANTRANSFORMATIONOPERATOR2DNONUNIFORM($,$,#1200,1.,1.00009847377036);
#1203=IFCDERIVEDPROFILEDEF($,$,#1199,#1202,$);
#1204=IFCCARTESIANPOINT((0.,0.));
#1205=IFCAXIS2PLACEMENT2D(#1204,$);
#1206=IFCRECTANGLEPROFILEDEF(.AREA.,$,#1205,150.,300.);
#1207=IFCCARTESIANPOINT((0.,0.));
#1208=IFCCARTESIANTRANSFORMATIONOPERATOR2D($,$,#1207,$);
#1209=IFCCARTESIANTRANSFORMATIONOPERATOR2DNONUNIFORM($,$,#1207,1.,1.0003939920752);
#1210=IFCDERIVEDPROFILEDEF($,$,#1206,#1209,$);
#1211=IFCCARTESIANPOINT((0.,0.));
#1212=IFCAXIS2PLACEMENT2D(#1211,$);
#1213=IFCRECTANGLEPROFILEDEF(.AREA.,$,#1212,150.,300.);
#1214=IFCCARTESIANPOINT((0.,0.));
#1215=IFCCARTESIANTRANSFORMATIONOPERATOR2D($,$,#1214,$);
#1216=IFCCARTESIANTRANSFORMATIONOPERATOR2DNONUNIFORM($,$,#1214,1.,1.0003939920752);
#1217=IFCDERIVEDPROFILEDEF($,$,#1213,#1216,$);
#1218=IFCCARTESIANPOINT((0.,0.));
#1219=IFCAXIS2PLACEMENT2D(#1218,$);
#1220=IFCRECTANGLEPROFILEDEF(.AREA.,$,#1219,150.,300.);
#1221=IFCCARTESIANPOINT((0.,0.));
#1222=IFCCARTESIANTRANSFORMATIONOPERATOR2D($,$,#1221,$);
#1223=IFCCARTESIANTRANSFORMATIONOPERATOR2DNONUNIFORM($,$,#1221,1.,1.0003939920752);
#1224=IFCDERIVEDPROFILEDEF($,$,#1220,#1223,$);
#1225=IFCCARTESIANPOINT((0.,0.));
#1226=IFCAXIS2PLACEMENT2D(#1225,$);
#1227=IFCRECTANGLEPROFILEDEF(.AREA.,$,#1226,150.,300.);
#1228=IFCCARTESIANPOINT((0.,0.));
#1229=IFCCARTESIANTRANSFORMATIONOPERATOR2D($,$,#1228,$);
#1230=IFCCARTESIANTRANSFORMATIONOPERATOR2DNONUNIFORM($,$,#1228,1.,1.0003939920752);
#1231=IFCDERIVEDPROFILEDEF($,$,#1227,#1230,$);
#1232=IFCCARTESIANPOINT((0.,0.));
#1233=IFCAXIS2PLACEMENT2D(#1232,$);
#1234=IFCRECTANGLEPROFILEDEF(.AREA.,$,#1233,150.,300.);
#1235=IFCCARTESIANPOINT((0.,0.));
#1236=IFCCARTESIANTRANSFORMATIONOPERATOR2D($,$,#1235,$);
#1237=IFCCARTESIANTRANSFORMATIONOPERATOR2DNONUNIFORM($,$,#1235,1.,1.0003939920752);
#1238=IFCDERIVEDPROFILEDEF($,$,#1234,#1237,$);
#1239=IFCCARTESIANPOINT((0.,0.));
#1240=IFCAXIS2PLACEMENT2D(#1239,$);
#1241=IFCRECTANGLEPROFILEDEF(.AREA.,$,#1240,150.,300.);
#1242=IFCCARTESIANPOINT((0.,0.));
#1243=IFCCARTESIANTRANSFORMATIONOPERATOR2D($,$,#1242,$);
#1244=IFCCARTESIANTRANSFORMATIONOPERATOR2DNONUNIFORM($,$,#1242,1.,1.0003939920752);
#1245=IFCDERIVEDPROFILEDEF($,$,#1241,#1244,$);
#1246=IFCCARTESIANPOINT((0.,0.));
#1247=IFCAXIS2PLACEMENT2D(#1246,$);
#1248=IFCRECTANGLEPROFILEDEF(.AREA.,$,#1247,150.,300.);
#1249=IFCCARTESIANPOINT((0.,0.));
#1250=IFCCARTESIANTRANSFORMATIONOPERATOR2D($,$,#1249,$);
#1251=IFCCARTESIANTRANSFORMATIONOPERATOR2DNONUNIFORM($,$,#1249,1.,1.0003939920752);
#1252=IFCDERIVEDPROFILEDEF($,$,#1248,#1251,$);
#1253=IFCCARTESIANPOINT((0.,0.));
#1254=IFCAXIS2PLACEMENT2D(#1253,$);
#1255=IFCRECTANGLEPROFILEDEF(.AREA.,$,#1254,150.,300.);
#1256=IFCCARTESIANPOINT((0.,0.));
#1257=IFCCARTESIANTRANSFORMATIONOPERATOR2D($,$,#1256,$);
#1258=IFCCARTESIANTRANSFORMATIONOPERATOR2DNONUNIFORM($,$,#1256,1.,1.0003939920752);
#1259=IFCDERIVEDPROFILEDEF($,$,#1255,#1258,$);
#1260=IFCCARTESIANPOINT((0.,0.));
#1261=IFCAXIS2PLACEMENT2D(#1260,$);
#1262=IFCRECTANGLEPROFILEDEF(.AREA.,$,#1261,150.,300.);
#1263=IFCCARTESIANPOINT((0.,0.));
#1264=IFCCARTESIANTRANSFORMATIONOPERATOR2D($,$,#1263,$);
#1265=IFCCARTESIANTRANSFORMATIONOPERATOR2DNONUNIFORM($,$,#1263,1.,1.0003939920752);
#1266=IFCDERIVEDPROFILEDEF($,$,#1262,#1265,$);
#1267=IFCCARTESIANPOINT((0.,0.));
#1268=IFCAXIS2PLACEMENT2D(#1267,$);
#1269=IFCRECTANGLEPROFILEDEF(.AREA.,$,#1268,150.,300.);
#1270=IFCCARTESIANPOINT((0.,0.));
#1271=IFCCARTESIANTRANSFORMATIONOPERATOR2D($,$,#1270,$);
#1272=IFCCARTESIANTRANSFORMATIONOPERATOR2DNONUNIFORM($,$,#1270,1.,1.0003939920752);
#1273=IFCDERIVEDPROFILEDEF($,$,#1269,#1272,$);
#1274=IFCCARTESIANPOINT((0.,0.));
#1275=IFCAXIS2PLACEMENT2D(#1274,$);
#1276=IFCRECTANGLEPROFILEDEF(.AREA.,$,#1275,150.,300.);
#1277=IFCCARTESIANPOINT((0.,0.));
#1278=IFCCARTESIANTRANSFORMATIONOPERATOR2D($,$,#1277,$);
#1279=IFCCARTESIANTRANSFORMATIONOPERATOR2DNONUNIFORM($,$,#1277,1.,1.0003939920752);
#1280=IFCDERIVEDPROFILEDEF($,$,#1276,#1279,$);
#1281=IFCCARTESIANPOINT((0.,0.));
#1282=IFCAXIS2PLACEMENT2D(#1281,$);
#1283=IFCRECTANGLEPROFILEDEF(.AREA.,$,#1282,150.,300.);
#1284=IFCCARTESIANPOINT((0.,0.));
#1285=IFCCARTESIANTRANSFORMATIONOPERATOR2D($,$,#1284,$);
#1286=IFCCARTESIANTRANSFORMATIONOPERATOR2DNONUNIFORM($,$,#1284,1.,1.0003939920752);
#1287=IFCDERIVEDPROFILEDEF($,$,#1283,#1286,$);
#1288=IFCCARTESIANPOINT((0.,0.));
#1289=IFCAXIS2PLACEMENT2D(#1288,$);
#1290=IFCRECTANGLEPROFILEDEF(.AREA.,$,#1289,150.,300.);
#1291=IFCCARTESIANPOINT((0.,0.));
#1292=IFCCARTESIANTRANSFORMATIONOPERATOR2D($,$,#1291,$);
#1293=IFCCARTESIANTRANSFORMATIONOPERATOR2DNONUNIFORM($,$,#1291,1.,1.00009847377036);
#1294=IFCDERIVEDPROFILEDEF($,$,#1290,#1293,$);
#1295=IFCCARTESIANPOINT((0.,0.));
#1296=IFCAXIS2PLACEMENT2D(#1295,$);
#1297=IFCRECTANGLEPROFILEDEF(.AREA.,$,#1296,150.,300.);
#1298=IFCCARTESIANPOINT((0.,0.,0.));
#1299=IFCDIRECTION((1.,0.,0.));
#1300=IFCDIRECTION((-0.,0.,1.));
#1301=IFCAXIS2PLACEMENT3D(#1298,#1299,#1300);
#1302=IFCCARTESIANPOINT((1700.,0.,0.));
#1303=IFCDIRECTION((0.9999,0.0131,0.));
#1304=IFCDIRECTION((-0.,0.,1.));
#1305=IFCAXIS2PLACEMENT3D(#1302,#1303,#1304);
#1306=IFCCARTESIANPOINT((1715.7008,0.4111,0.));
#1307=IFCDIRECTION((0.9986,0.0523,0.));
#1308=IFCDIRECTION((-0.,0.,1.));
#1309=IFCAXIS2PLACEMENT3D(#1306,#1307,#1308);
#1310=IFCCARTESIANPOINT((1731.3585,1.6434,0.));
#1311=IFCDIRECTION((0.9945,0.1045,0.));
#1312=IFCDIRECTION((-0.,0.,1.));
#1313=IFCAXIS2PLACEMENT3D(#1310,#1311,#1312);
#1314=IFCCARTESIANPOINT((1746.9303,3.6935,0.));
#1315=IFCDIRECTION((0.9877,0.1564,0.));
#1316=IFCDIRECTION((-0.,0.,1.));
#1317=IFCAXIS2PLACEMENT3D(#1314,#1315,#1316);
#1318=IFCCARTESIANPOINT((1762.3735,6.5557,0.));
#1319=IFCDIRECTION((0.9781,0.2079,0.));
#1320=IFCDIRECTION((-0.,0.,1.));
#1321=IFCAXIS2PLACEMENT3D(#1318,#1319,#1320);
#1322=IFCCARTESIANPOINT((1777.6457,10.2223,0.));
#1323=IFCDIRECTION((0.9659,0.2588,0.));
#1324=IFCDIRECTION((-0.,0.,1.));
#1325=IFCAXIS2PLACEMENT3D(#1322,#1323,#1324);
#1326=IFCCARTESIANPOINT((1792.7051,14.683,0.));
#1327=IFCDIRECTION((0.9511,0.309,0.));
#1328=IFCDIRECTION((-0.,0.,1.));
#1329=IFCAXIS2PLACEMENT3D(#1326,#1327,#1328);
#1330=IFCCARTESIANPOINT((1807.5104,19.9259,0.));
#1331=IFCDIRECTION((0.9336,0.3584,0.));
#1332=IFCDIRECTION((-0.,0.,1.));
#1333=IFCAXIS2PLACEMENT3D(#1330,#1331,#1332);
#1334=IFCCARTESIANPOINT((1822.021,25.9364,0.));
#1335=IFCDIRECTION((0.9135,0.4067,0.));
#1336=IFCDIRECTION((-0.,0.,1.));
#1337=IFCAXIS2PLACEMENT3D(#1334,#1335,#1336);
#1338=IFCCARTESIANPOINT((1836.1971,32.698,0.));
#1339=IFCDIRECTION((0.891,0.454,0.));
#1340=IFCDIRECTION((-0.,0.,1.));
#1341=IFCAXIS2PLACEMENT3D(#1338,#1339,#1340);
#1342=IFCCARTESIANPOINT((1850.,40.1924,0.));
#1343=IFCDIRECTION((0.866,0.5,0.));
#1344=IFCDIRECTION((-0.,0.,1.));
#1345=IFCAXIS2PLACEMENT3D(#1342,#1343,#1344);
#1346=IFCCARTESIANPOINT((1863.3917,48.3988,0.));
#1347=IFCDIRECTION((0.8387,0.5446,0.));
#1348=IFCDIRECTION((-0.,0.,1.));
#1349=IFCAXIS2PLACEMENT3D(#1346,#1347,#1348);
#1350=IFCCARTESIANPOINT((1876.3356,57.2949,0.));
#1351=IFCDIRECTION((0.809,0.5878,0.));
#1352=IFCDIRECTION((-0.,0.,1.));
#1353=IFCAXIS2PLACEMENT3D(#1350,#1351,#1352);
#1354=IFCCARTESIANPOINT((1888.7961,66.8562,0.));
#1355=IFCDIRECTION((0.7771,0.6293,0.));
#1356=IFCDIRECTION((-0.,0.,1.));
#1357=IFCAXIS2PLACEMENT3D(#1354,#1355,#1356);
#1358=IFCCARTESIANPOINT((1900.7392,77.0566,0.));
#1359=IFCDIRECTION((0.7431,0.6691,0.));
#1360=IFCDIRECTION((-0.,0.,1.));
#1361=IFCAXIS2PLACEMENT3D(#1358,#1359,#1360);
#1362=IFCCARTESIANPOINT((1912.132,87.868,0.));
#1363=IFCDIRECTION((0.7071,0.7071,0.));
#1364=IFCDIRECTION((-0.,0.,1.));
#1365=IFCAXIS2PLACEMENT3D(#1362,#1363,#1364);
#1366=IFCCARTESIANPOINT((1922.9434,99.2608,0.));
#1367=IFCDIRECTION((0.6691,0.7431,0.));
#1368=IFCDIRECTION((-0.,0.,1.));
#1369=IFCAXIS2PLACEMENT3D(#1366,#1367,#1368);
#1370=IFCCARTESIANPOINT((1933.1438,111.2039,0.));
#1371=IFCDIRECTION((0.6293,0.7771,0.));
#1372=IFCDIRECTION((-0.,0.,1.));
#1373=IFCAXIS2PLACEMENT3D(#1370,#1371,#1372);
#1374=IFCCARTESIANPOINT((1942.7051,123.6644,0.));
#1375=IFCDIRECTION((0.5878,0.809,0.));
#1376=IFCDIRECTION((-0.,0.,1.));
#1377=IFCAXIS2PLACEMENT3D(#1374,#1375,#1376);
#1378=IFCCARTESIANPOINT((1951.6012,136.6083,0.));
#1379=IFCDIRECTION((0.5446,0.8387,0.));
#1380=IFCDIRECTION((-0.,0.,1.));
#1381=IFCAXIS2PLACEMENT3D(#1378,#1379,#1380);
#1382=IFCCARTESIANPOINT((1959.8076,150.,0.));
#1383=IFCDIRECTION((0.5,0.866,0.));
#1384=IFCDIRECTION((-0.,0.,1.));
#1385=IFCAXIS2PLACEMENT3D(#1382,#1383,#1384);
#1386=IFCCARTESIANPOINT((1967.302,163.8029,0.));
#1387=IFCDIRECTION((0.454,0.891,0.));
#1388=IFCDIRECTION((-0.,0.,1.));
#1389=IFCAXIS2PLACEMENT3D(#1386,#1387,#1388);
#1390=IFCCARTESIANPOINT((1974.0636,177.979,0.));
#1391=IFCDIRECTION((0.4067,0.9135,0.));
#1392=IFCDIRECTION((-0.,0.,1.));
#1393=IFCAXIS2PLACEMENT3D(#1390,#1391,#1392);
#1394=IFCCARTESIANPOINT((1980.0741,192.4896,0.));
#1395=IFCDIRECTION((0.3584,0.9336,0.));
#1396=IFCDIRECTION((-0.,0.,1.));
#1397=IFCAXIS2PLACEMENT3D(#1394,#1395,#1396);
#1398=IFCCARTESIANPOINT((1985.317,207.2949,0.));
#1399=IFCDIRECTION((0.309,0.9511,0.));
#1400=IFCDIRECTION((-0.,0.,1.));
#1401=IFCAXIS2PLACEMENT3D(#1398,#1399,#1400);
#1402=IFCCARTESIANPOINT((1989.7777,222.3543,0.));
#1403=IFCDIRECTION((0.2588,0.9659,0.));
#1404=IFCDIRECTION((-0.,0.,1.));
#1405=IFCAXIS2PLACEMENT3D(#1402,#1403,#1404);
#1406=IFCCARTESIANPOINT((1993.4443,237.6265,0.));
#1407=IFCDIRECTION((0.2079,0.9781,0.));
#1408=IFCDIRECTION((-0.,0.,1.));
#1409=IFCAXIS2PLACEMENT3D(#1406,#1407,#1408);
#1410=IFCCARTESIANPOINT((1996.3065,253.0697,0.));
#1411=IFCDIRECTION((0.1564,0.9877,0.));
#1412=IFCDIRECTION((-0.,0.,1.));
#1413=IFCAXIS2PLACEMENT3D(#1410,#1411,#1412);
#1414=IFCCARTESIANPOINT((1998.3566,268.6415,0.));
#1415=IFCDIRECTION((0.1045,0.9945,0.));
#1416=IFCDIRECTION((-0.,0.,1.));
#1417=IFCAXIS2PLACEMENT3D(#1414,#1415,#1416);
#1418=IFCCARTESIANPOINT((1999.5889,284.2992,0.));
#1419=IFCDIRECTION((0.0523,0.9986,0.));
#1420=IFCDIRECTION((-0.,0.,1.));
#1421=IFCAXIS2PLACEMENT3D(#1418,#1419,#1420);
#1422=IFCCARTESIANPOINT((2000.,300.,0.));
#1423=IFCDIRECTION((0.0131,0.9999,0.));
#1424=IFCDIRECTION((-0.,0.,1.));
#1425=IFCAXIS2PLACEMENT3D(#1422,#1423,#1424);
#1426=IFCCARTESIANPOINT((2000.,700.,0.));
#1427=IFCDIRECTION((0.,0.9999,0.0131));
#1428=IFCDIRECTION((0.,-0.0131,0.9999));
#1429=IFCAXIS2PLACEMENT3D(#1426,#1427,#1428);
#1430=IFCCARTESIANPOINT((2000.,715.7008,0.4111));
#1431=IFCDIRECTION((0.,0.9986,0.0523));
#1432=IFCDIRECTION((0.,-0.0523,0.9986));
#1433=IFCAXIS2PLACEMENT3D(#1430,#1431,#1432);
#1434=IFCCARTESIANPOINT((2000.,731.3585,1.6434));
#1435=IFCDIRECTION((0.,0.9945,0.1045));
#1436=IFCDIRECTION((0.,-0.1045,0.9945));
#1437=IFCAXIS2PLACEMENT3D(#1434,#1435,#1436);
#1438=IFCCARTESIANPOINT((2000.,746.9303,3.6935));
#1439=IFCDIRECTION((0.,0.9877,0.1564));
#1440=IFCDIRECTION((0.,-0.1564,0.9877));
#1441=IFCAXIS2PLACEMENT3D(#1438,#1439,#1440);
#1442=IFCCARTESIANPOINT((2000.,762.3735,6.5557));
#1443=IFCDIRECTION((0.,0.9781,0.2079));
#1444=IFCDIRECTION((0.,-0.2079,0.9781));
#1445=IFCAXIS2PLACEMENT3D(#1442,#1443,#1444);
#1446=IFCCARTESIANPOINT((2000.,777.6457,10.2223));
#1447=IFCDIRECTION((0.,0.9659,0.2588));
#1448=IFCDIRECTION((0.,-0.2588,0.9659));
#1449=IFCAXIS2PLACEMENT3D(#1446,#1447,#1448);
#1450=IFCCARTESIANPOINT((2000.,792.7051,14.683));
#1451=IFCDIRECTION((0.,0.9511,0.309));
#1452=IFCDIRECTION((0.,-0.309,0.9511));
#1453=IFCAXIS2PLACEMENT3D(#1450,#1451,#1452);
#1454=IFCCARTESIANPOINT((2000.,807.5104,19.9259));
#1455=IFCDIRECTION((0.,0.9336,0.3584));
#1456=IFCDIRECTION((0.,-0.3584,0.9336));
#1457=IFCAXIS2PLACEMENT3D(#1454,#1455,#1456);
#1458=IFCCARTESIANPOINT((2000.,822.021,25.9364));
#1459=IFCDIRECTION((0.,0.9135,0.4067));
#1460=IFCDIRECTION((0.,-0.4067,0.9135));
#1461=IFCAXIS2PLACEMENT3D(#1458,#1459,#1460);
#1462=IFCCARTESIANPOINT((2000.,836.1971,32.698));
#1463=IFCDIRECTION((0.,0.891,0.454));
#1464=IFCDIRECTION((0.,-0.454,0.891));
#1465=IFCAXIS2PLACEMENT3D(#1462,#1463,#1464);
#1466=IFCCARTESIANPOINT((2000.,850.,40.1924));
#1467=IFCDIRECTION((0.,0.866,0.5));
#1468=IFCDIRECTION((0.,-0.5,0.866));
#1469=IFCAXIS2PLACEMENT3D(#1466,#1467,#1468);
#1470=IFCCARTESIANPOINT((2000.,863.3917,48.3988));
#1471=IFCDIRECTION((0.,0.8387,0.5446));
#1472=IFCDIRECTION((0.,-0.5446,0.8387));
#1473=IFCAXIS2PLACEMENT3D(#1470,#1471,#1472);
#1474=IFCCARTESIANPOINT((2000.,876.3356,57.2949));
#1475=IFCDIRECTION((0.,0.809,0.5878));
#1476=IFCDIRECTION((0.,-0.5878,0.809));
#1477=IFCAXIS2PLACEMENT3D(#1474,#1475,#1476);
#1478=IFCCARTESIANPOINT((2000.,888.7961,66.8562));
#1479=IFCDIRECTION((0.,0.7771,0.6293));
#1480=IFCDIRECTION((0.,-0.6293,0.7771));
#1481=IFCAXIS2PLACEMENT3D(#1478,#1479,#1480);
#1482=IFCCARTESIANPOINT((2000.,900.7392,77.0566));
#1483=IFCDIRECTION((0.,0.7431,0.6691));
#1484=IFCDIRECTION((0.,-0.6691,0.7431));
#1485=IFCAXIS2PLACEMENT3D(#1482,#1483,#1484);
#1486=IFCCARTESIANPOINT((2000.,912.132,87.868));
#1487=IFCDIRECTION((0.,0.7071,0.7071));
#1488=IFCDIRECTION((0.,-0.7071,0.7071));
#1489=IFCAXIS2PLACEMENT3D(#1486,#1487,#1488);
#1490=IFCCARTESIANPOINT((2000.,922.9434,99.2608));
#1491=IFCDIRECTION((0.,0.6691,0.7431));
#1492=IFCDIRECTION((0.,-0.7431,0.6691));
#1493=IFCAXIS2PLACEMENT3D(#1490,#1491,#1492);
#1494=IFCCARTESIANPOINT((2000.,933.1438,111.2039));
#1495=IFCDIRECTION((0.,0.6293,0.7771));
#1496=IFCDIRECTION((0.,-0.7771,0.6293));
#1497=IFCAXIS2PLACEMENT3D(#1494,#1495,#1496);
#1498=IFCCARTESIANPOINT((2000.,942.7051,123.6644));
#1499=IFCDIRECTION((0.,0.5878,0.809));
#1500=IFCDIRECTION((0.,-0.809,0.5878));
#1501=IFCAXIS2PLACEMENT3D(#1498,#1499,#1500);
#1502=IFCCARTESIANPOINT((2000.,951.6012,136.6083));
#1503=IFCDIRECTION((0.,0.5446,0.8387));
#1504=IFCDIRECTION((0.,-0.8387,0.5446));
#1505=IFCAXIS2PLACEMENT3D(#1502,#1503,#1504);
#1506=IFCCARTESIANPOINT((2000.,959.8076,150.));
#1507=IFCDIRECTION((0.,0.5,0.866));
#1508=IFCDIRECTION((0.,-0.866,0.5));
#1509=IFCAXIS2PLACEMENT3D(#1506,#1507,#1508);
#1510=IFCCARTESIANPOINT((2000.,967.302,163.8029));
#1511=IFCDIRECTION((0.,0.454,0.891));
#1512=IFCDIRECTION((0.,-0.891,0.454));
#1513=IFCAXIS2PLACEMENT3D(#1510,#1511,#1512);
#1514=IFCCARTESIANPOINT((2000.,974.0636,177.979));
#1515=IFCDIRECTION((0.,0.4067,0.9135));
#1516=IFCDIRECTION((0.,-0.9135,0.4067));
#1517=IFCAXIS2PLACEMENT3D(#1514,#1515,#1516);
#1518=IFCCARTESIANPOINT((2000.,980.0741,192.4896));
#1519=IFCDIRECTION((0.,0.3584,0.9336));
#1520=IFCDIRECTION((0.,-0.9336,0.3584));
#1521=IFCAXIS2PLACEMENT3D(#1518,#1519,#1520);
#1522=IFCCARTESIANPOINT((2000.,985.317,207.2949));
#1523=IFCDIRECTION((0.,0.309,0.9511));
#1524=IFCDIRECTION((0.,-0.9511,0.309));
#1525=IFCAXIS2PLACEMENT3D(#1522,#1523,#1524);
#1526=IFCCARTESIANPOINT((2000.,989.7777,222.3543));
#1527=IFCDIRECTION((0.,0.2588,0.9659));
#1528=IFCDIRECTION((0.,-0.9659,0.2588));
#1529=IFCAXIS2PLACEMENT3D(#1526,#1527,#1528);
#1530=IFCCARTESIANPOINT((2000.,993.4443,237.6265));
#1531=IFCDIRECTION((0.,0.2079,0.9781));
#1532=IFCDIRECTION((0.,-0.9781,0.2079));
#1533=IFCAXIS2PLACEMENT3D(#1530,#1531,#1532);
#1534=IFCCARTESIANPOINT((2000.,996.3065,253.0697));
#1535=IFCDIRECTION((0.,0.1564,0.9877));
#1536=IFCDIRECTION((0.,-0.9877,0.1564));
#1537=IFCAXIS2PLACEMENT3D(#1534,#1535,#1536);
#1538=IFCCARTESIANPOINT((2000.,998.3566,268.6415));
#1539=IFCDIRECTION((0.,0.1045,0.9945));
#1540=IFCDIRECTION((0.,-0.9945,0.1045));
#1541=IFCAXIS2PLACEMENT3D(#1538,#1539,#1540);
#1542=IFCCARTESIANPOINT((2000.,999.5889,284.2992));
#1543=IFCDIRECTION((0.,0.0523,0.9986));
#1544=IFCDIRECTION((0.,-0.9986,0.0523));
#1545=IFCAXIS2PLACEMENT3D(#1542,#1543,#1544);
#1546=IFCCARTESIANPOINT((2000.,1000.,300.));
#1547=IFCDIRECTION((0.,0.0131,0.9999));
#1548=IFCDIRECTION((0.,-0.9999,0.0131));
#1549=IFCAXIS2PLACEMENT3D(#1546,#1547,#1548);
#1550=IFCCARTESIANPOINT((2000.,1000.,700.));
#1551=IFCDIRECTION((0.,-0.0135,0.9999));
#1552=IFCDIRECTION((0.,-0.9999,-0.0135));
#1553=IFCAXIS2PLACEMENT3D(#1550,#1551,#1552);
#1554=IFCCARTESIANPOINT((2000.,999.56,716.2417));
#1555=IFCDIRECTION((0.,-0.0541,0.9985));
#1556=IFCDIRECTION((0.,-0.9985,-0.0541));
#1557=IFCAXIS2PLACEMENT3D(#1554,#1555,#1556);
#1558=IFCCARTESIANPOINT((2000.,998.2414,732.4357));
#1559=IFCDIRECTION((0.,-0.1081,0.9941));
#1560=IFCDIRECTION((0.,-0.9941,-0.1081));
#1561=IFCAXIS2PLACEMENT3D(#1558,#1559,#1560);
#1562=IFCCARTESIANPOINT((2000.,996.048,748.5346));
#1563=IFCDIRECTION((0.,-0.1618,0.9868));
#1564=IFCDIRECTION((0.,-0.9868,-0.1618));
#1565=IFCAXIS2PLACEMENT3D(#1562,#1563,#1564);
#1566=IFCCARTESIANPOINT((2000.,992.9862,764.4911));
#1567=IFCDIRECTION((0.,-0.215,0.9766));
#1568=IFCDIRECTION((0.,-0.9766,-0.215));
#1569=IFCAXIS2PLACEMENT3D(#1566,#1567,#1568);
#1570=IFCCARTESIANPOINT((2000.,989.065,780.2585));
#1571=IFCDIRECTION((0.,-0.2675,0.9635));
#1572=IFCDIRECTION((0.,-0.9635,-0.2675));
#1573=IFCAXIS2PLACEMENT3D(#1570,#1571,#1572);
#1574=IFCCARTESIANPOINT((2000.,984.296,795.7905));
#1575=IFCDIRECTION((0.,-0.3193,0.9477));
#1576=IFCDIRECTION((0.,-0.9477,-0.3193));
#1577=IFCAXIS2PLACEMENT3D(#1574,#1575,#1576);
#1578=IFCCARTESIANPOINT((2000.,978.693,811.0414));
#1579=IFCDIRECTION((0.,-0.3701,0.929));
#1580=IFCDIRECTION((0.,-0.929,-0.3701));
#1581=IFCAXIS2PLACEMENT3D(#1578,#1579,#1580);
#1582=IFCCARTESIANPOINT((2000.,972.2726,825.9667));
#1583=IFCDIRECTION((0.,-0.4199,0.9076));
#1584=IFCDIRECTION((0.,-0.9076,-0.4199));
#1585=IFCAXIS2PLACEMENT3D(#1582,#1583,#1584);
#1586=IFCCARTESIANPOINT((2000.,965.0536,840.5225));
#1587=IFCDIRECTION((0.,-0.4684,0.8835));
#1588=IFCDIRECTION((0.,-0.8835,-0.4684));
#1589=IFCAXIS2PLACEMENT3D(#1586,#1587,#1588);
#1590=IFCCARTESIANPOINT((2000.,957.0572,854.6662));
#1591=IFCDIRECTION((0.,-0.5156,0.8569));
#1592=IFCDIRECTION((0.,-0.8569,-0.5156));
#1593=IFCAXIS2PLACEMENT3D(#1590,#1591,#1592);
#1594=IFCCARTESIANPOINT((2000.,948.3067,868.3561));
#1595=IFCDIRECTION((0.,-0.5612,0.8277));
#1596=IFCDIRECTION((0.,-0.8277,-0.5612));
#1597=IFCAXIS2PLACEMENT3D(#1594,#1595,#1596);
#1598=IFCCARTESIANPOINT((2000.,938.8279,881.5523));
#1599=IFCDIRECTION((0.,-0.6052,0.7961));
#1600=IFCDIRECTION((0.,-0.7961,-0.6052));
#1601=IFCAXIS2PLACEMENT3D(#1598,#1599,#1600);
#1602=IFCCARTESIANPOINT((2000.,928.6486,894.2159));
#1603=IFCDIRECTION((0.,-0.6474,0.7622));
#1604=IFCDIRECTION((0.,-0.7622,-0.6474));
#1605=IFCAXIS2PLACEMENT3D(#1602,#1603,#1604);
#1606=IFCCARTESIANPOINT((2000.,917.7986,906.3098));
#1607=IFCDIRECTION((0.,-0.6877,0.726));
#1608=IFCDIRECTION((0.,-0.726,-0.6877));
#1609=IFCAXIS2PLACEMENT3D(#1606,#1607,#1608);
#1610=IFCCARTESIANPOINT((2000.,906.3098,917.7986));
#1611=IFCDIRECTION((0.,-0.726,0.6877));
#1612=IFCDIRECTION((0.,-0.6877,-0.726));
#1613=IFCAXIS2PLACEMENT3D(#1610,#1611,#1612);
#1614=IFCCARTESIANPOINT((2000.,894.2159,928.6486));
#1615=IFCDIRECTION((0.,-0.7622,0.6474));
#1616=IFCDIRECTION((0.,-0.6474,-0.7622));
#1617=IFCAXIS2PLACEMENT3D(#1614,#1615,#1616);
#1618=IFCCARTESIANPOINT((2000.,881.5523,938.8279));
#1619=IFCDIRECTION((0.,-0.7961,0.6052));
#1620=IFCDIRECTION((0.,-0.6052,-0.7961));
#1621=IFCAXIS2PLACEMENT3D(#1618,#1619,#1620);
#1622=IFCCARTESIANPOINT((2000.,868.3561,948.3067));
#1623=IFCDIRECTION((0.,-0.8277,0.5612));
#1624=IFCDIRECTION((0.,-0.5612,-0.8277));
#1625=IFCAXIS2PLACEMENT3D(#1622,#1623,#1624);
#1626=IFCCARTESIANPOINT((2000.,854.6662,957.0572));
#1627=IFCDIRECTION((0.,-0.8569,0.5156));
#1628=IFCDIRECTION((0.,-0.5156,-0.8569));
#1629=IFCAXIS2PLACEMENT3D(#1626,#1627,#1628);
#1630=IFCCARTESIANPOINT((2000.,840.5225,965.0536));
#1631=IFCDIRECTION((0.,-0.8835,0.4684));
#1632=IFCDIRECTION((0.,-0.4684,-0.8835));
#1633=IFCAXIS2PLACEMENT3D(#1630,#1631,#1632);
#1634=IFCCARTESIANPOINT((2000.,825.9667,972.2726));
#1635=IFCDIRECTION((0.,-0.9076,0.4199));
#1636=IFCDIRECTION((0.,-0.4199,-0.9076));
#1637=IFCAXIS2PLACEMENT3D(#1634,#1635,#1636);
#1638=IFCCARTESIANPOINT((2000.,811.0414,978.693));
#1639=IFCDIRECTION((0.,-0.929,0.3701));
#1640=IFCDIRECTION((0.,-0.3701,-0.929));
#1641=IFCAXIS2PLACEMENT3D(#1638,#1639,#1640);
#1642=IFCCARTESIANPOINT((2000.,795.7905,984.296));
#1643=IFCDIRECTION((0.,-0.9477,0.3193));
#1644=IFCDIRECTION((0.,-0.3193,-0.9477));
#1645=IFCAXIS2PLACEMENT3D(#1642,#1643,#1644);
#1646=IFCCARTESIANPOINT((2000.,780.2585,989.065));
#1647=IFCDIRECTION((0.,-0.9635,0.2675));
#1648=IFCDIRECTION((0.,-0.2675,-0.9635));
#1649=IFCAXIS2PLACEMENT3D(#1646,#1647,#1648);
#1650=IFCCARTESIANPOINT((2000.,764.4911,992.9862));
#1651=IFCDIRECTION((0.,-0.9766,0.215));
#1652=IFCDIRECTION((0.,-0.215,-0.9766));
#1653=IFCAXIS2PLACEMENT3D(#1650,#1651,#1652);
#1654=IFCCARTESIANPOINT((2000.,748.5346,996.048));
#1655=IFCDIRECTION((0.,-0.9868,0.1618));
#1656=IFCDIRECTION((0.,-0.1618,-0.9868));
#1657=IFCAXIS2PLACEMENT3D(#1654,#1655,#1656);
#1658=IFCCARTESIANPOINT((2000.,732.4357,998.2414));
#1659=IFCDIRECTION((0.,-0.9941,0.1081));
#1660=IFCDIRECTION((0.,-0.1081,-0.9941));
#1661=IFCAXIS2PLACEMENT3D(#1658,#1659,#1660);
#1662=IFCCARTESIANPOINT((2000.,716.2417,999.56));
#1663=IFCDIRECTION((0.,-0.9985,0.0541));
#1664=IFCDIRECTION((0.,-0.0541,-0.9985));
#1665=IFCAXIS2PLACEMENT3D(#1662,#1663,#1664);
#1666=IFCCARTESIANPOINT((2000.,700.,1000.));
#1667=IFCDIRECTION((0.,-0.9999,0.0135));
#1668=IFCDIRECTION((0.,-0.0135,-0.9999));
#1669=IFCAXIS2PLACEMENT3D(#1666,#1667,#1668);
#1670=IFCCARTESIANPOINT((2000.,300.,1000.));
#1671=IFCDIRECTION((0.0131,-0.9999,0.));
#1672=IFCDIRECTION((-0.,-0.,-1.));
#1673=IFCAXIS2PLACEMENT3D(#1670,#1671,#1672);
#1674=IFCCARTESIANPOINT((2000.4111,284.2992,1000.));
#1675=IFCDIRECTION((0.0523,-0.9986,0.));
#1676=IFCDIRECTION((-0.,-0.,-1.));
#1677=IFCAXIS2PLACEMENT3D(#1674,#1675,#1676);
#1678=IFCCARTESIANPOINT((2001.6434,268.6415,1000.));
#1679=IFCDIRECTION((0.1045,-0.9945,0.));
#1680=IFCDIRECTION((-0.,-0.,-1.));
#1681=IFCAXIS2PLACEMENT3D(#1678,#1679,#1680);
#1682=IFCCARTESIANPOINT((2003.6935,253.0697,1000.));
#1683=IFCDIRECTION((0.1564,-0.9877,0.));
#1684=IFCDIRECTION((-0.,-0.,-1.));
#1685=IFCAXIS2PLACEMENT3D(#1682,#1683,#1684);
#1686=IFCCARTESIANPOINT((2006.5557,237.6265,1000.));
#1687=IFCDIRECTION((0.2079,-0.9781,0.));
#1688=IFCDIRECTION((-0.,-0.,-1.));
#1689=IFCAXIS2PLACEMENT3D(#1686,#1687,#1688);
#1690=IFCCARTESIANPOINT((2010.2223,222.3543,1000.));
#1691=IFCDIRECTION((0.2588,-0.9659,0.));
#1692=IFCDIRECTION((-0.,-0.,-1.));
#1693=IFCAXIS2PLACEMENT3D(#1690,#1691,#1692);
#1694=IFCCARTESIANPOINT((2014.683,207.2949,1000.));
#1695=IFCDIRECTION((0.309,-0.9511,0.));
#1696=IFCDIRECTION((-0.,-0.,-1.));
#1697=IFCAXIS2PLACEMENT3D(#1694,#1695,#1696);
#1698=IFCCARTESIANPOINT((2019.9259,192.4896,1000.));
#1699=IFCDIRECTION((0.3584,-0.9336,0.));
#1700=IFCDIRECTION((-0.,-0.,-1.));
#1701=IFCAXIS2PLACEMENT3D(#1698,#1699,#1700);
#1702=IFCCARTESIANPOINT((2025.9364,177.979,1000.));
#1703=IFCDIRECTION((0.4067,-0.9135,0.));
#1704=IFCDIRECTION((-0.,-0.,-1.));
#1705=IFCAXIS2PLACEMENT3D(#1702,#1703,#1704);
#1706=IFCCARTESIANPOINT((2032.698,163.8029,1000.));
#1707=IFCDIRECTION((0.454,-0.891,0.));
#1708=IFCDIRECTION((-0.,-0.,-1.));
#1709=IFCAXIS2PLACEMENT3D(#1706,#1707,#1708);
#1710=IFCCARTESIANPOINT((2040.1924,150.,1000.));
#1711=IFCDIRECTION((0.5,-0.866,0.));
#1712=IFCDIRECTION((-0.,-0.,-1.));
#1713=IFCAXIS2PLACEMENT3D(#1710,#1711,#1712);
#1714=IFCCARTESIANPOINT((2048.3988,136.6083,1000.));
#1715=IFCDIRECTION((0.5446,-0.8387,0.));
#1716=IFCDIRECTION((-0.,-0.,-1.));
#1717=IFCAXIS2PLACEMENT3D(#1714,#1715,#1716);
#1718=IFCCARTESIANPOINT((2057.2949,123.6644,1000.));
#1719=IFCDIRECTION((0.5878,-0.809,0.));
#1720=IFCDIRECTION((-0.,-0.,-1.));
#1721=IFCAXIS2PLACEMENT3D(#1718,#1719,#1720);
#1722=IFCCARTESIANPOINT((2066.8562,111.2039,1000.));
#1723=IFCDIRECTION((0.6293,-0.7771,0.));
#1724=IFCDIRECTION((-0.,-0.,-1.));
#1725=IFCAXIS2PLACEMENT3D(#1722,#1723,#1724);
#1726=IFCCARTESIANPOINT((2077.0566,99.2608,1000.));
#1727=IFCDIRECTION((0.6691,-0.7431,0.));
#1728=IFCDIRECTION((-0.,-0.,-1.));
#1729=IFCAXIS2PLACEMENT3D(#1726,#1727,#1728);
#1730=IFCCARTESIANPOINT((2087.868,87.868,1000.));
#1731=IFCDIRECTION((0.7071,-0.7071,0.));
#1732=IFCDIRECTION((-0.,-0.,-1.));
#1733=IFCAXIS2PLACEMENT3D(#1730,#1731,#1732);
#1734=IFCCARTESIANPOINT((2099.2608,77.0566,1000.));
#1735=IFCDIRECTION((0.7431,-0.6691,0.));
#1736=IFCDIRECTION((-0.,-0.,-1.));
#1737=IFCAXIS2PLACEMENT3D(#1734,#1735,#1736);
#1738=IFCCARTESIANPOINT((2111.2039,66.8562,1000.));
#1739=IFCDIRECTION((0.7771,-0.6293,0.));
#1740=IFCDIRECTION((-0.,-0.,-1.));
#1741=IFCAXIS2PLACEMENT3D(#1738,#1739,#1740);
#1742=IFCCARTESIANPOINT((2123.6644,57.2949,1000.));
#1743=IFCDIRECTION((0.809,-0.5878,0.));
#1744=IFCDIRECTION((-0.,-0.,-1.));
#1745=IFCAXIS2PLACEMENT3D(#1742,#1743,#1744);
#1746=IFCCARTESIANPOINT((2136.6083,48.3988,1000.));
#1747=IFCDIRECTION((0.8387,-0.5446,0.));
#1748=IFCDIRECTION((-0.,-0.,-1.));
#1749=IFCAXIS2PLACEMENT3D(#1746,#1747,#1748);
#1750=IFCCARTESIANPOINT((2150.,40.1924,1000.));
#1751=IFCDIRECTION((0.866,-0.5,0.));
#1752=IFCDIRECTION((-0.,-0.,-1.));
#1753=IFCAXIS2PLACEMENT3D(#1750,#1751,#1752);
#1754=IFCCARTESIANPOINT((2163.8029,32.698,1000.));
#1755=IFCDIRECTION((0.891,-0.454,0.));
#1756=IFCDIRECTION((-0.,-0.,-1.));
#1757=IFCAXIS2PLACEMENT3D(#1754,#1755,#1756);
#1758=IFCCARTESIANPOINT((2177.979,25.9364,1000.));
#1759=IFCDIRECTION((0.9135,-0.4067,0.));
#1760=IFCDIRECTION((-0.,-0.,-1.));
#1761=IFCAXIS2PLACEMENT3D(#1758,#1759,#1760);
#1762=IFCCARTESIANPOINT((2192.4896,19.9259,1000.));
#1763=IFCDIRECTION((0.9336,-0.3584,0.));
#1764=IFCDIRECTION((-0.,-0.,-1.));
#1765=IFCAXIS2PLACEMENT3D(#1762,#1763,#1764);
#1766=IFCCARTESIANPOINT((2207.2949,14.683,1000.));
#1767=IFCDIRECTION((0.9511,-0.309,0.));
#1768=IFCDIRECTION((-0.,-0.,-1.));
#1769=IFCAXIS2PLACEMENT3D(#1766,#1767,#1768);
#1770=IFCCARTESIANPOINT((2222.3543,10.2223,1000.));
#1771=IFCDIRECTION((0.9659,-0.2588,0.));
#1772=IFCDIRECTION((-0.,-0.,-1.));
#1773=IFCAXIS2PLACEMENT3D(#1770,#1771,#1772);
#1774=IFCCARTESIANPOINT((2237.6265,6.5557,1000.));
#1775=IFCDIRECTION((0.9781,-0.2079,0.));
#1776=IFCDIRECTION((-0.,-0.,-1.));
#1777=IFCAXIS2PLACEMENT3D(#1774,#1775,#1776);
#1778=IFCCARTESIANPOINT((2253.0697,3.6935,1000.));
#1779=IFCDIRECTION((0.9877,-0.1564,0.));
#1780=IFCDIRECTION((-0.,-0.,-1.));
#1781=IFCAXIS2PLACEMENT3D(#1778,#1779,#1780);
#1782=IFCCARTESIANPOINT((2268.6415,1.6434,1000.));
#1783=IFCDIRECTION((0.9945,-0.1045,0.));
#1784=IFCDIRECTION((-0.,-0.,-1.));
#1785=IFCAXIS2PLACEMENT3D(#1782,#1783,#1784);
#1786=IFCCARTESIANPOINT((2284.2992,0.4111,1000.));
#1787=IFCDIRECTION((0.9986,-0.0523,0.));
#1788=IFCDIRECTION((-0.,-0.,-1.));
#1789=IFCAXIS2PLACEMENT3D(#1786,#1787,#1788);
#1790=IFCCARTESIANPOINT((2300.,0.,1000.));
#1791=IFCDIRECTION((0.9999,-0.0131,0.));
#1792=IFCDIRECTION((-0.,-0.,-1.));
#1793=IFCAXIS2PLACEMENT3D(#1790,#1791,#1792);
#1794=IFCCARTESIANPOINT((2875.7359,0.,1000.));
#1795=IFCDIRECTION((0.9999,0.0131,0.));
#1796=IFCDIRECTION((0.,-0.,-1.));
#1797=IFCAXIS2PLACEMENT3D(#1794,#1795,#1796);
#1798=IFCCARTESIANPOINT((2891.4367,0.4111,1000.));
#1799=IFCDIRECTION((0.9986,0.0523,0.));
#1800=IFCDIRECTION((0.,-0.,-1.));
#1801=IFCAXIS2PLACEMENT3D(#1798,#1799,#1800);
#1802=IFCCARTESIANPOINT((2907.0945,1.6434,1000.));
#1803=IFCDIRECTION((0.9945,0.1045,0.));
#1804=IFCDIRECTION((0.,-0.,-1.));
#1805=IFCAXIS2PLACEMENT3D(#1802,#1803,#1804);
#1806=IFCCARTESIANPOINT((2922.6663,3.6935,1000.));
#1807=IFCDIRECTION((0.9877,0.1564,0.));
#1808=IFCDIRECTION((0.,-0.,-1.));
#1809=IFCAXIS2PLACEMENT3D(#1806,#1807,#1808);
#1810=IFCCARTESIANPOINT((2938.1094,6.5557,1000.));
#1811=IFCDIRECTION((0.9781,0.2079,0.));
#1812=IFCDIRECTION((0.,-0.,-1.));
#1813=IFCAXIS2PLACEMENT3D(#1810,#1811,#1812);
#1814=IFCCARTESIANPOINT((2953.3816,10.2223,1000.));
#1815=IFCDIRECTION((0.9659,0.2588,0.));
#1816=IFCDIRECTION((0.,-0.,-1.));
#1817=IFCAXIS2PLACEMENT3D(#1814,#1815,#1816);
#1818=IFCCARTESIANPOINT((2968.441,14.683,1000.));
#1819=IFCDIRECTION((0.9511,0.309,0.));
#1820=IFCDIRECTION((0.,-0.,-1.));
#1821=IFCAXIS2PLACEMENT3D(#1818,#1819,#1820);
#1822=IFCCARTESIANPOINT((2983.2463,19.9259,1000.));
#1823=IFCDIRECTION((0.9336,0.3584,0.));
#1824=IFCDIRECTION((0.,-0.,-1.));
#1825=IFCAXIS2PLACEMENT3D(#1822,#1823,#1824);
#1826=IFCCARTESIANPOINT((2997.7569,25.9364,1000.));
#1827=IFCDIRECTION((0.9135,0.4067,0.));
#1828=IFCDIRECTION((0.,-0.,-1.));
#1829=IFCAXIS2PLACEMENT3D(#1826,#1827,#1828);
#1830=IFCCARTESIANPOINT((3011.9331,32.698,1000.));
#1831=IFCDIRECTION((0.891,0.454,0.));
#1832=IFCDIRECTION((0.,-0.,-1.));
#1833=IFCAXIS2PLACEMENT3D(#1830,#1831,#1832);
#1834=IFCCARTESIANPOINT((3025.7359,40.1924,1000.));
#1835=IFCDIRECTION((0.866,0.5,0.));
#1836=IFCDIRECTION((0.,-0.,-1.));
#1837=IFCAXIS2PLACEMENT3D(#1834,#1835,#1836);
#1838=IFCCARTESIANPOINT((3039.1276,48.3988,1000.));
#1839=IFCDIRECTION((0.8387,0.5446,0.));
#1840=IFCDIRECTION((0.,-0.,-1.));
#1841=IFCAXIS2PLACEMENT3D(#1838,#1839,#1840);
#1842=IFCCARTESIANPOINT((3052.0715,57.2949,1000.));
#1843=IFCDIRECTION((0.809,0.5878,0.));
#1844=IFCDIRECTION((0.,-0.,-1.));
#1845=IFCAXIS2PLACEMENT3D(#1842,#1843,#1844);
#1846=IFCCARTESIANPOINT((3064.532,66.8562,1000.));
#1847=IFCDIRECTION((0.7771,0.6293,0.));
#1848=IFCDIRECTION((0.,-0.,-1.));
#1849=IFCAXIS2PLACEMENT3D(#1846,#1847,#1848);
#1850=IFCCARTESIANPOINT((3076.4751,77.0566,1000.));
#1851=IFCDIRECTION((0.7431,0.6691,0.));
#1852=IFCDIRECTION((0.,-0.,-1.));
#1853=IFCAXIS2PLACEMENT3D(#1850,#1851,#1852);
#1854=IFCCARTESIANPOINT((3087.868,87.868,1000.));
#1855=IFCDIRECTION((0.7163,0.6978,0.));
#1856=IFCDIRECTION((0.,-0.,-1.));
#1857=IFCAXIS2PLACEMENT3D(#1854,#1855,#1856);
#1858=IFCCARTESIANPOINT((3899.3438,899.3438,1000.));
#1859=IFCDIRECTION((0.715,0.699,-0.008));
#1860=IFCDIRECTION((-0.0112,0.,-0.9999));
#1861=IFCAXIS2PLACEMENT3D(#1858,#1859,#1860);
#1862=IFCCARTESIANPOINT((3911.3512,910.8201,999.7345));
#1863=IFCDIRECTION((0.738,0.6741,-0.032));
#1864=IFCDIRECTION((-0.0433,-0.,-0.9991));
#1865=IFCAXIS2PLACEMENT3D(#1862,#1863,#1864);
#1866=IFCCARTESIANPOINT((3923.8528,921.7301,998.9387));
#1867=IFCDIRECTION((0.7666,0.639,-0.0638));
#1868=IFCDIRECTION((-0.083,-0.,-0.9966));
#1869=IFCAXIS2PLACEMENT3D(#1866,#1867,#1868);
#1870=IFCCARTESIANPOINT((3936.8103,932.0405,997.6151));
#1871=IFCDIRECTION((0.7929,0.6019,-0.0955));
#1872=IFCDIRECTION((-0.1196,-0.,-0.9928));
#1873=IFCAXIS2PLACEMENT3D(#1870,#1871,#1872);
#1874=IFCCARTESIANPOINT((3950.1841,941.7195,995.7677));
#1875=IFCDIRECTION((0.8167,0.563,-0.1269));
#1876=IFCDIRECTION((-0.1535,-0.,-0.9882));
#1877=IFCAXIS2PLACEMENT3D(#1874,#1875,#1876);
#1878=IFCCARTESIANPOINT((3963.933,950.7375,993.4022));
#1879=IFCDIRECTION((0.838,0.5223,-0.1578));
#1880=IFCDIRECTION((-0.1851,0.,-0.9827));
#1881=IFCAXIS2PLACEMENT3D(#1878,#1879,#1880);
#1882=IFCCARTESIANPOINT((3978.0149,959.0668,990.5259));
#1883=IFCDIRECTION((0.8568,0.4801,-0.1883));
#1884=IFCDIRECTION((-0.2147,-0.,-0.9767));
#1885=IFCAXIS2PLACEMENT3D(#1882,#1883,#1884);
#1886=IFCCARTESIANPOINT((3992.3868,966.682,987.1476));
#1887=IFCDIRECTION((0.8729,0.4364,-0.2183));
#1888=IFCDIRECTION((-0.2426,-0.,-0.9701));
#1889=IFCAXIS2PLACEMENT3D(#1886,#1887,#1888);
#1890=IFCCARTESIANPOINT((4007.0044,973.5596,983.2776));
#1891=IFCDIRECTION((0.8863,0.3913,-0.2475));
#1892=IFCDIRECTION((-0.269,-0.,-0.9632));
#1893=IFCAXIS2PLACEMENT3D(#1890,#1891,#1892);
#1894=IFCCARTESIANPOINT((4021.8229,979.6786,978.9278));
#1895=IFCDIRECTION((0.8971,0.3451,-0.276));
#1896=IFCDIRECTION((-0.2941,-0.,-0.9558));
#1897=IFCAXIS2PLACEMENT3D(#1894,#1895,#1896);
#1898=IFCCARTESIANPOINT((4036.797,985.0202,974.1116));
#1899=IFCDIRECTION((0.9051,0.2978,-0.3036));
#1900=IFCDIRECTION((-0.3181,-0.,-0.9481));
#1901=IFCAXIS2PLACEMENT3D(#1898,#1899,#1900);
#1902=IFCCARTESIANPOINT((4051.8807,989.568,968.8436));
#1903=IFCDIRECTION((0.9103,0.2496,-0.3304));
#1904=IFCDIRECTION((-0.3411,-0.,-0.94));
#1905=IFCAXIS2PLACEMENT3D(#1902,#1903,#1904);
#1906=IFCCARTESIANPOINT((4067.0278,993.3081,963.1401));
#1907=IFCDIRECTION((0.9127,0.2006,-0.3561));
#1908=IFCDIRECTION((-0.3634,-0.,-0.9316));
#1909=IFCAXIS2PLACEMENT3D(#1906,#1907,#1908);
#1910=IFCCARTESIANPOINT((4082.1919,996.2291,957.0186));
#1911=IFCDIRECTION((0.9123,0.151,-0.3807));
#1912=IFCDIRECTION((-0.3851,-0.,-0.9229));
#1913=IFCAXIS2PLACEMENT3D(#1910,#1911,#1912);
#1914=IFCCARTESIANPOINT((4097.3263,998.3219,950.4978));
#1915=IFCDIRECTION((0.9091,0.1009,-0.4041));
#1916=IFCDIRECTION((-0.4062,-0.,-0.9138));
#1917=IFCAXIS2PLACEMENT3D(#1914,#1915,#1916);
#1918=IFCCARTESIANPOINT((4112.3848,999.5802,943.5977));
#1919=IFCDIRECTION((0.9032,0.0505,-0.4263));
#1920=IFCDIRECTION((-0.4269,-0.,-0.9043));
#1921=IFCAXIS2PLACEMENT3D(#1918,#1919,#1920);
#1922=IFCCARTESIANPOINT((4127.3211,1000.,936.3394));
#1923=IFCDIRECTION((0.8969,0.0126,-0.4421));
#1924=IFCDIRECTION((-0.4422,-0.,-0.8969));
#1925=IFCAXIS2PLACEMENT3D(#1922,#1923,#1924);
#1926=IFCCARTESIANPOINT((4897.5078,1000.,551.2461));
#1927=IFCDIRECTION((0.8943,-0.014,-0.4472));
#1928=IFCDIRECTION((-0.4472,-0.,-0.8944));
#1929=IFCAXIS2PLACEMENT3D(#1926,#1927,#1928);
#1930=IFCCARTESIANPOINT((4912.5619,999.5275,543.7191));
#1931=IFCDIRECTION((0.893,-0.0561,-0.4465));
#1932=IFCDIRECTION((-0.4472,-0.,-0.8944));
#1933=IFCAXIS2PLACEMENT3D(#1930,#1931,#1932);
#1934=IFCCARTESIANPOINT((4927.5686,998.1114,536.2157));
#1935=IFCDIRECTION((0.8888,-0.112,-0.4444));
#1936=IFCDIRECTION((-0.4472,-0.,-0.8944));
#1937=IFCAXIS2PLACEMENT3D(#1934,#1935,#1936);
#1938=IFCCARTESIANPOINT((4942.4806,995.7563,528.7597));
#1939=IFCDIRECTION((0.8818,-0.1676,-0.4409));
#1940=IFCDIRECTION((-0.4472,-0.,-0.8944));
#1941=IFCAXIS2PLACEMENT3D(#1938,#1939,#1940);
#1942=IFCCARTESIANPOINT((4957.251,992.4696,521.3745));
#1943=IFCDIRECTION((0.872,-0.2226,-0.436));
#1944=IFCDIRECTION((-0.4472,-0.,-0.8944));
#1945=IFCAXIS2PLACEMENT3D(#1942,#1943,#1944);
#1946=IFCCARTESIANPOINT((4971.8331,988.2615,514.0834));
#1947=IFCDIRECTION((0.8594,-0.277,-0.4297));
#1948=IFCDIRECTION((-0.4472,0.,-0.8944));
#1949=IFCAXIS2PLACEMENT3D(#1946,#1947,#1948);
#1950=IFCCARTESIANPOINT((4986.1811,983.1454,506.9094));
#1951=IFCDIRECTION((0.8442,-0.3305,-0.4221));
#1952=IFCDIRECTION((-0.4472,0.,-0.8944));
#1953=IFCAXIS2PLACEMENT3D(#1950,#1951,#1952);
#1954=IFCCARTESIANPOINT((5000.2498,977.1373,499.8751));
#1955=IFCDIRECTION((0.8263,-0.3829,-0.4131));
#1956=IFCDIRECTION((-0.4472,0.,-0.8944));
#1957=IFCAXIS2PLACEMENT3D(#1954,#1955,#1956);
#1958=IFCCARTESIANPOINT((5013.9949,970.2563,493.0026));
#1959=IFCDIRECTION((0.8057,-0.4341,-0.4029));
#1960=IFCDIRECTION((-0.4472,-0.,-0.8944));
#1961=IFCAXIS2PLACEMENT3D(#1958,#1959,#1960);
#1962=IFCCARTESIANPOINT((5027.373,962.5239,486.3135));
#1963=IFCDIRECTION((0.7827,-0.484,-0.3913));
#1964=IFCDIRECTION((-0.4472,-0.,-0.8944));
#1965=IFCAXIS2PLACEMENT3D(#1962,#1963,#1964);
#1966=IFCCARTESIANPOINT((5040.342,953.9645,479.829));
#1967=IFCDIRECTION((0.7572,-0.5323,-0.3786));
#1968=IFCDIRECTION((-0.4472,-0.,-0.8944));
#1969=IFCAXIS2PLACEMENT3D(#1966,#1967,#1968);
#1970=IFCCARTESIANPOINT((5052.8611,944.6052,473.5695));
#1971=IFCDIRECTION((0.7293,-0.579,-0.3646));
#1972=IFCDIRECTION((-0.4472,-0.,-0.8944));
#1973=IFCAXIS2PLACEMENT3D(#1970,#1971,#1972);
#1974=IFCCARTESIANPOINT((5064.8908,934.4753,467.5546));
#1975=IFCDIRECTION((0.6991,-0.6238,-0.3495));
#1976=IFCDIRECTION((-0.4472,-0.,-0.8944));
#1977=IFCAXIS2PLACEMENT3D(#1974,#1975,#1976);
#1978=IFCCARTESIANPOINT((5076.3932,923.6068,461.8034));
#1979=IFCDIRECTION((0.675,-0.6561,-0.3375));
#1980=IFCDIRECTION((-0.4472,-0.,-0.8944));
#1981=IFCAXIS2PLACEMENT3D(#1978,#1979,#1980);
#1982=IFCCARTESIANPOINT((6000.,0.,0.));
#1983=IFCDIRECTION((0.6667,-0.6667,-0.3333));
#1984=IFCDIRECTION((-0.4472,-0.,-0.8944));
#1985=IFCAXIS2PLACEMENT3D(#1982,#1983,#1984);
#1986=IFCCARTESIANPOINTLIST3D(((0.,150.,-75.),(0.,150.,75.),(0.,-150.,75.),(0.,-150.,-75.),(1698.0348,150.,-75.),(1698.0348,150.,75.),(1701.9652,-150.,75.),(1701.9652,-150.,-75.),(1707.8529,150.2571,-75.),(1707.8529,150.2571,75.),(1723.5487,-149.4349,75.),(1723.5487,-149.4349,-75.),(1715.6777,150.8732,-75.),(1715.6777,150.8732,75.),(1747.0393,-147.5864,75.),(1747.0393,-147.5864,-75.),(1723.4624,151.8984,-75.),(1723.4624,151.8984,75.),(1770.3982,-144.5114,75.),(1770.3982,-144.5114,-75.),(1731.1763,153.3282,-75.),(1731.1763,153.3282,75.),(1793.5707,-140.2168,75.),(1793.5707,-140.2168,-75.),(1738.8112,155.1613,-75.),(1738.8112,155.1613,75.),(1816.4802,-134.7167,75.),(1816.4802,-134.7167,-75.),(1746.3409,157.3918,-75.),(1746.3409,157.3918,75.),(1839.0693,-128.0258,75.),(1839.0693,-128.0258,-75.),(1753.7336,160.0097,-75.),(1753.7336,160.0097,75.),(1861.2872,-120.1579,75.),(1861.2872,-120.1579,-75.),(1760.9916,163.0161,-75.),(1760.9916,163.0161,75.),(1883.0504,-111.1433,75.),(1883.0504,-111.1433,-75.),(1768.0737,166.394,-75.),(1768.0737,166.394,75.),(1904.3205,-100.998,75.),(1904.3205,-100.998,-75.),(1774.9726,170.1398,-75.),(1774.9726,170.1398,75.),(1925.0274,-89.755,75.),(1925.0274,-89.755,-75.),(1781.674,174.2465,-75.),(1781.674,174.2465,75.),(1945.1094,-77.4489,75.),(1945.1094,-77.4489,-75.),(1788.1349,178.6871,-75.),(1788.1349,178.6871,75.),(1964.5363,-64.0973,75.),(1964.5363,-64.0973,-75.),(1794.3642,183.4668,-75.),(1794.3642,183.4668,75.),(1983.228,-49.7544,75.),(1983.228,-49.7544,-75.),(1800.3344,188.5658,-75.),(1800.3344,188.5658,75.),(2001.144,-34.4526,75.),(2001.144,-34.4526,-75.),(1806.0296,193.9704,-75.),(1806.0296,193.9704,75.),(2018.2344,-18.2344,75.),(2018.2344,-18.2344,-75.),(1811.4342,199.6656,-75.),(1811.4342,199.6656,75.),(2034.4526,-1.144,75.),(2034.4526,-1.144,-75.),(1816.5332,205.6358,-75.),(1816.5332,205.6358,75.),(2049.7544,16.772,75.),(2049.7544,16.772,-75.),(1821.3129,211.8651,-75.),(1821.3129,211.8651,75.),(2064.0973,35.4637,75.),(2064.0973,35.4637,-75.),(1825.7535,218.326,-75.),(1825.7535,218.326,75.),(2077.4489,54.8906,75.),(2077.4489,54.8906,-75.),(1829.8602,225.0274,-75.),(1829.8602,225.0274,75.),(2089.755,74.9726,75.),(2089.755,74.9726,-75.),(1833.606,231.9263,-75.),(1833.606,231.9263,75.),(2100.998,95.6795,75.),(2100.998,95.6795,-75.),(1836.9839,239.0084,-75.),(1836.9839,239.0084,75.),(2111.1433,116.9496,75.),(2111.1433,116.9496,-75.),(1839.9903,246.2664,-75.),(1839.9903,246.2664,75.),(2120.1579,138.7128,75.),(2120.1579,138.7128,-75.),(1842.6082,253.6591,-75.),(1842.6082,253.6591,75.),(2128.0258,160.9307,75.),(2128.0258,160.9307,-75.),(1844.8387,261.1888,-75.),(1844.8387,261.1888,75.),(2134.7167,183.5198,75.),(2134.7167,183.5198,-75.),(1846.6718,268.8237,-75.),(1846.6718,268.8237,75.),(2140.2168,206.4293,75.),(2140.2168,206.4293,-75.),(1848.1016,276.5376,-75.),(1848.1016,276.5376,75.),(2144.5114,229.6018,75.),(2144.5114,229.6018,-75.),(1849.1268,284.3223,-75.),(1849.1268,284.3223,75.),(2147.5864,252.9607,75.),(2147.5864,252.9607,-75.),(1849.7429,292.1471,-75.),(1849.7429,292.1471,75.),(2149.4349,276.4513,75.),(2149.4349,276.4513,-75.),(1850.,301.9652,-75.),(1850.,301.9652,75.),(2150.,298.0348,75.),(2150.,298.0348,-75.),(1850.,700.9826,-75.),(1850.,699.0174,75.),(2150.,699.0174,75.),(2150.,700.9826,-75.),(1850.,719.6248,-74.5119),(1850.,711.7768,75.3341),(2150.,711.7768,75.3341),(2150.,719.6248,-74.5119),(1850.,739.1989,-72.9715),(1850.,723.5181,76.2583),(2150.,723.5181,76.2583),(2150.,739.1989,-72.9715),(1850.,758.6642,-70.4089),(1850.,735.1964,77.7959),(2150.,735.1964,77.7959),(2150.,758.6642,-70.4089),(1850.,777.9721,-66.8305),(1850.,746.7749,79.9419),(2150.,746.7749,79.9419),(2150.,777.9721,-66.8305),(1850.,797.0629,-62.2472),(1850.,758.2285,82.6918),(2150.,758.2285,82.6918),(2150.,797.0629,-62.2472),(1850.,815.8872,-56.6714),(1850.,769.523,86.0374),(2150.,769.523,86.0374),(2150.,815.8872,-56.6714),(1850.,834.3988,-50.116),(1850.,780.622,89.9678),(2150.,780.622,89.9678),(2150.,834.3988,-50.116),(1850.,852.5357,-42.6035),(1850.,791.5063,94.4763),(2150.,791.5063,94.4763),(2150.,852.5357,-42.6035),(1850.,870.2588,-34.15),(1850.,802.1354,99.546),(2150.,802.1354,99.546),(2150.,870.2588,-34.15),(1850.,887.5137,-24.7813),(1850.,812.4863,105.1661),(2150.,812.4863,105.1661),(2150.,887.5137,-24.7813),(1850.,904.2506,-14.525),(1850.,822.5328,111.3226),(2150.,822.5328,111.3226),(2150.,904.2506,-14.525),(1850.,920.4359,-3.4012),(1850.,832.2353,117.991),(2150.,832.2353,117.991),(2150.,920.4359,-3.4012),(1850.,936.0121,8.5509),(1850.,841.5801,125.1615),(2150.,841.5801,125.1615),(2150.,936.0121,8.5509),(1850.,950.9416,21.302),(1850.,850.5368,132.8112),(2150.,850.5368,132.8112),(2150.,950.9416,21.302),(1850.,965.1832,34.8168),(1850.,859.0808,140.9192),(2150.,859.0808,140.9192),(2150.,965.1832,34.8168),(1850.,978.698,49.0584),(1850.,867.1888,149.4632),(2150.,867.1888,149.4632),(2150.,978.698,49.0584),(1850.,991.4491,63.9879),(1850.,874.8385,158.4199),(2150.,874.8385,158.4199),(2150.,991.4491,63.9879),(1850.,1003.4012,79.5641),(1850.,882.009,167.7647),(2150.,882.009,167.7647),(2150.,1003.4012,79.5641),(1850.,1014.525,95.7494),(1850.,888.6774,177.4672),(2150.,888.6774,177.4672),(2150.,1014.525,95.7494),(1850.,1024.7813,112.4863),(1850.,894.8339,187.5137),(2150.,894.8339,187.5137),(2150.,1024.7813,112.4863),(1850.,1034.15,129.7412),(1850.,900.454,197.8646),(2150.,900.454,197.8646),(2150.,1034.15,129.7412),(1850.,1042.6035,147.4643),(1850.,905.5237,208.4937),(2150.,905.5237,208.4937),(2150.,1042.6035,147.4643),(1850.,1050.116,165.6012),(1850.,910.0322,219.378),(2150.,910.0322,219.378),(2150.,1050.116,165.6012),(1850.,1056.6714,184.1128),(1850.,913.9626,230.477),(2150.,913.9626,230.477),(2150.,1056.6714,184.1128),(1850.,1062.2472,202.9371),(1850.,917.3082,241.7715),(2150.,917.3082,241.7715),(2150.,1062.2472,202.9371),(1850.,1066.8305,222.0279),(1850.,920.0581,253.2251),(2150.,920.0581,253.2251),(2150.,1066.8305,222.0279),(1850.,1070.4089,241.3358),(1850.,922.2041,264.8036),(2150.,922.2041,264.8036),(2150.,1070.4089,241.3358),(1850.,1072.9715,260.8011),(1850.,923.7417,276.4819),(2150.,923.7417,276.4819),(2150.,1072.9715,260.8011),(1850.,1074.5119,280.3752),(1850.,924.6659,288.2232),(2150.,924.6659,288.2232),(2150.,1074.5119,280.3752),(1850.,1075.,299.0174),(1850.,925.,300.9826),(2150.,925.,300.9826),(2150.,1075.,299.0174),(1850.,1075.,701.0126),(1850.,925.,698.9874),(2150.,925.,698.9874),(2150.,1075.,701.0126),(1850.,1074.4776,720.3008),(1850.,924.6424,712.1826),(2150.,924.6424,712.1826),(2150.,1074.4776,720.3008),(1850.,1072.8292,740.5465),(1850.,923.6536,724.3249),(2150.,923.6536,724.3249),(2150.,1072.8292,740.5465),(1850.,1070.0869,760.6743),(1850.,922.0091,736.3949),(2150.,922.0091,736.3949),(2150.,1070.0869,760.6743),(1850.,1066.2591,780.6222),(1850.,919.7133,748.36),(2150.,919.7133,748.36),(2150.,1066.2591,780.6222),(1850.,1061.358,800.3295),(1850.,916.772,760.1875),(2150.,916.772,760.1875),(2150.,1061.358,800.3295),(1850.,1055.3965,819.7457),(1850.,913.1955,771.8353),(2150.,913.1955,771.8353),(2150.,1055.3965,819.7457),(1850.,1048.393,838.8089),(1850.,908.993,783.2739),(2150.,908.993,783.2739),(2150.,1048.393,838.8089),(1850.,1040.3657,857.4699),(1850.,904.1795,794.4635),(2150.,904.1795,794.4635),(2150.,1040.3657,857.4699),(1850.,1031.3414,875.6659),(1850.,898.7658,805.3791),(2150.,898.7658,805.3791),(2150.,1031.3414,875.6659),(1850.,1021.3444,893.348),(1850.,892.77,815.9844),(2150.,892.77,815.9844),(2150.,1021.3444,893.348),(1850.,1010.406,910.4609),(1850.,886.2074,826.2513),(2150.,886.2074,826.2513),(2150.,1010.406,910.4609),(1850.,998.556,926.958),(1850.,879.0998,836.1466),(2150.,879.0998,836.1466),(2150.,998.556,926.958),(1850.,985.8324,942.7869),(1850.,871.4648,845.6449),(2150.,871.4648,845.6449),(2150.,985.8324,942.7869),(1850.,972.2684,957.906),(1850.,863.3288,854.7136),(2150.,863.3288,854.7136),(2150.,972.2684,957.906),(1850.,957.906,972.2684),(1850.,854.7136,863.3288),(2150.,854.7136,863.3288),(2150.,957.906,972.2684),(1850.,942.7869,985.8324),(1850.,845.6449,871.4648),(2150.,845.6449,871.4648),(2150.,942.7869,985.8324),(1850.,926.958,998.556),(1850.,836.1466,879.0998),(2150.,836.1466,879.0998),(2150.,926.958,998.556),(1850.,910.4609,1010.406),(1850.,826.2513,886.2074),(2150.,826.2513,886.2074),(2150.,910.4609,1010.406),(1850.,893.348,1021.3444),(1850.,815.9844,892.77),(2150.,815.9844,892.77),(2150.,893.348,1021.3444),(1850.,875.6659,1031.3414),(1850.,805.3791,898.7658),(2150.,805.3791,898.7658),(2150.,875.6659,1031.3414),(1850.,857.4699,1040.3657),(1850.,794.4635,904.1795),(2150.,794.4635,904.1795),(2150.,857.4699,1040.3657),(1850.,838.8089,1048.393),(1850.,783.2739,908.993),(2150.,783.2739,908.993),(2150.,838.8089,1048.393),(1850.,819.7457,1055.3965),(1850.,771.8353,913.1955),(2150.,771.8353,913.1955),(2150.,819.7457,1055.3965),(1850.,800.3295,1061.358),(1850.,760.1875,916.772),(2150.,760.1875,916.772),(2150.,800.3295,1061.358),(1850.,780.6222,1066.2591),(1850.,748.36,919.7133),(2150.,748.36,919.7133),(2150.,780.6222,1066.2591),(1850.,760.6743,1070.0869),(1850.,736.3949,922.0091),(2150.,736.3949,922.0091),(2150.,760.6743,1070.0869),(1850.,740.5465,1072.8292),(1850.,724.3249,923.6536),(2150.,724.3249,923.6536),(2150.,740.5465,1072.8292),(1850.,720.3008,1074.4776),(1850.,712.1826,924.6424),(2150.,712.1826,924.6424),(2150.,720.3008,1074.4776),(1850.,701.0126,1075.),(1850.,698.9874,925.),(2150.,698.9874,925.),(2150.,701.0126,1075.),(1850.,298.0348,1075.),(1850.,298.0348,925.),(2150.,301.9652,925.),(2150.,301.9652,1075.),(1850.5651,276.4513,1075.),(1850.5651,276.4513,925.),(2150.2571,292.1471,925.),(2150.2571,292.1471,1075.),(1852.4136,252.9607,1075.),(1852.4136,252.9607,925.),(2150.8732,284.3223,925.),(2150.8732,284.3223,1075.),(1855.4886,229.6018,1075.),(1855.4886,229.6018,925.),(2151.8984,276.5376,925.),(2151.8984,276.5376,1075.),(1859.7832,206.4293,1075.),(1859.7832,206.4293,925.),(2153.3282,268.8237,925.),(2153.3282,268.8237,1075.),(1865.2833,183.5198,1075.),(1865.2833,183.5198,925.),(2155.1613,261.1888,925.),(2155.1613,261.1888,1075.),(1871.9742,160.9307,1075.),(1871.9742,160.9307,925.),(2157.3918,253.6591,925.),(2157.3918,253.6591,1075.),(1879.8421,138.7128,1075.),(1879.8421,138.7128,925.),(2160.0097,246.2664,925.),(2160.0097,246.2664,1075.),(1888.8567,116.9496,1075.),(1888.8567,116.9496,925.),(2163.0161,239.0084,925.),(2163.0161,239.0084,1075.),(1899.002,95.6795,1075.),(1899.002,95.6795,925.),(2166.394,231.9263,925.),(2166.394,231.9263,1075.),(1910.245,74.9726,1075.),(1910.245,74.9726,925.),(2170.1398,225.0274,925.),(2170.1398,225.0274,1075.),(1922.5511,54.8906,1075.),(1922.5511,54.8906,925.),(2174.2465,218.326,925.),(2174.2465,218.326,1075.),(1935.9027,35.4637,1075.),(1935.9027,35.4637,925.),(2178.6871,211.8651,925.),(2178.6871,211.8651,1075.),(1950.2456,16.772,1075.),(1950.2456,16.772,925.),(2183.4668,205.6358,925.),(2183.4668,205.6358,1075.),(1965.5474,-1.144,1075.),(1965.5474,-1.144,925.),(2188.5658,199.6656,925.),(2188.5658,199.6656,1075.),(1981.7656,-18.2344,1075.),(1981.7656,-18.2344,925.),(2193.9704,193.9704,925.),(2193.9704,193.9704,1075.),(1998.856,-34.4526,1075.),(1998.856,-34.4526,925.),(2199.6656,188.5658,925.),(2199.6656,188.5658,1075.),(2016.772,-49.7544,1075.),(2016.772,-49.7544,925.),(2205.6358,183.4668,925.),(2205.6358,183.4668,1075.),(2035.4637,-64.0973,1075.),(2035.4637,-64.0973,925.),(2211.8651,178.6871,925.),(2211.8651,178.6871,1075.),(2054.8906,-77.4489,1075.),(2054.8906,-77.4489,925.),(2218.326,174.2465,925.),(2218.326,174.2465,1075.),(2074.9726,-89.755,1075.),(2074.9726,-89.755,925.),(2225.0274,170.1398,925.),(2225.0274,170.1398,1075.),(2095.6795,-100.998,1075.),(2095.6795,-100.998,925.),(2231.9263,166.394,925.),(2231.9263,166.394,1075.),(2116.9496,-111.1433,1075.),(2116.9496,-111.1433,925.),(2239.0084,163.0161,925.),(2239.0084,163.0161,1075.),(2138.7128,-120.1579,1075.),(2138.7128,-120.1579,925.),(2246.2664,160.0097,925.),(2246.2664,160.0097,1075.),(2160.9307,-128.0258,1075.),(2160.9307,-128.0258,925.),(2253.6591,157.3918,925.),(2253.6591,157.3918,1075.),(2183.5198,-134.7167,1075.),(2183.5198,-134.7167,925.),(2261.1888,155.1613,925.),(2261.1888,155.1613,1075.),(2206.4293,-140.2168,1075.),(2206.4293,-140.2168,925.),(2268.8237,153.3282,925.),(2268.8237,153.3282,1075.),(2229.6018,-144.5114,1075.),(2229.6018,-144.5114,925.),(2276.5376,151.8984,925.),(2276.5376,151.8984,1075.),(2252.9607,-147.5864,1075.),(2252.9607,-147.5864,925.),(2284.3223,150.8732,925.),(2284.3223,150.8732,1075.),(2276.4513,-149.4349,1075.),(2276.4513,-149.4349,925.),(2292.1471,150.2571,925.),(2292.1471,150.2571,1075.),(2298.0348,-150.,1075.),(2298.0348,-150.,925.),(2301.9652,150.,925.),(2301.9652,150.,1075.),(2877.7011,-150.,1075.),(2877.7011,-150.,925.),(2873.7707,150.,925.),(2873.7707,150.,1075.),(2899.2846,-149.4349,1075.),(2899.2846,-149.4349,925.),(2883.5888,150.2571,925.),(2883.5888,150.2571,1075.),(2922.7753,-147.5864,1075.),(2922.7753,-147.5864,925.),(2891.4137,150.8732,925.),(2891.4137,150.8732,1075.),(2946.1342,-144.5114,1075.),(2946.1342,-144.5114,925.),(2899.1984,151.8984,925.),(2899.1984,151.8984,1075.),(2969.3066,-140.2168,1075.),(2969.3066,-140.2168,925.),(2906.9122,153.3282,925.),(2906.9122,153.3282,1075.),(2992.2161,-134.7167,1075.),(2992.2161,-134.7167,925.),(2914.5471,155.1613,925.),(2914.5471,155.1613,1075.),(3014.8052,-128.0258,1075.),(3014.8052,-128.0258,925.),(2922.0768,157.3918,925.),(2922.0768,157.3918,1075.),(3037.0231,-120.1579,1075.),(3037.0231,-120.1579,925.),(2929.4695,160.0097,925.),(2929.4695,160.0097,1075.),(3058.7863,-111.1433,1075.),(3058.7863,-111.1433,925.),(2936.7275,163.0161,925.),(2936.7275,163.0161,1075.),(3080.0565,-100.998,1075.),(3080.0565,-100.998,925.),(2943.8097,166.394,925.),(2943.8097,166.394,1075.),(3100.7633,-89.755,1075.),(3100.7633,-89.755,925.),(2950.7085,170.1398,925.),(2950.7085,170.1398,1075.),(3120.8453,-77.4489,1075.),(3120.8453,-77.4489,925.),(2957.4099,174.2465,925.),(2957.4099,174.2465,1075.),(3140.2722,-64.0973,1075.),(3140.2722,-64.0973,925.),(2963.8708,178.6871,925.),(2963.8708,178.6871,1075.),(3158.9639,-49.7544,1075.),(3158.9639,-49.7544,925.),(2970.1001,183.4668,925.),(2970.1001,183.4668,1075.),(3176.8799,-34.4526,1075.),(3176.8799,-34.4526,925.),(2976.0703,188.5658,925.),(2976.0703,188.5658,1075.),(3192.5464,-19.5856,1075.),(3192.5464,-19.5856,925.),(2983.1896,195.3216,925.),(2983.1896,195.3216,1075.),(4005.0431,792.0709,1073.8208),(4003.363,792.0709,923.8302),(3793.6445,1006.6167,926.1792),(3795.3246,1006.6167,1076.1698),(4015.6535,799.978,1070.2845),(4009.1588,799.978,920.4252),(3807.0489,1021.6622,929.1845),(3813.5436,1021.6622,1079.0438),(4025.6302,806.3022,1065.722),(4013.1809,806.3022,916.2395),(3822.0754,1037.158,932.1554),(3834.5247,1037.158,1081.6379),(4035.4476,812.2056,1061.2748),(4017.5072,812.2056,912.3515),(3838.173,1051.8754,933.9554),(3856.1134,1051.8754,1082.8787),(4045.1743,817.7014,1056.912),(4022.1505,817.7014,908.6895),(3855.1939,1065.7376,934.6234),(3878.2177,1065.7376,1082.8459),(4054.8386,822.7756,1052.5982),(4027.0731,822.7756,905.1904),(3873.0274,1078.6994,934.2062),(3900.7929,1078.6994,1081.614),(4064.4777,827.4331,1048.3102),(4032.2733,827.4331,901.808),(3891.5521,1090.7005,932.7416),(3923.7565,1090.7005,1079.2438),(4074.1093,831.6665,1044.0203),(4037.7183,831.6665,898.5016),(3910.6643,1101.6975,930.2749),(3947.0553,1101.6975,1075.7936),(4083.7345,835.4684,1039.7185),(4043.3868,835.4684,895.2469),(3930.2743,1111.6508,926.8367),(3970.622,1111.6508,1071.3083),(4093.3732,838.8392,1035.382),(4049.2593,838.8392,892.0154),(3950.2726,1120.518,922.4736),(3994.3865,1120.518,1065.8402),(4103.0183,841.7706,1031.0023),(4055.3053,841.7706,888.793),(3970.5757,1128.2698,917.2209),(4018.2887,1128.2698,1059.4302),(4112.6699,844.2594,1026.5701),(4061.5036,844.2594,885.5665),(3991.0915,1134.8766,911.1171),(4042.2578,1134.8766,1052.1207),(4122.3261,846.3005,1022.0734),(4067.8145,846.3005,882.3291),(4011.7295,1140.3157,904.2068),(4066.2411,1140.3157,1043.9511),(4131.9847,847.8921,1017.5089),(4074.221,847.8921,879.0772),(4032.3991,1144.5661,896.5283),(4090.1628,1144.5661,1034.96),(4141.6267,849.0302,1012.8815),(4080.6976,849.0302,875.8135),(4053.0259,1147.6136,888.1141),(4113.955,1147.6136,1025.1821),(4151.2548,849.7141,1008.1852),(4087.2198,849.7141,872.5404),(4073.5148,1149.4463,879.0102),(4137.5498,1149.4463,1014.655),(4162.1819,849.9975,1002.7721),(4095.8509,849.9975,868.2351),(4092.4603,1150.0025,869.9067),(4158.7913,1150.0025,1004.4437),(4929.1703,849.9999,619.2674),(4862.0883,849.9999,485.1033),(4865.8453,1150.0001,483.2248),(4932.9273,1150.0001,617.3889),(4938.5732,849.7047,614.566),(4871.4912,849.7047,480.4019),(4886.5506,1149.3503,472.8722),(4953.6326,1149.3503,607.0363),(4946.0773,848.9964,610.8139),(4878.9953,848.9964,476.6498),(4909.0599,1147.2264,461.6175),(4976.1419,1147.2264,595.7816),(4953.5275,847.8197,607.0888),(4886.4454,847.8197,472.9247),(4931.4337,1143.6929,450.4306),(4998.5158,1143.6929,584.5947),(4960.9158,846.1754,603.3947),(4893.8337,846.1754,469.2306),(4953.5862,1138.7638,439.3543),(5020.6683,1138.7638,573.5184),(4968.1949,844.0746,599.755),(4901.1129,844.0746,465.591),(4975.4713,1132.4484,428.4118),(5042.5533,1132.4484,562.5758),(4975.365,841.5181,596.17),(4908.283,841.5181,462.0059),(4996.9972,1124.7727,417.6488),(5064.0792,1124.7727,551.8129),(4982.4001,838.5138,592.6525),(4915.318,838.5138,458.4884),(5018.0995,1115.7608,407.0977),(5085.1816,1115.7608,541.2618),(4989.2701,835.0746,589.2175),(4922.1881,835.0746,455.0535),(5038.7197,1105.438,396.7877),(5105.8017,1105.438,530.9517),(4995.9527,831.2122,585.8762),(4928.8707,831.2122,451.7121),(5058.7933,1093.8356,386.7508),(5125.8753,1093.8356,520.9149),(5002.4405,826.9303,582.6323),(4935.3585,826.9303,448.4682),(5078.2435,1080.9987,377.0257),(5145.3255,1080.9987,511.1898),(5008.6926,822.2563,579.5063),(4941.6105,822.2563,445.3422),(5097.0296,1066.9541,367.6327),(5164.1117,1066.9541,501.7968),(5014.708,817.1909,576.4985),(4947.626,817.1909,442.3345),(5115.0736,1051.7597,358.6107),(5182.1556,1051.7597,492.7747),(5021.9004,810.3946,572.9023),(4954.8184,810.3946,438.7383),(5130.886,1036.819,350.7045),(5197.968,1036.819,484.8685),(5944.0968,-111.8019,111.8041),(5877.0148,-111.8019,-22.3599),(6055.9032,111.8019,-111.8041),(6122.9852,111.8019,22.3599)));
#1987=IFCTRIANGULATEDFACESET(#1986,$,.F.,((1,2,6),(1,6,5),(2,3,7),(2,7,6),(3,4,8),(3,8,7),(4,1,5),(4,5,8),(5,6,10),(5,10,9),(6,7,11),(6,11,10),(7,8,12),(7,12,11),(8,5,9),(8,9,12),(9,10,14),(9,14,13),(10,11,15),(10,15,14),(11,12,16),(11,16,15),(12,9,13),(12,13,16),(13,14,18),(13,18,17),(14,15,19),(14,19,18),(15,16,20),(15,20,19),(16,13,17),(16,17,20),(17,18,22),(17,22,21),(18,19,23),(18,23,22),(19,20,24),(19,24,23),(20,17,21),(20,21,24),(21,22,26),(21,26,25),(22,23,27),(22,27,26),(23,24,28),(23,28,27),(24,21,25),(24,25,28),(25,26,30),(25,30,29),(26,27,31),(26,31,30),(27,28,32),(27,32,31),(28,25,29),(28,29,32),(29,30,34),(29,34,33),(30,31,35),(30,35,34),(31,32,36),(31,36,35),(32,29,33),(32,33,36),(33,34,38),(33,38,37),(34,35,39),(34,39,38),(35,36,40),(35,40,39),(36,33,37),(36,37,40),(37,38,42),(37,42,41),(38,39,43),(38,43,42),(39,40,44),(39,44,43),(40,37,41),(40,41,44),(41,42,46),(41,46,45),(42,43,47),(42,47,46),(43,44,48),(43,48,47),(44,41,45),(44,45,48),(45,46,50),(45,50,49),(46,47,51),(46,51,50),(47,48,52),(47,52,51),(48,45,49),(48,49,52),(49,50,54),(49,54,53),(50,51,55),(50,55,54),(51,52,56),(51,56,55),(52,49,53),(52,53,56),(53,54,58),(53,58,57),(54,55,59),(54,59,58),(55,56,60),(55,60,59),(56,53,57),(56,57,60),(57,58,62),(57,62,61),(58,59,63),(58,63,62),(59,60,64),(59,64,63),(60,57,61),(60,61,64),(61,62,66),(61,66,65),(62,63,67),(62,67,66),(63,64,68),(63,68,67),(64,61,65),(64,65,68),(65,66,70),(65,70,69),(66,67,71),(66,71,70),(67,68,72),(67,72,71),(68,65,69),(68,69,72),(69,70,74),(69,74,73),(70,71,75),(70,75,74),(71,72,76),(71,76,75),(72,69,73),(72,73,76),(73,74,78),(73,78,77),(74,75,79),(74,79,78),(75,76,80),(75,80,79),(76,73,77),(76,77,80),(77,78,82),(77,82,81),(78,79,83),(78,83,82),(79,80,84),(79,84,83),(80,77,81),(80,81,84),(81,82,86),(81,86,85),(82,83,87),(82,87,86),(83,84,88),(83,88,87),(84,81,85),(84,85,88),(85,86,90),(85,90,89),(86,87,91),(86,91,90),(87,88,92),(87,92,91),(88,85,89),(88,89,92),(89,90,94),(89,94,93),(90,91,95),(90,95,94),(91,92,96),(91,96,95),(92,89,93),(92,93,96),(93,94,98),(93,98,97),(94,95,99),(94,99,98),(95,96,100),(95,100,99),(96,93,97),(96,97,100),(97,98,102),(97,102,101),(98,99,103),(98,103,102),(99,100,104),(99,104,103),(100,97,101),(100,101,104),(101,102,106),(101,106,105),(102,103,107),(102,107,106),(103,104,108),(103,108,107),(104,101,105),(104,105,108),(105,106,110),(105,110,109),(106,107,111),(106,111,110),(107,108,112),(107,112,111),(108,105,109),(108,109,112),(109,110,114),(109,114,113),(110,111,115),(110,115,114),(111,112,116),(111,116,115),(112,109,113),(112,113,116),(113,114,118),(113,118,117),(114,115,119),(114,119,118),(115,116,120),(115,120,119),(116,113,117),(116,117,120),(117,118,122),(117,122,121),(118,119,123),(118,123,122),(119,120,124),(119,124,123),(120,117,121),(120,121,124),(121,122,126),(121,126,125),(122,123,127),(122,127,126),(123,124,128),(123,128,127),(124,121,125),(124,125,128),(125,126,130),(125,130,129),(126,127,131),(126,131,130),(127,128,132),(127,132,131),(128,125,129),(128,129,132),(129,130,134),(129,134,133),(130,131,135),(130,135,134),(131,132,136),(131,136,135),(132,129,133),(132,133,136),(133,134,138),(133,138,137),(134,135,139),(134,139,138),(135,136,140),(135,140,139),(136,133,137),(136,137,140),(137,138,142),(137,142,141),(138,139,143),(138,143,142),(139,140,144),(139,144,143),(140,137,141),(140,141,144),(141,142,146),(141,146,145),(142,143,147),(142,147,146),(143,144,148),(143,148,147),(144,141,145),(144,145,148),(145,146,150),(145,150,149),(146,147,151),(146,151,150),(147,148,152),(147,152,151),(148,145,149),(148,149,152),(149,150,154),(149,154,153),(150,151,155),(150,155,154),(151,152,156),(151,156,155),(152,149,153),(152,153,156),(153,154,158),(153,158,157),(154,155,159),(154,159,158),(155,156,160),(155,160,159),(156,153,157),(156,157,160),(157,158,162),(157,162,161),(158,159,163),(158,163,162),(159,160,164),(159,164,163),(160,157,161),(160,161,164),(161,162,166),(161,166,165),(162,163,167),(162,167,166),(163,164,168),(163,168,167),(164,161,165),(164,165,168),(165,166,170),(165,170,169),(166,167,171),(166,171,170),(167,168,172),(167,172,171),(168,165,169),(168,169,172),(169,170,174),(169,174,173),(170,171,175),(170,175,174),(171,172,176),(171,176,175),(172,169,173),(172,173,176),(173,174,178),(173,178,177),(174,175,179),(174,179,178),(175,176,180),(175,180,179),(176,173,177),(176,177,180),(177,178,182),(177,182,181),(178,179,183),(178,183,182),(179,180,184),(179,184,183),(180,177,181),(180,181,184),(181,182,186),(181,186,185),(182,183,187),(182,187,186),(183,184,188),(183,188,187),(184,181,185),(184,185,188),(185,186,190),(185,190,189),(186,187,191),(186,191,190),(187,188,192),(187,192,191),(188,185,189),(188,189,192),(189,190,194),(189,194,193),(190,191,195),(190,195,194),(191,192,196),(191,196,195),(192,189,193),(192,193,196),(193,194,198),(193,198,197),(194,195,199),(194,199,198),(195,196,200),(195,200,199),(196,193,197),(196,197,200),(197,198,202),(197,202,201),(198,199,203),(198,203,202),(199,200,204),(199,204,203),(200,197,201),(200,201,204),(201,202,206),(201,206,205),(202,203,207),(202,207,206),(203,204,208),(203,208,207),(204,201,205),(204,205,208),(205,206,210),(205,210,209),(206,207,211),(206,211,210),(207,208,212),(207,212,211),(208,205,209),(208,209,212),(209,210,214),(209,214,213),(210,211,215),(210,215,214),(211,212,216),(211,216,215),(212,209,213),(212,213,216),(213,214,218),(213,218,217),(214,215,219),(214,219,218),(215,216,220),(215,220,219),(216,213,217),(216,217,220),(217,218,222),(217,222,221),(218,219,223),(218,223,222),(219,220,224),(219,224,223),(220,217,221),(220,221,224),(221,222,226),(221,226,225),(222,223,227),(222,227,226),(223,224,228),(223,228,227),(224,221,225),(224,225,228),(225,226,230),(225,230,229),(226,227,231),(226,231,230),(227,228,232),(227,232,231),(228,225,229),(228,229,232),(229,230,234),(229,234,233),(230,231,235),(230,235,234),(231,232,236),(231,236,235),(232,229,233),(232,233,236),(233,234,238),(233,238,237),(234,235,239),(234,239,238),(235,236,240),(235,240,239),(236,233,237),(236,237,240),(237,238,242),(237,242,241),(238,239,243),(238,243,242),(239,240,244),(239,244,243),(240,237,241),(240,241,244),(241,242,246),(241,246,245),(242,243,247),(242,247,246),(243,244,248),(243,248,247),(244,241,245),(244,245,248),(245,246,250),(245,250,249),(246,247,251),(246,251,250),(247,248,252),(247,252,251),(248,245,249),(248,249,252),(249,250,254),(249,254,253),(250,251,255),(250,255,254),(251,252,256),(251,256,255),(252,249,253),(252,253,256),(253,254,258),(253,258,257),(254,255,259),(254,259,258),(255,256,260),(255,260,259),(256,253,257),(256,257,260),(257,258,262),(257,262,261),(258,259,263),(258,263,262),(259,260,264),(259,264,263),(260,257,261),(260,261,264),(261,262,266),(261,266,265),(262,263,267),(262,267,266),(263,264,268),(263,268,267),(264,261,265),(264,265,268),(265,266,270),(265,270,269),(266,267,271),(266,271,270),(267,268,272),(267,272,271),(268,265,269),(268,269,272),(269,270,274),(269,274,273),(270,271,275),(270,275,274),(271,272,276),(271,276,275),(272,269,273),(272,273,276),(273,274,278),(273,278,277),(274,275,279),(274,279,278),(275,276,280),(275,280,279),(276,273,277),(276,277,280),(277,278,282),(277,282,281),(278,279,283),(278,283,282),(279,280,284),(279,284,283),(280,277,281),(280,281,284),(281,282,286),(281,286,285),(282,283,287),(282,287,286),(283,284,288),(283,288,287),(284,281,285),(284,285,288),(285,286,290),(285,290,289),(286,287,291),(286,291,290),(287,288,292),(287,292,291),(288,285,289),(288,289,292),(289,290,294),(289,294,293),(290,291,295),(290,295,294),(291,292,296),(291,296,295),(292,289,293),(292,293,296),(293,294,298),(293,298,297),(294,295,299),(294,299,298),(295,296,300),(295,300,299),(296,293,297),(296,297,300),(297,298,302),(297,302,301),(298,299,303),(298,303,302),(299,300,304),(299,304,303),(300,297,301),(300,301,304),(301,302,306),(301,306,305),(302,303,307),(302,307,306),(303,304,308),(303,308,307),(304,301,305),(304,305,308),(305,306,310),(305,310,309),(306,307,311),(306,311,310),(307,308,312),(307,312,311),(308,305,309),(308,309,312),(309,310,314),(309,314,313),(310,311,315),(310,315,314),(311,312,316),(311,316,315),(312,309,313),(312,313,316),(313,314,318),(313,318,317),(314,315,319),(314,319,318),(315,316,320),(315,320,319),(316,313,317),(316,317,320),(317,318,322),(317,322,321),(318,319,323),(318,323,322),(319,320,324),(319,324,323),(320,317,321),(320,321,324),(321,322,326),(321,326,325),(322,323,327),(322,327,326),(323,324,328),(323,328,327),(324,321,325),(324,325,328),(325,326,330),(325,330,329),(326,327,331),(326,331,330),(327,328,332),(327,332,331),(328,325,329),(328,329,332),(329,330,334),(329,334,333),(330,331,335),(330,335,334),(331,332,336),(331,336,335),(332,329,333),(332,333,336),(333,334,338),(333,338,337),(334,335,339),(334,339,338),(335,336,340),(335,340,339),(336,333,337),(336,337,340),(337,338,342),(337,342,341),(338,339,343),(338,343,342),(339,340,344),(339,344,343),(340,337,341),(340,341,344),(341,342,346),(341,346,345),(342,343,347),(342,347,346),(343,344,348),(343,348,347),(344,341,345),(344,345,348),(345,346,350),(345,350,349),(346,347,351),(346,351,350),(347,348,352),(347,352,351),(348,345,349),(348,349,352),(349,350,354),(349,354,353),(350,351,355),(350,355,354),(351,352,356),(351,356,355),(352,349,353),(352,353,356),(353,354,358),(353,358,357),(354,355,359),(354,359,358),(355,356,360),(355,360,359),(356,353,357),(356,357,360),(357,358,362),(357,362,361),(358,359,363),(358,363,362),(359,360,364),(359,364,363),(360,357,361),(360,361,364),(361,362,366),(361,366,365),(362,363,367),(362,367,366),(363,364,368),(363,368,367),(364,361,365),(364,365,368),(365,366,370),(365,370,369),(366,367,371),(366,371,370),(367,368,372),(367,372,371),(368,365,369),(368,369,372),(369,370,374),(369,374,373),(370,371,375),(370,375,374),(371,372,376),(371,376,375),(372,369,373),(372,373,376),(373,374,378),(373,378,377),(374,375,379),(374,379,378),(375,376,380),(375,380,379),(376,373,377),(376,377,380),(377,378,382),(377,382,381),(378,379,383),(378,383,382),(379,380,384),(379,384,383),(380,377,381),(380,381,384),(381,382,386),(381,386,385),(382,383,387),(382,387,386),(383,384,388),(383,388,387),(384,381,385),(384,385,388),(385,386,390),(385,390,389),(386,387,391),(386,391,390),(387,388,392),(387,392,391),(388,385,389),(388,389,392),(389,390,394),(389,394,393),(390,391,395),(390,395,394),(391,392,396),(391,396,395),(392,389,393),(392,393,396),(393,394,398),(393,398,397),(394,395,399),(394,399,398),(395,396,400),(395,400,399),(396,393,397),(396,397,400),(397,398,402),(397,402,401),(398,399,403),(398,403,402),(399,400,404),(399,404,403),(400,397,401),(400,401,404),(401,402,406),(401,406,405),(402,403,407),(402,407,406),(403,404,408),(403,408,407),(404,401,405),(404,405,408),(405,406,410),(405,410,409),(406,407,411),(406,411,410),(407,408,412),(407,412,411),(408,405,409),(408,409,412),(409,410,414),(409,414,413),(410,411,415),(410,415,414),(411,412,416),(411,416,415),(412,409,413),(412,413,416),(413,414,418),(413,418,417),(414,415,419),(414,419,418),(415,416,420),(415,420,419),(416,413,417),(416,417,420),(417,418,422),(417,422,421),(418,419,423),(418,423,422),(419,420,424),(419,424,423),(420,417,421),(420,421,424),(421,422,426),(421,426,425),(422,423,427),(422,427,426),(423,424,428),(423,428,427),(424,421,425),(424,425,428),(425,426,430),(425,430,429),(426,427,431),(426,431,430),(427,428,432),(427,432,431),(428,425,429),(428,429,432),(429,430,434),(429,434,433),(430,431,435),(430,435,434),(431,432,436),(431,436,435),(432,429,433),(432,433,436),(433,434,438),(433,438,437),(434,435,439),(434,439,438),(435,436,440),(435,440,439),(436,433,437),(436,437,440),(437,438,442),(437,442,441),(438,439,443),(438,443,442),(439,440,444),(439,444,443),(440,437,441),(440,441,444),(441,442,446),(441,446,445),(442,443,447),(442,447,446),(443,444,448),(443,448,447),(444,441,445),(444,445,448),(445,446,450),(445,450,449),(446,447,451),(446,451,450),(447,448,452),(447,452,451),(448,445,449),(448,449,452),(449,450,454),(449,454,453),(450,451,455),(450,455,454),(451,452,456),(451,456,455),(452,449,453),(452,453,456),(453,454,458),(453,458,457),(454,455,459),(454,459,458),(455,456,460),(455,460,459),(456,453,457),(456,457,460),(457,458,462),(457,462,461),(458,459,463),(458,463,462),(459,460,464),(459,464,463),(460,457,461),(460,461,464),(461,462,466),(461,466,465),(462,463,467),(462,467,466),(463,464,468),(463,468,467),(464,461,465),(464,465,468),(465,466,470),(465,470,469),(466,467,471),(466,471,470),(467,468,472),(467,472,471),(468,465,469),(468,469,472),(469,470,474),(469,474,473),(470,471,475),(470,475,474),(471,472,476),(471,476,475),(472,469,473),(472,473,476),(473,474,478),(473,478,477),(474,475,479),(474,479,478),(475,476,480),(475,480,479),(476,473,477),(476,477,480),(477,478,482),(477,482,481),(478,479,483),(478,483,482),(479,480,484),(479,484,483),(480,477,481),(480,481,484),(481,482,486),(481,486,485),(482,483,487),(482,487,486),(483,484,488),(483,488,487),(484,481,485),(484,485,488),(485,486,490),(485,490,489),(486,487,491),(486,491,490),(487,488,492),(487,492,491),(488,485,489),(488,489,492),(489,490,494),(489,494,493),(490,491,495),(490,495,494),(491,492,496),(491,496,495),(492,489,493),(492,493,496),(493,494,498),(493,498,497),(494,495,499),(494,499,498),(495,496,500),(495,500,499),(496,493,497),(496,497,500),(497,498,502),(497,502,501),(498,499,503),(498,503,502),(499,500,504),(499,504,503),(500,497,501),(500,501,504),(501,502,506),(501,506,505),(502,503,507),(502,507,506),(503,504,508),(503,508,507),(504,501,505),(504,505,508),(505,506,510),(505,510,509),(506,507,511),(506,511,510),(507,508,512),(507,512,511),(508,505,509),(508,509,512),(509,510,514),(509,514,513),(510,511,515),(510,515,514),(511,512,516),(511,516,515),(512,509,513),(512,513,516),(513,514,518),(513,518,517),(514,515,519),(514,519,518),(515,516,520),(515,520,519),(516,513,517),(516,517,520),(517,518,522),(517,522,521),(518,519,523),(518,523,522),(519,520,524),(519,524,523),(520,517,521),(520,521,524),(521,522,526),(521,526,525),(522,523,527),(522,527,526),(523,524,528),(523,528,527),(524,521,525),(524,525,528),(525,526,530),(525,530,529),(526,527,531),(526,531,530),(527,528,532),(527,532,531),(528,525,529),(528,529,532),(529,530,534),(529,534,533),(530,531,535),(530,535,534),(531,532,536),(531,536,535),(532,529,533),(532,533,536),(533,534,538),(533,538,537),(534,535,539),(534,539,538),(535,536,540),(535,540,539),(536,533,537),(536,537,540),(537,538,542),(537,542,541),(538,539,543),(538,543,542),(539,540,544),(539,544,543),(540,537,541),(540,541,544),(541,542,546),(541,546,545),(542,543,547),(542,547,546),(543,544,548),(543,548,547),(544,541,545),(544,545,548),(545,546,550),(545,550,549),(546,547,551),(546,551,550),(547,548,552),(547,552,551),(548,545,549),(548,549,552),(549,550,554),(549,554,553),(550,551,555),(550,555,554),(551,552,556),(551,556,555),(552,549,553),(552,553,556),(553,554,558),(553,558,557),(554,555,559),(554,559,558),(555,556,560),(555,560,559),(556,553,557),(556,557,560),(557,558,562),(557,562,561),(558,559,563),(558,563,562),(559,560,564),(559,564,563),(560,557,561),(560,561,564),(561,562,566),(561,566,565),(562,563,567),(562,567,566),(563,564,568),(563,568,567),(564,561,565),(564,565,568),(565,566,570),(565,570,569),(566,567,571),(566,571,570),(567,568,572),(567,572,571),(568,565,569),(568,569,572),(569,570,574),(569,574,573),(570,571,575),(570,575,574),(571,572,576),(571,576,575),(572,569,573),(572,573,576),(573,574,578),(573,578,577),(574,575,579),(574,579,578),(575,576,580),(575,580,579),(576,573,577),(576,577,580),(577,578,582),(577,582,581),(578,579,583),(578,583,582),(579,580,584),(579,584,583),(580,577,581),(580,581,584),(581,582,586),(581,586,585),(582,583,587),(582,587,586),(583,584,588),(583,588,587),(584,581,585),(584,585,588),(585,586,590),(585,590,589),(586,587,591),(586,591,590),(587,588,592),(587,592,591),(588,585,589),(588,589,592),(589,590,594),(589,594,593),(590,591,595),(590,595,594),(591,592,596),(591,596,595),(592,589,593),(592,593,596),(593,594,598),(593,598,597),(594,595,599),(594,599,598),(595,596,600),(595,600,599),(596,593,597),(596,597,600),(597,598,602),(597,602,601),(598,599,603),(598,603,602),(599,600,604),(599,604,603),(600,597,601),(600,601,604),(601,602,606),(601,606,605),(602,603,607),(602,607,606),(603,604,608),(603,608,607),(604,601,605),(604,605,608),(605,606,610),(605,610,609),(606,607,611),(606,611,610),(607,608,612),(607,612,611),(608,605,609),(608,609,612),(609,610,614),(609,614,613),(610,611,615),(610,615,614),(611,612,616),(611,616,615),(612,609,613),(612,613,616),(613,614,618),(613,618,617),(614,615,619),(614,619,618),(615,616,620),(615,620,619),(616,613,617),(616,617,620),(617,618,622),(617,622,621),(618,619,623),(618,623,622),(619,620,624),(619,624,623),(620,617,621),(620,621,624),(621,622,626),(621,626,625),(622,623,627),(622,627,626),(623,624,628),(623,628,627),(624,621,625),(624,625,628),(625,626,630),(625,630,629),(626,627,631),(626,631,630),(627,628,632),(627,632,631),(628,625,629),(628,629,632),(629,630,634),(629,634,633),(630,631,635),(630,635,634),(631,632,636),(631,636,635),(632,629,633),(632,633,636),(633,634,638),(633,638,637),(634,635,639),(634,639,638),(635,636,640),(635,640,639),(636,633,637),(636,637,640),(637,638,642),(637,642,641),(638,639,643),(638,643,642),(639,640,644),(639,644,643),(640,637,641),(640,641,644),(641,642,646),(641,646,645),(642,643,647),(642,647,646),(643,644,648),(643,648,647),(644,641,645),(644,645,648),(645,646,650),(645,650,649),(646,647,651),(646,651,650),(647,648,652),(647,652,651),(648,645,649),(648,649,652),(649,650,654),(649,654,653),(650,651,655),(650,655,654),(651,652,656),(651,656,655),(652,649,653),(652,653,656),(653,654,658),(653,658,657),(654,655,659),(654,659,658),(655,656,660),(655,660,659),(656,653,657),(656,657,660),(657,658,662),(657,662,661),(658,659,663),(658,663,662),(659,660,664),(659,664,663),(660,657,661),(660,661,664),(661,662,666),(661,666,665),(662,663,667),(662,667,666),(663,664,668),(663,668,667),(664,661,665),(664,665,668),(665,666,670),(665,670,669),(666,667,671),(666,671,670),(667,668,672),(667,672,671),(668,665,669),(668,669,672),(669,670,674),(669,674,673),(670,671,675),(670,675,674),(671,672,676),(671,676,675),(672,669,673),(672,673,676),(673,674,678),(673,678,677),(674,675,679),(674,679,678),(675,676,680),(675,680,679),(676,673,677),(676,677,680),(677,678,682),(677,682,681),(678,679,683),(678,683,682),(679,680,684),(679,684,683),(680,677,681),(680,681,684),(681,682,686),(681,686,685),(682,683,687),(682,687,686),(683,684,688),(683,688,687),(684,681,685),(684,685,688),(1,4,3),(1,3,2),(685,686,687),(685,687,688)),$);
#1988=IFCSHAPEREPRESENTATION(#12,'Body','Tessellation',(#1987));
#1989=IFCCARTESIANPOINT((0.,0.,0.));
#1990=IFCDIRECTION((0.,0.,1.));
#1991=IFCDIRECTION((1.,0.,0.));
#1992=IFCAXIS2PLACEMENT3D(#1989,#1990,#1991);
#1993=IFCLOCALPLACEMENT(#17,#1992);
#1994=IFCPRODUCTDEFINITIONSHAPE($,$,(#1988));
#1995=IFCBUILDINGELEMENTPROXY('1rfSVmTK5BFBAZ7IxCEilH',$,'fillet_multi_corner',$,$,#1993,#1994,$,$);
#1996=IFCRELCONTAINEDINSPATIALSTRUCTURE('1xPnOaFqT6TgbBaRvz3f3e',$,$,$,(#1995),#18);
#1997=IFCCOLOURRGB($,0.501960784313725,0.501960784313725,0.501960784313725);
#1998=IFCSURFACESTYLERENDERING(#1997,0.,$,$,$,$,$,$,.FLAT.);
#1999=IFCSURFACESTYLE($,.BOTH.,(#1998));
#2000=IFCSTYLEDITEM(#1987,(#1999),$);
ENDSEC;
END-ISO-10303-21;
