ISO-10303-21;
HEADER;
FILE_DESCRIPTION(('ViewDefinition [CoordinationView]'),'2;1');
FILE_NAME('','2026-06-02T15:57:02',(''),(''),'IfcOpenShell 0.8.5-1c5b825','IfcOpenShell 0.8.5-1c5b825','');
FILE_SCHEMA(('IFC4'));
ENDSEC;
DATA;
#1=IFCPROJECT('0bqZ1iNFT8r9Uw7walmTxa',$,'Hello Wall',$,$,$,$,(#12),#6);
#2=IFCSIUNIT(*,.LENGTHUNIT.,.MILLI.,.METRE.);
#3=IFCSIUNIT(*,.AREAUNIT.,$,.SQUARE_METRE.);
#4=IFCSIUNIT(*,.VOLUMEUNIT.,$,.CUBIC_METRE.);
#5=IFCSIUNIT(*,.PLANEANGLEUNIT.,$,.RADIAN.);
#6=IFCUNITASSIGNMENT((#3,#5,#4,#2));
#7=IFCPERSON('ifckit','ifckit','Hari',$,$,$,$,$);
#8=IFCCARTESIANPOINT((0.,0.,0.));
#9=IFCDIRECTION((0.,0.,1.));
#10=IFCDIRECTION((1.,0.,0.));
#11=IFCAXIS2PLACEMENT3D(#8,#9,#10);
#12=IFCGEOMETRICREPRESENTATIONCONTEXT($,'Model',3,1.0000000000000001E-05,#11,$);
#13=IFCGEOMETRICREPRESENTATIONSUBCONTEXT('Body','Model',*,*,*,*,#12,$,.MODEL_VIEW.,$);
#14=IFCSITE('1J9$$NRBf8hQUS$_O6818E',$,'Example Site',$,$,$,$,$,$,$,$,$,$,$);
#15=IFCRELAGGREGATES('2eDT2BJoH8PQvNmVueutDr',$,$,$,#1,(#14));
#16=IFCBUILDING('0OyySOPcb0sPrtxJygvQPa',$,'Demo Building',$,$,$,$,$,$,$,$,$);
#17=IFCRELAGGREGATES('072SVVnrzF6QTpc3jlmF_f',$,$,$,#14,(#16));
#18=IFCBUILDINGSTOREY('1qF23VFxnChP9L4PmJgDgl',$,'Ground Floor',$,$,#29,$,$,$,0.);
#24=IFCRELAGGREGATES('0aQqQ1rXXEvQokWUV0k5oB',$,$,$,#16,(#18));
#25=IFCCARTESIANPOINT((0.,0.,0.));
#26=IFCDIRECTION((0.,0.,1.));
#27=IFCDIRECTION((1.,0.,0.));
#28=IFCAXIS2PLACEMENT3D(#25,#26,#27);
#29=IFCLOCALPLACEMENT($,#28);
#30=IFCCARTESIANPOINT((0.,0.));
#31=IFCCARTESIANPOINT((8000.,0.));
#32=IFCCARTESIANPOINT((8000.,300.));
#33=IFCCARTESIANPOINT((0.,300.));
#34=IFCCARTESIANPOINT((0.,0.));
#35=IFCPOLYLINE((#30,#31,#32,#33,#34));
#36=IFCARBITRARYCLOSEDPROFILEDEF(.AREA.,$,#35);
#37=IFCCARTESIANPOINT((0.,0.,0.));
#38=IFCDIRECTION((0.,0.,1.));
#39=IFCDIRECTION((1.,0.,0.));
#40=IFCAXIS2PLACEMENT3D(#37,#38,#39);
#41=IFCDIRECTION((0.,0.,1.));
#42=IFCEXTRUDEDAREASOLID(#36,#40,#41,3000.);
#43=IFCSHAPEREPRESENTATION(#13,'Body','SweptSolid',(#42));
#44=IFCPRODUCTDEFINITIONSHAPE($,$,(#43));
#45=IFCWALL('0B5Jo76Bf9JwVsZl6VLcrf',$,'Simple Wall',$,$,#56,#44,$,$);
#51=IFCRELCONTAINEDINSPATIALSTRUCTURE('18RYs3lqr8NRrACC_Wt_Y1',$,$,$,(#45),#18);
#52=IFCCARTESIANPOINT((0.,0.,0.));
#53=IFCDIRECTION((0.,0.,1.));
#54=IFCDIRECTION((1.,0.,0.));
#55=IFCAXIS2PLACEMENT3D(#52,#53,#54);
#56=IFCLOCALPLACEMENT(#29,#55);
#57=IFCPROPERTYSINGLEVALUE('Name',$,IFCLABEL('Simple Wall'),$);
#58=IFCPROPERTYSINGLEVALUE('Length',$,IFCLENGTHMEASURE(8000.),$);
#59=IFCPROPERTYSINGLEVALUE('Height',$,IFCLENGTHMEASURE(3000.),$);
#60=IFCPROPERTYSET('0UNfah7df9wh6Uil9u2OaB',$,'EPset_IfcKit_Geometry',$,(#57,#58,#59));
#61=IFCRELDEFINESBYPROPERTIES('1W2yUdP9H2hxl2amK4sDjM',$,$,$,(#45),#60);
#62=IFCCOLOURRGB($,0.50196078431372548,0.50196078431372548,0.50196078431372548);
#63=IFCSURFACESTYLERENDERING(#62,0.,$,$,$,$,$,$,.FLAT.);
#64=IFCSURFACESTYLE($,.BOTH.,(#63));
#65=IFCSTYLEDITEM(#42,(#64),$);
#66=IFCDOORTYPE('15cwX9hmz4h9kWe_rMGA1X',$,'DT-1000x2300',$,$,$,$,$,$,.NOTDEFINED.,.NOTDEFINED.,$,$);
#67=IFCPROPERTYSINGLEVALUE('LiningDepth',$,IFCLENGTHMEASURE(150.),$);
#68=IFCPROPERTYSINGLEVALUE('LiningThickness',$,IFCLENGTHMEASURE(10.),$);
#69=IFCPROPERTYSET('3xC7VubQn03PjxTcEr1RYq',$,'IfcDoorLiningProperties',$,(#67,#68));
#70=IFCRELDEFINESBYPROPERTIES('1O3f897yP1KvSI$JCaEXdm',$,$,$,(#66),#69);
#71=IFCWINDOWTYPE('3OZzKUjy92WBmDIKtdmvaZ',$,'WT-2000x500',$,$,$,$,$,$,.NOTDEFINED.,.NOTDEFINED.,$,$);
#72=IFCPROPERTYSINGLEVALUE('LiningDepth',$,IFCLENGTHMEASURE(100.),$);
#73=IFCPROPERTYSINGLEVALUE('LiningThickness',$,IFCLENGTHMEASURE(10.),$);
#74=IFCPROPERTYSET('3tAAGYxkn1_vhFyhpU2P7X',$,'IfcWindowLiningProperties',$,(#72,#73));
#75=IFCRELDEFINESBYPROPERTIES('3iCoDMukn9Fg3SMvCwynp1',$,$,$,(#71),#74);
#76=IFCCARTESIANPOINT((0.,0.,-0.));
#77=IFCDIRECTION((0.,0.,1.));
#78=IFCDIRECTION((1.,0.,0.));
#79=IFCAXIS2PLACEMENT3D(#76,#77,#78);
#80=IFCCARTESIANPOINT((0.,0.));
#81=IFCCARTESIANPOINT((500.,0.));
#82=IFCCARTESIANPOINT((500.,2000.));
#83=IFCCARTESIANPOINT((0.,2000.));
#84=IFCCARTESIANPOINT((0.,0.));
#85=IFCPOLYLINE((#80,#81,#82,#83,#84));
#86=IFCARBITRARYCLOSEDPROFILEDEF(.AREA.,$,#85);
#87=IFCDIRECTION((0.,0.,-1.));
#88=IFCEXTRUDEDAREASOLID(#86,#79,#87,600.);
#89=IFCSHAPEREPRESENTATION(#13,'Body','SweptSolid',(#88));
#90=IFCPRODUCTDEFINITIONSHAPE($,$,(#89));
#91=IFCOPENINGELEMENT('3Aohxy3_XEDuqZXEejpyNG',$,'Opening-W-JSON',$,$,#96,#90,$,$);
#92=IFCCARTESIANPOINT((1500.,0.,500.));
#93=IFCDIRECTION((0.,-1.,0.));
#94=IFCDIRECTION((1.,0.,0.));
#95=IFCAXIS2PLACEMENT3D(#92,#93,#94);
#96=IFCLOCALPLACEMENT(#56,#95);
#97=IFCRELVOIDSELEMENT('0ywagS$a16HRZoaO3OY4tu',$,$,$,#45,#91);
#98=IFCCARTESIANPOINT((0.,0.,-0.));
#99=IFCDIRECTION((0.,0.,1.));
#100=IFCDIRECTION((1.,0.,0.));
#101=IFCAXIS2PLACEMENT3D(#98,#99,#100);
#102=IFCCARTESIANPOINT((0.,0.));
#103=IFCCARTESIANPOINT((500.,0.));
#104=IFCCARTESIANPOINT((500.,2000.));
#105=IFCCARTESIANPOINT((0.,2000.));
#106=IFCCARTESIANPOINT((0.,0.));
#107=IFCPOLYLINE((#102,#103,#104,#105,#106));
#108=IFCCARTESIANPOINT((10.,1990.));
#109=IFCCARTESIANPOINT((490.,1990.));
#110=IFCCARTESIANPOINT((490.,10.));
#111=IFCCARTESIANPOINT((10.,10.));
#112=IFCCARTESIANPOINT((10.,1990.));
#113=IFCPOLYLINE((#108,#109,#110,#111,#112));
#114=IFCARBITRARYPROFILEDEFWITHVOIDS(.AREA.,$,#107,(#113));
#115=IFCDIRECTION((0.,0.,-1.));
#116=IFCEXTRUDEDAREASOLID(#114,#101,#115,300.);
#117=IFCCARTESIANPOINT((0.,0.,-147.));
#118=IFCDIRECTION((0.,0.,1.));
#119=IFCDIRECTION((1.,0.,0.));
#120=IFCAXIS2PLACEMENT3D(#117,#118,#119);
#121=IFCCARTESIANPOINT((10.,10.));
#122=IFCCARTESIANPOINT((490.,10.));
#123=IFCCARTESIANPOINT((490.,1990.));
#124=IFCCARTESIANPOINT((10.,1990.));
#125=IFCCARTESIANPOINT((10.,10.));
#126=IFCPOLYLINE((#121,#122,#123,#124,#125));
#127=IFCARBITRARYCLOSEDPROFILEDEF(.AREA.,$,#126);
#128=IFCDIRECTION((0.,0.,-1.));
#129=IFCEXTRUDEDAREASOLID(#127,#120,#128,6.);
#130=IFCCOLOURRGB($,0.80000000000000004,0.80000000000000004,0.80000000000000004);
#131=IFCSURFACESTYLERENDERING(#130,0.,$,$,$,$,$,$,.FLAT.);
#132=IFCSURFACESTYLE('Aluminum frame',.BOTH.,(#131));
#133=IFCSTYLEDITEM(#116,(#132),$);
#134=IFCCOLOURRGB($,0.69999999999999996,0.84999999999999998,1.);
#135=IFCSURFACESTYLERENDERING(#134,0.20000000000000001,$,$,$,$,$,$,.FLAT.);
#136=IFCSURFACESTYLE('Custom Blue Glass',.BOTH.,(#135));
#137=IFCSTYLEDITEM(#129,(#136),$);
#138=IFCSHAPEREPRESENTATION(#13,'Body','SweptSolid',(#116,#129));
#139=IFCPRODUCTDEFINITIONSHAPE($,$,(#138));
#140=IFCCARTESIANPOINT((0.,0.,0.));
#141=IFCDIRECTION((0.,0.,1.));
#142=IFCDIRECTION((1.,0.,0.));
#143=IFCAXIS2PLACEMENT3D(#140,#141,#142);
#144=IFCLOCALPLACEMENT(#96,#143);
#145=IFCWINDOW('1morti1$18_xLnrQRbUiMk',$,'W-JSON',$,'fill',#144,#139,$,2000.,500.,.NOTDEFINED.,$,$);
#146=IFCRELFILLSELEMENT('34Mto7LlP5E9gdjAJfihCx',$,$,$,#91,#145);
#147=IFCPROPERTYSINGLEVALUE('Name',$,IFCLABEL('W-JSON'),$);
#148=IFCPROPERTYSET('0_56h$krf8swci_1mopKX$',$,'EPset_IfcKit_Geometry',$,(#147));
#149=IFCRELDEFINESBYPROPERTIES('3L8i5txjDFevtZt0wGxvLk',$,$,$,(#145),#148);
#150=IFCRELDEFINESBYTYPE('0$wFK6VP578QdJeY8JPv8W',$,$,$,(#145),#71);
#151=IFCCARTESIANPOINT((0.,0.,0.));
#152=IFCCARTESIANPOINT((500.,0.,0.));
#153=IFCPOLYLINE((#151,#152));
#154=IFCCOMPOSITECURVESEGMENT(.CONTINUOUS.,.T.,#153);
#155=IFCCARTESIANPOINT((500.,0.,0.));
#156=IFCCARTESIANPOINT((500.,2000.,0.));
#157=IFCPOLYLINE((#155,#156));
#158=IFCCOMPOSITECURVESEGMENT(.CONTINUOUS.,.T.,#157);
#159=IFCCARTESIANPOINT((500.,2000.,0.));
#160=IFCCARTESIANPOINT((0.,2000.,0.));
#161=IFCPOLYLINE((#159,#160));
#162=IFCCOMPOSITECURVESEGMENT(.CONTINUOUS.,.T.,#161);
#163=IFCCARTESIANPOINT((0.,2000.,0.));
#164=IFCCARTESIANPOINT((0.,0.,0.));
#165=IFCPOLYLINE((#163,#164));
#166=IFCCOMPOSITECURVESEGMENT(.DISCONTINUOUS.,.T.,#165);
#167=IFCCOMPOSITECURVE((#154,#158,#162,#166),$);
#168=IFCARBITRARYCLOSEDPROFILEDEF(.AREA.,$,#167);
#169=IFCCARTESIANPOINT((0.,0.,300.));
#170=IFCDIRECTION((0.,0.,1.));
#171=IFCDIRECTION((1.,0.,0.));
#172=IFCAXIS2PLACEMENT3D(#169,#170,#171);
#173=IFCDIRECTION((0.,0.,-1.));
#174=IFCEXTRUDEDAREASOLID(#168,#172,#173,900.);
#175=IFCCARTESIANPOINT((0.,0.,0.));
#176=IFCCARTESIANPOINT((500.,0.,0.));
#177=IFCPOLYLINE((#175,#176));
#178=IFCCOMPOSITECURVESEGMENT(.CONTSAMEGRADIENT.,.T.,#177);
#179=IFCCARTESIANPOINT((500.,0.,0.));
#180=IFCCARTESIANPOINT((500.,2000.,0.));
#181=IFCPOLYLINE((#179,#180));
#182=IFCCOMPOSITECURVESEGMENT(.CONTSAMEGRADIENT.,.T.,#181);
#183=IFCCARTESIANPOINT((500.,2000.,0.));
#184=IFCCARTESIANPOINT((0.,2000.,0.));
#185=IFCPOLYLINE((#183,#184));
#186=IFCCOMPOSITECURVESEGMENT(.CONTSAMEGRADIENT.,.T.,#185);
#187=IFCCARTESIANPOINT((0.,2000.,0.));
#188=IFCCARTESIANPOINT((0.,0.,0.));
#189=IFCPOLYLINE((#187,#188));
#190=IFCCOMPOSITECURVESEGMENT(.DISCONTINUOUS.,.T.,#189);
#191=IFCCOMPOSITECURVE((#178,#182,#186,#190),.F.);
#192=IFCCARTESIANPOINT((-55.,0.));
#193=IFCCARTESIANPOINT((300.,0.));
#194=IFCCARTESIANPOINT((300.,11.));
#195=IFCCARTESIANPOINT((98.,11.));
#196=IFCCARTESIANPOINT((98.,55.));
#197=IFCCARTESIANPOINT((74.,55.));
#198=IFCCARTESIANPOINT((74.,31.));
#199=IFCCARTESIANPOINT((50.,31.));
#200=IFCCARTESIANPOINT((50.,55.));
#201=IFCCARTESIANPOINT((-55.,11.));
#202=IFCCARTESIANPOINT((-55.,0.));
#203=IFCPOLYLINE((#192,#193,#194,#195,#196,#197,#198,#199,#200,#201,#202));
#204=IFCARBITRARYCLOSEDPROFILEDEF(.AREA.,'section',#203);
#205=IFCCARTESIANPOINT((0.,0.));
#206=IFCCARTESIANTRANSFORMATIONOPERATOR2D($,$,#205,$);
#207=IFCCARTESIANTRANSFORMATIONOPERATOR2DNONUNIFORM($,$,#205,1.,1.4142135623730951);
#208=IFCDERIVEDPROFILEDEF($,$,#204,#207,$);
#209=IFCCARTESIANPOINT((-55.,0.));
#210=IFCCARTESIANPOINT((300.,0.));
#211=IFCCARTESIANPOINT((300.,11.));
#212=IFCCARTESIANPOINT((98.,11.));
#213=IFCCARTESIANPOINT((98.,55.));
#214=IFCCARTESIANPOINT((74.,55.));
#215=IFCCARTESIANPOINT((74.,31.));
#216=IFCCARTESIANPOINT((50.,31.));
#217=IFCCARTESIANPOINT((50.,55.));
#218=IFCCARTESIANPOINT((-55.,11.));
#219=IFCCARTESIANPOINT((-55.,0.));
#220=IFCPOLYLINE((#209,#210,#211,#212,#213,#214,#215,#216,#217,#218,#219));
#221=IFCARBITRARYCLOSEDPROFILEDEF(.AREA.,'section',#220);
#222=IFCCARTESIANPOINT((0.,0.));
#223=IFCCARTESIANTRANSFORMATIONOPERATOR2D($,$,#222,$);
#224=IFCCARTESIANTRANSFORMATIONOPERATOR2DNONUNIFORM($,$,#222,1.,1.4142135623730951);
#225=IFCDERIVEDPROFILEDEF($,$,#221,#224,$);
#226=IFCCARTESIANPOINT((-55.,0.));
#227=IFCCARTESIANPOINT((300.,0.));
#228=IFCCARTESIANPOINT((300.,11.));
#229=IFCCARTESIANPOINT((98.,11.));
#230=IFCCARTESIANPOINT((98.,55.));
#231=IFCCARTESIANPOINT((74.,55.));
#232=IFCCARTESIANPOINT((74.,31.));
#233=IFCCARTESIANPOINT((50.,31.));
#234=IFCCARTESIANPOINT((50.,55.));
#235=IFCCARTESIANPOINT((-55.,11.));
#236=IFCCARTESIANPOINT((-55.,0.));
#237=IFCPOLYLINE((#226,#227,#228,#229,#230,#231,#232,#233,#234,#235,#236));
#238=IFCARBITRARYCLOSEDPROFILEDEF(.AREA.,'section',#237);
#239=IFCCARTESIANPOINT((0.,0.));
#240=IFCCARTESIANTRANSFORMATIONOPERATOR2D($,$,#239,$);
#241=IFCCARTESIANTRANSFORMATIONOPERATOR2DNONUNIFORM($,$,#239,1.,1.4142135623730951);
#242=IFCDERIVEDPROFILEDEF($,$,#238,#241,$);
#243=IFCCARTESIANPOINT((-55.,0.));
#244=IFCCARTESIANPOINT((300.,0.));
#245=IFCCARTESIANPOINT((300.,11.));
#246=IFCCARTESIANPOINT((98.,11.));
#247=IFCCARTESIANPOINT((98.,55.));
#248=IFCCARTESIANPOINT((74.,55.));
#249=IFCCARTESIANPOINT((74.,31.));
#250=IFCCARTESIANPOINT((50.,31.));
#251=IFCCARTESIANPOINT((50.,55.));
#252=IFCCARTESIANPOINT((-55.,11.));
#253=IFCCARTESIANPOINT((-55.,0.));
#254=IFCPOLYLINE((#243,#244,#245,#246,#247,#248,#249,#250,#251,#252,#253));
#255=IFCARBITRARYCLOSEDPROFILEDEF(.AREA.,'section',#254);
#256=IFCCARTESIANPOINT((0.,0.));
#257=IFCCARTESIANTRANSFORMATIONOPERATOR2D($,$,#256,$);
#258=IFCCARTESIANTRANSFORMATIONOPERATOR2DNONUNIFORM($,$,#256,1.,1.4142135623730951);
#259=IFCDERIVEDPROFILEDEF($,$,#255,#258,$);
#260=IFCCARTESIANPOINT((500.,0.,0.));
#261=IFCDIRECTION((0.70709999999999995,0.70709999999999995,0.));
#262=IFCDIRECTION((0.,0.,-1.));
#263=IFCAXIS2PLACEMENT3D(#260,#261,#262);
#264=IFCCARTESIANPOINT((500.,2000.,0.));
#265=IFCDIRECTION((-0.70709999999999995,0.70709999999999995,0.));
#266=IFCDIRECTION((-0.,0.,-1.));
#267=IFCAXIS2PLACEMENT3D(#264,#265,#266);
#268=IFCCARTESIANPOINT((0.,2000.,0.));
#269=IFCDIRECTION((-0.70709999999999995,-0.70709999999999995,0.));
#270=IFCDIRECTION((-0.,-0.,-1.));
#271=IFCAXIS2PLACEMENT3D(#268,#269,#270);
#272=IFCCARTESIANPOINT((0.,0.,0.));
#273=IFCDIRECTION((0.70709999999999995,-0.70709999999999995,0.));
#274=IFCDIRECTION((0.,0.,-1.));
#275=IFCAXIS2PLACEMENT3D(#272,#273,#274);
#276=IFCCARTESIANPOINTLIST3D(((500.,0.,55.),(500.,0.,-300.),(489.,11.,-300.),(489.,11.,-98.),(445.,55.,-98.),(445.,55.,-74.),(469.,31.,-74.),(469.,31.,-50.),(445.,55.,-50.),(489.,11.,55.),(500.,2000.,55.),(500.,2000.,-300.),(489.,1989.,-300.),(489.,1989.,-98.),(445.,1945.,-98.),(445.,1945.,-74.),(469.,1969.,-74.),(469.,1969.,-50.),(445.,1945.,-50.),(489.,1989.,55.),(0.,2000.,55.),(0.,2000.,-300.),(11.,1989.,-300.),(11.,1989.,-98.),(55.,1945.,-98.),(55.,1945.,-74.),(31.,1969.,-74.),(31.,1969.,-50.),(55.,1945.,-50.),(11.,1989.,55.),(0.,0.,55.),(0.,0.,-300.),(11.,11.,-300.),(11.,11.,-98.),(55.,55.,-98.),(55.,55.,-74.),(31.,31.,-74.),(31.,31.,-50.),(55.,55.,-50.),(11.,11.,55.)));
#277=IFCTRIANGULATEDFACESET(#276,$,.T.,((1,2,12),(1,12,11),(2,3,13),(2,13,12),(3,4,14),(3,14,13),(4,5,15),(4,15,14),(5,6,16),(5,16,15),(6,7,17),(6,17,16),(7,8,18),(7,18,17),(8,9,19),(8,19,18),(9,10,20),(9,20,19),(10,1,11),(10,11,20),(11,12,22),(11,22,21),(12,13,23),(12,23,22),(13,14,24),(13,24,23),(14,15,25),(14,25,24),(15,16,26),(15,26,25),(16,17,27),(16,27,26),(17,18,28),(17,28,27),(18,19,29),(18,29,28),(19,20,30),(19,30,29),(20,11,21),(20,21,30),(21,22,32),(21,32,31),(22,23,33),(22,33,32),(23,24,34),(23,34,33),(24,25,35),(24,35,34),(25,26,36),(25,36,35),(26,27,37),(26,37,36),(27,28,38),(27,38,37),(28,29,39),(28,39,38),(29,30,40),(29,40,39),(30,21,31),(30,31,40),(31,32,2),(31,2,1),(32,33,3),(32,3,2),(33,34,4),(33,4,3),(34,35,5),(34,5,4),(35,36,6),(35,6,5),(36,37,7),(36,7,6),(37,38,8),(37,8,7),(38,39,9),(38,9,8),(39,40,10),(39,10,9),(40,31,1),(40,1,10)),$);
#278=IFCCARTESIANPOINT((27.5,27.5,0.));
#279=IFCCARTESIANPOINT((472.5,27.5,0.));
#280=IFCPOLYLINE((#278,#279));
#281=IFCCOMPOSITECURVESEGMENT(.CONTINUOUS.,.T.,#280);
#282=IFCCARTESIANPOINT((472.5,27.5,0.));
#283=IFCCARTESIANPOINT((472.5,1972.5,0.));
#284=IFCPOLYLINE((#282,#283));
#285=IFCCOMPOSITECURVESEGMENT(.CONTINUOUS.,.T.,#284);
#286=IFCCARTESIANPOINT((472.5,1972.5,0.));
#287=IFCCARTESIANPOINT((27.5,1972.5,0.));
#288=IFCPOLYLINE((#286,#287));
#289=IFCCOMPOSITECURVESEGMENT(.CONTINUOUS.,.T.,#288);
#290=IFCCARTESIANPOINT((27.5,1972.5,0.));
#291=IFCCARTESIANPOINT((27.5,27.5,0.));
#292=IFCPOLYLINE((#290,#291));
#293=IFCCOMPOSITECURVESEGMENT(.DISCONTINUOUS.,.T.,#292);
#294=IFCCOMPOSITECURVE((#281,#285,#289,#293),$);
#295=IFCARBITRARYCLOSEDPROFILEDEF(.AREA.,$,#294);
#296=IFCCARTESIANPOINT((0.,0.,-50.));
#297=IFCDIRECTION((0.,0.,1.));
#298=IFCDIRECTION((1.,0.,0.));
#299=IFCAXIS2PLACEMENT3D(#296,#297,#298);
#300=IFCDIRECTION((0.,0.,-1.));
#301=IFCEXTRUDEDAREASOLID(#295,#299,#300,24.);
#302=IFCSHAPEREPRESENTATION(#13,'Body','SweptSolid',(#174));
#303=IFCPRODUCTDEFINITIONSHAPE($,$,(#302));
#304=IFCOPENINGELEMENT('1iE15sPrDEZfVU_w4dMAj0',$,'Opening-W-PYTHON',$,$,#309,#303,$,$);
#305=IFCCARTESIANPOINT((2500.,0.,500.));
#306=IFCDIRECTION((0.,-1.,0.));
#307=IFCDIRECTION((1.,0.,0.));
#308=IFCAXIS2PLACEMENT3D(#305,#306,#307);
#309=IFCLOCALPLACEMENT(#56,#308);
#310=IFCRELVOIDSELEMENT('2GNq4Fe8z38uRns2emHmtG',$,$,$,#45,#304);
#311=IFCCOLOURRGB($,0.80000000000000004,0.80000000000000004,0.80000000000000004);
#312=IFCSURFACESTYLERENDERING(#311,0.,$,$,$,$,$,$,.FLAT.);
#313=IFCSURFACESTYLE('Aluminum',.BOTH.,(#312));
#314=IFCSTYLEDITEM(#277,(#313),$);
#315=IFCCOLOURRGB($,0.69999999999999996,0.84999999999999998,1.);
#316=IFCSURFACESTYLERENDERING(#315,0.20000000000000001,$,$,$,$,$,$,.FLAT.);
#317=IFCSURFACESTYLE('Custom Blue Glass',.BOTH.,(#316));
#318=IFCSTYLEDITEM(#301,(#317),$);
#319=IFCSHAPEREPRESENTATION(#13,'Body','SweptSolid',(#277,#301));
#320=IFCPRODUCTDEFINITIONSHAPE($,$,(#319));
#321=IFCCARTESIANPOINT((0.,0.,0.));
#322=IFCDIRECTION((0.,0.,1.));
#323=IFCDIRECTION((1.,0.,0.));
#324=IFCAXIS2PLACEMENT3D(#321,#322,#323);
#325=IFCLOCALPLACEMENT(#309,#324);
#326=IFCWINDOW('2Ieq9UHZX1QgfC__BhVYUR',$,'W-PYTHON',$,'fill',#325,#320,$,2000.,500.,.NOTDEFINED.,$,$);
#327=IFCRELFILLSELEMENT('3YsEzpO3PEX9nceZl6IaIe',$,$,$,#304,#326);
#328=IFCPROPERTYSINGLEVALUE('Name',$,IFCLABEL('W-PYTHON'),$);
#329=IFCPROPERTYSET('05n1qitOn2zP62imSRK1$f',$,'EPset_IfcKit_Geometry',$,(#328));
#330=IFCRELDEFINESBYPROPERTIES('2pgXBflMf3FANUObRdMrjr',$,$,$,(#326),#329);
#331=IFCCARTESIANPOINT((0.,476.19049999999999,0.));
#332=IFCCARTESIANPOINT((1.8120000000000001,434.68770000000001,0.));
#333=IFCPOLYLINE((#331,#332));
#334=IFCCOMPOSITECURVESEGMENT(.CONTINUOUS.,.T.,#333);
#335=IFCCARTESIANPOINT((1.8120000000000001,434.68770000000001,0.));
#336=IFCCARTESIANPOINT((7.2343999999999999,393.5009,0.));
#337=IFCPOLYLINE((#335,#336));
#338=IFCCOMPOSITECURVESEGMENT(.CONTINUOUS.,.T.,#337);
#339=IFCCARTESIANPOINT((7.2343999999999999,393.5009,0.));
#340=IFCCARTESIANPOINT((16.2258,352.94330000000002,0.));
#341=IFCPOLYLINE((#339,#340));
#342=IFCCOMPOSITECURVESEGMENT(.CONTINUOUS.,.T.,#341);
#343=IFCCARTESIANPOINT((16.2258,352.94330000000002,0.));
#344=IFCCARTESIANPOINT((28.7178,313.32369999999997,0.));
#345=IFCPOLYLINE((#343,#344));
#346=IFCCOMPOSITECURVESEGMENT(.CONTINUOUS.,.T.,#345);
#347=IFCCARTESIANPOINT((28.7178,313.32369999999997,0.));
#348=IFCCARTESIANPOINT((44.615299999999998,274.94369999999998,0.));
#349=IFCPOLYLINE((#347,#348));
#350=IFCCOMPOSITECURVESEGMENT(.CONTINUOUS.,.T.,#349);
#351=IFCCARTESIANPOINT((44.615299999999998,274.94369999999998,0.));
#352=IFCCARTESIANPOINT((63.797400000000003,238.09520000000001,0.));
#353=IFCPOLYLINE((#351,#352));
#354=IFCCOMPOSITECURVESEGMENT(.CONTINUOUS.,.T.,#353);
#355=IFCCARTESIANPOINT((63.797400000000003,238.09520000000001,0.));
#356=IFCCARTESIANPOINT((86.118099999999998,203.05879999999999,0.));
#357=IFCPOLYLINE((#355,#356));
#358=IFCCOMPOSITECURVESEGMENT(.CONTINUOUS.,.T.,#357);
#359=IFCCARTESIANPOINT((86.118099999999998,203.05879999999999,0.));
#360=IFCCARTESIANPOINT((111.4074,170.1011,0.));
#361=IFCPOLYLINE((#359,#360));
#362=IFCCOMPOSITECURVESEGMENT(.CONTINUOUS.,.T.,#361);
#363=IFCCARTESIANPOINT((111.4074,170.1011,0.));
#364=IFCCARTESIANPOINT((139.47300000000001,139.47300000000001,0.));
#365=IFCPOLYLINE((#363,#364));
#366=IFCCOMPOSITECURVESEGMENT(.CONTINUOUS.,.T.,#365);
#367=IFCCARTESIANPOINT((139.47300000000001,139.47300000000001,0.));
#368=IFCCARTESIANPOINT((170.1011,111.4074,0.));
#369=IFCPOLYLINE((#367,#368));
#370=IFCCOMPOSITECURVESEGMENT(.CONTINUOUS.,.T.,#369);
#371=IFCCARTESIANPOINT((170.1011,111.4074,0.));
#372=IFCCARTESIANPOINT((203.05879999999999,86.118099999999998,0.));
#373=IFCPOLYLINE((#371,#372));
#374=IFCCOMPOSITECURVESEGMENT(.CONTINUOUS.,.T.,#373);
#375=IFCCARTESIANPOINT((203.05879999999999,86.118099999999998,0.));
#376=IFCCARTESIANPOINT((238.09520000000001,63.797400000000003,0.));
#377=IFCPOLYLINE((#375,#376));
#378=IFCCOMPOSITECURVESEGMENT(.CONTINUOUS.,.T.,#377);
#379=IFCCARTESIANPOINT((238.09520000000001,63.797400000000003,0.));
#380=IFCCARTESIANPOINT((274.94369999999998,44.615299999999998,0.));
#381=IFCPOLYLINE((#379,#380));
#382=IFCCOMPOSITECURVESEGMENT(.CONTINUOUS.,.T.,#381);
#383=IFCCARTESIANPOINT((274.94369999999998,44.615299999999998,0.));
#384=IFCCARTESIANPOINT((313.32369999999997,28.7178,0.));
#385=IFCPOLYLINE((#383,#384));
#386=IFCCOMPOSITECURVESEGMENT(.CONTINUOUS.,.T.,#385);
#387=IFCCARTESIANPOINT((313.32369999999997,28.7178,0.));
#388=IFCCARTESIANPOINT((352.94330000000002,16.2258,0.));
#389=IFCPOLYLINE((#387,#388));
#390=IFCCOMPOSITECURVESEGMENT(.CONTINUOUS.,.T.,#389);
#391=IFCCARTESIANPOINT((352.94330000000002,16.2258,0.));
#392=IFCCARTESIANPOINT((393.5009,7.2343999999999999,0.));
#393=IFCPOLYLINE((#391,#392));
#394=IFCCOMPOSITECURVESEGMENT(.CONTINUOUS.,.T.,#393);
#395=IFCCARTESIANPOINT((393.5009,7.2343999999999999,0.));
#396=IFCCARTESIANPOINT((434.68770000000001,1.8120000000000001,0.));
#397=IFCPOLYLINE((#395,#396));
#398=IFCCOMPOSITECURVESEGMENT(.CONTINUOUS.,.T.,#397);
#399=IFCCARTESIANPOINT((434.68770000000001,1.8120000000000001,0.));
#400=IFCCARTESIANPOINT((476.19049999999999,0.,0.));
#401=IFCPOLYLINE((#399,#400));
#402=IFCCOMPOSITECURVESEGMENT(.CONTINUOUS.,.T.,#401);
#403=IFCCARTESIANPOINT((476.19049999999999,0.,0.));
#404=IFCCARTESIANPOINT((523.80949999999996,0.,0.));
#405=IFCPOLYLINE((#403,#404));
#406=IFCCOMPOSITECURVESEGMENT(.CONTINUOUS.,.T.,#405);
#407=IFCCARTESIANPOINT((523.80949999999996,0.,0.));
#408=IFCCARTESIANPOINT((565.31230000000005,1.8120000000000001,0.));
#409=IFCPOLYLINE((#407,#408));
#410=IFCCOMPOSITECURVESEGMENT(.CONTINUOUS.,.T.,#409);
#411=IFCCARTESIANPOINT((565.31230000000005,1.8120000000000001,0.));
#412=IFCCARTESIANPOINT((606.4991,7.2343999999999999,0.));
#413=IFCPOLYLINE((#411,#412));
#414=IFCCOMPOSITECURVESEGMENT(.CONTINUOUS.,.T.,#413);
#415=IFCCARTESIANPOINT((606.4991,7.2343999999999999,0.));
#416=IFCCARTESIANPOINT((647.05669999999998,16.2258,0.));
#417=IFCPOLYLINE((#415,#416));
#418=IFCCOMPOSITECURVESEGMENT(.CONTINUOUS.,.T.,#417);
#419=IFCCARTESIANPOINT((647.05669999999998,16.2258,0.));
#420=IFCCARTESIANPOINT((686.67629999999997,28.7178,0.));
#421=IFCPOLYLINE((#419,#420));
#422=IFCCOMPOSITECURVESEGMENT(.CONTINUOUS.,.T.,#421);
#423=IFCCARTESIANPOINT((686.67629999999997,28.7178,0.));
#424=IFCCARTESIANPOINT((725.05629999999996,44.615299999999998,0.));
#425=IFCPOLYLINE((#423,#424));
#426=IFCCOMPOSITECURVESEGMENT(.CONTINUOUS.,.T.,#425);
#427=IFCCARTESIANPOINT((725.05629999999996,44.615299999999998,0.));
#428=IFCCARTESIANPOINT((761.90480000000002,63.797400000000003,0.));
#429=IFCPOLYLINE((#427,#428));
#430=IFCCOMPOSITECURVESEGMENT(.CONTINUOUS.,.T.,#429);
#431=IFCCARTESIANPOINT((761.90480000000002,63.797400000000003,0.));
#432=IFCCARTESIANPOINT((796.94119999999998,86.118099999999998,0.));
#433=IFCPOLYLINE((#431,#432));
#434=IFCCOMPOSITECURVESEGMENT(.CONTINUOUS.,.T.,#433);
#435=IFCCARTESIANPOINT((796.94119999999998,86.118099999999998,0.));
#436=IFCCARTESIANPOINT((829.89890000000003,111.4074,0.));
#437=IFCPOLYLINE((#435,#436));
#438=IFCCOMPOSITECURVESEGMENT(.CONTINUOUS.,.T.,#437);
#439=IFCCARTESIANPOINT((829.89890000000003,111.4074,0.));
#440=IFCCARTESIANPOINT((860.52700000000004,139.47300000000001,0.));
#441=IFCPOLYLINE((#439,#440));
#442=IFCCOMPOSITECURVESEGMENT(.CONTINUOUS.,.T.,#441);
#443=IFCCARTESIANPOINT((860.52700000000004,139.47300000000001,0.));
#444=IFCCARTESIANPOINT((888.59259999999995,170.1011,0.));
#445=IFCPOLYLINE((#443,#444));
#446=IFCCOMPOSITECURVESEGMENT(.CONTINUOUS.,.T.,#445);
#447=IFCCARTESIANPOINT((888.59259999999995,170.1011,0.));
#448=IFCCARTESIANPOINT((913.88189999999997,203.05879999999999,0.));
#449=IFCPOLYLINE((#447,#448));
#450=IFCCOMPOSITECURVESEGMENT(.CONTINUOUS.,.T.,#449);
#451=IFCCARTESIANPOINT((913.88189999999997,203.05879999999999,0.));
#452=IFCCARTESIANPOINT((936.20259999999996,238.09520000000001,0.));
#453=IFCPOLYLINE((#451,#452));
#454=IFCCOMPOSITECURVESEGMENT(.CONTINUOUS.,.T.,#453);
#455=IFCCARTESIANPOINT((936.20259999999996,238.09520000000001,0.));
#456=IFCCARTESIANPOINT((955.38469999999995,274.94369999999998,0.));
#457=IFCPOLYLINE((#455,#456));
#458=IFCCOMPOSITECURVESEGMENT(.CONTINUOUS.,.T.,#457);
#459=IFCCARTESIANPOINT((955.38469999999995,274.94369999999998,0.));
#460=IFCCARTESIANPOINT((971.28219999999999,313.32369999999997,0.));
#461=IFCPOLYLINE((#459,#460));
#462=IFCCOMPOSITECURVESEGMENT(.CONTINUOUS.,.T.,#461);
#463=IFCCARTESIANPOINT((971.28219999999999,313.32369999999997,0.));
#464=IFCCARTESIANPOINT((983.77419999999995,352.94330000000002,0.));
#465=IFCPOLYLINE((#463,#464));
#466=IFCCOMPOSITECURVESEGMENT(.CONTINUOUS.,.T.,#465);
#467=IFCCARTESIANPOINT((983.77419999999995,352.94330000000002,0.));
#468=IFCCARTESIANPOINT((992.76559999999995,393.5009,0.));
#469=IFCPOLYLINE((#467,#468));
#470=IFCCOMPOSITECURVESEGMENT(.CONTINUOUS.,.T.,#469);
#471=IFCCARTESIANPOINT((992.76559999999995,393.5009,0.));
#472=IFCCARTESIANPOINT((998.18799999999999,434.68770000000001,0.));
#473=IFCPOLYLINE((#471,#472));
#474=IFCCOMPOSITECURVESEGMENT(.CONTINUOUS.,.T.,#473);
#475=IFCCARTESIANPOINT((998.18799999999999,434.68770000000001,0.));
#476=IFCCARTESIANPOINT((1000.,476.19049999999999,0.));
#477=IFCPOLYLINE((#475,#476));
#478=IFCCOMPOSITECURVESEGMENT(.CONTINUOUS.,.T.,#477);
#479=IFCCARTESIANPOINT((1000.,476.19049999999999,0.));
#480=IFCCARTESIANPOINT((1000.,523.80949999999996,0.));
#481=IFCPOLYLINE((#479,#480));
#482=IFCCOMPOSITECURVESEGMENT(.CONTINUOUS.,.T.,#481);
#483=IFCCARTESIANPOINT((1000.,523.80949999999996,0.));
#484=IFCCARTESIANPOINT((998.18799999999999,565.31230000000005,0.));
#485=IFCPOLYLINE((#483,#484));
#486=IFCCOMPOSITECURVESEGMENT(.CONTINUOUS.,.T.,#485);
#487=IFCCARTESIANPOINT((998.18799999999999,565.31230000000005,0.));
#488=IFCCARTESIANPOINT((992.76559999999995,606.4991,0.));
#489=IFCPOLYLINE((#487,#488));
#490=IFCCOMPOSITECURVESEGMENT(.CONTINUOUS.,.T.,#489);
#491=IFCCARTESIANPOINT((992.76559999999995,606.4991,0.));
#492=IFCCARTESIANPOINT((983.77419999999995,647.05669999999998,0.));
#493=IFCPOLYLINE((#491,#492));
#494=IFCCOMPOSITECURVESEGMENT(.CONTINUOUS.,.T.,#493);
#495=IFCCARTESIANPOINT((983.77419999999995,647.05669999999998,0.));
#496=IFCCARTESIANPOINT((971.28219999999999,686.67629999999997,0.));
#497=IFCPOLYLINE((#495,#496));
#498=IFCCOMPOSITECURVESEGMENT(.CONTINUOUS.,.T.,#497);
#499=IFCCARTESIANPOINT((971.28219999999999,686.67629999999997,0.));
#500=IFCCARTESIANPOINT((955.38469999999995,725.05629999999996,0.));
#501=IFCPOLYLINE((#499,#500));
#502=IFCCOMPOSITECURVESEGMENT(.CONTINUOUS.,.T.,#501);
#503=IFCCARTESIANPOINT((955.38469999999995,725.05629999999996,0.));
#504=IFCCARTESIANPOINT((936.20259999999996,761.90480000000002,0.));
#505=IFCPOLYLINE((#503,#504));
#506=IFCCOMPOSITECURVESEGMENT(.CONTINUOUS.,.T.,#505);
#507=IFCCARTESIANPOINT((936.20259999999996,761.90480000000002,0.));
#508=IFCCARTESIANPOINT((913.88189999999997,796.94119999999998,0.));
#509=IFCPOLYLINE((#507,#508));
#510=IFCCOMPOSITECURVESEGMENT(.CONTINUOUS.,.T.,#509);
#511=IFCCARTESIANPOINT((913.88189999999997,796.94119999999998,0.));
#512=IFCCARTESIANPOINT((888.59259999999995,829.89890000000003,0.));
#513=IFCPOLYLINE((#511,#512));
#514=IFCCOMPOSITECURVESEGMENT(.CONTINUOUS.,.T.,#513);
#515=IFCCARTESIANPOINT((888.59259999999995,829.89890000000003,0.));
#516=IFCCARTESIANPOINT((860.52700000000004,860.52700000000004,0.));
#517=IFCPOLYLINE((#515,#516));
#518=IFCCOMPOSITECURVESEGMENT(.CONTINUOUS.,.T.,#517);
#519=IFCCARTESIANPOINT((860.52700000000004,860.52700000000004,0.));
#520=IFCCARTESIANPOINT((829.89890000000003,888.59259999999995,0.));
#521=IFCPOLYLINE((#519,#520));
#522=IFCCOMPOSITECURVESEGMENT(.CONTINUOUS.,.T.,#521);
#523=IFCCARTESIANPOINT((829.89890000000003,888.59259999999995,0.));
#524=IFCCARTESIANPOINT((796.94119999999998,913.88189999999997,0.));
#525=IFCPOLYLINE((#523,#524));
#526=IFCCOMPOSITECURVESEGMENT(.CONTINUOUS.,.T.,#525);
#527=IFCCARTESIANPOINT((796.94119999999998,913.88189999999997,0.));
#528=IFCCARTESIANPOINT((761.90480000000002,936.20259999999996,0.));
#529=IFCPOLYLINE((#527,#528));
#530=IFCCOMPOSITECURVESEGMENT(.CONTINUOUS.,.T.,#529);
#531=IFCCARTESIANPOINT((761.90480000000002,936.20259999999996,0.));
#532=IFCCARTESIANPOINT((725.05629999999996,955.38469999999995,0.));
#533=IFCPOLYLINE((#531,#532));
#534=IFCCOMPOSITECURVESEGMENT(.CONTINUOUS.,.T.,#533);
#535=IFCCARTESIANPOINT((725.05629999999996,955.38469999999995,0.));
#536=IFCCARTESIANPOINT((686.67629999999997,971.28219999999999,0.));
#537=IFCPOLYLINE((#535,#536));
#538=IFCCOMPOSITECURVESEGMENT(.CONTINUOUS.,.T.,#537);
#539=IFCCARTESIANPOINT((686.67629999999997,971.28219999999999,0.));
#540=IFCCARTESIANPOINT((647.05669999999998,983.77419999999995,0.));
#541=IFCPOLYLINE((#539,#540));
#542=IFCCOMPOSITECURVESEGMENT(.CONTINUOUS.,.T.,#541);
#543=IFCCARTESIANPOINT((647.05669999999998,983.77419999999995,0.));
#544=IFCCARTESIANPOINT((606.4991,992.76559999999995,0.));
#545=IFCPOLYLINE((#543,#544));
#546=IFCCOMPOSITECURVESEGMENT(.CONTINUOUS.,.T.,#545);
#547=IFCCARTESIANPOINT((606.4991,992.76559999999995,0.));
#548=IFCCARTESIANPOINT((565.31230000000005,998.18799999999999,0.));
#549=IFCPOLYLINE((#547,#548));
#550=IFCCOMPOSITECURVESEGMENT(.CONTINUOUS.,.T.,#549);
#551=IFCCARTESIANPOINT((565.31230000000005,998.18799999999999,0.));
#552=IFCCARTESIANPOINT((523.80949999999996,1000.,0.));
#553=IFCPOLYLINE((#551,#552));
#554=IFCCOMPOSITECURVESEGMENT(.CONTINUOUS.,.T.,#553);
#555=IFCCARTESIANPOINT((523.80949999999996,1000.,0.));
#556=IFCCARTESIANPOINT((476.19049999999999,1000.,0.));
#557=IFCPOLYLINE((#555,#556));
#558=IFCCOMPOSITECURVESEGMENT(.CONTINUOUS.,.T.,#557);
#559=IFCCARTESIANPOINT((476.19049999999999,1000.,0.));
#560=IFCCARTESIANPOINT((434.68770000000001,998.18799999999999,0.));
#561=IFCPOLYLINE((#559,#560));
#562=IFCCOMPOSITECURVESEGMENT(.CONTINUOUS.,.T.,#561);
#563=IFCCARTESIANPOINT((434.68770000000001,998.18799999999999,0.));
#564=IFCCARTESIANPOINT((393.5009,992.76559999999995,0.));
#565=IFCPOLYLINE((#563,#564));
#566=IFCCOMPOSITECURVESEGMENT(.CONTINUOUS.,.T.,#565);
#567=IFCCARTESIANPOINT((393.5009,992.76559999999995,0.));
#568=IFCCARTESIANPOINT((352.94330000000002,983.77419999999995,0.));
#569=IFCPOLYLINE((#567,#568));
#570=IFCCOMPOSITECURVESEGMENT(.CONTINUOUS.,.T.,#569);
#571=IFCCARTESIANPOINT((352.94330000000002,983.77419999999995,0.));
#572=IFCCARTESIANPOINT((313.32369999999997,971.28219999999999,0.));
#573=IFCPOLYLINE((#571,#572));
#574=IFCCOMPOSITECURVESEGMENT(.CONTINUOUS.,.T.,#573);
#575=IFCCARTESIANPOINT((313.32369999999997,971.28219999999999,0.));
#576=IFCCARTESIANPOINT((274.94369999999998,955.38469999999995,0.));
#577=IFCPOLYLINE((#575,#576));
#578=IFCCOMPOSITECURVESEGMENT(.CONTINUOUS.,.T.,#577);
#579=IFCCARTESIANPOINT((274.94369999999998,955.38469999999995,0.));
#580=IFCCARTESIANPOINT((238.09520000000001,936.20259999999996,0.));
#581=IFCPOLYLINE((#579,#580));
#582=IFCCOMPOSITECURVESEGMENT(.CONTINUOUS.,.T.,#581);
#583=IFCCARTESIANPOINT((238.09520000000001,936.20259999999996,0.));
#584=IFCCARTESIANPOINT((203.05879999999999,913.88189999999997,0.));
#585=IFCPOLYLINE((#583,#584));
#586=IFCCOMPOSITECURVESEGMENT(.CONTINUOUS.,.T.,#585);
#587=IFCCARTESIANPOINT((203.05879999999999,913.88189999999997,0.));
#588=IFCCARTESIANPOINT((170.1011,888.59259999999995,0.));
#589=IFCPOLYLINE((#587,#588));
#590=IFCCOMPOSITECURVESEGMENT(.CONTINUOUS.,.T.,#589);
#591=IFCCARTESIANPOINT((170.1011,888.59259999999995,0.));
#592=IFCCARTESIANPOINT((139.47300000000001,860.52700000000004,0.));
#593=IFCPOLYLINE((#591,#592));
#594=IFCCOMPOSITECURVESEGMENT(.CONTINUOUS.,.T.,#593);
#595=IFCCARTESIANPOINT((139.47300000000001,860.52700000000004,0.));
#596=IFCCARTESIANPOINT((111.4074,829.89890000000003,0.));
#597=IFCPOLYLINE((#595,#596));
#598=IFCCOMPOSITECURVESEGMENT(.CONTINUOUS.,.T.,#597);
#599=IFCCARTESIANPOINT((111.4074,829.89890000000003,0.));
#600=IFCCARTESIANPOINT((86.118099999999998,796.94119999999998,0.));
#601=IFCPOLYLINE((#599,#600));
#602=IFCCOMPOSITECURVESEGMENT(.CONTINUOUS.,.T.,#601);
#603=IFCCARTESIANPOINT((86.118099999999998,796.94119999999998,0.));
#604=IFCCARTESIANPOINT((63.797400000000003,761.90480000000002,0.));
#605=IFCPOLYLINE((#603,#604));
#606=IFCCOMPOSITECURVESEGMENT(.CONTINUOUS.,.T.,#605);
#607=IFCCARTESIANPOINT((63.797400000000003,761.90480000000002,0.));
#608=IFCCARTESIANPOINT((44.615299999999998,725.05629999999996,0.));
#609=IFCPOLYLINE((#607,#608));
#610=IFCCOMPOSITECURVESEGMENT(.CONTINUOUS.,.T.,#609);
#611=IFCCARTESIANPOINT((44.615299999999998,725.05629999999996,0.));
#612=IFCCARTESIANPOINT((28.7178,686.67629999999997,0.));
#613=IFCPOLYLINE((#611,#612));
#614=IFCCOMPOSITECURVESEGMENT(.CONTINUOUS.,.T.,#613);
#615=IFCCARTESIANPOINT((28.7178,686.67629999999997,0.));
#616=IFCCARTESIANPOINT((16.2258,647.05669999999998,0.));
#617=IFCPOLYLINE((#615,#616));
#618=IFCCOMPOSITECURVESEGMENT(.CONTINUOUS.,.T.,#617);
#619=IFCCARTESIANPOINT((16.2258,647.05669999999998,0.));
#620=IFCCARTESIANPOINT((7.2343999999999999,606.4991,0.));
#621=IFCPOLYLINE((#619,#620));
#622=IFCCOMPOSITECURVESEGMENT(.CONTINUOUS.,.T.,#621);
#623=IFCCARTESIANPOINT((7.2343999999999999,606.4991,0.));
#624=IFCCARTESIANPOINT((1.8120000000000001,565.31230000000005,0.));
#625=IFCPOLYLINE((#623,#624));
#626=IFCCOMPOSITECURVESEGMENT(.CONTINUOUS.,.T.,#625);
#627=IFCCARTESIANPOINT((1.8120000000000001,565.31230000000005,0.));
#628=IFCCARTESIANPOINT((0.,523.80949999999996,0.));
#629=IFCPOLYLINE((#627,#628));
#630=IFCCOMPOSITECURVESEGMENT(.CONTINUOUS.,.T.,#629);
#631=IFCCARTESIANPOINT((0.,523.80949999999996,0.));
#632=IFCCARTESIANPOINT((0.,476.19049999999999,0.));
#633=IFCPOLYLINE((#631,#632));
#634=IFCCOMPOSITECURVESEGMENT(.DISCONTINUOUS.,.T.,#633);
#635=IFCCOMPOSITECURVE((#334,#338,#342,#346,#350,#354,#358,#362,#366,#370,#374,#378,#382,#386,#390,#394,#398,#402,#406,#410,#414,#418,#422,#426,#430,#434,#438,#442,#446,#450,#454,#458,#462,#466,#470,#474,#478,#482,#486,#490,#494,#498,#502,#506,#510,#514,#518,#522,#526,#530,#534,#538,#542,#546,#550,#554,#558,#562,#566,#570,#574,#578,#582,#586,#590,#594,#598,#602,#606,#610,#614,#618,#622,#626,#630,#634),$);
#636=IFCARBITRARYCLOSEDPROFILEDEF(.AREA.,$,#635);
#637=IFCCARTESIANPOINT((0.,0.,300.));
#638=IFCDIRECTION((0.,0.,1.));
#639=IFCDIRECTION((1.,0.,0.));
#640=IFCAXIS2PLACEMENT3D(#637,#638,#639);
#641=IFCDIRECTION((0.,0.,-1.));
#642=IFCEXTRUDEDAREASOLID(#636,#640,#641,900.);
#643=IFCCARTESIANPOINT((476.19049999999999,476.19049999999999,0.));
#644=IFCDIRECTION((-0.,0.,1.));
#645=IFCDIRECTION((-1.,0.,0.));
#646=IFCAXIS2PLACEMENT3D(#643,#644,#645);
#647=IFCCIRCLE(#646,476.19047619047615);
#648=IFCTRIMMEDCURVE(#647,(IFCPARAMETERVALUE(0.)),(IFCPARAMETERVALUE(90.000000000000014)),.T.,.PARAMETER.);
#649=IFCCOMPOSITECURVESEGMENT(.CONTSAMEGRADIENT.,.T.,#648);
#650=IFCCARTESIANPOINT((476.19049999999999,0.,0.));
#651=IFCCARTESIANPOINT((523.80949999999996,0.,0.));
#652=IFCPOLYLINE((#650,#651));
#653=IFCCOMPOSITECURVESEGMENT(.CONTSAMEGRADIENT.,.T.,#652);
#654=IFCCARTESIANPOINT((523.80949999999996,476.19049999999999,0.));
#655=IFCDIRECTION((0.,0.,1.));
#656=IFCDIRECTION((0.,-1.,0.));
#657=IFCAXIS2PLACEMENT3D(#654,#655,#656);
#658=IFCCIRCLE(#657,476.19047619047615);
#659=IFCTRIMMEDCURVE(#658,(IFCPARAMETERVALUE(0.)),(IFCPARAMETERVALUE(90.000000000000014)),.T.,.PARAMETER.);
#660=IFCCOMPOSITECURVESEGMENT(.CONTSAMEGRADIENT.,.T.,#659);
#661=IFCCARTESIANPOINT((1000.,476.19049999999999,0.));
#662=IFCCARTESIANPOINT((1000.,523.80949999999996,0.));
#663=IFCPOLYLINE((#661,#662));
#664=IFCCOMPOSITECURVESEGMENT(.CONTSAMEGRADIENT.,.T.,#663);
#665=IFCCARTESIANPOINT((523.80949999999996,523.80949999999996,0.));
#666=IFCDIRECTION((0.,-0.,1.));
#667=IFCDIRECTION((1.,0.,0.));
#668=IFCAXIS2PLACEMENT3D(#665,#666,#667);
#669=IFCCIRCLE(#668,476.19047619047615);
#670=IFCTRIMMEDCURVE(#669,(IFCPARAMETERVALUE(0.)),(IFCPARAMETERVALUE(90.)),.T.,.PARAMETER.);
#671=IFCCOMPOSITECURVESEGMENT(.CONTSAMEGRADIENT.,.T.,#670);
#672=IFCCARTESIANPOINT((523.80949999999996,1000.,0.));
#673=IFCCARTESIANPOINT((476.19049999999999,1000.,0.));
#674=IFCPOLYLINE((#672,#673));
#675=IFCCOMPOSITECURVESEGMENT(.CONTSAMEGRADIENT.,.T.,#674);
#676=IFCCARTESIANPOINT((476.19049999999999,523.80949999999996,0.));
#677=IFCDIRECTION((0.,0.,1.));
#678=IFCDIRECTION((0.,1.,0.));
#679=IFCAXIS2PLACEMENT3D(#676,#677,#678);
#680=IFCCIRCLE(#679,476.19047619047615);
#681=IFCTRIMMEDCURVE(#680,(IFCPARAMETERVALUE(0.)),(IFCPARAMETERVALUE(90.000000000000014)),.T.,.PARAMETER.);
#682=IFCCOMPOSITECURVESEGMENT(.CONTSAMEGRADIENT.,.T.,#681);
#683=IFCCARTESIANPOINT((0.,523.80949999999996,0.));
#684=IFCCARTESIANPOINT((0.,476.19049999999999,0.));
#685=IFCPOLYLINE((#683,#684));
#686=IFCCOMPOSITECURVESEGMENT(.DISCONTINUOUS.,.T.,#685);
#687=IFCCOMPOSITECURVE((#649,#653,#660,#664,#671,#675,#682,#686),.F.);
#688=IFCCARTESIANPOINT((-55.,0.));
#689=IFCCARTESIANPOINT((300.,0.));
#690=IFCCARTESIANPOINT((300.,11.));
#691=IFCCARTESIANPOINT((98.,11.));
#692=IFCCARTESIANPOINT((95.908299999999997,11.0913));
#693=IFCCARTESIANPOINT((93.832400000000007,11.364599999999999));
#694=IFCCARTESIANPOINT((91.788300000000007,11.8178));
#695=IFCCARTESIANPOINT((89.791499999999999,12.4474));
#696=IFCCARTESIANPOINT((87.857200000000006,13.2486));
#697=IFCCARTESIANPOINT((86.,14.215400000000001));
#698=IFCCARTESIANPOINT((84.234200000000001,15.340400000000001));
#699=IFCCARTESIANPOINT((82.573099999999997,16.614899999999999));
#700=IFCCARTESIANPOINT((81.029399999999995,18.029399999999999));
#701=IFCCARTESIANPOINT((79.614900000000006,19.5731));
#702=IFCCARTESIANPOINT((78.340400000000002,21.234200000000001));
#703=IFCCARTESIANPOINT((77.215400000000002,23.));
#704=IFCCARTESIANPOINT((76.248599999999996,24.857199999999999));
#705=IFCCARTESIANPOINT((75.447400000000002,26.791499999999999));
#706=IFCCARTESIANPOINT((74.817800000000005,28.7883));
#707=IFCCARTESIANPOINT((74.364599999999996,30.8324));
#708=IFCCARTESIANPOINT((74.091300000000004,32.908299999999997));
#709=IFCCARTESIANPOINT((74.,35.));
#710=IFCCARTESIANPOINT((74.,55.));
#711=IFCCARTESIANPOINT((74.,55.));
#712=IFCCARTESIANPOINT((74.,55.));
#713=IFCCARTESIANPOINT((50.,55.));
#714=IFCCARTESIANPOINT((50.,55.));
#715=IFCCARTESIANPOINT((-55.,11.));
#716=IFCCARTESIANPOINT((-55.,0.));
#717=IFCPOLYLINE((#688,#689,#690,#691,#692,#693,#694,#695,#696,#697,#698,#699,#700,#701,#702,#703,#704,#705,#706,#707,#708,#709,#710,#711,#712,#713,#714,#715,#716));
#718=IFCARBITRARYCLOSEDPROFILEDEF(.AREA.,'section',#717);
#719=IFCCARTESIANPOINT((0.,0.));
#720=IFCCARTESIANTRANSFORMATIONOPERATOR2D($,$,#719,$);
#721=IFCCARTESIANTRANSFORMATIONOPERATOR2DNONUNIFORM($,$,#719,1.,1.0009526851633199);
#722=IFCDERIVEDPROFILEDEF($,$,#718,#721,$);
#723=IFCCARTESIANPOINT((-55.,0.));
#724=IFCCARTESIANPOINT((300.,0.));
#725=IFCCARTESIANPOINT((300.,11.));
#726=IFCCARTESIANPOINT((98.,11.));
#727=IFCCARTESIANPOINT((95.908299999999997,11.0913));
#728=IFCCARTESIANPOINT((93.832400000000007,11.364599999999999));
#729=IFCCARTESIANPOINT((91.788300000000007,11.8178));
#730=IFCCARTESIANPOINT((89.791499999999999,12.4474));
#731=IFCCARTESIANPOINT((87.857200000000006,13.2486));
#732=IFCCARTESIANPOINT((86.,14.215400000000001));
#733=IFCCARTESIANPOINT((84.234200000000001,15.340400000000001));
#734=IFCCARTESIANPOINT((82.573099999999997,16.614899999999999));
#735=IFCCARTESIANPOINT((81.029399999999995,18.029399999999999));
#736=IFCCARTESIANPOINT((79.614900000000006,19.5731));
#737=IFCCARTESIANPOINT((78.340400000000002,21.234200000000001));
#738=IFCCARTESIANPOINT((77.215400000000002,23.));
#739=IFCCARTESIANPOINT((76.248599999999996,24.857199999999999));
#740=IFCCARTESIANPOINT((75.447400000000002,26.791499999999999));
#741=IFCCARTESIANPOINT((74.817800000000005,28.7883));
#742=IFCCARTESIANPOINT((74.364599999999996,30.8324));
#743=IFCCARTESIANPOINT((74.091300000000004,32.908299999999997));
#744=IFCCARTESIANPOINT((74.,35.));
#745=IFCCARTESIANPOINT((74.,55.));
#746=IFCCARTESIANPOINT((74.,55.));
#747=IFCCARTESIANPOINT((74.,55.));
#748=IFCCARTESIANPOINT((50.,55.));
#749=IFCCARTESIANPOINT((50.,55.));
#750=IFCCARTESIANPOINT((-55.,11.));
#751=IFCCARTESIANPOINT((-55.,0.));
#752=IFCPOLYLINE((#723,#724,#725,#726,#727,#728,#729,#730,#731,#732,#733,#734,#735,#736,#737,#738,#739,#740,#741,#742,#743,#744,#745,#746,#747,#748,#749,#750,#751));
#753=IFCARBITRARYCLOSEDPROFILEDEF(.AREA.,'section',#752);
#754=IFCCARTESIANPOINT((0.,0.));
#755=IFCCARTESIANTRANSFORMATIONOPERATOR2D($,$,#754,$);
#756=IFCCARTESIANTRANSFORMATIONOPERATOR2DNONUNIFORM($,$,#754,1.,1.0009526851633199);
#757=IFCDERIVEDPROFILEDEF($,$,#753,#756,$);
#758=IFCCARTESIANPOINT((-55.,0.));
#759=IFCCARTESIANPOINT((300.,0.));
#760=IFCCARTESIANPOINT((300.,11.));
#761=IFCCARTESIANPOINT((98.,11.));
#762=IFCCARTESIANPOINT((95.908299999999997,11.0913));
#763=IFCCARTESIANPOINT((93.832400000000007,11.364599999999999));
#764=IFCCARTESIANPOINT((91.788300000000007,11.8178));
#765=IFCCARTESIANPOINT((89.791499999999999,12.4474));
#766=IFCCARTESIANPOINT((87.857200000000006,13.2486));
#767=IFCCARTESIANPOINT((86.,14.215400000000001));
#768=IFCCARTESIANPOINT((84.234200000000001,15.340400000000001));
#769=IFCCARTESIANPOINT((82.573099999999997,16.614899999999999));
#770=IFCCARTESIANPOINT((81.029399999999995,18.029399999999999));
#771=IFCCARTESIANPOINT((79.614900000000006,19.5731));
#772=IFCCARTESIANPOINT((78.340400000000002,21.234200000000001));
#773=IFCCARTESIANPOINT((77.215400000000002,23.));
#774=IFCCARTESIANPOINT((76.248599999999996,24.857199999999999));
#775=IFCCARTESIANPOINT((75.447400000000002,26.791499999999999));
#776=IFCCARTESIANPOINT((74.817800000000005,28.7883));
#777=IFCCARTESIANPOINT((74.364599999999996,30.8324));
#778=IFCCARTESIANPOINT((74.091300000000004,32.908299999999997));
#779=IFCCARTESIANPOINT((74.,35.));
#780=IFCCARTESIANPOINT((74.,55.));
#781=IFCCARTESIANPOINT((74.,55.));
#782=IFCCARTESIANPOINT((74.,55.));
#783=IFCCARTESIANPOINT((50.,55.));
#784=IFCCARTESIANPOINT((50.,55.));
#785=IFCCARTESIANPOINT((-55.,11.));
#786=IFCCARTESIANPOINT((-55.,0.));
#787=IFCPOLYLINE((#758,#759,#760,#761,#762,#763,#764,#765,#766,#767,#768,#769,#770,#771,#772,#773,#774,#775,#776,#777,#778,#779,#780,#781,#782,#783,#784,#785,#786));
#788=IFCARBITRARYCLOSEDPROFILEDEF(.AREA.,'section',#787);
#789=IFCCARTESIANPOINT((0.,0.));
#790=IFCCARTESIANTRANSFORMATIONOPERATOR2D($,$,#789,$);
#791=IFCCARTESIANTRANSFORMATIONOPERATOR2DNONUNIFORM($,$,#789,1.,1.0009526851633201);
#792=IFCDERIVEDPROFILEDEF($,$,#788,#791,$);
#793=IFCCARTESIANPOINT((-55.,0.));
#794=IFCCARTESIANPOINT((300.,0.));
#795=IFCCARTESIANPOINT((300.,11.));
#796=IFCCARTESIANPOINT((98.,11.));
#797=IFCCARTESIANPOINT((95.908299999999997,11.0913));
#798=IFCCARTESIANPOINT((93.832400000000007,11.364599999999999));
#799=IFCCARTESIANPOINT((91.788300000000007,11.8178));
#800=IFCCARTESIANPOINT((89.791499999999999,12.4474));
#801=IFCCARTESIANPOINT((87.857200000000006,13.2486));
#802=IFCCARTESIANPOINT((86.,14.215400000000001));
#803=IFCCARTESIANPOINT((84.234200000000001,15.340400000000001));
#804=IFCCARTESIANPOINT((82.573099999999997,16.614899999999999));
#805=IFCCARTESIANPOINT((81.029399999999995,18.029399999999999));
#806=IFCCARTESIANPOINT((79.614900000000006,19.5731));
#807=IFCCARTESIANPOINT((78.340400000000002,21.234200000000001));
#808=IFCCARTESIANPOINT((77.215400000000002,23.));
#809=IFCCARTESIANPOINT((76.248599999999996,24.857199999999999));
#810=IFCCARTESIANPOINT((75.447400000000002,26.791499999999999));
#811=IFCCARTESIANPOINT((74.817800000000005,28.7883));
#812=IFCCARTESIANPOINT((74.364599999999996,30.8324));
#813=IFCCARTESIANPOINT((74.091300000000004,32.908299999999997));
#814=IFCCARTESIANPOINT((74.,35.));
#815=IFCCARTESIANPOINT((74.,55.));
#816=IFCCARTESIANPOINT((74.,55.));
#817=IFCCARTESIANPOINT((74.,55.));
#818=IFCCARTESIANPOINT((50.,55.));
#819=IFCCARTESIANPOINT((50.,55.));
#820=IFCCARTESIANPOINT((-55.,11.));
#821=IFCCARTESIANPOINT((-55.,0.));
#822=IFCPOLYLINE((#793,#794,#795,#796,#797,#798,#799,#800,#801,#802,#803,#804,#805,#806,#807,#808,#809,#810,#811,#812,#813,#814,#815,#816,#817,#818,#819,#820,#821));
#823=IFCARBITRARYCLOSEDPROFILEDEF(.AREA.,'section',#822);
#824=IFCCARTESIANPOINT((0.,0.));
#825=IFCCARTESIANTRANSFORMATIONOPERATOR2D($,$,#824,$);
#826=IFCCARTESIANTRANSFORMATIONOPERATOR2DNONUNIFORM($,$,#824,1.,1.0009526851633199);
#827=IFCDERIVEDPROFILEDEF($,$,#823,#826,$);
#828=IFCCARTESIANPOINT((-55.,0.));
#829=IFCCARTESIANPOINT((300.,0.));
#830=IFCCARTESIANPOINT((300.,11.));
#831=IFCCARTESIANPOINT((98.,11.));
#832=IFCCARTESIANPOINT((95.908299999999997,11.0913));
#833=IFCCARTESIANPOINT((93.832400000000007,11.364599999999999));
#834=IFCCARTESIANPOINT((91.788300000000007,11.8178));
#835=IFCCARTESIANPOINT((89.791499999999999,12.4474));
#836=IFCCARTESIANPOINT((87.857200000000006,13.2486));
#837=IFCCARTESIANPOINT((86.,14.215400000000001));
#838=IFCCARTESIANPOINT((84.234200000000001,15.340400000000001));
#839=IFCCARTESIANPOINT((82.573099999999997,16.614899999999999));
#840=IFCCARTESIANPOINT((81.029399999999995,18.029399999999999));
#841=IFCCARTESIANPOINT((79.614900000000006,19.5731));
#842=IFCCARTESIANPOINT((78.340400000000002,21.234200000000001));
#843=IFCCARTESIANPOINT((77.215400000000002,23.));
#844=IFCCARTESIANPOINT((76.248599999999996,24.857199999999999));
#845=IFCCARTESIANPOINT((75.447400000000002,26.791499999999999));
#846=IFCCARTESIANPOINT((74.817800000000005,28.7883));
#847=IFCCARTESIANPOINT((74.364599999999996,30.8324));
#848=IFCCARTESIANPOINT((74.091300000000004,32.908299999999997));
#849=IFCCARTESIANPOINT((74.,35.));
#850=IFCCARTESIANPOINT((74.,55.));
#851=IFCCARTESIANPOINT((74.,55.));
#852=IFCCARTESIANPOINT((74.,55.));
#853=IFCCARTESIANPOINT((50.,55.));
#854=IFCCARTESIANPOINT((50.,55.));
#855=IFCCARTESIANPOINT((-55.,11.));
#856=IFCCARTESIANPOINT((-55.,0.));
#857=IFCPOLYLINE((#828,#829,#830,#831,#832,#833,#834,#835,#836,#837,#838,#839,#840,#841,#842,#843,#844,#845,#846,#847,#848,#849,#850,#851,#852,#853,#854,#855,#856));
#858=IFCARBITRARYCLOSEDPROFILEDEF(.AREA.,'section',#857);
#859=IFCCARTESIANPOINT((0.,0.));
#860=IFCCARTESIANTRANSFORMATIONOPERATOR2D($,$,#859,$);
#861=IFCCARTESIANTRANSFORMATIONOPERATOR2DNONUNIFORM($,$,#859,1.,1.0009526851633201);
#862=IFCDERIVEDPROFILEDEF($,$,#858,#861,$);
#863=IFCCARTESIANPOINT((-55.,0.));
#864=IFCCARTESIANPOINT((300.,0.));
#865=IFCCARTESIANPOINT((300.,11.));
#866=IFCCARTESIANPOINT((98.,11.));
#867=IFCCARTESIANPOINT((95.908299999999997,11.0913));
#868=IFCCARTESIANPOINT((93.832400000000007,11.364599999999999));
#869=IFCCARTESIANPOINT((91.788300000000007,11.8178));
#870=IFCCARTESIANPOINT((89.791499999999999,12.4474));
#871=IFCCARTESIANPOINT((87.857200000000006,13.2486));
#872=IFCCARTESIANPOINT((86.,14.215400000000001));
#873=IFCCARTESIANPOINT((84.234200000000001,15.340400000000001));
#874=IFCCARTESIANPOINT((82.573099999999997,16.614899999999999));
#875=IFCCARTESIANPOINT((81.029399999999995,18.029399999999999));
#876=IFCCARTESIANPOINT((79.614900000000006,19.5731));
#877=IFCCARTESIANPOINT((78.340400000000002,21.234200000000001));
#878=IFCCARTESIANPOINT((77.215400000000002,23.));
#879=IFCCARTESIANPOINT((76.248599999999996,24.857199999999999));
#880=IFCCARTESIANPOINT((75.447400000000002,26.791499999999999));
#881=IFCCARTESIANPOINT((74.817800000000005,28.7883));
#882=IFCCARTESIANPOINT((74.364599999999996,30.8324));
#883=IFCCARTESIANPOINT((74.091300000000004,32.908299999999997));
#884=IFCCARTESIANPOINT((74.,35.));
#885=IFCCARTESIANPOINT((74.,55.));
#886=IFCCARTESIANPOINT((74.,55.));
#887=IFCCARTESIANPOINT((74.,55.));
#888=IFCCARTESIANPOINT((50.,55.));
#889=IFCCARTESIANPOINT((50.,55.));
#890=IFCCARTESIANPOINT((-55.,11.));
#891=IFCCARTESIANPOINT((-55.,0.));
#892=IFCPOLYLINE((#863,#864,#865,#866,#867,#868,#869,#870,#871,#872,#873,#874,#875,#876,#877,#878,#879,#880,#881,#882,#883,#884,#885,#886,#887,#888,#889,#890,#891));
#893=IFCARBITRARYCLOSEDPROFILEDEF(.AREA.,'section',#892);
#894=IFCCARTESIANPOINT((0.,0.));
#895=IFCCARTESIANTRANSFORMATIONOPERATOR2D($,$,#894,$);
#896=IFCCARTESIANTRANSFORMATIONOPERATOR2DNONUNIFORM($,$,#894,1.,1.0009526851633199);
#897=IFCDERIVEDPROFILEDEF($,$,#893,#896,$);
#898=IFCCARTESIANPOINT((-55.,0.));
#899=IFCCARTESIANPOINT((300.,0.));
#900=IFCCARTESIANPOINT((300.,11.));
#901=IFCCARTESIANPOINT((98.,11.));
#902=IFCCARTESIANPOINT((95.908299999999997,11.0913));
#903=IFCCARTESIANPOINT((93.832400000000007,11.364599999999999));
#904=IFCCARTESIANPOINT((91.788300000000007,11.8178));
#905=IFCCARTESIANPOINT((89.791499999999999,12.4474));
#906=IFCCARTESIANPOINT((87.857200000000006,13.2486));
#907=IFCCARTESIANPOINT((86.,14.215400000000001));
#908=IFCCARTESIANPOINT((84.234200000000001,15.340400000000001));
#909=IFCCARTESIANPOINT((82.573099999999997,16.614899999999999));
#910=IFCCARTESIANPOINT((81.029399999999995,18.029399999999999));
#911=IFCCARTESIANPOINT((79.614900000000006,19.5731));
#912=IFCCARTESIANPOINT((78.340400000000002,21.234200000000001));
#913=IFCCARTESIANPOINT((77.215400000000002,23.));
#914=IFCCARTESIANPOINT((76.248599999999996,24.857199999999999));
#915=IFCCARTESIANPOINT((75.447400000000002,26.791499999999999));
#916=IFCCARTESIANPOINT((74.817800000000005,28.7883));
#917=IFCCARTESIANPOINT((74.364599999999996,30.8324));
#918=IFCCARTESIANPOINT((74.091300000000004,32.908299999999997));
#919=IFCCARTESIANPOINT((74.,35.));
#920=IFCCARTESIANPOINT((74.,55.));
#921=IFCCARTESIANPOINT((74.,55.));
#922=IFCCARTESIANPOINT((74.,55.));
#923=IFCCARTESIANPOINT((50.,55.));
#924=IFCCARTESIANPOINT((50.,55.));
#925=IFCCARTESIANPOINT((-55.,11.));
#926=IFCCARTESIANPOINT((-55.,0.));
#927=IFCPOLYLINE((#898,#899,#900,#901,#902,#903,#904,#905,#906,#907,#908,#909,#910,#911,#912,#913,#914,#915,#916,#917,#918,#919,#920,#921,#922,#923,#924,#925,#926));
#928=IFCARBITRARYCLOSEDPROFILEDEF(.AREA.,'section',#927);
#929=IFCCARTESIANPOINT((0.,0.));
#930=IFCCARTESIANTRANSFORMATIONOPERATOR2D($,$,#929,$);
#931=IFCCARTESIANTRANSFORMATIONOPERATOR2DNONUNIFORM($,$,#929,1.,1.0009526851633201);
#932=IFCDERIVEDPROFILEDEF($,$,#928,#931,$);
#933=IFCCARTESIANPOINT((-55.,0.));
#934=IFCCARTESIANPOINT((300.,0.));
#935=IFCCARTESIANPOINT((300.,11.));
#936=IFCCARTESIANPOINT((98.,11.));
#937=IFCCARTESIANPOINT((95.908299999999997,11.0913));
#938=IFCCARTESIANPOINT((93.832400000000007,11.364599999999999));
#939=IFCCARTESIANPOINT((91.788300000000007,11.8178));
#940=IFCCARTESIANPOINT((89.791499999999999,12.4474));
#941=IFCCARTESIANPOINT((87.857200000000006,13.2486));
#942=IFCCARTESIANPOINT((86.,14.215400000000001));
#943=IFCCARTESIANPOINT((84.234200000000001,15.340400000000001));
#944=IFCCARTESIANPOINT((82.573099999999997,16.614899999999999));
#945=IFCCARTESIANPOINT((81.029399999999995,18.029399999999999));
#946=IFCCARTESIANPOINT((79.614900000000006,19.5731));
#947=IFCCARTESIANPOINT((78.340400000000002,21.234200000000001));
#948=IFCCARTESIANPOINT((77.215400000000002,23.));
#949=IFCCARTESIANPOINT((76.248599999999996,24.857199999999999));
#950=IFCCARTESIANPOINT((75.447400000000002,26.791499999999999));
#951=IFCCARTESIANPOINT((74.817800000000005,28.7883));
#952=IFCCARTESIANPOINT((74.364599999999996,30.8324));
#953=IFCCARTESIANPOINT((74.091300000000004,32.908299999999997));
#954=IFCCARTESIANPOINT((74.,35.));
#955=IFCCARTESIANPOINT((74.,55.));
#956=IFCCARTESIANPOINT((74.,55.));
#957=IFCCARTESIANPOINT((74.,55.));
#958=IFCCARTESIANPOINT((50.,55.));
#959=IFCCARTESIANPOINT((50.,55.));
#960=IFCCARTESIANPOINT((-55.,11.));
#961=IFCCARTESIANPOINT((-55.,0.));
#962=IFCPOLYLINE((#933,#934,#935,#936,#937,#938,#939,#940,#941,#942,#943,#944,#945,#946,#947,#948,#949,#950,#951,#952,#953,#954,#955,#956,#957,#958,#959,#960,#961));
#963=IFCARBITRARYCLOSEDPROFILEDEF(.AREA.,'section',#962);
#964=IFCCARTESIANPOINT((0.,0.));
#965=IFCCARTESIANTRANSFORMATIONOPERATOR2D($,$,#964,$);
#966=IFCCARTESIANTRANSFORMATIONOPERATOR2DNONUNIFORM($,$,#964,1.,1.0009526851633199);
#967=IFCDERIVEDPROFILEDEF($,$,#963,#966,$);
#968=IFCCARTESIANPOINT((-55.,0.));
#969=IFCCARTESIANPOINT((300.,0.));
#970=IFCCARTESIANPOINT((300.,11.));
#971=IFCCARTESIANPOINT((98.,11.));
#972=IFCCARTESIANPOINT((95.908299999999997,11.0913));
#973=IFCCARTESIANPOINT((93.832400000000007,11.364599999999999));
#974=IFCCARTESIANPOINT((91.788300000000007,11.8178));
#975=IFCCARTESIANPOINT((89.791499999999999,12.4474));
#976=IFCCARTESIANPOINT((87.857200000000006,13.2486));
#977=IFCCARTESIANPOINT((86.,14.215400000000001));
#978=IFCCARTESIANPOINT((84.234200000000001,15.340400000000001));
#979=IFCCARTESIANPOINT((82.573099999999997,16.614899999999999));
#980=IFCCARTESIANPOINT((81.029399999999995,18.029399999999999));
#981=IFCCARTESIANPOINT((79.614900000000006,19.5731));
#982=IFCCARTESIANPOINT((78.340400000000002,21.234200000000001));
#983=IFCCARTESIANPOINT((77.215400000000002,23.));
#984=IFCCARTESIANPOINT((76.248599999999996,24.857199999999999));
#985=IFCCARTESIANPOINT((75.447400000000002,26.791499999999999));
#986=IFCCARTESIANPOINT((74.817800000000005,28.7883));
#987=IFCCARTESIANPOINT((74.364599999999996,30.8324));
#988=IFCCARTESIANPOINT((74.091300000000004,32.908299999999997));
#989=IFCCARTESIANPOINT((74.,35.));
#990=IFCCARTESIANPOINT((74.,55.));
#991=IFCCARTESIANPOINT((74.,55.));
#992=IFCCARTESIANPOINT((74.,55.));
#993=IFCCARTESIANPOINT((50.,55.));
#994=IFCCARTESIANPOINT((50.,55.));
#995=IFCCARTESIANPOINT((-55.,11.));
#996=IFCCARTESIANPOINT((-55.,0.));
#997=IFCPOLYLINE((#968,#969,#970,#971,#972,#973,#974,#975,#976,#977,#978,#979,#980,#981,#982,#983,#984,#985,#986,#987,#988,#989,#990,#991,#992,#993,#994,#995,#996));
#998=IFCARBITRARYCLOSEDPROFILEDEF(.AREA.,'section',#997);
#999=IFCCARTESIANPOINT((0.,0.));
#1000=IFCCARTESIANTRANSFORMATIONOPERATOR2D($,$,#999,$);
#1001=IFCCARTESIANTRANSFORMATIONOPERATOR2DNONUNIFORM($,$,#999,1.,1.0009526851633199);
#1002=IFCDERIVEDPROFILEDEF($,$,#998,#1001,$);
#1003=IFCCARTESIANPOINT((-55.,0.));
#1004=IFCCARTESIANPOINT((300.,0.));
#1005=IFCCARTESIANPOINT((300.,11.));
#1006=IFCCARTESIANPOINT((98.,11.));
#1007=IFCCARTESIANPOINT((95.908299999999997,11.0913));
#1008=IFCCARTESIANPOINT((93.832400000000007,11.364599999999999));
#1009=IFCCARTESIANPOINT((91.788300000000007,11.8178));
#1010=IFCCARTESIANPOINT((89.791499999999999,12.4474));
#1011=IFCCARTESIANPOINT((87.857200000000006,13.2486));
#1012=IFCCARTESIANPOINT((86.,14.215400000000001));
#1013=IFCCARTESIANPOINT((84.234200000000001,15.340400000000001));
#1014=IFCCARTESIANPOINT((82.573099999999997,16.614899999999999));
#1015=IFCCARTESIANPOINT((81.029399999999995,18.029399999999999));
#1016=IFCCARTESIANPOINT((79.614900000000006,19.5731));
#1017=IFCCARTESIANPOINT((78.340400000000002,21.234200000000001));
#1018=IFCCARTESIANPOINT((77.215400000000002,23.));
#1019=IFCCARTESIANPOINT((76.248599999999996,24.857199999999999));
#1020=IFCCARTESIANPOINT((75.447400000000002,26.791499999999999));
#1021=IFCCARTESIANPOINT((74.817800000000005,28.7883));
#1022=IFCCARTESIANPOINT((74.364599999999996,30.8324));
#1023=IFCCARTESIANPOINT((74.091300000000004,32.908299999999997));
#1024=IFCCARTESIANPOINT((74.,35.));
#1025=IFCCARTESIANPOINT((74.,55.));
#1026=IFCCARTESIANPOINT((74.,55.));
#1027=IFCCARTESIANPOINT((74.,55.));
#1028=IFCCARTESIANPOINT((50.,55.));
#1029=IFCCARTESIANPOINT((50.,55.));
#1030=IFCCARTESIANPOINT((-55.,11.));
#1031=IFCCARTESIANPOINT((-55.,0.));
#1032=IFCPOLYLINE((#1003,#1004,#1005,#1006,#1007,#1008,#1009,#1010,#1011,#1012,#1013,#1014,#1015,#1016,#1017,#1018,#1019,#1020,#1021,#1022,#1023,#1024,#1025,#1026,#1027,#1028,#1029,#1030,#1031));
#1033=IFCARBITRARYCLOSEDPROFILEDEF(.AREA.,'section',#1032);
#1034=IFCCARTESIANPOINT((0.,0.));
#1035=IFCCARTESIANTRANSFORMATIONOPERATOR2D($,$,#1034,$);
#1036=IFCCARTESIANTRANSFORMATIONOPERATOR2DNONUNIFORM($,$,#1034,1.,1.0009526851633201);
#1037=IFCDERIVEDPROFILEDEF($,$,#1033,#1036,$);
#1038=IFCCARTESIANPOINT((-55.,0.));
#1039=IFCCARTESIANPOINT((300.,0.));
#1040=IFCCARTESIANPOINT((300.,11.));
#1041=IFCCARTESIANPOINT((98.,11.));
#1042=IFCCARTESIANPOINT((95.908299999999997,11.0913));
#1043=IFCCARTESIANPOINT((93.832400000000007,11.364599999999999));
#1044=IFCCARTESIANPOINT((91.788300000000007,11.8178));
#1045=IFCCARTESIANPOINT((89.791499999999999,12.4474));
#1046=IFCCARTESIANPOINT((87.857200000000006,13.2486));
#1047=IFCCARTESIANPOINT((86.,14.215400000000001));
#1048=IFCCARTESIANPOINT((84.234200000000001,15.340400000000001));
#1049=IFCCARTESIANPOINT((82.573099999999997,16.614899999999999));
#1050=IFCCARTESIANPOINT((81.029399999999995,18.029399999999999));
#1051=IFCCARTESIANPOINT((79.614900000000006,19.5731));
#1052=IFCCARTESIANPOINT((78.340400000000002,21.234200000000001));
#1053=IFCCARTESIANPOINT((77.215400000000002,23.));
#1054=IFCCARTESIANPOINT((76.248599999999996,24.857199999999999));
#1055=IFCCARTESIANPOINT((75.447400000000002,26.791499999999999));
#1056=IFCCARTESIANPOINT((74.817800000000005,28.7883));
#1057=IFCCARTESIANPOINT((74.364599999999996,30.8324));
#1058=IFCCARTESIANPOINT((74.091300000000004,32.908299999999997));
#1059=IFCCARTESIANPOINT((74.,35.));
#1060=IFCCARTESIANPOINT((74.,55.));
#1061=IFCCARTESIANPOINT((74.,55.));
#1062=IFCCARTESIANPOINT((74.,55.));
#1063=IFCCARTESIANPOINT((50.,55.));
#1064=IFCCARTESIANPOINT((50.,55.));
#1065=IFCCARTESIANPOINT((-55.,11.));
#1066=IFCCARTESIANPOINT((-55.,0.));
#1067=IFCPOLYLINE((#1038,#1039,#1040,#1041,#1042,#1043,#1044,#1045,#1046,#1047,#1048,#1049,#1050,#1051,#1052,#1053,#1054,#1055,#1056,#1057,#1058,#1059,#1060,#1061,#1062,#1063,#1064,#1065,#1066));
#1068=IFCARBITRARYCLOSEDPROFILEDEF(.AREA.,'section',#1067);
#1069=IFCCARTESIANPOINT((0.,0.));
#1070=IFCCARTESIANTRANSFORMATIONOPERATOR2D($,$,#1069,$);
#1071=IFCCARTESIANTRANSFORMATIONOPERATOR2DNONUNIFORM($,$,#1069,1.,1.0009526851633199);
#1072=IFCDERIVEDPROFILEDEF($,$,#1068,#1071,$);
#1073=IFCCARTESIANPOINT((-55.,0.));
#1074=IFCCARTESIANPOINT((300.,0.));
#1075=IFCCARTESIANPOINT((300.,11.));
#1076=IFCCARTESIANPOINT((98.,11.));
#1077=IFCCARTESIANPOINT((95.908299999999997,11.0913));
#1078=IFCCARTESIANPOINT((93.832400000000007,11.364599999999999));
#1079=IFCCARTESIANPOINT((91.788300000000007,11.8178));
#1080=IFCCARTESIANPOINT((89.791499999999999,12.4474));
#1081=IFCCARTESIANPOINT((87.857200000000006,13.2486));
#1082=IFCCARTESIANPOINT((86.,14.215400000000001));
#1083=IFCCARTESIANPOINT((84.234200000000001,15.340400000000001));
#1084=IFCCARTESIANPOINT((82.573099999999997,16.614899999999999));
#1085=IFCCARTESIANPOINT((81.029399999999995,18.029399999999999));
#1086=IFCCARTESIANPOINT((79.614900000000006,19.5731));
#1087=IFCCARTESIANPOINT((78.340400000000002,21.234200000000001));
#1088=IFCCARTESIANPOINT((77.215400000000002,23.));
#1089=IFCCARTESIANPOINT((76.248599999999996,24.857199999999999));
#1090=IFCCARTESIANPOINT((75.447400000000002,26.791499999999999));
#1091=IFCCARTESIANPOINT((74.817800000000005,28.7883));
#1092=IFCCARTESIANPOINT((74.364599999999996,30.8324));
#1093=IFCCARTESIANPOINT((74.091300000000004,32.908299999999997));
#1094=IFCCARTESIANPOINT((74.,35.));
#1095=IFCCARTESIANPOINT((74.,55.));
#1096=IFCCARTESIANPOINT((74.,55.));
#1097=IFCCARTESIANPOINT((74.,55.));
#1098=IFCCARTESIANPOINT((50.,55.));
#1099=IFCCARTESIANPOINT((50.,55.));
#1100=IFCCARTESIANPOINT((-55.,11.));
#1101=IFCCARTESIANPOINT((-55.,0.));
#1102=IFCPOLYLINE((#1073,#1074,#1075,#1076,#1077,#1078,#1079,#1080,#1081,#1082,#1083,#1084,#1085,#1086,#1087,#1088,#1089,#1090,#1091,#1092,#1093,#1094,#1095,#1096,#1097,#1098,#1099,#1100,#1101));
#1103=IFCARBITRARYCLOSEDPROFILEDEF(.AREA.,'section',#1102);
#1104=IFCCARTESIANPOINT((0.,0.));
#1105=IFCCARTESIANTRANSFORMATIONOPERATOR2D($,$,#1104,$);
#1106=IFCCARTESIANTRANSFORMATIONOPERATOR2DNONUNIFORM($,$,#1104,1.,1.0009526851633199);
#1107=IFCDERIVEDPROFILEDEF($,$,#1103,#1106,$);
#1108=IFCCARTESIANPOINT((-55.,0.));
#1109=IFCCARTESIANPOINT((300.,0.));
#1110=IFCCARTESIANPOINT((300.,11.));
#1111=IFCCARTESIANPOINT((98.,11.));
#1112=IFCCARTESIANPOINT((95.908299999999997,11.0913));
#1113=IFCCARTESIANPOINT((93.832400000000007,11.364599999999999));
#1114=IFCCARTESIANPOINT((91.788300000000007,11.8178));
#1115=IFCCARTESIANPOINT((89.791499999999999,12.4474));
#1116=IFCCARTESIANPOINT((87.857200000000006,13.2486));
#1117=IFCCARTESIANPOINT((86.,14.215400000000001));
#1118=IFCCARTESIANPOINT((84.234200000000001,15.340400000000001));
#1119=IFCCARTESIANPOINT((82.573099999999997,16.614899999999999));
#1120=IFCCARTESIANPOINT((81.029399999999995,18.029399999999999));
#1121=IFCCARTESIANPOINT((79.614900000000006,19.5731));
#1122=IFCCARTESIANPOINT((78.340400000000002,21.234200000000001));
#1123=IFCCARTESIANPOINT((77.215400000000002,23.));
#1124=IFCCARTESIANPOINT((76.248599999999996,24.857199999999999));
#1125=IFCCARTESIANPOINT((75.447400000000002,26.791499999999999));
#1126=IFCCARTESIANPOINT((74.817800000000005,28.7883));
#1127=IFCCARTESIANPOINT((74.364599999999996,30.8324));
#1128=IFCCARTESIANPOINT((74.091300000000004,32.908299999999997));
#1129=IFCCARTESIANPOINT((74.,35.));
#1130=IFCCARTESIANPOINT((74.,55.));
#1131=IFCCARTESIANPOINT((74.,55.));
#1132=IFCCARTESIANPOINT((74.,55.));
#1133=IFCCARTESIANPOINT((50.,55.));
#1134=IFCCARTESIANPOINT((50.,55.));
#1135=IFCCARTESIANPOINT((-55.,11.));
#1136=IFCCARTESIANPOINT((-55.,0.));
#1137=IFCPOLYLINE((#1108,#1109,#1110,#1111,#1112,#1113,#1114,#1115,#1116,#1117,#1118,#1119,#1120,#1121,#1122,#1123,#1124,#1125,#1126,#1127,#1128,#1129,#1130,#1131,#1132,#1133,#1134,#1135,#1136));
#1138=IFCARBITRARYCLOSEDPROFILEDEF(.AREA.,'section',#1137);
#1139=IFCCARTESIANPOINT((0.,0.));
#1140=IFCCARTESIANTRANSFORMATIONOPERATOR2D($,$,#1139,$);
#1141=IFCCARTESIANTRANSFORMATIONOPERATOR2DNONUNIFORM($,$,#1139,1.,1.0009526851633201);
#1142=IFCDERIVEDPROFILEDEF($,$,#1138,#1141,$);
#1143=IFCCARTESIANPOINT((-55.,0.));
#1144=IFCCARTESIANPOINT((300.,0.));
#1145=IFCCARTESIANPOINT((300.,11.));
#1146=IFCCARTESIANPOINT((98.,11.));
#1147=IFCCARTESIANPOINT((95.908299999999997,11.0913));
#1148=IFCCARTESIANPOINT((93.832400000000007,11.364599999999999));
#1149=IFCCARTESIANPOINT((91.788300000000007,11.8178));
#1150=IFCCARTESIANPOINT((89.791499999999999,12.4474));
#1151=IFCCARTESIANPOINT((87.857200000000006,13.2486));
#1152=IFCCARTESIANPOINT((86.,14.215400000000001));
#1153=IFCCARTESIANPOINT((84.234200000000001,15.340400000000001));
#1154=IFCCARTESIANPOINT((82.573099999999997,16.614899999999999));
#1155=IFCCARTESIANPOINT((81.029399999999995,18.029399999999999));
#1156=IFCCARTESIANPOINT((79.614900000000006,19.5731));
#1157=IFCCARTESIANPOINT((78.340400000000002,21.234200000000001));
#1158=IFCCARTESIANPOINT((77.215400000000002,23.));
#1159=IFCCARTESIANPOINT((76.248599999999996,24.857199999999999));
#1160=IFCCARTESIANPOINT((75.447400000000002,26.791499999999999));
#1161=IFCCARTESIANPOINT((74.817800000000005,28.7883));
#1162=IFCCARTESIANPOINT((74.364599999999996,30.8324));
#1163=IFCCARTESIANPOINT((74.091300000000004,32.908299999999997));
#1164=IFCCARTESIANPOINT((74.,35.));
#1165=IFCCARTESIANPOINT((74.,55.));
#1166=IFCCARTESIANPOINT((74.,55.));
#1167=IFCCARTESIANPOINT((74.,55.));
#1168=IFCCARTESIANPOINT((50.,55.));
#1169=IFCCARTESIANPOINT((50.,55.));
#1170=IFCCARTESIANPOINT((-55.,11.));
#1171=IFCCARTESIANPOINT((-55.,0.));
#1172=IFCPOLYLINE((#1143,#1144,#1145,#1146,#1147,#1148,#1149,#1150,#1151,#1152,#1153,#1154,#1155,#1156,#1157,#1158,#1159,#1160,#1161,#1162,#1163,#1164,#1165,#1166,#1167,#1168,#1169,#1170,#1171));
#1173=IFCARBITRARYCLOSEDPROFILEDEF(.AREA.,'section',#1172);
#1174=IFCCARTESIANPOINT((0.,0.));
#1175=IFCCARTESIANTRANSFORMATIONOPERATOR2D($,$,#1174,$);
#1176=IFCCARTESIANTRANSFORMATIONOPERATOR2DNONUNIFORM($,$,#1174,1.,1.0009526851633201);
#1177=IFCDERIVEDPROFILEDEF($,$,#1173,#1176,$);
#1178=IFCCARTESIANPOINT((-55.,0.));
#1179=IFCCARTESIANPOINT((300.,0.));
#1180=IFCCARTESIANPOINT((300.,11.));
#1181=IFCCARTESIANPOINT((98.,11.));
#1182=IFCCARTESIANPOINT((95.908299999999997,11.0913));
#1183=IFCCARTESIANPOINT((93.832400000000007,11.364599999999999));
#1184=IFCCARTESIANPOINT((91.788300000000007,11.8178));
#1185=IFCCARTESIANPOINT((89.791499999999999,12.4474));
#1186=IFCCARTESIANPOINT((87.857200000000006,13.2486));
#1187=IFCCARTESIANPOINT((86.,14.215400000000001));
#1188=IFCCARTESIANPOINT((84.234200000000001,15.340400000000001));
#1189=IFCCARTESIANPOINT((82.573099999999997,16.614899999999999));
#1190=IFCCARTESIANPOINT((81.029399999999995,18.029399999999999));
#1191=IFCCARTESIANPOINT((79.614900000000006,19.5731));
#1192=IFCCARTESIANPOINT((78.340400000000002,21.234200000000001));
#1193=IFCCARTESIANPOINT((77.215400000000002,23.));
#1194=IFCCARTESIANPOINT((76.248599999999996,24.857199999999999));
#1195=IFCCARTESIANPOINT((75.447400000000002,26.791499999999999));
#1196=IFCCARTESIANPOINT((74.817800000000005,28.7883));
#1197=IFCCARTESIANPOINT((74.364599999999996,30.8324));
#1198=IFCCARTESIANPOINT((74.091300000000004,32.908299999999997));
#1199=IFCCARTESIANPOINT((74.,35.));
#1200=IFCCARTESIANPOINT((74.,55.));
#1201=IFCCARTESIANPOINT((74.,55.));
#1202=IFCCARTESIANPOINT((74.,55.));
#1203=IFCCARTESIANPOINT((50.,55.));
#1204=IFCCARTESIANPOINT((50.,55.));
#1205=IFCCARTESIANPOINT((-55.,11.));
#1206=IFCCARTESIANPOINT((-55.,0.));
#1207=IFCPOLYLINE((#1178,#1179,#1180,#1181,#1182,#1183,#1184,#1185,#1186,#1187,#1188,#1189,#1190,#1191,#1192,#1193,#1194,#1195,#1196,#1197,#1198,#1199,#1200,#1201,#1202,#1203,#1204,#1205,#1206));
#1208=IFCARBITRARYCLOSEDPROFILEDEF(.AREA.,'section',#1207);
#1209=IFCCARTESIANPOINT((0.,0.));
#1210=IFCCARTESIANTRANSFORMATIONOPERATOR2D($,$,#1209,$);
#1211=IFCCARTESIANTRANSFORMATIONOPERATOR2DNONUNIFORM($,$,#1209,1.,1.0009526851633199);
#1212=IFCDERIVEDPROFILEDEF($,$,#1208,#1211,$);
#1213=IFCCARTESIANPOINT((-55.,0.));
#1214=IFCCARTESIANPOINT((300.,0.));
#1215=IFCCARTESIANPOINT((300.,11.));
#1216=IFCCARTESIANPOINT((98.,11.));
#1217=IFCCARTESIANPOINT((95.908299999999997,11.0913));
#1218=IFCCARTESIANPOINT((93.832400000000007,11.364599999999999));
#1219=IFCCARTESIANPOINT((91.788300000000007,11.8178));
#1220=IFCCARTESIANPOINT((89.791499999999999,12.4474));
#1221=IFCCARTESIANPOINT((87.857200000000006,13.2486));
#1222=IFCCARTESIANPOINT((86.,14.215400000000001));
#1223=IFCCARTESIANPOINT((84.234200000000001,15.340400000000001));
#1224=IFCCARTESIANPOINT((82.573099999999997,16.614899999999999));
#1225=IFCCARTESIANPOINT((81.029399999999995,18.029399999999999));
#1226=IFCCARTESIANPOINT((79.614900000000006,19.5731));
#1227=IFCCARTESIANPOINT((78.340400000000002,21.234200000000001));
#1228=IFCCARTESIANPOINT((77.215400000000002,23.));
#1229=IFCCARTESIANPOINT((76.248599999999996,24.857199999999999));
#1230=IFCCARTESIANPOINT((75.447400000000002,26.791499999999999));
#1231=IFCCARTESIANPOINT((74.817800000000005,28.7883));
#1232=IFCCARTESIANPOINT((74.364599999999996,30.8324));
#1233=IFCCARTESIANPOINT((74.091300000000004,32.908299999999997));
#1234=IFCCARTESIANPOINT((74.,35.));
#1235=IFCCARTESIANPOINT((74.,55.));
#1236=IFCCARTESIANPOINT((74.,55.));
#1237=IFCCARTESIANPOINT((74.,55.));
#1238=IFCCARTESIANPOINT((50.,55.));
#1239=IFCCARTESIANPOINT((50.,55.));
#1240=IFCCARTESIANPOINT((-55.,11.));
#1241=IFCCARTESIANPOINT((-55.,0.));
#1242=IFCPOLYLINE((#1213,#1214,#1215,#1216,#1217,#1218,#1219,#1220,#1221,#1222,#1223,#1224,#1225,#1226,#1227,#1228,#1229,#1230,#1231,#1232,#1233,#1234,#1235,#1236,#1237,#1238,#1239,#1240,#1241));
#1243=IFCARBITRARYCLOSEDPROFILEDEF(.AREA.,'section',#1242);
#1244=IFCCARTESIANPOINT((0.,0.));
#1245=IFCCARTESIANTRANSFORMATIONOPERATOR2D($,$,#1244,$);
#1246=IFCCARTESIANTRANSFORMATIONOPERATOR2DNONUNIFORM($,$,#1244,1.,1.0009526851633199);
#1247=IFCDERIVEDPROFILEDEF($,$,#1243,#1246,$);
#1248=IFCCARTESIANPOINT((-55.,0.));
#1249=IFCCARTESIANPOINT((300.,0.));
#1250=IFCCARTESIANPOINT((300.,11.));
#1251=IFCCARTESIANPOINT((98.,11.));
#1252=IFCCARTESIANPOINT((95.908299999999997,11.0913));
#1253=IFCCARTESIANPOINT((93.832400000000007,11.364599999999999));
#1254=IFCCARTESIANPOINT((91.788300000000007,11.8178));
#1255=IFCCARTESIANPOINT((89.791499999999999,12.4474));
#1256=IFCCARTESIANPOINT((87.857200000000006,13.2486));
#1257=IFCCARTESIANPOINT((86.,14.215400000000001));
#1258=IFCCARTESIANPOINT((84.234200000000001,15.340400000000001));
#1259=IFCCARTESIANPOINT((82.573099999999997,16.614899999999999));
#1260=IFCCARTESIANPOINT((81.029399999999995,18.029399999999999));
#1261=IFCCARTESIANPOINT((79.614900000000006,19.5731));
#1262=IFCCARTESIANPOINT((78.340400000000002,21.234200000000001));
#1263=IFCCARTESIANPOINT((77.215400000000002,23.));
#1264=IFCCARTESIANPOINT((76.248599999999996,24.857199999999999));
#1265=IFCCARTESIANPOINT((75.447400000000002,26.791499999999999));
#1266=IFCCARTESIANPOINT((74.817800000000005,28.7883));
#1267=IFCCARTESIANPOINT((74.364599999999996,30.8324));
#1268=IFCCARTESIANPOINT((74.091300000000004,32.908299999999997));
#1269=IFCCARTESIANPOINT((74.,35.));
#1270=IFCCARTESIANPOINT((74.,55.));
#1271=IFCCARTESIANPOINT((74.,55.));
#1272=IFCCARTESIANPOINT((74.,55.));
#1273=IFCCARTESIANPOINT((50.,55.));
#1274=IFCCARTESIANPOINT((50.,55.));
#1275=IFCCARTESIANPOINT((-55.,11.));
#1276=IFCCARTESIANPOINT((-55.,0.));
#1277=IFCPOLYLINE((#1248,#1249,#1250,#1251,#1252,#1253,#1254,#1255,#1256,#1257,#1258,#1259,#1260,#1261,#1262,#1263,#1264,#1265,#1266,#1267,#1268,#1269,#1270,#1271,#1272,#1273,#1274,#1275,#1276));
#1278=IFCARBITRARYCLOSEDPROFILEDEF(.AREA.,'section',#1277);
#1279=IFCCARTESIANPOINT((0.,0.));
#1280=IFCCARTESIANTRANSFORMATIONOPERATOR2D($,$,#1279,$);
#1281=IFCCARTESIANTRANSFORMATIONOPERATOR2DNONUNIFORM($,$,#1279,1.,1.0009526851633199);
#1282=IFCDERIVEDPROFILEDEF($,$,#1278,#1281,$);
#1283=IFCCARTESIANPOINT((-55.,0.));
#1284=IFCCARTESIANPOINT((300.,0.));
#1285=IFCCARTESIANPOINT((300.,11.));
#1286=IFCCARTESIANPOINT((98.,11.));
#1287=IFCCARTESIANPOINT((95.908299999999997,11.0913));
#1288=IFCCARTESIANPOINT((93.832400000000007,11.364599999999999));
#1289=IFCCARTESIANPOINT((91.788300000000007,11.8178));
#1290=IFCCARTESIANPOINT((89.791499999999999,12.4474));
#1291=IFCCARTESIANPOINT((87.857200000000006,13.2486));
#1292=IFCCARTESIANPOINT((86.,14.215400000000001));
#1293=IFCCARTESIANPOINT((84.234200000000001,15.340400000000001));
#1294=IFCCARTESIANPOINT((82.573099999999997,16.614899999999999));
#1295=IFCCARTESIANPOINT((81.029399999999995,18.029399999999999));
#1296=IFCCARTESIANPOINT((79.614900000000006,19.5731));
#1297=IFCCARTESIANPOINT((78.340400000000002,21.234200000000001));
#1298=IFCCARTESIANPOINT((77.215400000000002,23.));
#1299=IFCCARTESIANPOINT((76.248599999999996,24.857199999999999));
#1300=IFCCARTESIANPOINT((75.447400000000002,26.791499999999999));
#1301=IFCCARTESIANPOINT((74.817800000000005,28.7883));
#1302=IFCCARTESIANPOINT((74.364599999999996,30.8324));
#1303=IFCCARTESIANPOINT((74.091300000000004,32.908299999999997));
#1304=IFCCARTESIANPOINT((74.,35.));
#1305=IFCCARTESIANPOINT((74.,55.));
#1306=IFCCARTESIANPOINT((74.,55.));
#1307=IFCCARTESIANPOINT((74.,55.));
#1308=IFCCARTESIANPOINT((50.,55.));
#1309=IFCCARTESIANPOINT((50.,55.));
#1310=IFCCARTESIANPOINT((-55.,11.));
#1311=IFCCARTESIANPOINT((-55.,0.));
#1312=IFCPOLYLINE((#1283,#1284,#1285,#1286,#1287,#1288,#1289,#1290,#1291,#1292,#1293,#1294,#1295,#1296,#1297,#1298,#1299,#1300,#1301,#1302,#1303,#1304,#1305,#1306,#1307,#1308,#1309,#1310,#1311));
#1313=IFCARBITRARYCLOSEDPROFILEDEF(.AREA.,'section',#1312);
#1314=IFCCARTESIANPOINT((0.,0.));
#1315=IFCCARTESIANTRANSFORMATIONOPERATOR2D($,$,#1314,$);
#1316=IFCCARTESIANTRANSFORMATIONOPERATOR2DNONUNIFORM($,$,#1314,1.,1.0002380295646816);
#1317=IFCDERIVEDPROFILEDEF($,$,#1313,#1316,$);
#1318=IFCCARTESIANPOINT((-55.,0.));
#1319=IFCCARTESIANPOINT((300.,0.));
#1320=IFCCARTESIANPOINT((300.,11.));
#1321=IFCCARTESIANPOINT((98.,11.));
#1322=IFCCARTESIANPOINT((95.908299999999997,11.0913));
#1323=IFCCARTESIANPOINT((93.832400000000007,11.364599999999999));
#1324=IFCCARTESIANPOINT((91.788300000000007,11.8178));
#1325=IFCCARTESIANPOINT((89.791499999999999,12.4474));
#1326=IFCCARTESIANPOINT((87.857200000000006,13.2486));
#1327=IFCCARTESIANPOINT((86.,14.215400000000001));
#1328=IFCCARTESIANPOINT((84.234200000000001,15.340400000000001));
#1329=IFCCARTESIANPOINT((82.573099999999997,16.614899999999999));
#1330=IFCCARTESIANPOINT((81.029399999999995,18.029399999999999));
#1331=IFCCARTESIANPOINT((79.614900000000006,19.5731));
#1332=IFCCARTESIANPOINT((78.340400000000002,21.234200000000001));
#1333=IFCCARTESIANPOINT((77.215400000000002,23.));
#1334=IFCCARTESIANPOINT((76.248599999999996,24.857199999999999));
#1335=IFCCARTESIANPOINT((75.447400000000002,26.791499999999999));
#1336=IFCCARTESIANPOINT((74.817800000000005,28.7883));
#1337=IFCCARTESIANPOINT((74.364599999999996,30.8324));
#1338=IFCCARTESIANPOINT((74.091300000000004,32.908299999999997));
#1339=IFCCARTESIANPOINT((74.,35.));
#1340=IFCCARTESIANPOINT((74.,55.));
#1341=IFCCARTESIANPOINT((74.,55.));
#1342=IFCCARTESIANPOINT((74.,55.));
#1343=IFCCARTESIANPOINT((50.,55.));
#1344=IFCCARTESIANPOINT((50.,55.));
#1345=IFCCARTESIANPOINT((-55.,11.));
#1346=IFCCARTESIANPOINT((-55.,0.));
#1347=IFCPOLYLINE((#1318,#1319,#1320,#1321,#1322,#1323,#1324,#1325,#1326,#1327,#1328,#1329,#1330,#1331,#1332,#1333,#1334,#1335,#1336,#1337,#1338,#1339,#1340,#1341,#1342,#1343,#1344,#1345,#1346));
#1348=IFCARBITRARYCLOSEDPROFILEDEF(.AREA.,'section',#1347);
#1349=IFCCARTESIANPOINT((0.,0.));
#1350=IFCCARTESIANTRANSFORMATIONOPERATOR2D($,$,#1349,$);
#1351=IFCCARTESIANTRANSFORMATIONOPERATOR2DNONUNIFORM($,$,#1349,1.,1.0002380295646816);
#1352=IFCDERIVEDPROFILEDEF($,$,#1348,#1351,$);
#1353=IFCCARTESIANPOINT((-55.,0.));
#1354=IFCCARTESIANPOINT((300.,0.));
#1355=IFCCARTESIANPOINT((300.,11.));
#1356=IFCCARTESIANPOINT((98.,11.));
#1357=IFCCARTESIANPOINT((95.908299999999997,11.0913));
#1358=IFCCARTESIANPOINT((93.832400000000007,11.364599999999999));
#1359=IFCCARTESIANPOINT((91.788300000000007,11.8178));
#1360=IFCCARTESIANPOINT((89.791499999999999,12.4474));
#1361=IFCCARTESIANPOINT((87.857200000000006,13.2486));
#1362=IFCCARTESIANPOINT((86.,14.215400000000001));
#1363=IFCCARTESIANPOINT((84.234200000000001,15.340400000000001));
#1364=IFCCARTESIANPOINT((82.573099999999997,16.614899999999999));
#1365=IFCCARTESIANPOINT((81.029399999999995,18.029399999999999));
#1366=IFCCARTESIANPOINT((79.614900000000006,19.5731));
#1367=IFCCARTESIANPOINT((78.340400000000002,21.234200000000001));
#1368=IFCCARTESIANPOINT((77.215400000000002,23.));
#1369=IFCCARTESIANPOINT((76.248599999999996,24.857199999999999));
#1370=IFCCARTESIANPOINT((75.447400000000002,26.791499999999999));
#1371=IFCCARTESIANPOINT((74.817800000000005,28.7883));
#1372=IFCCARTESIANPOINT((74.364599999999996,30.8324));
#1373=IFCCARTESIANPOINT((74.091300000000004,32.908299999999997));
#1374=IFCCARTESIANPOINT((74.,35.));
#1375=IFCCARTESIANPOINT((74.,55.));
#1376=IFCCARTESIANPOINT((74.,55.));
#1377=IFCCARTESIANPOINT((74.,55.));
#1378=IFCCARTESIANPOINT((50.,55.));
#1379=IFCCARTESIANPOINT((50.,55.));
#1380=IFCCARTESIANPOINT((-55.,11.));
#1381=IFCCARTESIANPOINT((-55.,0.));
#1382=IFCPOLYLINE((#1353,#1354,#1355,#1356,#1357,#1358,#1359,#1360,#1361,#1362,#1363,#1364,#1365,#1366,#1367,#1368,#1369,#1370,#1371,#1372,#1373,#1374,#1375,#1376,#1377,#1378,#1379,#1380,#1381));
#1383=IFCARBITRARYCLOSEDPROFILEDEF(.AREA.,'section',#1382);
#1384=IFCCARTESIANPOINT((0.,0.));
#1385=IFCCARTESIANTRANSFORMATIONOPERATOR2D($,$,#1384,$);
#1386=IFCCARTESIANTRANSFORMATIONOPERATOR2DNONUNIFORM($,$,#1384,1.,1.0009526851633199);
#1387=IFCDERIVEDPROFILEDEF($,$,#1383,#1386,$);
#1388=IFCCARTESIANPOINT((-55.,0.));
#1389=IFCCARTESIANPOINT((300.,0.));
#1390=IFCCARTESIANPOINT((300.,11.));
#1391=IFCCARTESIANPOINT((98.,11.));
#1392=IFCCARTESIANPOINT((95.908299999999997,11.0913));
#1393=IFCCARTESIANPOINT((93.832400000000007,11.364599999999999));
#1394=IFCCARTESIANPOINT((91.788300000000007,11.8178));
#1395=IFCCARTESIANPOINT((89.791499999999999,12.4474));
#1396=IFCCARTESIANPOINT((87.857200000000006,13.2486));
#1397=IFCCARTESIANPOINT((86.,14.215400000000001));
#1398=IFCCARTESIANPOINT((84.234200000000001,15.340400000000001));
#1399=IFCCARTESIANPOINT((82.573099999999997,16.614899999999999));
#1400=IFCCARTESIANPOINT((81.029399999999995,18.029399999999999));
#1401=IFCCARTESIANPOINT((79.614900000000006,19.5731));
#1402=IFCCARTESIANPOINT((78.340400000000002,21.234200000000001));
#1403=IFCCARTESIANPOINT((77.215400000000002,23.));
#1404=IFCCARTESIANPOINT((76.248599999999996,24.857199999999999));
#1405=IFCCARTESIANPOINT((75.447400000000002,26.791499999999999));
#1406=IFCCARTESIANPOINT((74.817800000000005,28.7883));
#1407=IFCCARTESIANPOINT((74.364599999999996,30.8324));
#1408=IFCCARTESIANPOINT((74.091300000000004,32.908299999999997));
#1409=IFCCARTESIANPOINT((74.,35.));
#1410=IFCCARTESIANPOINT((74.,55.));
#1411=IFCCARTESIANPOINT((74.,55.));
#1412=IFCCARTESIANPOINT((74.,55.));
#1413=IFCCARTESIANPOINT((50.,55.));
#1414=IFCCARTESIANPOINT((50.,55.));
#1415=IFCCARTESIANPOINT((-55.,11.));
#1416=IFCCARTESIANPOINT((-55.,0.));
#1417=IFCPOLYLINE((#1388,#1389,#1390,#1391,#1392,#1393,#1394,#1395,#1396,#1397,#1398,#1399,#1400,#1401,#1402,#1403,#1404,#1405,#1406,#1407,#1408,#1409,#1410,#1411,#1412,#1413,#1414,#1415,#1416));
#1418=IFCARBITRARYCLOSEDPROFILEDEF(.AREA.,'section',#1417);
#1419=IFCCARTESIANPOINT((0.,0.));
#1420=IFCCARTESIANTRANSFORMATIONOPERATOR2D($,$,#1419,$);
#1421=IFCCARTESIANTRANSFORMATIONOPERATOR2DNONUNIFORM($,$,#1419,1.,1.0009526851633199);
#1422=IFCDERIVEDPROFILEDEF($,$,#1418,#1421,$);
#1423=IFCCARTESIANPOINT((-55.,0.));
#1424=IFCCARTESIANPOINT((300.,0.));
#1425=IFCCARTESIANPOINT((300.,11.));
#1426=IFCCARTESIANPOINT((98.,11.));
#1427=IFCCARTESIANPOINT((95.908299999999997,11.0913));
#1428=IFCCARTESIANPOINT((93.832400000000007,11.364599999999999));
#1429=IFCCARTESIANPOINT((91.788300000000007,11.8178));
#1430=IFCCARTESIANPOINT((89.791499999999999,12.4474));
#1431=IFCCARTESIANPOINT((87.857200000000006,13.2486));
#1432=IFCCARTESIANPOINT((86.,14.215400000000001));
#1433=IFCCARTESIANPOINT((84.234200000000001,15.340400000000001));
#1434=IFCCARTESIANPOINT((82.573099999999997,16.614899999999999));
#1435=IFCCARTESIANPOINT((81.029399999999995,18.029399999999999));
#1436=IFCCARTESIANPOINT((79.614900000000006,19.5731));
#1437=IFCCARTESIANPOINT((78.340400000000002,21.234200000000001));
#1438=IFCCARTESIANPOINT((77.215400000000002,23.));
#1439=IFCCARTESIANPOINT((76.248599999999996,24.857199999999999));
#1440=IFCCARTESIANPOINT((75.447400000000002,26.791499999999999));
#1441=IFCCARTESIANPOINT((74.817800000000005,28.7883));
#1442=IFCCARTESIANPOINT((74.364599999999996,30.8324));
#1443=IFCCARTESIANPOINT((74.091300000000004,32.908299999999997));
#1444=IFCCARTESIANPOINT((74.,35.));
#1445=IFCCARTESIANPOINT((74.,55.));
#1446=IFCCARTESIANPOINT((74.,55.));
#1447=IFCCARTESIANPOINT((74.,55.));
#1448=IFCCARTESIANPOINT((50.,55.));
#1449=IFCCARTESIANPOINT((50.,55.));
#1450=IFCCARTESIANPOINT((-55.,11.));
#1451=IFCCARTESIANPOINT((-55.,0.));
#1452=IFCPOLYLINE((#1423,#1424,#1425,#1426,#1427,#1428,#1429,#1430,#1431,#1432,#1433,#1434,#1435,#1436,#1437,#1438,#1439,#1440,#1441,#1442,#1443,#1444,#1445,#1446,#1447,#1448,#1449,#1450,#1451));
#1453=IFCARBITRARYCLOSEDPROFILEDEF(.AREA.,'section',#1452);
#1454=IFCCARTESIANPOINT((0.,0.));
#1455=IFCCARTESIANTRANSFORMATIONOPERATOR2D($,$,#1454,$);
#1456=IFCCARTESIANTRANSFORMATIONOPERATOR2DNONUNIFORM($,$,#1454,1.,1.0009526851633201);
#1457=IFCDERIVEDPROFILEDEF($,$,#1453,#1456,$);
#1458=IFCCARTESIANPOINT((-55.,0.));
#1459=IFCCARTESIANPOINT((300.,0.));
#1460=IFCCARTESIANPOINT((300.,11.));
#1461=IFCCARTESIANPOINT((98.,11.));
#1462=IFCCARTESIANPOINT((95.908299999999997,11.0913));
#1463=IFCCARTESIANPOINT((93.832400000000007,11.364599999999999));
#1464=IFCCARTESIANPOINT((91.788300000000007,11.8178));
#1465=IFCCARTESIANPOINT((89.791499999999999,12.4474));
#1466=IFCCARTESIANPOINT((87.857200000000006,13.2486));
#1467=IFCCARTESIANPOINT((86.,14.215400000000001));
#1468=IFCCARTESIANPOINT((84.234200000000001,15.340400000000001));
#1469=IFCCARTESIANPOINT((82.573099999999997,16.614899999999999));
#1470=IFCCARTESIANPOINT((81.029399999999995,18.029399999999999));
#1471=IFCCARTESIANPOINT((79.614900000000006,19.5731));
#1472=IFCCARTESIANPOINT((78.340400000000002,21.234200000000001));
#1473=IFCCARTESIANPOINT((77.215400000000002,23.));
#1474=IFCCARTESIANPOINT((76.248599999999996,24.857199999999999));
#1475=IFCCARTESIANPOINT((75.447400000000002,26.791499999999999));
#1476=IFCCARTESIANPOINT((74.817800000000005,28.7883));
#1477=IFCCARTESIANPOINT((74.364599999999996,30.8324));
#1478=IFCCARTESIANPOINT((74.091300000000004,32.908299999999997));
#1479=IFCCARTESIANPOINT((74.,35.));
#1480=IFCCARTESIANPOINT((74.,55.));
#1481=IFCCARTESIANPOINT((74.,55.));
#1482=IFCCARTESIANPOINT((74.,55.));
#1483=IFCCARTESIANPOINT((50.,55.));
#1484=IFCCARTESIANPOINT((50.,55.));
#1485=IFCCARTESIANPOINT((-55.,11.));
#1486=IFCCARTESIANPOINT((-55.,0.));
#1487=IFCPOLYLINE((#1458,#1459,#1460,#1461,#1462,#1463,#1464,#1465,#1466,#1467,#1468,#1469,#1470,#1471,#1472,#1473,#1474,#1475,#1476,#1477,#1478,#1479,#1480,#1481,#1482,#1483,#1484,#1485,#1486));
#1488=IFCARBITRARYCLOSEDPROFILEDEF(.AREA.,'section',#1487);
#1489=IFCCARTESIANPOINT((0.,0.));
#1490=IFCCARTESIANTRANSFORMATIONOPERATOR2D($,$,#1489,$);
#1491=IFCCARTESIANTRANSFORMATIONOPERATOR2DNONUNIFORM($,$,#1489,1.,1.0009526851633199);
#1492=IFCDERIVEDPROFILEDEF($,$,#1488,#1491,$);
#1493=IFCCARTESIANPOINT((-55.,0.));
#1494=IFCCARTESIANPOINT((300.,0.));
#1495=IFCCARTESIANPOINT((300.,11.));
#1496=IFCCARTESIANPOINT((98.,11.));
#1497=IFCCARTESIANPOINT((95.908299999999997,11.0913));
#1498=IFCCARTESIANPOINT((93.832400000000007,11.364599999999999));
#1499=IFCCARTESIANPOINT((91.788300000000007,11.8178));
#1500=IFCCARTESIANPOINT((89.791499999999999,12.4474));
#1501=IFCCARTESIANPOINT((87.857200000000006,13.2486));
#1502=IFCCARTESIANPOINT((86.,14.215400000000001));
#1503=IFCCARTESIANPOINT((84.234200000000001,15.340400000000001));
#1504=IFCCARTESIANPOINT((82.573099999999997,16.614899999999999));
#1505=IFCCARTESIANPOINT((81.029399999999995,18.029399999999999));
#1506=IFCCARTESIANPOINT((79.614900000000006,19.5731));
#1507=IFCCARTESIANPOINT((78.340400000000002,21.234200000000001));
#1508=IFCCARTESIANPOINT((77.215400000000002,23.));
#1509=IFCCARTESIANPOINT((76.248599999999996,24.857199999999999));
#1510=IFCCARTESIANPOINT((75.447400000000002,26.791499999999999));
#1511=IFCCARTESIANPOINT((74.817800000000005,28.7883));
#1512=IFCCARTESIANPOINT((74.364599999999996,30.8324));
#1513=IFCCARTESIANPOINT((74.091300000000004,32.908299999999997));
#1514=IFCCARTESIANPOINT((74.,35.));
#1515=IFCCARTESIANPOINT((74.,55.));
#1516=IFCCARTESIANPOINT((74.,55.));
#1517=IFCCARTESIANPOINT((74.,55.));
#1518=IFCCARTESIANPOINT((50.,55.));
#1519=IFCCARTESIANPOINT((50.,55.));
#1520=IFCCARTESIANPOINT((-55.,11.));
#1521=IFCCARTESIANPOINT((-55.,0.));
#1522=IFCPOLYLINE((#1493,#1494,#1495,#1496,#1497,#1498,#1499,#1500,#1501,#1502,#1503,#1504,#1505,#1506,#1507,#1508,#1509,#1510,#1511,#1512,#1513,#1514,#1515,#1516,#1517,#1518,#1519,#1520,#1521));
#1523=IFCARBITRARYCLOSEDPROFILEDEF(.AREA.,'section',#1522);
#1524=IFCCARTESIANPOINT((0.,0.));
#1525=IFCCARTESIANTRANSFORMATIONOPERATOR2D($,$,#1524,$);
#1526=IFCCARTESIANTRANSFORMATIONOPERATOR2DNONUNIFORM($,$,#1524,1.,1.0009526851633201);
#1527=IFCDERIVEDPROFILEDEF($,$,#1523,#1526,$);
#1528=IFCCARTESIANPOINT((-55.,0.));
#1529=IFCCARTESIANPOINT((300.,0.));
#1530=IFCCARTESIANPOINT((300.,11.));
#1531=IFCCARTESIANPOINT((98.,11.));
#1532=IFCCARTESIANPOINT((95.908299999999997,11.0913));
#1533=IFCCARTESIANPOINT((93.832400000000007,11.364599999999999));
#1534=IFCCARTESIANPOINT((91.788300000000007,11.8178));
#1535=IFCCARTESIANPOINT((89.791499999999999,12.4474));
#1536=IFCCARTESIANPOINT((87.857200000000006,13.2486));
#1537=IFCCARTESIANPOINT((86.,14.215400000000001));
#1538=IFCCARTESIANPOINT((84.234200000000001,15.340400000000001));
#1539=IFCCARTESIANPOINT((82.573099999999997,16.614899999999999));
#1540=IFCCARTESIANPOINT((81.029399999999995,18.029399999999999));
#1541=IFCCARTESIANPOINT((79.614900000000006,19.5731));
#1542=IFCCARTESIANPOINT((78.340400000000002,21.234200000000001));
#1543=IFCCARTESIANPOINT((77.215400000000002,23.));
#1544=IFCCARTESIANPOINT((76.248599999999996,24.857199999999999));
#1545=IFCCARTESIANPOINT((75.447400000000002,26.791499999999999));
#1546=IFCCARTESIANPOINT((74.817800000000005,28.7883));
#1547=IFCCARTESIANPOINT((74.364599999999996,30.8324));
#1548=IFCCARTESIANPOINT((74.091300000000004,32.908299999999997));
#1549=IFCCARTESIANPOINT((74.,35.));
#1550=IFCCARTESIANPOINT((74.,55.));
#1551=IFCCARTESIANPOINT((74.,55.));
#1552=IFCCARTESIANPOINT((74.,55.));
#1553=IFCCARTESIANPOINT((50.,55.));
#1554=IFCCARTESIANPOINT((50.,55.));
#1555=IFCCARTESIANPOINT((-55.,11.));
#1556=IFCCARTESIANPOINT((-55.,0.));
#1557=IFCPOLYLINE((#1528,#1529,#1530,#1531,#1532,#1533,#1534,#1535,#1536,#1537,#1538,#1539,#1540,#1541,#1542,#1543,#1544,#1545,#1546,#1547,#1548,#1549,#1550,#1551,#1552,#1553,#1554,#1555,#1556));
#1558=IFCARBITRARYCLOSEDPROFILEDEF(.AREA.,'section',#1557);
#1559=IFCCARTESIANPOINT((0.,0.));
#1560=IFCCARTESIANTRANSFORMATIONOPERATOR2D($,$,#1559,$);
#1561=IFCCARTESIANTRANSFORMATIONOPERATOR2DNONUNIFORM($,$,#1559,1.,1.0009526851633199);
#1562=IFCDERIVEDPROFILEDEF($,$,#1558,#1561,$);
#1563=IFCCARTESIANPOINT((-55.,0.));
#1564=IFCCARTESIANPOINT((300.,0.));
#1565=IFCCARTESIANPOINT((300.,11.));
#1566=IFCCARTESIANPOINT((98.,11.));
#1567=IFCCARTESIANPOINT((95.908299999999997,11.0913));
#1568=IFCCARTESIANPOINT((93.832400000000007,11.364599999999999));
#1569=IFCCARTESIANPOINT((91.788300000000007,11.8178));
#1570=IFCCARTESIANPOINT((89.791499999999999,12.4474));
#1571=IFCCARTESIANPOINT((87.857200000000006,13.2486));
#1572=IFCCARTESIANPOINT((86.,14.215400000000001));
#1573=IFCCARTESIANPOINT((84.234200000000001,15.340400000000001));
#1574=IFCCARTESIANPOINT((82.573099999999997,16.614899999999999));
#1575=IFCCARTESIANPOINT((81.029399999999995,18.029399999999999));
#1576=IFCCARTESIANPOINT((79.614900000000006,19.5731));
#1577=IFCCARTESIANPOINT((78.340400000000002,21.234200000000001));
#1578=IFCCARTESIANPOINT((77.215400000000002,23.));
#1579=IFCCARTESIANPOINT((76.248599999999996,24.857199999999999));
#1580=IFCCARTESIANPOINT((75.447400000000002,26.791499999999999));
#1581=IFCCARTESIANPOINT((74.817800000000005,28.7883));
#1582=IFCCARTESIANPOINT((74.364599999999996,30.8324));
#1583=IFCCARTESIANPOINT((74.091300000000004,32.908299999999997));
#1584=IFCCARTESIANPOINT((74.,35.));
#1585=IFCCARTESIANPOINT((74.,55.));
#1586=IFCCARTESIANPOINT((74.,55.));
#1587=IFCCARTESIANPOINT((74.,55.));
#1588=IFCCARTESIANPOINT((50.,55.));
#1589=IFCCARTESIANPOINT((50.,55.));
#1590=IFCCARTESIANPOINT((-55.,11.));
#1591=IFCCARTESIANPOINT((-55.,0.));
#1592=IFCPOLYLINE((#1563,#1564,#1565,#1566,#1567,#1568,#1569,#1570,#1571,#1572,#1573,#1574,#1575,#1576,#1577,#1578,#1579,#1580,#1581,#1582,#1583,#1584,#1585,#1586,#1587,#1588,#1589,#1590,#1591));
#1593=IFCARBITRARYCLOSEDPROFILEDEF(.AREA.,'section',#1592);
#1594=IFCCARTESIANPOINT((0.,0.));
#1595=IFCCARTESIANTRANSFORMATIONOPERATOR2D($,$,#1594,$);
#1596=IFCCARTESIANTRANSFORMATIONOPERATOR2DNONUNIFORM($,$,#1594,1.,1.0009526851633199);
#1597=IFCDERIVEDPROFILEDEF($,$,#1593,#1596,$);
#1598=IFCCARTESIANPOINT((-55.,0.));
#1599=IFCCARTESIANPOINT((300.,0.));
#1600=IFCCARTESIANPOINT((300.,11.));
#1601=IFCCARTESIANPOINT((98.,11.));
#1602=IFCCARTESIANPOINT((95.908299999999997,11.0913));
#1603=IFCCARTESIANPOINT((93.832400000000007,11.364599999999999));
#1604=IFCCARTESIANPOINT((91.788300000000007,11.8178));
#1605=IFCCARTESIANPOINT((89.791499999999999,12.4474));
#1606=IFCCARTESIANPOINT((87.857200000000006,13.2486));
#1607=IFCCARTESIANPOINT((86.,14.215400000000001));
#1608=IFCCARTESIANPOINT((84.234200000000001,15.340400000000001));
#1609=IFCCARTESIANPOINT((82.573099999999997,16.614899999999999));
#1610=IFCCARTESIANPOINT((81.029399999999995,18.029399999999999));
#1611=IFCCARTESIANPOINT((79.614900000000006,19.5731));
#1612=IFCCARTESIANPOINT((78.340400000000002,21.234200000000001));
#1613=IFCCARTESIANPOINT((77.215400000000002,23.));
#1614=IFCCARTESIANPOINT((76.248599999999996,24.857199999999999));
#1615=IFCCARTESIANPOINT((75.447400000000002,26.791499999999999));
#1616=IFCCARTESIANPOINT((74.817800000000005,28.7883));
#1617=IFCCARTESIANPOINT((74.364599999999996,30.8324));
#1618=IFCCARTESIANPOINT((74.091300000000004,32.908299999999997));
#1619=IFCCARTESIANPOINT((74.,35.));
#1620=IFCCARTESIANPOINT((74.,55.));
#1621=IFCCARTESIANPOINT((74.,55.));
#1622=IFCCARTESIANPOINT((74.,55.));
#1623=IFCCARTESIANPOINT((50.,55.));
#1624=IFCCARTESIANPOINT((50.,55.));
#1625=IFCCARTESIANPOINT((-55.,11.));
#1626=IFCCARTESIANPOINT((-55.,0.));
#1627=IFCPOLYLINE((#1598,#1599,#1600,#1601,#1602,#1603,#1604,#1605,#1606,#1607,#1608,#1609,#1610,#1611,#1612,#1613,#1614,#1615,#1616,#1617,#1618,#1619,#1620,#1621,#1622,#1623,#1624,#1625,#1626));
#1628=IFCARBITRARYCLOSEDPROFILEDEF(.AREA.,'section',#1627);
#1629=IFCCARTESIANPOINT((0.,0.));
#1630=IFCCARTESIANTRANSFORMATIONOPERATOR2D($,$,#1629,$);
#1631=IFCCARTESIANTRANSFORMATIONOPERATOR2DNONUNIFORM($,$,#1629,1.,1.0009526851633199);
#1632=IFCDERIVEDPROFILEDEF($,$,#1628,#1631,$);
#1633=IFCCARTESIANPOINT((-55.,0.));
#1634=IFCCARTESIANPOINT((300.,0.));
#1635=IFCCARTESIANPOINT((300.,11.));
#1636=IFCCARTESIANPOINT((98.,11.));
#1637=IFCCARTESIANPOINT((95.908299999999997,11.0913));
#1638=IFCCARTESIANPOINT((93.832400000000007,11.364599999999999));
#1639=IFCCARTESIANPOINT((91.788300000000007,11.8178));
#1640=IFCCARTESIANPOINT((89.791499999999999,12.4474));
#1641=IFCCARTESIANPOINT((87.857200000000006,13.2486));
#1642=IFCCARTESIANPOINT((86.,14.215400000000001));
#1643=IFCCARTESIANPOINT((84.234200000000001,15.340400000000001));
#1644=IFCCARTESIANPOINT((82.573099999999997,16.614899999999999));
#1645=IFCCARTESIANPOINT((81.029399999999995,18.029399999999999));
#1646=IFCCARTESIANPOINT((79.614900000000006,19.5731));
#1647=IFCCARTESIANPOINT((78.340400000000002,21.234200000000001));
#1648=IFCCARTESIANPOINT((77.215400000000002,23.));
#1649=IFCCARTESIANPOINT((76.248599999999996,24.857199999999999));
#1650=IFCCARTESIANPOINT((75.447400000000002,26.791499999999999));
#1651=IFCCARTESIANPOINT((74.817800000000005,28.7883));
#1652=IFCCARTESIANPOINT((74.364599999999996,30.8324));
#1653=IFCCARTESIANPOINT((74.091300000000004,32.908299999999997));
#1654=IFCCARTESIANPOINT((74.,35.));
#1655=IFCCARTESIANPOINT((74.,55.));
#1656=IFCCARTESIANPOINT((74.,55.));
#1657=IFCCARTESIANPOINT((74.,55.));
#1658=IFCCARTESIANPOINT((50.,55.));
#1659=IFCCARTESIANPOINT((50.,55.));
#1660=IFCCARTESIANPOINT((-55.,11.));
#1661=IFCCARTESIANPOINT((-55.,0.));
#1662=IFCPOLYLINE((#1633,#1634,#1635,#1636,#1637,#1638,#1639,#1640,#1641,#1642,#1643,#1644,#1645,#1646,#1647,#1648,#1649,#1650,#1651,#1652,#1653,#1654,#1655,#1656,#1657,#1658,#1659,#1660,#1661));
#1663=IFCARBITRARYCLOSEDPROFILEDEF(.AREA.,'section',#1662);
#1664=IFCCARTESIANPOINT((0.,0.));
#1665=IFCCARTESIANTRANSFORMATIONOPERATOR2D($,$,#1664,$);
#1666=IFCCARTESIANTRANSFORMATIONOPERATOR2DNONUNIFORM($,$,#1664,1.,1.0009526851633199);
#1667=IFCDERIVEDPROFILEDEF($,$,#1663,#1666,$);
#1668=IFCCARTESIANPOINT((-55.,0.));
#1669=IFCCARTESIANPOINT((300.,0.));
#1670=IFCCARTESIANPOINT((300.,11.));
#1671=IFCCARTESIANPOINT((98.,11.));
#1672=IFCCARTESIANPOINT((95.908299999999997,11.0913));
#1673=IFCCARTESIANPOINT((93.832400000000007,11.364599999999999));
#1674=IFCCARTESIANPOINT((91.788300000000007,11.8178));
#1675=IFCCARTESIANPOINT((89.791499999999999,12.4474));
#1676=IFCCARTESIANPOINT((87.857200000000006,13.2486));
#1677=IFCCARTESIANPOINT((86.,14.215400000000001));
#1678=IFCCARTESIANPOINT((84.234200000000001,15.340400000000001));
#1679=IFCCARTESIANPOINT((82.573099999999997,16.614899999999999));
#1680=IFCCARTESIANPOINT((81.029399999999995,18.029399999999999));
#1681=IFCCARTESIANPOINT((79.614900000000006,19.5731));
#1682=IFCCARTESIANPOINT((78.340400000000002,21.234200000000001));
#1683=IFCCARTESIANPOINT((77.215400000000002,23.));
#1684=IFCCARTESIANPOINT((76.248599999999996,24.857199999999999));
#1685=IFCCARTESIANPOINT((75.447400000000002,26.791499999999999));
#1686=IFCCARTESIANPOINT((74.817800000000005,28.7883));
#1687=IFCCARTESIANPOINT((74.364599999999996,30.8324));
#1688=IFCCARTESIANPOINT((74.091300000000004,32.908299999999997));
#1689=IFCCARTESIANPOINT((74.,35.));
#1690=IFCCARTESIANPOINT((74.,55.));
#1691=IFCCARTESIANPOINT((74.,55.));
#1692=IFCCARTESIANPOINT((74.,55.));
#1693=IFCCARTESIANPOINT((50.,55.));
#1694=IFCCARTESIANPOINT((50.,55.));
#1695=IFCCARTESIANPOINT((-55.,11.));
#1696=IFCCARTESIANPOINT((-55.,0.));
#1697=IFCPOLYLINE((#1668,#1669,#1670,#1671,#1672,#1673,#1674,#1675,#1676,#1677,#1678,#1679,#1680,#1681,#1682,#1683,#1684,#1685,#1686,#1687,#1688,#1689,#1690,#1691,#1692,#1693,#1694,#1695,#1696));
#1698=IFCARBITRARYCLOSEDPROFILEDEF(.AREA.,'section',#1697);
#1699=IFCCARTESIANPOINT((0.,0.));
#1700=IFCCARTESIANTRANSFORMATIONOPERATOR2D($,$,#1699,$);
#1701=IFCCARTESIANTRANSFORMATIONOPERATOR2DNONUNIFORM($,$,#1699,1.,1.0009526851633201);
#1702=IFCDERIVEDPROFILEDEF($,$,#1698,#1701,$);
#1703=IFCCARTESIANPOINT((-55.,0.));
#1704=IFCCARTESIANPOINT((300.,0.));
#1705=IFCCARTESIANPOINT((300.,11.));
#1706=IFCCARTESIANPOINT((98.,11.));
#1707=IFCCARTESIANPOINT((95.908299999999997,11.0913));
#1708=IFCCARTESIANPOINT((93.832400000000007,11.364599999999999));
#1709=IFCCARTESIANPOINT((91.788300000000007,11.8178));
#1710=IFCCARTESIANPOINT((89.791499999999999,12.4474));
#1711=IFCCARTESIANPOINT((87.857200000000006,13.2486));
#1712=IFCCARTESIANPOINT((86.,14.215400000000001));
#1713=IFCCARTESIANPOINT((84.234200000000001,15.340400000000001));
#1714=IFCCARTESIANPOINT((82.573099999999997,16.614899999999999));
#1715=IFCCARTESIANPOINT((81.029399999999995,18.029399999999999));
#1716=IFCCARTESIANPOINT((79.614900000000006,19.5731));
#1717=IFCCARTESIANPOINT((78.340400000000002,21.234200000000001));
#1718=IFCCARTESIANPOINT((77.215400000000002,23.));
#1719=IFCCARTESIANPOINT((76.248599999999996,24.857199999999999));
#1720=IFCCARTESIANPOINT((75.447400000000002,26.791499999999999));
#1721=IFCCARTESIANPOINT((74.817800000000005,28.7883));
#1722=IFCCARTESIANPOINT((74.364599999999996,30.8324));
#1723=IFCCARTESIANPOINT((74.091300000000004,32.908299999999997));
#1724=IFCCARTESIANPOINT((74.,35.));
#1725=IFCCARTESIANPOINT((74.,55.));
#1726=IFCCARTESIANPOINT((74.,55.));
#1727=IFCCARTESIANPOINT((74.,55.));
#1728=IFCCARTESIANPOINT((50.,55.));
#1729=IFCCARTESIANPOINT((50.,55.));
#1730=IFCCARTESIANPOINT((-55.,11.));
#1731=IFCCARTESIANPOINT((-55.,0.));
#1732=IFCPOLYLINE((#1703,#1704,#1705,#1706,#1707,#1708,#1709,#1710,#1711,#1712,#1713,#1714,#1715,#1716,#1717,#1718,#1719,#1720,#1721,#1722,#1723,#1724,#1725,#1726,#1727,#1728,#1729,#1730,#1731));
#1733=IFCARBITRARYCLOSEDPROFILEDEF(.AREA.,'section',#1732);
#1734=IFCCARTESIANPOINT((0.,0.));
#1735=IFCCARTESIANTRANSFORMATIONOPERATOR2D($,$,#1734,$);
#1736=IFCCARTESIANTRANSFORMATIONOPERATOR2DNONUNIFORM($,$,#1734,1.,1.0009526851633199);
#1737=IFCDERIVEDPROFILEDEF($,$,#1733,#1736,$);
#1738=IFCCARTESIANPOINT((-55.,0.));
#1739=IFCCARTESIANPOINT((300.,0.));
#1740=IFCCARTESIANPOINT((300.,11.));
#1741=IFCCARTESIANPOINT((98.,11.));
#1742=IFCCARTESIANPOINT((95.908299999999997,11.0913));
#1743=IFCCARTESIANPOINT((93.832400000000007,11.364599999999999));
#1744=IFCCARTESIANPOINT((91.788300000000007,11.8178));
#1745=IFCCARTESIANPOINT((89.791499999999999,12.4474));
#1746=IFCCARTESIANPOINT((87.857200000000006,13.2486));
#1747=IFCCARTESIANPOINT((86.,14.215400000000001));
#1748=IFCCARTESIANPOINT((84.234200000000001,15.340400000000001));
#1749=IFCCARTESIANPOINT((82.573099999999997,16.614899999999999));
#1750=IFCCARTESIANPOINT((81.029399999999995,18.029399999999999));
#1751=IFCCARTESIANPOINT((79.614900000000006,19.5731));
#1752=IFCCARTESIANPOINT((78.340400000000002,21.234200000000001));
#1753=IFCCARTESIANPOINT((77.215400000000002,23.));
#1754=IFCCARTESIANPOINT((76.248599999999996,24.857199999999999));
#1755=IFCCARTESIANPOINT((75.447400000000002,26.791499999999999));
#1756=IFCCARTESIANPOINT((74.817800000000005,28.7883));
#1757=IFCCARTESIANPOINT((74.364599999999996,30.8324));
#1758=IFCCARTESIANPOINT((74.091300000000004,32.908299999999997));
#1759=IFCCARTESIANPOINT((74.,35.));
#1760=IFCCARTESIANPOINT((74.,55.));
#1761=IFCCARTESIANPOINT((74.,55.));
#1762=IFCCARTESIANPOINT((74.,55.));
#1763=IFCCARTESIANPOINT((50.,55.));
#1764=IFCCARTESIANPOINT((50.,55.));
#1765=IFCCARTESIANPOINT((-55.,11.));
#1766=IFCCARTESIANPOINT((-55.,0.));
#1767=IFCPOLYLINE((#1738,#1739,#1740,#1741,#1742,#1743,#1744,#1745,#1746,#1747,#1748,#1749,#1750,#1751,#1752,#1753,#1754,#1755,#1756,#1757,#1758,#1759,#1760,#1761,#1762,#1763,#1764,#1765,#1766));
#1768=IFCARBITRARYCLOSEDPROFILEDEF(.AREA.,'section',#1767);
#1769=IFCCARTESIANPOINT((0.,0.));
#1770=IFCCARTESIANTRANSFORMATIONOPERATOR2D($,$,#1769,$);
#1771=IFCCARTESIANTRANSFORMATIONOPERATOR2DNONUNIFORM($,$,#1769,1.,1.0009526851633201);
#1772=IFCDERIVEDPROFILEDEF($,$,#1768,#1771,$);
#1773=IFCCARTESIANPOINT((-55.,0.));
#1774=IFCCARTESIANPOINT((300.,0.));
#1775=IFCCARTESIANPOINT((300.,11.));
#1776=IFCCARTESIANPOINT((98.,11.));
#1777=IFCCARTESIANPOINT((95.908299999999997,11.0913));
#1778=IFCCARTESIANPOINT((93.832400000000007,11.364599999999999));
#1779=IFCCARTESIANPOINT((91.788300000000007,11.8178));
#1780=IFCCARTESIANPOINT((89.791499999999999,12.4474));
#1781=IFCCARTESIANPOINT((87.857200000000006,13.2486));
#1782=IFCCARTESIANPOINT((86.,14.215400000000001));
#1783=IFCCARTESIANPOINT((84.234200000000001,15.340400000000001));
#1784=IFCCARTESIANPOINT((82.573099999999997,16.614899999999999));
#1785=IFCCARTESIANPOINT((81.029399999999995,18.029399999999999));
#1786=IFCCARTESIANPOINT((79.614900000000006,19.5731));
#1787=IFCCARTESIANPOINT((78.340400000000002,21.234200000000001));
#1788=IFCCARTESIANPOINT((77.215400000000002,23.));
#1789=IFCCARTESIANPOINT((76.248599999999996,24.857199999999999));
#1790=IFCCARTESIANPOINT((75.447400000000002,26.791499999999999));
#1791=IFCCARTESIANPOINT((74.817800000000005,28.7883));
#1792=IFCCARTESIANPOINT((74.364599999999996,30.8324));
#1793=IFCCARTESIANPOINT((74.091300000000004,32.908299999999997));
#1794=IFCCARTESIANPOINT((74.,35.));
#1795=IFCCARTESIANPOINT((74.,55.));
#1796=IFCCARTESIANPOINT((74.,55.));
#1797=IFCCARTESIANPOINT((74.,55.));
#1798=IFCCARTESIANPOINT((50.,55.));
#1799=IFCCARTESIANPOINT((50.,55.));
#1800=IFCCARTESIANPOINT((-55.,11.));
#1801=IFCCARTESIANPOINT((-55.,0.));
#1802=IFCPOLYLINE((#1773,#1774,#1775,#1776,#1777,#1778,#1779,#1780,#1781,#1782,#1783,#1784,#1785,#1786,#1787,#1788,#1789,#1790,#1791,#1792,#1793,#1794,#1795,#1796,#1797,#1798,#1799,#1800,#1801));
#1803=IFCARBITRARYCLOSEDPROFILEDEF(.AREA.,'section',#1802);
#1804=IFCCARTESIANPOINT((0.,0.));
#1805=IFCCARTESIANTRANSFORMATIONOPERATOR2D($,$,#1804,$);
#1806=IFCCARTESIANTRANSFORMATIONOPERATOR2DNONUNIFORM($,$,#1804,1.,1.0009526851633199);
#1807=IFCDERIVEDPROFILEDEF($,$,#1803,#1806,$);
#1808=IFCCARTESIANPOINT((-55.,0.));
#1809=IFCCARTESIANPOINT((300.,0.));
#1810=IFCCARTESIANPOINT((300.,11.));
#1811=IFCCARTESIANPOINT((98.,11.));
#1812=IFCCARTESIANPOINT((95.908299999999997,11.0913));
#1813=IFCCARTESIANPOINT((93.832400000000007,11.364599999999999));
#1814=IFCCARTESIANPOINT((91.788300000000007,11.8178));
#1815=IFCCARTESIANPOINT((89.791499999999999,12.4474));
#1816=IFCCARTESIANPOINT((87.857200000000006,13.2486));
#1817=IFCCARTESIANPOINT((86.,14.215400000000001));
#1818=IFCCARTESIANPOINT((84.234200000000001,15.340400000000001));
#1819=IFCCARTESIANPOINT((82.573099999999997,16.614899999999999));
#1820=IFCCARTESIANPOINT((81.029399999999995,18.029399999999999));
#1821=IFCCARTESIANPOINT((79.614900000000006,19.5731));
#1822=IFCCARTESIANPOINT((78.340400000000002,21.234200000000001));
#1823=IFCCARTESIANPOINT((77.215400000000002,23.));
#1824=IFCCARTESIANPOINT((76.248599999999996,24.857199999999999));
#1825=IFCCARTESIANPOINT((75.447400000000002,26.791499999999999));
#1826=IFCCARTESIANPOINT((74.817800000000005,28.7883));
#1827=IFCCARTESIANPOINT((74.364599999999996,30.8324));
#1828=IFCCARTESIANPOINT((74.091300000000004,32.908299999999997));
#1829=IFCCARTESIANPOINT((74.,35.));
#1830=IFCCARTESIANPOINT((74.,55.));
#1831=IFCCARTESIANPOINT((74.,55.));
#1832=IFCCARTESIANPOINT((74.,55.));
#1833=IFCCARTESIANPOINT((50.,55.));
#1834=IFCCARTESIANPOINT((50.,55.));
#1835=IFCCARTESIANPOINT((-55.,11.));
#1836=IFCCARTESIANPOINT((-55.,0.));
#1837=IFCPOLYLINE((#1808,#1809,#1810,#1811,#1812,#1813,#1814,#1815,#1816,#1817,#1818,#1819,#1820,#1821,#1822,#1823,#1824,#1825,#1826,#1827,#1828,#1829,#1830,#1831,#1832,#1833,#1834,#1835,#1836));
#1838=IFCARBITRARYCLOSEDPROFILEDEF(.AREA.,'section',#1837);
#1839=IFCCARTESIANPOINT((0.,0.));
#1840=IFCCARTESIANTRANSFORMATIONOPERATOR2D($,$,#1839,$);
#1841=IFCCARTESIANTRANSFORMATIONOPERATOR2DNONUNIFORM($,$,#1839,1.,1.0009526851633201);
#1842=IFCDERIVEDPROFILEDEF($,$,#1838,#1841,$);
#1843=IFCCARTESIANPOINT((-55.,0.));
#1844=IFCCARTESIANPOINT((300.,0.));
#1845=IFCCARTESIANPOINT((300.,11.));
#1846=IFCCARTESIANPOINT((98.,11.));
#1847=IFCCARTESIANPOINT((95.908299999999997,11.0913));
#1848=IFCCARTESIANPOINT((93.832400000000007,11.364599999999999));
#1849=IFCCARTESIANPOINT((91.788300000000007,11.8178));
#1850=IFCCARTESIANPOINT((89.791499999999999,12.4474));
#1851=IFCCARTESIANPOINT((87.857200000000006,13.2486));
#1852=IFCCARTESIANPOINT((86.,14.215400000000001));
#1853=IFCCARTESIANPOINT((84.234200000000001,15.340400000000001));
#1854=IFCCARTESIANPOINT((82.573099999999997,16.614899999999999));
#1855=IFCCARTESIANPOINT((81.029399999999995,18.029399999999999));
#1856=IFCCARTESIANPOINT((79.614900000000006,19.5731));
#1857=IFCCARTESIANPOINT((78.340400000000002,21.234200000000001));
#1858=IFCCARTESIANPOINT((77.215400000000002,23.));
#1859=IFCCARTESIANPOINT((76.248599999999996,24.857199999999999));
#1860=IFCCARTESIANPOINT((75.447400000000002,26.791499999999999));
#1861=IFCCARTESIANPOINT((74.817800000000005,28.7883));
#1862=IFCCARTESIANPOINT((74.364599999999996,30.8324));
#1863=IFCCARTESIANPOINT((74.091300000000004,32.908299999999997));
#1864=IFCCARTESIANPOINT((74.,35.));
#1865=IFCCARTESIANPOINT((74.,55.));
#1866=IFCCARTESIANPOINT((74.,55.));
#1867=IFCCARTESIANPOINT((74.,55.));
#1868=IFCCARTESIANPOINT((50.,55.));
#1869=IFCCARTESIANPOINT((50.,55.));
#1870=IFCCARTESIANPOINT((-55.,11.));
#1871=IFCCARTESIANPOINT((-55.,0.));
#1872=IFCPOLYLINE((#1843,#1844,#1845,#1846,#1847,#1848,#1849,#1850,#1851,#1852,#1853,#1854,#1855,#1856,#1857,#1858,#1859,#1860,#1861,#1862,#1863,#1864,#1865,#1866,#1867,#1868,#1869,#1870,#1871));
#1873=IFCARBITRARYCLOSEDPROFILEDEF(.AREA.,'section',#1872);
#1874=IFCCARTESIANPOINT((0.,0.));
#1875=IFCCARTESIANTRANSFORMATIONOPERATOR2D($,$,#1874,$);
#1876=IFCCARTESIANTRANSFORMATIONOPERATOR2DNONUNIFORM($,$,#1874,1.,1.0009526851633199);
#1877=IFCDERIVEDPROFILEDEF($,$,#1873,#1876,$);
#1878=IFCCARTESIANPOINT((-55.,0.));
#1879=IFCCARTESIANPOINT((300.,0.));
#1880=IFCCARTESIANPOINT((300.,11.));
#1881=IFCCARTESIANPOINT((98.,11.));
#1882=IFCCARTESIANPOINT((95.908299999999997,11.0913));
#1883=IFCCARTESIANPOINT((93.832400000000007,11.364599999999999));
#1884=IFCCARTESIANPOINT((91.788300000000007,11.8178));
#1885=IFCCARTESIANPOINT((89.791499999999999,12.4474));
#1886=IFCCARTESIANPOINT((87.857200000000006,13.2486));
#1887=IFCCARTESIANPOINT((86.,14.215400000000001));
#1888=IFCCARTESIANPOINT((84.234200000000001,15.340400000000001));
#1889=IFCCARTESIANPOINT((82.573099999999997,16.614899999999999));
#1890=IFCCARTESIANPOINT((81.029399999999995,18.029399999999999));
#1891=IFCCARTESIANPOINT((79.614900000000006,19.5731));
#1892=IFCCARTESIANPOINT((78.340400000000002,21.234200000000001));
#1893=IFCCARTESIANPOINT((77.215400000000002,23.));
#1894=IFCCARTESIANPOINT((76.248599999999996,24.857199999999999));
#1895=IFCCARTESIANPOINT((75.447400000000002,26.791499999999999));
#1896=IFCCARTESIANPOINT((74.817800000000005,28.7883));
#1897=IFCCARTESIANPOINT((74.364599999999996,30.8324));
#1898=IFCCARTESIANPOINT((74.091300000000004,32.908299999999997));
#1899=IFCCARTESIANPOINT((74.,35.));
#1900=IFCCARTESIANPOINT((74.,55.));
#1901=IFCCARTESIANPOINT((74.,55.));
#1902=IFCCARTESIANPOINT((74.,55.));
#1903=IFCCARTESIANPOINT((50.,55.));
#1904=IFCCARTESIANPOINT((50.,55.));
#1905=IFCCARTESIANPOINT((-55.,11.));
#1906=IFCCARTESIANPOINT((-55.,0.));
#1907=IFCPOLYLINE((#1878,#1879,#1880,#1881,#1882,#1883,#1884,#1885,#1886,#1887,#1888,#1889,#1890,#1891,#1892,#1893,#1894,#1895,#1896,#1897,#1898,#1899,#1900,#1901,#1902,#1903,#1904,#1905,#1906));
#1908=IFCARBITRARYCLOSEDPROFILEDEF(.AREA.,'section',#1907);
#1909=IFCCARTESIANPOINT((0.,0.));
#1910=IFCCARTESIANTRANSFORMATIONOPERATOR2D($,$,#1909,$);
#1911=IFCCARTESIANTRANSFORMATIONOPERATOR2DNONUNIFORM($,$,#1909,1.,1.0009526851633201);
#1912=IFCDERIVEDPROFILEDEF($,$,#1908,#1911,$);
#1913=IFCCARTESIANPOINT((-55.,0.));
#1914=IFCCARTESIANPOINT((300.,0.));
#1915=IFCCARTESIANPOINT((300.,11.));
#1916=IFCCARTESIANPOINT((98.,11.));
#1917=IFCCARTESIANPOINT((95.908299999999997,11.0913));
#1918=IFCCARTESIANPOINT((93.832400000000007,11.364599999999999));
#1919=IFCCARTESIANPOINT((91.788300000000007,11.8178));
#1920=IFCCARTESIANPOINT((89.791499999999999,12.4474));
#1921=IFCCARTESIANPOINT((87.857200000000006,13.2486));
#1922=IFCCARTESIANPOINT((86.,14.215400000000001));
#1923=IFCCARTESIANPOINT((84.234200000000001,15.340400000000001));
#1924=IFCCARTESIANPOINT((82.573099999999997,16.614899999999999));
#1925=IFCCARTESIANPOINT((81.029399999999995,18.029399999999999));
#1926=IFCCARTESIANPOINT((79.614900000000006,19.5731));
#1927=IFCCARTESIANPOINT((78.340400000000002,21.234200000000001));
#1928=IFCCARTESIANPOINT((77.215400000000002,23.));
#1929=IFCCARTESIANPOINT((76.248599999999996,24.857199999999999));
#1930=IFCCARTESIANPOINT((75.447400000000002,26.791499999999999));
#1931=IFCCARTESIANPOINT((74.817800000000005,28.7883));
#1932=IFCCARTESIANPOINT((74.364599999999996,30.8324));
#1933=IFCCARTESIANPOINT((74.091300000000004,32.908299999999997));
#1934=IFCCARTESIANPOINT((74.,35.));
#1935=IFCCARTESIANPOINT((74.,55.));
#1936=IFCCARTESIANPOINT((74.,55.));
#1937=IFCCARTESIANPOINT((74.,55.));
#1938=IFCCARTESIANPOINT((50.,55.));
#1939=IFCCARTESIANPOINT((50.,55.));
#1940=IFCCARTESIANPOINT((-55.,11.));
#1941=IFCCARTESIANPOINT((-55.,0.));
#1942=IFCPOLYLINE((#1913,#1914,#1915,#1916,#1917,#1918,#1919,#1920,#1921,#1922,#1923,#1924,#1925,#1926,#1927,#1928,#1929,#1930,#1931,#1932,#1933,#1934,#1935,#1936,#1937,#1938,#1939,#1940,#1941));
#1943=IFCARBITRARYCLOSEDPROFILEDEF(.AREA.,'section',#1942);
#1944=IFCCARTESIANPOINT((0.,0.));
#1945=IFCCARTESIANTRANSFORMATIONOPERATOR2D($,$,#1944,$);
#1946=IFCCARTESIANTRANSFORMATIONOPERATOR2DNONUNIFORM($,$,#1944,1.,1.0009526851633199);
#1947=IFCDERIVEDPROFILEDEF($,$,#1943,#1946,$);
#1948=IFCCARTESIANPOINT((-55.,0.));
#1949=IFCCARTESIANPOINT((300.,0.));
#1950=IFCCARTESIANPOINT((300.,11.));
#1951=IFCCARTESIANPOINT((98.,11.));
#1952=IFCCARTESIANPOINT((95.908299999999997,11.0913));
#1953=IFCCARTESIANPOINT((93.832400000000007,11.364599999999999));
#1954=IFCCARTESIANPOINT((91.788300000000007,11.8178));
#1955=IFCCARTESIANPOINT((89.791499999999999,12.4474));
#1956=IFCCARTESIANPOINT((87.857200000000006,13.2486));
#1957=IFCCARTESIANPOINT((86.,14.215400000000001));
#1958=IFCCARTESIANPOINT((84.234200000000001,15.340400000000001));
#1959=IFCCARTESIANPOINT((82.573099999999997,16.614899999999999));
#1960=IFCCARTESIANPOINT((81.029399999999995,18.029399999999999));
#1961=IFCCARTESIANPOINT((79.614900000000006,19.5731));
#1962=IFCCARTESIANPOINT((78.340400000000002,21.234200000000001));
#1963=IFCCARTESIANPOINT((77.215400000000002,23.));
#1964=IFCCARTESIANPOINT((76.248599999999996,24.857199999999999));
#1965=IFCCARTESIANPOINT((75.447400000000002,26.791499999999999));
#1966=IFCCARTESIANPOINT((74.817800000000005,28.7883));
#1967=IFCCARTESIANPOINT((74.364599999999996,30.8324));
#1968=IFCCARTESIANPOINT((74.091300000000004,32.908299999999997));
#1969=IFCCARTESIANPOINT((74.,35.));
#1970=IFCCARTESIANPOINT((74.,55.));
#1971=IFCCARTESIANPOINT((74.,55.));
#1972=IFCCARTESIANPOINT((74.,55.));
#1973=IFCCARTESIANPOINT((50.,55.));
#1974=IFCCARTESIANPOINT((50.,55.));
#1975=IFCCARTESIANPOINT((-55.,11.));
#1976=IFCCARTESIANPOINT((-55.,0.));
#1977=IFCPOLYLINE((#1948,#1949,#1950,#1951,#1952,#1953,#1954,#1955,#1956,#1957,#1958,#1959,#1960,#1961,#1962,#1963,#1964,#1965,#1966,#1967,#1968,#1969,#1970,#1971,#1972,#1973,#1974,#1975,#1976));
#1978=IFCARBITRARYCLOSEDPROFILEDEF(.AREA.,'section',#1977);
#1979=IFCCARTESIANPOINT((0.,0.));
#1980=IFCCARTESIANTRANSFORMATIONOPERATOR2D($,$,#1979,$);
#1981=IFCCARTESIANTRANSFORMATIONOPERATOR2DNONUNIFORM($,$,#1979,1.,1.0002380295646816);
#1982=IFCDERIVEDPROFILEDEF($,$,#1978,#1981,$);
#1983=IFCCARTESIANPOINT((-55.,0.));
#1984=IFCCARTESIANPOINT((300.,0.));
#1985=IFCCARTESIANPOINT((300.,11.));
#1986=IFCCARTESIANPOINT((98.,11.));
#1987=IFCCARTESIANPOINT((95.908299999999997,11.0913));
#1988=IFCCARTESIANPOINT((93.832400000000007,11.364599999999999));
#1989=IFCCARTESIANPOINT((91.788300000000007,11.8178));
#1990=IFCCARTESIANPOINT((89.791499999999999,12.4474));
#1991=IFCCARTESIANPOINT((87.857200000000006,13.2486));
#1992=IFCCARTESIANPOINT((86.,14.215400000000001));
#1993=IFCCARTESIANPOINT((84.234200000000001,15.340400000000001));
#1994=IFCCARTESIANPOINT((82.573099999999997,16.614899999999999));
#1995=IFCCARTESIANPOINT((81.029399999999995,18.029399999999999));
#1996=IFCCARTESIANPOINT((79.614900000000006,19.5731));
#1997=IFCCARTESIANPOINT((78.340400000000002,21.234200000000001));
#1998=IFCCARTESIANPOINT((77.215400000000002,23.));
#1999=IFCCARTESIANPOINT((76.248599999999996,24.857199999999999));
#2000=IFCCARTESIANPOINT((75.447400000000002,26.791499999999999));
#2001=IFCCARTESIANPOINT((74.817800000000005,28.7883));
#2002=IFCCARTESIANPOINT((74.364599999999996,30.8324));
#2003=IFCCARTESIANPOINT((74.091300000000004,32.908299999999997));
#2004=IFCCARTESIANPOINT((74.,35.));
#2005=IFCCARTESIANPOINT((74.,55.));
#2006=IFCCARTESIANPOINT((74.,55.));
#2007=IFCCARTESIANPOINT((74.,55.));
#2008=IFCCARTESIANPOINT((50.,55.));
#2009=IFCCARTESIANPOINT((50.,55.));
#2010=IFCCARTESIANPOINT((-55.,11.));
#2011=IFCCARTESIANPOINT((-55.,0.));
#2012=IFCPOLYLINE((#1983,#1984,#1985,#1986,#1987,#1988,#1989,#1990,#1991,#1992,#1993,#1994,#1995,#1996,#1997,#1998,#1999,#2000,#2001,#2002,#2003,#2004,#2005,#2006,#2007,#2008,#2009,#2010,#2011));
#2013=IFCARBITRARYCLOSEDPROFILEDEF(.AREA.,'section',#2012);
#2014=IFCCARTESIANPOINT((0.,0.));
#2015=IFCCARTESIANTRANSFORMATIONOPERATOR2D($,$,#2014,$);
#2016=IFCCARTESIANTRANSFORMATIONOPERATOR2DNONUNIFORM($,$,#2014,1.,1.0002380295646816);
#2017=IFCDERIVEDPROFILEDEF($,$,#2013,#2016,$);
#2018=IFCCARTESIANPOINT((-55.,0.));
#2019=IFCCARTESIANPOINT((300.,0.));
#2020=IFCCARTESIANPOINT((300.,11.));
#2021=IFCCARTESIANPOINT((98.,11.));
#2022=IFCCARTESIANPOINT((95.908299999999997,11.0913));
#2023=IFCCARTESIANPOINT((93.832400000000007,11.364599999999999));
#2024=IFCCARTESIANPOINT((91.788300000000007,11.8178));
#2025=IFCCARTESIANPOINT((89.791499999999999,12.4474));
#2026=IFCCARTESIANPOINT((87.857200000000006,13.2486));
#2027=IFCCARTESIANPOINT((86.,14.215400000000001));
#2028=IFCCARTESIANPOINT((84.234200000000001,15.340400000000001));
#2029=IFCCARTESIANPOINT((82.573099999999997,16.614899999999999));
#2030=IFCCARTESIANPOINT((81.029399999999995,18.029399999999999));
#2031=IFCCARTESIANPOINT((79.614900000000006,19.5731));
#2032=IFCCARTESIANPOINT((78.340400000000002,21.234200000000001));
#2033=IFCCARTESIANPOINT((77.215400000000002,23.));
#2034=IFCCARTESIANPOINT((76.248599999999996,24.857199999999999));
#2035=IFCCARTESIANPOINT((75.447400000000002,26.791499999999999));
#2036=IFCCARTESIANPOINT((74.817800000000005,28.7883));
#2037=IFCCARTESIANPOINT((74.364599999999996,30.8324));
#2038=IFCCARTESIANPOINT((74.091300000000004,32.908299999999997));
#2039=IFCCARTESIANPOINT((74.,35.));
#2040=IFCCARTESIANPOINT((74.,55.));
#2041=IFCCARTESIANPOINT((74.,55.));
#2042=IFCCARTESIANPOINT((74.,55.));
#2043=IFCCARTESIANPOINT((50.,55.));
#2044=IFCCARTESIANPOINT((50.,55.));
#2045=IFCCARTESIANPOINT((-55.,11.));
#2046=IFCCARTESIANPOINT((-55.,0.));
#2047=IFCPOLYLINE((#2018,#2019,#2020,#2021,#2022,#2023,#2024,#2025,#2026,#2027,#2028,#2029,#2030,#2031,#2032,#2033,#2034,#2035,#2036,#2037,#2038,#2039,#2040,#2041,#2042,#2043,#2044,#2045,#2046));
#2048=IFCARBITRARYCLOSEDPROFILEDEF(.AREA.,'section',#2047);
#2049=IFCCARTESIANPOINT((0.,0.));
#2050=IFCCARTESIANTRANSFORMATIONOPERATOR2D($,$,#2049,$);
#2051=IFCCARTESIANTRANSFORMATIONOPERATOR2DNONUNIFORM($,$,#2049,1.,1.0009526851633199);
#2052=IFCDERIVEDPROFILEDEF($,$,#2048,#2051,$);
#2053=IFCCARTESIANPOINT((-55.,0.));
#2054=IFCCARTESIANPOINT((300.,0.));
#2055=IFCCARTESIANPOINT((300.,11.));
#2056=IFCCARTESIANPOINT((98.,11.));
#2057=IFCCARTESIANPOINT((95.908299999999997,11.0913));
#2058=IFCCARTESIANPOINT((93.832400000000007,11.364599999999999));
#2059=IFCCARTESIANPOINT((91.788300000000007,11.8178));
#2060=IFCCARTESIANPOINT((89.791499999999999,12.4474));
#2061=IFCCARTESIANPOINT((87.857200000000006,13.2486));
#2062=IFCCARTESIANPOINT((86.,14.215400000000001));
#2063=IFCCARTESIANPOINT((84.234200000000001,15.340400000000001));
#2064=IFCCARTESIANPOINT((82.573099999999997,16.614899999999999));
#2065=IFCCARTESIANPOINT((81.029399999999995,18.029399999999999));
#2066=IFCCARTESIANPOINT((79.614900000000006,19.5731));
#2067=IFCCARTESIANPOINT((78.340400000000002,21.234200000000001));
#2068=IFCCARTESIANPOINT((77.215400000000002,23.));
#2069=IFCCARTESIANPOINT((76.248599999999996,24.857199999999999));
#2070=IFCCARTESIANPOINT((75.447400000000002,26.791499999999999));
#2071=IFCCARTESIANPOINT((74.817800000000005,28.7883));
#2072=IFCCARTESIANPOINT((74.364599999999996,30.8324));
#2073=IFCCARTESIANPOINT((74.091300000000004,32.908299999999997));
#2074=IFCCARTESIANPOINT((74.,35.));
#2075=IFCCARTESIANPOINT((74.,55.));
#2076=IFCCARTESIANPOINT((74.,55.));
#2077=IFCCARTESIANPOINT((74.,55.));
#2078=IFCCARTESIANPOINT((50.,55.));
#2079=IFCCARTESIANPOINT((50.,55.));
#2080=IFCCARTESIANPOINT((-55.,11.));
#2081=IFCCARTESIANPOINT((-55.,0.));
#2082=IFCPOLYLINE((#2053,#2054,#2055,#2056,#2057,#2058,#2059,#2060,#2061,#2062,#2063,#2064,#2065,#2066,#2067,#2068,#2069,#2070,#2071,#2072,#2073,#2074,#2075,#2076,#2077,#2078,#2079,#2080,#2081));
#2083=IFCARBITRARYCLOSEDPROFILEDEF(.AREA.,'section',#2082);
#2084=IFCCARTESIANPOINT((0.,0.));
#2085=IFCCARTESIANTRANSFORMATIONOPERATOR2D($,$,#2084,$);
#2086=IFCCARTESIANTRANSFORMATIONOPERATOR2DNONUNIFORM($,$,#2084,1.,1.0009526851633199);
#2087=IFCDERIVEDPROFILEDEF($,$,#2083,#2086,$);
#2088=IFCCARTESIANPOINT((-55.,0.));
#2089=IFCCARTESIANPOINT((300.,0.));
#2090=IFCCARTESIANPOINT((300.,11.));
#2091=IFCCARTESIANPOINT((98.,11.));
#2092=IFCCARTESIANPOINT((95.908299999999997,11.0913));
#2093=IFCCARTESIANPOINT((93.832400000000007,11.364599999999999));
#2094=IFCCARTESIANPOINT((91.788300000000007,11.8178));
#2095=IFCCARTESIANPOINT((89.791499999999999,12.4474));
#2096=IFCCARTESIANPOINT((87.857200000000006,13.2486));
#2097=IFCCARTESIANPOINT((86.,14.215400000000001));
#2098=IFCCARTESIANPOINT((84.234200000000001,15.340400000000001));
#2099=IFCCARTESIANPOINT((82.573099999999997,16.614899999999999));
#2100=IFCCARTESIANPOINT((81.029399999999995,18.029399999999999));
#2101=IFCCARTESIANPOINT((79.614900000000006,19.5731));
#2102=IFCCARTESIANPOINT((78.340400000000002,21.234200000000001));
#2103=IFCCARTESIANPOINT((77.215400000000002,23.));
#2104=IFCCARTESIANPOINT((76.248599999999996,24.857199999999999));
#2105=IFCCARTESIANPOINT((75.447400000000002,26.791499999999999));
#2106=IFCCARTESIANPOINT((74.817800000000005,28.7883));
#2107=IFCCARTESIANPOINT((74.364599999999996,30.8324));
#2108=IFCCARTESIANPOINT((74.091300000000004,32.908299999999997));
#2109=IFCCARTESIANPOINT((74.,35.));
#2110=IFCCARTESIANPOINT((74.,55.));
#2111=IFCCARTESIANPOINT((74.,55.));
#2112=IFCCARTESIANPOINT((74.,55.));
#2113=IFCCARTESIANPOINT((50.,55.));
#2114=IFCCARTESIANPOINT((50.,55.));
#2115=IFCCARTESIANPOINT((-55.,11.));
#2116=IFCCARTESIANPOINT((-55.,0.));
#2117=IFCPOLYLINE((#2088,#2089,#2090,#2091,#2092,#2093,#2094,#2095,#2096,#2097,#2098,#2099,#2100,#2101,#2102,#2103,#2104,#2105,#2106,#2107,#2108,#2109,#2110,#2111,#2112,#2113,#2114,#2115,#2116));
#2118=IFCARBITRARYCLOSEDPROFILEDEF(.AREA.,'section',#2117);
#2119=IFCCARTESIANPOINT((0.,0.));
#2120=IFCCARTESIANTRANSFORMATIONOPERATOR2D($,$,#2119,$);
#2121=IFCCARTESIANTRANSFORMATIONOPERATOR2DNONUNIFORM($,$,#2119,1.,1.0009526851633199);
#2122=IFCDERIVEDPROFILEDEF($,$,#2118,#2121,$);
#2123=IFCCARTESIANPOINT((-55.,0.));
#2124=IFCCARTESIANPOINT((300.,0.));
#2125=IFCCARTESIANPOINT((300.,11.));
#2126=IFCCARTESIANPOINT((98.,11.));
#2127=IFCCARTESIANPOINT((95.908299999999997,11.0913));
#2128=IFCCARTESIANPOINT((93.832400000000007,11.364599999999999));
#2129=IFCCARTESIANPOINT((91.788300000000007,11.8178));
#2130=IFCCARTESIANPOINT((89.791499999999999,12.4474));
#2131=IFCCARTESIANPOINT((87.857200000000006,13.2486));
#2132=IFCCARTESIANPOINT((86.,14.215400000000001));
#2133=IFCCARTESIANPOINT((84.234200000000001,15.340400000000001));
#2134=IFCCARTESIANPOINT((82.573099999999997,16.614899999999999));
#2135=IFCCARTESIANPOINT((81.029399999999995,18.029399999999999));
#2136=IFCCARTESIANPOINT((79.614900000000006,19.5731));
#2137=IFCCARTESIANPOINT((78.340400000000002,21.234200000000001));
#2138=IFCCARTESIANPOINT((77.215400000000002,23.));
#2139=IFCCARTESIANPOINT((76.248599999999996,24.857199999999999));
#2140=IFCCARTESIANPOINT((75.447400000000002,26.791499999999999));
#2141=IFCCARTESIANPOINT((74.817800000000005,28.7883));
#2142=IFCCARTESIANPOINT((74.364599999999996,30.8324));
#2143=IFCCARTESIANPOINT((74.091300000000004,32.908299999999997));
#2144=IFCCARTESIANPOINT((74.,35.));
#2145=IFCCARTESIANPOINT((74.,55.));
#2146=IFCCARTESIANPOINT((74.,55.));
#2147=IFCCARTESIANPOINT((74.,55.));
#2148=IFCCARTESIANPOINT((50.,55.));
#2149=IFCCARTESIANPOINT((50.,55.));
#2150=IFCCARTESIANPOINT((-55.,11.));
#2151=IFCCARTESIANPOINT((-55.,0.));
#2152=IFCPOLYLINE((#2123,#2124,#2125,#2126,#2127,#2128,#2129,#2130,#2131,#2132,#2133,#2134,#2135,#2136,#2137,#2138,#2139,#2140,#2141,#2142,#2143,#2144,#2145,#2146,#2147,#2148,#2149,#2150,#2151));
#2153=IFCARBITRARYCLOSEDPROFILEDEF(.AREA.,'section',#2152);
#2154=IFCCARTESIANPOINT((0.,0.));
#2155=IFCCARTESIANTRANSFORMATIONOPERATOR2D($,$,#2154,$);
#2156=IFCCARTESIANTRANSFORMATIONOPERATOR2DNONUNIFORM($,$,#2154,1.,1.0009526851633201);
#2157=IFCDERIVEDPROFILEDEF($,$,#2153,#2156,$);
#2158=IFCCARTESIANPOINT((-55.,0.));
#2159=IFCCARTESIANPOINT((300.,0.));
#2160=IFCCARTESIANPOINT((300.,11.));
#2161=IFCCARTESIANPOINT((98.,11.));
#2162=IFCCARTESIANPOINT((95.908299999999997,11.0913));
#2163=IFCCARTESIANPOINT((93.832400000000007,11.364599999999999));
#2164=IFCCARTESIANPOINT((91.788300000000007,11.8178));
#2165=IFCCARTESIANPOINT((89.791499999999999,12.4474));
#2166=IFCCARTESIANPOINT((87.857200000000006,13.2486));
#2167=IFCCARTESIANPOINT((86.,14.215400000000001));
#2168=IFCCARTESIANPOINT((84.234200000000001,15.340400000000001));
#2169=IFCCARTESIANPOINT((82.573099999999997,16.614899999999999));
#2170=IFCCARTESIANPOINT((81.029399999999995,18.029399999999999));
#2171=IFCCARTESIANPOINT((79.614900000000006,19.5731));
#2172=IFCCARTESIANPOINT((78.340400000000002,21.234200000000001));
#2173=IFCCARTESIANPOINT((77.215400000000002,23.));
#2174=IFCCARTESIANPOINT((76.248599999999996,24.857199999999999));
#2175=IFCCARTESIANPOINT((75.447400000000002,26.791499999999999));
#2176=IFCCARTESIANPOINT((74.817800000000005,28.7883));
#2177=IFCCARTESIANPOINT((74.364599999999996,30.8324));
#2178=IFCCARTESIANPOINT((74.091300000000004,32.908299999999997));
#2179=IFCCARTESIANPOINT((74.,35.));
#2180=IFCCARTESIANPOINT((74.,55.));
#2181=IFCCARTESIANPOINT((74.,55.));
#2182=IFCCARTESIANPOINT((74.,55.));
#2183=IFCCARTESIANPOINT((50.,55.));
#2184=IFCCARTESIANPOINT((50.,55.));
#2185=IFCCARTESIANPOINT((-55.,11.));
#2186=IFCCARTESIANPOINT((-55.,0.));
#2187=IFCPOLYLINE((#2158,#2159,#2160,#2161,#2162,#2163,#2164,#2165,#2166,#2167,#2168,#2169,#2170,#2171,#2172,#2173,#2174,#2175,#2176,#2177,#2178,#2179,#2180,#2181,#2182,#2183,#2184,#2185,#2186));
#2188=IFCARBITRARYCLOSEDPROFILEDEF(.AREA.,'section',#2187);
#2189=IFCCARTESIANPOINT((0.,0.));
#2190=IFCCARTESIANTRANSFORMATIONOPERATOR2D($,$,#2189,$);
#2191=IFCCARTESIANTRANSFORMATIONOPERATOR2DNONUNIFORM($,$,#2189,1.,1.0009526851633199);
#2192=IFCDERIVEDPROFILEDEF($,$,#2188,#2191,$);
#2193=IFCCARTESIANPOINT((-55.,0.));
#2194=IFCCARTESIANPOINT((300.,0.));
#2195=IFCCARTESIANPOINT((300.,11.));
#2196=IFCCARTESIANPOINT((98.,11.));
#2197=IFCCARTESIANPOINT((95.908299999999997,11.0913));
#2198=IFCCARTESIANPOINT((93.832400000000007,11.364599999999999));
#2199=IFCCARTESIANPOINT((91.788300000000007,11.8178));
#2200=IFCCARTESIANPOINT((89.791499999999999,12.4474));
#2201=IFCCARTESIANPOINT((87.857200000000006,13.2486));
#2202=IFCCARTESIANPOINT((86.,14.215400000000001));
#2203=IFCCARTESIANPOINT((84.234200000000001,15.340400000000001));
#2204=IFCCARTESIANPOINT((82.573099999999997,16.614899999999999));
#2205=IFCCARTESIANPOINT((81.029399999999995,18.029399999999999));
#2206=IFCCARTESIANPOINT((79.614900000000006,19.5731));
#2207=IFCCARTESIANPOINT((78.340400000000002,21.234200000000001));
#2208=IFCCARTESIANPOINT((77.215400000000002,23.));
#2209=IFCCARTESIANPOINT((76.248599999999996,24.857199999999999));
#2210=IFCCARTESIANPOINT((75.447400000000002,26.791499999999999));
#2211=IFCCARTESIANPOINT((74.817800000000005,28.7883));
#2212=IFCCARTESIANPOINT((74.364599999999996,30.8324));
#2213=IFCCARTESIANPOINT((74.091300000000004,32.908299999999997));
#2214=IFCCARTESIANPOINT((74.,35.));
#2215=IFCCARTESIANPOINT((74.,55.));
#2216=IFCCARTESIANPOINT((74.,55.));
#2217=IFCCARTESIANPOINT((74.,55.));
#2218=IFCCARTESIANPOINT((50.,55.));
#2219=IFCCARTESIANPOINT((50.,55.));
#2220=IFCCARTESIANPOINT((-55.,11.));
#2221=IFCCARTESIANPOINT((-55.,0.));
#2222=IFCPOLYLINE((#2193,#2194,#2195,#2196,#2197,#2198,#2199,#2200,#2201,#2202,#2203,#2204,#2205,#2206,#2207,#2208,#2209,#2210,#2211,#2212,#2213,#2214,#2215,#2216,#2217,#2218,#2219,#2220,#2221));
#2223=IFCARBITRARYCLOSEDPROFILEDEF(.AREA.,'section',#2222);
#2224=IFCCARTESIANPOINT((0.,0.));
#2225=IFCCARTESIANTRANSFORMATIONOPERATOR2D($,$,#2224,$);
#2226=IFCCARTESIANTRANSFORMATIONOPERATOR2DNONUNIFORM($,$,#2224,1.,1.0009526851633201);
#2227=IFCDERIVEDPROFILEDEF($,$,#2223,#2226,$);
#2228=IFCCARTESIANPOINT((-55.,0.));
#2229=IFCCARTESIANPOINT((300.,0.));
#2230=IFCCARTESIANPOINT((300.,11.));
#2231=IFCCARTESIANPOINT((98.,11.));
#2232=IFCCARTESIANPOINT((95.908299999999997,11.0913));
#2233=IFCCARTESIANPOINT((93.832400000000007,11.364599999999999));
#2234=IFCCARTESIANPOINT((91.788300000000007,11.8178));
#2235=IFCCARTESIANPOINT((89.791499999999999,12.4474));
#2236=IFCCARTESIANPOINT((87.857200000000006,13.2486));
#2237=IFCCARTESIANPOINT((86.,14.215400000000001));
#2238=IFCCARTESIANPOINT((84.234200000000001,15.340400000000001));
#2239=IFCCARTESIANPOINT((82.573099999999997,16.614899999999999));
#2240=IFCCARTESIANPOINT((81.029399999999995,18.029399999999999));
#2241=IFCCARTESIANPOINT((79.614900000000006,19.5731));
#2242=IFCCARTESIANPOINT((78.340400000000002,21.234200000000001));
#2243=IFCCARTESIANPOINT((77.215400000000002,23.));
#2244=IFCCARTESIANPOINT((76.248599999999996,24.857199999999999));
#2245=IFCCARTESIANPOINT((75.447400000000002,26.791499999999999));
#2246=IFCCARTESIANPOINT((74.817800000000005,28.7883));
#2247=IFCCARTESIANPOINT((74.364599999999996,30.8324));
#2248=IFCCARTESIANPOINT((74.091300000000004,32.908299999999997));
#2249=IFCCARTESIANPOINT((74.,35.));
#2250=IFCCARTESIANPOINT((74.,55.));
#2251=IFCCARTESIANPOINT((74.,55.));
#2252=IFCCARTESIANPOINT((74.,55.));
#2253=IFCCARTESIANPOINT((50.,55.));
#2254=IFCCARTESIANPOINT((50.,55.));
#2255=IFCCARTESIANPOINT((-55.,11.));
#2256=IFCCARTESIANPOINT((-55.,0.));
#2257=IFCPOLYLINE((#2228,#2229,#2230,#2231,#2232,#2233,#2234,#2235,#2236,#2237,#2238,#2239,#2240,#2241,#2242,#2243,#2244,#2245,#2246,#2247,#2248,#2249,#2250,#2251,#2252,#2253,#2254,#2255,#2256));
#2258=IFCARBITRARYCLOSEDPROFILEDEF(.AREA.,'section',#2257);
#2259=IFCCARTESIANPOINT((0.,0.));
#2260=IFCCARTESIANTRANSFORMATIONOPERATOR2D($,$,#2259,$);
#2261=IFCCARTESIANTRANSFORMATIONOPERATOR2DNONUNIFORM($,$,#2259,1.,1.0009526851633199);
#2262=IFCDERIVEDPROFILEDEF($,$,#2258,#2261,$);
#2263=IFCCARTESIANPOINT((-55.,0.));
#2264=IFCCARTESIANPOINT((300.,0.));
#2265=IFCCARTESIANPOINT((300.,11.));
#2266=IFCCARTESIANPOINT((98.,11.));
#2267=IFCCARTESIANPOINT((95.908299999999997,11.0913));
#2268=IFCCARTESIANPOINT((93.832400000000007,11.364599999999999));
#2269=IFCCARTESIANPOINT((91.788300000000007,11.8178));
#2270=IFCCARTESIANPOINT((89.791499999999999,12.4474));
#2271=IFCCARTESIANPOINT((87.857200000000006,13.2486));
#2272=IFCCARTESIANPOINT((86.,14.215400000000001));
#2273=IFCCARTESIANPOINT((84.234200000000001,15.340400000000001));
#2274=IFCCARTESIANPOINT((82.573099999999997,16.614899999999999));
#2275=IFCCARTESIANPOINT((81.029399999999995,18.029399999999999));
#2276=IFCCARTESIANPOINT((79.614900000000006,19.5731));
#2277=IFCCARTESIANPOINT((78.340400000000002,21.234200000000001));
#2278=IFCCARTESIANPOINT((77.215400000000002,23.));
#2279=IFCCARTESIANPOINT((76.248599999999996,24.857199999999999));
#2280=IFCCARTESIANPOINT((75.447400000000002,26.791499999999999));
#2281=IFCCARTESIANPOINT((74.817800000000005,28.7883));
#2282=IFCCARTESIANPOINT((74.364599999999996,30.8324));
#2283=IFCCARTESIANPOINT((74.091300000000004,32.908299999999997));
#2284=IFCCARTESIANPOINT((74.,35.));
#2285=IFCCARTESIANPOINT((74.,55.));
#2286=IFCCARTESIANPOINT((74.,55.));
#2287=IFCCARTESIANPOINT((74.,55.));
#2288=IFCCARTESIANPOINT((50.,55.));
#2289=IFCCARTESIANPOINT((50.,55.));
#2290=IFCCARTESIANPOINT((-55.,11.));
#2291=IFCCARTESIANPOINT((-55.,0.));
#2292=IFCPOLYLINE((#2263,#2264,#2265,#2266,#2267,#2268,#2269,#2270,#2271,#2272,#2273,#2274,#2275,#2276,#2277,#2278,#2279,#2280,#2281,#2282,#2283,#2284,#2285,#2286,#2287,#2288,#2289,#2290,#2291));
#2293=IFCARBITRARYCLOSEDPROFILEDEF(.AREA.,'section',#2292);
#2294=IFCCARTESIANPOINT((0.,0.));
#2295=IFCCARTESIANTRANSFORMATIONOPERATOR2D($,$,#2294,$);
#2296=IFCCARTESIANTRANSFORMATIONOPERATOR2DNONUNIFORM($,$,#2294,1.,1.0009526851633199);
#2297=IFCDERIVEDPROFILEDEF($,$,#2293,#2296,$);
#2298=IFCCARTESIANPOINT((-55.,0.));
#2299=IFCCARTESIANPOINT((300.,0.));
#2300=IFCCARTESIANPOINT((300.,11.));
#2301=IFCCARTESIANPOINT((98.,11.));
#2302=IFCCARTESIANPOINT((95.908299999999997,11.0913));
#2303=IFCCARTESIANPOINT((93.832400000000007,11.364599999999999));
#2304=IFCCARTESIANPOINT((91.788300000000007,11.8178));
#2305=IFCCARTESIANPOINT((89.791499999999999,12.4474));
#2306=IFCCARTESIANPOINT((87.857200000000006,13.2486));
#2307=IFCCARTESIANPOINT((86.,14.215400000000001));
#2308=IFCCARTESIANPOINT((84.234200000000001,15.340400000000001));
#2309=IFCCARTESIANPOINT((82.573099999999997,16.614899999999999));
#2310=IFCCARTESIANPOINT((81.029399999999995,18.029399999999999));
#2311=IFCCARTESIANPOINT((79.614900000000006,19.5731));
#2312=IFCCARTESIANPOINT((78.340400000000002,21.234200000000001));
#2313=IFCCARTESIANPOINT((77.215400000000002,23.));
#2314=IFCCARTESIANPOINT((76.248599999999996,24.857199999999999));
#2315=IFCCARTESIANPOINT((75.447400000000002,26.791499999999999));
#2316=IFCCARTESIANPOINT((74.817800000000005,28.7883));
#2317=IFCCARTESIANPOINT((74.364599999999996,30.8324));
#2318=IFCCARTESIANPOINT((74.091300000000004,32.908299999999997));
#2319=IFCCARTESIANPOINT((74.,35.));
#2320=IFCCARTESIANPOINT((74.,55.));
#2321=IFCCARTESIANPOINT((74.,55.));
#2322=IFCCARTESIANPOINT((74.,55.));
#2323=IFCCARTESIANPOINT((50.,55.));
#2324=IFCCARTESIANPOINT((50.,55.));
#2325=IFCCARTESIANPOINT((-55.,11.));
#2326=IFCCARTESIANPOINT((-55.,0.));
#2327=IFCPOLYLINE((#2298,#2299,#2300,#2301,#2302,#2303,#2304,#2305,#2306,#2307,#2308,#2309,#2310,#2311,#2312,#2313,#2314,#2315,#2316,#2317,#2318,#2319,#2320,#2321,#2322,#2323,#2324,#2325,#2326));
#2328=IFCARBITRARYCLOSEDPROFILEDEF(.AREA.,'section',#2327);
#2329=IFCCARTESIANPOINT((0.,0.));
#2330=IFCCARTESIANTRANSFORMATIONOPERATOR2D($,$,#2329,$);
#2331=IFCCARTESIANTRANSFORMATIONOPERATOR2DNONUNIFORM($,$,#2329,1.,1.0009526851633201);
#2332=IFCDERIVEDPROFILEDEF($,$,#2328,#2331,$);
#2333=IFCCARTESIANPOINT((-55.,0.));
#2334=IFCCARTESIANPOINT((300.,0.));
#2335=IFCCARTESIANPOINT((300.,11.));
#2336=IFCCARTESIANPOINT((98.,11.));
#2337=IFCCARTESIANPOINT((95.908299999999997,11.0913));
#2338=IFCCARTESIANPOINT((93.832400000000007,11.364599999999999));
#2339=IFCCARTESIANPOINT((91.788300000000007,11.8178));
#2340=IFCCARTESIANPOINT((89.791499999999999,12.4474));
#2341=IFCCARTESIANPOINT((87.857200000000006,13.2486));
#2342=IFCCARTESIANPOINT((86.,14.215400000000001));
#2343=IFCCARTESIANPOINT((84.234200000000001,15.340400000000001));
#2344=IFCCARTESIANPOINT((82.573099999999997,16.614899999999999));
#2345=IFCCARTESIANPOINT((81.029399999999995,18.029399999999999));
#2346=IFCCARTESIANPOINT((79.614900000000006,19.5731));
#2347=IFCCARTESIANPOINT((78.340400000000002,21.234200000000001));
#2348=IFCCARTESIANPOINT((77.215400000000002,23.));
#2349=IFCCARTESIANPOINT((76.248599999999996,24.857199999999999));
#2350=IFCCARTESIANPOINT((75.447400000000002,26.791499999999999));
#2351=IFCCARTESIANPOINT((74.817800000000005,28.7883));
#2352=IFCCARTESIANPOINT((74.364599999999996,30.8324));
#2353=IFCCARTESIANPOINT((74.091300000000004,32.908299999999997));
#2354=IFCCARTESIANPOINT((74.,35.));
#2355=IFCCARTESIANPOINT((74.,55.));
#2356=IFCCARTESIANPOINT((74.,55.));
#2357=IFCCARTESIANPOINT((74.,55.));
#2358=IFCCARTESIANPOINT((50.,55.));
#2359=IFCCARTESIANPOINT((50.,55.));
#2360=IFCCARTESIANPOINT((-55.,11.));
#2361=IFCCARTESIANPOINT((-55.,0.));
#2362=IFCPOLYLINE((#2333,#2334,#2335,#2336,#2337,#2338,#2339,#2340,#2341,#2342,#2343,#2344,#2345,#2346,#2347,#2348,#2349,#2350,#2351,#2352,#2353,#2354,#2355,#2356,#2357,#2358,#2359,#2360,#2361));
#2363=IFCARBITRARYCLOSEDPROFILEDEF(.AREA.,'section',#2362);
#2364=IFCCARTESIANPOINT((0.,0.));
#2365=IFCCARTESIANTRANSFORMATIONOPERATOR2D($,$,#2364,$);
#2366=IFCCARTESIANTRANSFORMATIONOPERATOR2DNONUNIFORM($,$,#2364,1.,1.0009526851633199);
#2367=IFCDERIVEDPROFILEDEF($,$,#2363,#2366,$);
#2368=IFCCARTESIANPOINT((-55.,0.));
#2369=IFCCARTESIANPOINT((300.,0.));
#2370=IFCCARTESIANPOINT((300.,11.));
#2371=IFCCARTESIANPOINT((98.,11.));
#2372=IFCCARTESIANPOINT((95.908299999999997,11.0913));
#2373=IFCCARTESIANPOINT((93.832400000000007,11.364599999999999));
#2374=IFCCARTESIANPOINT((91.788300000000007,11.8178));
#2375=IFCCARTESIANPOINT((89.791499999999999,12.4474));
#2376=IFCCARTESIANPOINT((87.857200000000006,13.2486));
#2377=IFCCARTESIANPOINT((86.,14.215400000000001));
#2378=IFCCARTESIANPOINT((84.234200000000001,15.340400000000001));
#2379=IFCCARTESIANPOINT((82.573099999999997,16.614899999999999));
#2380=IFCCARTESIANPOINT((81.029399999999995,18.029399999999999));
#2381=IFCCARTESIANPOINT((79.614900000000006,19.5731));
#2382=IFCCARTESIANPOINT((78.340400000000002,21.234200000000001));
#2383=IFCCARTESIANPOINT((77.215400000000002,23.));
#2384=IFCCARTESIANPOINT((76.248599999999996,24.857199999999999));
#2385=IFCCARTESIANPOINT((75.447400000000002,26.791499999999999));
#2386=IFCCARTESIANPOINT((74.817800000000005,28.7883));
#2387=IFCCARTESIANPOINT((74.364599999999996,30.8324));
#2388=IFCCARTESIANPOINT((74.091300000000004,32.908299999999997));
#2389=IFCCARTESIANPOINT((74.,35.));
#2390=IFCCARTESIANPOINT((74.,55.));
#2391=IFCCARTESIANPOINT((74.,55.));
#2392=IFCCARTESIANPOINT((74.,55.));
#2393=IFCCARTESIANPOINT((50.,55.));
#2394=IFCCARTESIANPOINT((50.,55.));
#2395=IFCCARTESIANPOINT((-55.,11.));
#2396=IFCCARTESIANPOINT((-55.,0.));
#2397=IFCPOLYLINE((#2368,#2369,#2370,#2371,#2372,#2373,#2374,#2375,#2376,#2377,#2378,#2379,#2380,#2381,#2382,#2383,#2384,#2385,#2386,#2387,#2388,#2389,#2390,#2391,#2392,#2393,#2394,#2395,#2396));
#2398=IFCARBITRARYCLOSEDPROFILEDEF(.AREA.,'section',#2397);
#2399=IFCCARTESIANPOINT((0.,0.));
#2400=IFCCARTESIANTRANSFORMATIONOPERATOR2D($,$,#2399,$);
#2401=IFCCARTESIANTRANSFORMATIONOPERATOR2DNONUNIFORM($,$,#2399,1.,1.0009526851633199);
#2402=IFCDERIVEDPROFILEDEF($,$,#2398,#2401,$);
#2403=IFCCARTESIANPOINT((-55.,0.));
#2404=IFCCARTESIANPOINT((300.,0.));
#2405=IFCCARTESIANPOINT((300.,11.));
#2406=IFCCARTESIANPOINT((98.,11.));
#2407=IFCCARTESIANPOINT((95.908299999999997,11.0913));
#2408=IFCCARTESIANPOINT((93.832400000000007,11.364599999999999));
#2409=IFCCARTESIANPOINT((91.788300000000007,11.8178));
#2410=IFCCARTESIANPOINT((89.791499999999999,12.4474));
#2411=IFCCARTESIANPOINT((87.857200000000006,13.2486));
#2412=IFCCARTESIANPOINT((86.,14.215400000000001));
#2413=IFCCARTESIANPOINT((84.234200000000001,15.340400000000001));
#2414=IFCCARTESIANPOINT((82.573099999999997,16.614899999999999));
#2415=IFCCARTESIANPOINT((81.029399999999995,18.029399999999999));
#2416=IFCCARTESIANPOINT((79.614900000000006,19.5731));
#2417=IFCCARTESIANPOINT((78.340400000000002,21.234200000000001));
#2418=IFCCARTESIANPOINT((77.215400000000002,23.));
#2419=IFCCARTESIANPOINT((76.248599999999996,24.857199999999999));
#2420=IFCCARTESIANPOINT((75.447400000000002,26.791499999999999));
#2421=IFCCARTESIANPOINT((74.817800000000005,28.7883));
#2422=IFCCARTESIANPOINT((74.364599999999996,30.8324));
#2423=IFCCARTESIANPOINT((74.091300000000004,32.908299999999997));
#2424=IFCCARTESIANPOINT((74.,35.));
#2425=IFCCARTESIANPOINT((74.,55.));
#2426=IFCCARTESIANPOINT((74.,55.));
#2427=IFCCARTESIANPOINT((74.,55.));
#2428=IFCCARTESIANPOINT((50.,55.));
#2429=IFCCARTESIANPOINT((50.,55.));
#2430=IFCCARTESIANPOINT((-55.,11.));
#2431=IFCCARTESIANPOINT((-55.,0.));
#2432=IFCPOLYLINE((#2403,#2404,#2405,#2406,#2407,#2408,#2409,#2410,#2411,#2412,#2413,#2414,#2415,#2416,#2417,#2418,#2419,#2420,#2421,#2422,#2423,#2424,#2425,#2426,#2427,#2428,#2429,#2430,#2431));
#2433=IFCARBITRARYCLOSEDPROFILEDEF(.AREA.,'section',#2432);
#2434=IFCCARTESIANPOINT((0.,0.));
#2435=IFCCARTESIANTRANSFORMATIONOPERATOR2D($,$,#2434,$);
#2436=IFCCARTESIANTRANSFORMATIONOPERATOR2DNONUNIFORM($,$,#2434,1.,1.0009526851633199);
#2437=IFCDERIVEDPROFILEDEF($,$,#2433,#2436,$);
#2438=IFCCARTESIANPOINT((-55.,0.));
#2439=IFCCARTESIANPOINT((300.,0.));
#2440=IFCCARTESIANPOINT((300.,11.));
#2441=IFCCARTESIANPOINT((98.,11.));
#2442=IFCCARTESIANPOINT((95.908299999999997,11.0913));
#2443=IFCCARTESIANPOINT((93.832400000000007,11.364599999999999));
#2444=IFCCARTESIANPOINT((91.788300000000007,11.8178));
#2445=IFCCARTESIANPOINT((89.791499999999999,12.4474));
#2446=IFCCARTESIANPOINT((87.857200000000006,13.2486));
#2447=IFCCARTESIANPOINT((86.,14.215400000000001));
#2448=IFCCARTESIANPOINT((84.234200000000001,15.340400000000001));
#2449=IFCCARTESIANPOINT((82.573099999999997,16.614899999999999));
#2450=IFCCARTESIANPOINT((81.029399999999995,18.029399999999999));
#2451=IFCCARTESIANPOINT((79.614900000000006,19.5731));
#2452=IFCCARTESIANPOINT((78.340400000000002,21.234200000000001));
#2453=IFCCARTESIANPOINT((77.215400000000002,23.));
#2454=IFCCARTESIANPOINT((76.248599999999996,24.857199999999999));
#2455=IFCCARTESIANPOINT((75.447400000000002,26.791499999999999));
#2456=IFCCARTESIANPOINT((74.817800000000005,28.7883));
#2457=IFCCARTESIANPOINT((74.364599999999996,30.8324));
#2458=IFCCARTESIANPOINT((74.091300000000004,32.908299999999997));
#2459=IFCCARTESIANPOINT((74.,35.));
#2460=IFCCARTESIANPOINT((74.,55.));
#2461=IFCCARTESIANPOINT((74.,55.));
#2462=IFCCARTESIANPOINT((74.,55.));
#2463=IFCCARTESIANPOINT((50.,55.));
#2464=IFCCARTESIANPOINT((50.,55.));
#2465=IFCCARTESIANPOINT((-55.,11.));
#2466=IFCCARTESIANPOINT((-55.,0.));
#2467=IFCPOLYLINE((#2438,#2439,#2440,#2441,#2442,#2443,#2444,#2445,#2446,#2447,#2448,#2449,#2450,#2451,#2452,#2453,#2454,#2455,#2456,#2457,#2458,#2459,#2460,#2461,#2462,#2463,#2464,#2465,#2466));
#2468=IFCARBITRARYCLOSEDPROFILEDEF(.AREA.,'section',#2467);
#2469=IFCCARTESIANPOINT((0.,0.));
#2470=IFCCARTESIANTRANSFORMATIONOPERATOR2D($,$,#2469,$);
#2471=IFCCARTESIANTRANSFORMATIONOPERATOR2DNONUNIFORM($,$,#2469,1.,1.0009526851633199);
#2472=IFCDERIVEDPROFILEDEF($,$,#2468,#2471,$);
#2473=IFCCARTESIANPOINT((-55.,0.));
#2474=IFCCARTESIANPOINT((300.,0.));
#2475=IFCCARTESIANPOINT((300.,11.));
#2476=IFCCARTESIANPOINT((98.,11.));
#2477=IFCCARTESIANPOINT((95.908299999999997,11.0913));
#2478=IFCCARTESIANPOINT((93.832400000000007,11.364599999999999));
#2479=IFCCARTESIANPOINT((91.788300000000007,11.8178));
#2480=IFCCARTESIANPOINT((89.791499999999999,12.4474));
#2481=IFCCARTESIANPOINT((87.857200000000006,13.2486));
#2482=IFCCARTESIANPOINT((86.,14.215400000000001));
#2483=IFCCARTESIANPOINT((84.234200000000001,15.340400000000001));
#2484=IFCCARTESIANPOINT((82.573099999999997,16.614899999999999));
#2485=IFCCARTESIANPOINT((81.029399999999995,18.029399999999999));
#2486=IFCCARTESIANPOINT((79.614900000000006,19.5731));
#2487=IFCCARTESIANPOINT((78.340400000000002,21.234200000000001));
#2488=IFCCARTESIANPOINT((77.215400000000002,23.));
#2489=IFCCARTESIANPOINT((76.248599999999996,24.857199999999999));
#2490=IFCCARTESIANPOINT((75.447400000000002,26.791499999999999));
#2491=IFCCARTESIANPOINT((74.817800000000005,28.7883));
#2492=IFCCARTESIANPOINT((74.364599999999996,30.8324));
#2493=IFCCARTESIANPOINT((74.091300000000004,32.908299999999997));
#2494=IFCCARTESIANPOINT((74.,35.));
#2495=IFCCARTESIANPOINT((74.,55.));
#2496=IFCCARTESIANPOINT((74.,55.));
#2497=IFCCARTESIANPOINT((74.,55.));
#2498=IFCCARTESIANPOINT((50.,55.));
#2499=IFCCARTESIANPOINT((50.,55.));
#2500=IFCCARTESIANPOINT((-55.,11.));
#2501=IFCCARTESIANPOINT((-55.,0.));
#2502=IFCPOLYLINE((#2473,#2474,#2475,#2476,#2477,#2478,#2479,#2480,#2481,#2482,#2483,#2484,#2485,#2486,#2487,#2488,#2489,#2490,#2491,#2492,#2493,#2494,#2495,#2496,#2497,#2498,#2499,#2500,#2501));
#2503=IFCARBITRARYCLOSEDPROFILEDEF(.AREA.,'section',#2502);
#2504=IFCCARTESIANPOINT((0.,0.));
#2505=IFCCARTESIANTRANSFORMATIONOPERATOR2D($,$,#2504,$);
#2506=IFCCARTESIANTRANSFORMATIONOPERATOR2DNONUNIFORM($,$,#2504,1.,1.0009526851633199);
#2507=IFCDERIVEDPROFILEDEF($,$,#2503,#2506,$);
#2508=IFCCARTESIANPOINT((-55.,0.));
#2509=IFCCARTESIANPOINT((300.,0.));
#2510=IFCCARTESIANPOINT((300.,11.));
#2511=IFCCARTESIANPOINT((98.,11.));
#2512=IFCCARTESIANPOINT((95.908299999999997,11.0913));
#2513=IFCCARTESIANPOINT((93.832400000000007,11.364599999999999));
#2514=IFCCARTESIANPOINT((91.788300000000007,11.8178));
#2515=IFCCARTESIANPOINT((89.791499999999999,12.4474));
#2516=IFCCARTESIANPOINT((87.857200000000006,13.2486));
#2517=IFCCARTESIANPOINT((86.,14.215400000000001));
#2518=IFCCARTESIANPOINT((84.234200000000001,15.340400000000001));
#2519=IFCCARTESIANPOINT((82.573099999999997,16.614899999999999));
#2520=IFCCARTESIANPOINT((81.029399999999995,18.029399999999999));
#2521=IFCCARTESIANPOINT((79.614900000000006,19.5731));
#2522=IFCCARTESIANPOINT((78.340400000000002,21.234200000000001));
#2523=IFCCARTESIANPOINT((77.215400000000002,23.));
#2524=IFCCARTESIANPOINT((76.248599999999996,24.857199999999999));
#2525=IFCCARTESIANPOINT((75.447400000000002,26.791499999999999));
#2526=IFCCARTESIANPOINT((74.817800000000005,28.7883));
#2527=IFCCARTESIANPOINT((74.364599999999996,30.8324));
#2528=IFCCARTESIANPOINT((74.091300000000004,32.908299999999997));
#2529=IFCCARTESIANPOINT((74.,35.));
#2530=IFCCARTESIANPOINT((74.,55.));
#2531=IFCCARTESIANPOINT((74.,55.));
#2532=IFCCARTESIANPOINT((74.,55.));
#2533=IFCCARTESIANPOINT((50.,55.));
#2534=IFCCARTESIANPOINT((50.,55.));
#2535=IFCCARTESIANPOINT((-55.,11.));
#2536=IFCCARTESIANPOINT((-55.,0.));
#2537=IFCPOLYLINE((#2508,#2509,#2510,#2511,#2512,#2513,#2514,#2515,#2516,#2517,#2518,#2519,#2520,#2521,#2522,#2523,#2524,#2525,#2526,#2527,#2528,#2529,#2530,#2531,#2532,#2533,#2534,#2535,#2536));
#2538=IFCARBITRARYCLOSEDPROFILEDEF(.AREA.,'section',#2537);
#2539=IFCCARTESIANPOINT((0.,0.));
#2540=IFCCARTESIANTRANSFORMATIONOPERATOR2D($,$,#2539,$);
#2541=IFCCARTESIANTRANSFORMATIONOPERATOR2DNONUNIFORM($,$,#2539,1.,1.0009526851633201);
#2542=IFCDERIVEDPROFILEDEF($,$,#2538,#2541,$);
#2543=IFCCARTESIANPOINT((-55.,0.));
#2544=IFCCARTESIANPOINT((300.,0.));
#2545=IFCCARTESIANPOINT((300.,11.));
#2546=IFCCARTESIANPOINT((98.,11.));
#2547=IFCCARTESIANPOINT((95.908299999999997,11.0913));
#2548=IFCCARTESIANPOINT((93.832400000000007,11.364599999999999));
#2549=IFCCARTESIANPOINT((91.788300000000007,11.8178));
#2550=IFCCARTESIANPOINT((89.791499999999999,12.4474));
#2551=IFCCARTESIANPOINT((87.857200000000006,13.2486));
#2552=IFCCARTESIANPOINT((86.,14.215400000000001));
#2553=IFCCARTESIANPOINT((84.234200000000001,15.340400000000001));
#2554=IFCCARTESIANPOINT((82.573099999999997,16.614899999999999));
#2555=IFCCARTESIANPOINT((81.029399999999995,18.029399999999999));
#2556=IFCCARTESIANPOINT((79.614900000000006,19.5731));
#2557=IFCCARTESIANPOINT((78.340400000000002,21.234200000000001));
#2558=IFCCARTESIANPOINT((77.215400000000002,23.));
#2559=IFCCARTESIANPOINT((76.248599999999996,24.857199999999999));
#2560=IFCCARTESIANPOINT((75.447400000000002,26.791499999999999));
#2561=IFCCARTESIANPOINT((74.817800000000005,28.7883));
#2562=IFCCARTESIANPOINT((74.364599999999996,30.8324));
#2563=IFCCARTESIANPOINT((74.091300000000004,32.908299999999997));
#2564=IFCCARTESIANPOINT((74.,35.));
#2565=IFCCARTESIANPOINT((74.,55.));
#2566=IFCCARTESIANPOINT((74.,55.));
#2567=IFCCARTESIANPOINT((74.,55.));
#2568=IFCCARTESIANPOINT((50.,55.));
#2569=IFCCARTESIANPOINT((50.,55.));
#2570=IFCCARTESIANPOINT((-55.,11.));
#2571=IFCCARTESIANPOINT((-55.,0.));
#2572=IFCPOLYLINE((#2543,#2544,#2545,#2546,#2547,#2548,#2549,#2550,#2551,#2552,#2553,#2554,#2555,#2556,#2557,#2558,#2559,#2560,#2561,#2562,#2563,#2564,#2565,#2566,#2567,#2568,#2569,#2570,#2571));
#2573=IFCARBITRARYCLOSEDPROFILEDEF(.AREA.,'section',#2572);
#2574=IFCCARTESIANPOINT((0.,0.));
#2575=IFCCARTESIANTRANSFORMATIONOPERATOR2D($,$,#2574,$);
#2576=IFCCARTESIANTRANSFORMATIONOPERATOR2DNONUNIFORM($,$,#2574,1.,1.0009526851633199);
#2577=IFCDERIVEDPROFILEDEF($,$,#2573,#2576,$);
#2578=IFCCARTESIANPOINT((-55.,0.));
#2579=IFCCARTESIANPOINT((300.,0.));
#2580=IFCCARTESIANPOINT((300.,11.));
#2581=IFCCARTESIANPOINT((98.,11.));
#2582=IFCCARTESIANPOINT((95.908299999999997,11.0913));
#2583=IFCCARTESIANPOINT((93.832400000000007,11.364599999999999));
#2584=IFCCARTESIANPOINT((91.788300000000007,11.8178));
#2585=IFCCARTESIANPOINT((89.791499999999999,12.4474));
#2586=IFCCARTESIANPOINT((87.857200000000006,13.2486));
#2587=IFCCARTESIANPOINT((86.,14.215400000000001));
#2588=IFCCARTESIANPOINT((84.234200000000001,15.340400000000001));
#2589=IFCCARTESIANPOINT((82.573099999999997,16.614899999999999));
#2590=IFCCARTESIANPOINT((81.029399999999995,18.029399999999999));
#2591=IFCCARTESIANPOINT((79.614900000000006,19.5731));
#2592=IFCCARTESIANPOINT((78.340400000000002,21.234200000000001));
#2593=IFCCARTESIANPOINT((77.215400000000002,23.));
#2594=IFCCARTESIANPOINT((76.248599999999996,24.857199999999999));
#2595=IFCCARTESIANPOINT((75.447400000000002,26.791499999999999));
#2596=IFCCARTESIANPOINT((74.817800000000005,28.7883));
#2597=IFCCARTESIANPOINT((74.364599999999996,30.8324));
#2598=IFCCARTESIANPOINT((74.091300000000004,32.908299999999997));
#2599=IFCCARTESIANPOINT((74.,35.));
#2600=IFCCARTESIANPOINT((74.,55.));
#2601=IFCCARTESIANPOINT((74.,55.));
#2602=IFCCARTESIANPOINT((74.,55.));
#2603=IFCCARTESIANPOINT((50.,55.));
#2604=IFCCARTESIANPOINT((50.,55.));
#2605=IFCCARTESIANPOINT((-55.,11.));
#2606=IFCCARTESIANPOINT((-55.,0.));
#2607=IFCPOLYLINE((#2578,#2579,#2580,#2581,#2582,#2583,#2584,#2585,#2586,#2587,#2588,#2589,#2590,#2591,#2592,#2593,#2594,#2595,#2596,#2597,#2598,#2599,#2600,#2601,#2602,#2603,#2604,#2605,#2606));
#2608=IFCARBITRARYCLOSEDPROFILEDEF(.AREA.,'section',#2607);
#2609=IFCCARTESIANPOINT((0.,0.));
#2610=IFCCARTESIANTRANSFORMATIONOPERATOR2D($,$,#2609,$);
#2611=IFCCARTESIANTRANSFORMATIONOPERATOR2DNONUNIFORM($,$,#2609,1.,1.0009526851633199);
#2612=IFCDERIVEDPROFILEDEF($,$,#2608,#2611,$);
#2613=IFCCARTESIANPOINT((-55.,0.));
#2614=IFCCARTESIANPOINT((300.,0.));
#2615=IFCCARTESIANPOINT((300.,11.));
#2616=IFCCARTESIANPOINT((98.,11.));
#2617=IFCCARTESIANPOINT((95.908299999999997,11.0913));
#2618=IFCCARTESIANPOINT((93.832400000000007,11.364599999999999));
#2619=IFCCARTESIANPOINT((91.788300000000007,11.8178));
#2620=IFCCARTESIANPOINT((89.791499999999999,12.4474));
#2621=IFCCARTESIANPOINT((87.857200000000006,13.2486));
#2622=IFCCARTESIANPOINT((86.,14.215400000000001));
#2623=IFCCARTESIANPOINT((84.234200000000001,15.340400000000001));
#2624=IFCCARTESIANPOINT((82.573099999999997,16.614899999999999));
#2625=IFCCARTESIANPOINT((81.029399999999995,18.029399999999999));
#2626=IFCCARTESIANPOINT((79.614900000000006,19.5731));
#2627=IFCCARTESIANPOINT((78.340400000000002,21.234200000000001));
#2628=IFCCARTESIANPOINT((77.215400000000002,23.));
#2629=IFCCARTESIANPOINT((76.248599999999996,24.857199999999999));
#2630=IFCCARTESIANPOINT((75.447400000000002,26.791499999999999));
#2631=IFCCARTESIANPOINT((74.817800000000005,28.7883));
#2632=IFCCARTESIANPOINT((74.364599999999996,30.8324));
#2633=IFCCARTESIANPOINT((74.091300000000004,32.908299999999997));
#2634=IFCCARTESIANPOINT((74.,35.));
#2635=IFCCARTESIANPOINT((74.,55.));
#2636=IFCCARTESIANPOINT((74.,55.));
#2637=IFCCARTESIANPOINT((74.,55.));
#2638=IFCCARTESIANPOINT((50.,55.));
#2639=IFCCARTESIANPOINT((50.,55.));
#2640=IFCCARTESIANPOINT((-55.,11.));
#2641=IFCCARTESIANPOINT((-55.,0.));
#2642=IFCPOLYLINE((#2613,#2614,#2615,#2616,#2617,#2618,#2619,#2620,#2621,#2622,#2623,#2624,#2625,#2626,#2627,#2628,#2629,#2630,#2631,#2632,#2633,#2634,#2635,#2636,#2637,#2638,#2639,#2640,#2641));
#2643=IFCARBITRARYCLOSEDPROFILEDEF(.AREA.,'section',#2642);
#2644=IFCCARTESIANPOINT((0.,0.));
#2645=IFCCARTESIANTRANSFORMATIONOPERATOR2D($,$,#2644,$);
#2646=IFCCARTESIANTRANSFORMATIONOPERATOR2DNONUNIFORM($,$,#2644,1.,1.0002380295646816);
#2647=IFCDERIVEDPROFILEDEF($,$,#2643,#2646,$);
#2648=IFCCARTESIANPOINT((-55.,0.));
#2649=IFCCARTESIANPOINT((300.,0.));
#2650=IFCCARTESIANPOINT((300.,11.));
#2651=IFCCARTESIANPOINT((98.,11.));
#2652=IFCCARTESIANPOINT((95.908299999999997,11.0913));
#2653=IFCCARTESIANPOINT((93.832400000000007,11.364599999999999));
#2654=IFCCARTESIANPOINT((91.788300000000007,11.8178));
#2655=IFCCARTESIANPOINT((89.791499999999999,12.4474));
#2656=IFCCARTESIANPOINT((87.857200000000006,13.2486));
#2657=IFCCARTESIANPOINT((86.,14.215400000000001));
#2658=IFCCARTESIANPOINT((84.234200000000001,15.340400000000001));
#2659=IFCCARTESIANPOINT((82.573099999999997,16.614899999999999));
#2660=IFCCARTESIANPOINT((81.029399999999995,18.029399999999999));
#2661=IFCCARTESIANPOINT((79.614900000000006,19.5731));
#2662=IFCCARTESIANPOINT((78.340400000000002,21.234200000000001));
#2663=IFCCARTESIANPOINT((77.215400000000002,23.));
#2664=IFCCARTESIANPOINT((76.248599999999996,24.857199999999999));
#2665=IFCCARTESIANPOINT((75.447400000000002,26.791499999999999));
#2666=IFCCARTESIANPOINT((74.817800000000005,28.7883));
#2667=IFCCARTESIANPOINT((74.364599999999996,30.8324));
#2668=IFCCARTESIANPOINT((74.091300000000004,32.908299999999997));
#2669=IFCCARTESIANPOINT((74.,35.));
#2670=IFCCARTESIANPOINT((74.,55.));
#2671=IFCCARTESIANPOINT((74.,55.));
#2672=IFCCARTESIANPOINT((74.,55.));
#2673=IFCCARTESIANPOINT((50.,55.));
#2674=IFCCARTESIANPOINT((50.,55.));
#2675=IFCCARTESIANPOINT((-55.,11.));
#2676=IFCCARTESIANPOINT((-55.,0.));
#2677=IFCPOLYLINE((#2648,#2649,#2650,#2651,#2652,#2653,#2654,#2655,#2656,#2657,#2658,#2659,#2660,#2661,#2662,#2663,#2664,#2665,#2666,#2667,#2668,#2669,#2670,#2671,#2672,#2673,#2674,#2675,#2676));
#2678=IFCARBITRARYCLOSEDPROFILEDEF(.AREA.,'section',#2677);
#2679=IFCCARTESIANPOINT((0.,0.));
#2680=IFCCARTESIANTRANSFORMATIONOPERATOR2D($,$,#2679,$);
#2681=IFCCARTESIANTRANSFORMATIONOPERATOR2DNONUNIFORM($,$,#2679,1.,1.0002380295646816);
#2682=IFCDERIVEDPROFILEDEF($,$,#2678,#2681,$);
#2683=IFCCARTESIANPOINT((-55.,0.));
#2684=IFCCARTESIANPOINT((300.,0.));
#2685=IFCCARTESIANPOINT((300.,11.));
#2686=IFCCARTESIANPOINT((98.,11.));
#2687=IFCCARTESIANPOINT((95.908299999999997,11.0913));
#2688=IFCCARTESIANPOINT((93.832400000000007,11.364599999999999));
#2689=IFCCARTESIANPOINT((91.788300000000007,11.8178));
#2690=IFCCARTESIANPOINT((89.791499999999999,12.4474));
#2691=IFCCARTESIANPOINT((87.857200000000006,13.2486));
#2692=IFCCARTESIANPOINT((86.,14.215400000000001));
#2693=IFCCARTESIANPOINT((84.234200000000001,15.340400000000001));
#2694=IFCCARTESIANPOINT((82.573099999999997,16.614899999999999));
#2695=IFCCARTESIANPOINT((81.029399999999995,18.029399999999999));
#2696=IFCCARTESIANPOINT((79.614900000000006,19.5731));
#2697=IFCCARTESIANPOINT((78.340400000000002,21.234200000000001));
#2698=IFCCARTESIANPOINT((77.215400000000002,23.));
#2699=IFCCARTESIANPOINT((76.248599999999996,24.857199999999999));
#2700=IFCCARTESIANPOINT((75.447400000000002,26.791499999999999));
#2701=IFCCARTESIANPOINT((74.817800000000005,28.7883));
#2702=IFCCARTESIANPOINT((74.364599999999996,30.8324));
#2703=IFCCARTESIANPOINT((74.091300000000004,32.908299999999997));
#2704=IFCCARTESIANPOINT((74.,35.));
#2705=IFCCARTESIANPOINT((74.,55.));
#2706=IFCCARTESIANPOINT((74.,55.));
#2707=IFCCARTESIANPOINT((74.,55.));
#2708=IFCCARTESIANPOINT((50.,55.));
#2709=IFCCARTESIANPOINT((50.,55.));
#2710=IFCCARTESIANPOINT((-55.,11.));
#2711=IFCCARTESIANPOINT((-55.,0.));
#2712=IFCPOLYLINE((#2683,#2684,#2685,#2686,#2687,#2688,#2689,#2690,#2691,#2692,#2693,#2694,#2695,#2696,#2697,#2698,#2699,#2700,#2701,#2702,#2703,#2704,#2705,#2706,#2707,#2708,#2709,#2710,#2711));
#2713=IFCARBITRARYCLOSEDPROFILEDEF(.AREA.,'section',#2712);
#2714=IFCCARTESIANPOINT((0.,0.));
#2715=IFCCARTESIANTRANSFORMATIONOPERATOR2D($,$,#2714,$);
#2716=IFCCARTESIANTRANSFORMATIONOPERATOR2DNONUNIFORM($,$,#2714,1.,1.0009526851633199);
#2717=IFCDERIVEDPROFILEDEF($,$,#2713,#2716,$);
#2718=IFCCARTESIANPOINT((-55.,0.));
#2719=IFCCARTESIANPOINT((300.,0.));
#2720=IFCCARTESIANPOINT((300.,11.));
#2721=IFCCARTESIANPOINT((98.,11.));
#2722=IFCCARTESIANPOINT((95.908299999999997,11.0913));
#2723=IFCCARTESIANPOINT((93.832400000000007,11.364599999999999));
#2724=IFCCARTESIANPOINT((91.788300000000007,11.8178));
#2725=IFCCARTESIANPOINT((89.791499999999999,12.4474));
#2726=IFCCARTESIANPOINT((87.857200000000006,13.2486));
#2727=IFCCARTESIANPOINT((86.,14.215400000000001));
#2728=IFCCARTESIANPOINT((84.234200000000001,15.340400000000001));
#2729=IFCCARTESIANPOINT((82.573099999999997,16.614899999999999));
#2730=IFCCARTESIANPOINT((81.029399999999995,18.029399999999999));
#2731=IFCCARTESIANPOINT((79.614900000000006,19.5731));
#2732=IFCCARTESIANPOINT((78.340400000000002,21.234200000000001));
#2733=IFCCARTESIANPOINT((77.215400000000002,23.));
#2734=IFCCARTESIANPOINT((76.248599999999996,24.857199999999999));
#2735=IFCCARTESIANPOINT((75.447400000000002,26.791499999999999));
#2736=IFCCARTESIANPOINT((74.817800000000005,28.7883));
#2737=IFCCARTESIANPOINT((74.364599999999996,30.8324));
#2738=IFCCARTESIANPOINT((74.091300000000004,32.908299999999997));
#2739=IFCCARTESIANPOINT((74.,35.));
#2740=IFCCARTESIANPOINT((74.,55.));
#2741=IFCCARTESIANPOINT((74.,55.));
#2742=IFCCARTESIANPOINT((74.,55.));
#2743=IFCCARTESIANPOINT((50.,55.));
#2744=IFCCARTESIANPOINT((50.,55.));
#2745=IFCCARTESIANPOINT((-55.,11.));
#2746=IFCCARTESIANPOINT((-55.,0.));
#2747=IFCPOLYLINE((#2718,#2719,#2720,#2721,#2722,#2723,#2724,#2725,#2726,#2727,#2728,#2729,#2730,#2731,#2732,#2733,#2734,#2735,#2736,#2737,#2738,#2739,#2740,#2741,#2742,#2743,#2744,#2745,#2746));
#2748=IFCARBITRARYCLOSEDPROFILEDEF(.AREA.,'section',#2747);
#2749=IFCCARTESIANPOINT((0.,0.));
#2750=IFCCARTESIANTRANSFORMATIONOPERATOR2D($,$,#2749,$);
#2751=IFCCARTESIANTRANSFORMATIONOPERATOR2DNONUNIFORM($,$,#2749,1.,1.0009526851633199);
#2752=IFCDERIVEDPROFILEDEF($,$,#2748,#2751,$);
#2753=IFCCARTESIANPOINT((-55.,0.));
#2754=IFCCARTESIANPOINT((300.,0.));
#2755=IFCCARTESIANPOINT((300.,11.));
#2756=IFCCARTESIANPOINT((98.,11.));
#2757=IFCCARTESIANPOINT((95.908299999999997,11.0913));
#2758=IFCCARTESIANPOINT((93.832400000000007,11.364599999999999));
#2759=IFCCARTESIANPOINT((91.788300000000007,11.8178));
#2760=IFCCARTESIANPOINT((89.791499999999999,12.4474));
#2761=IFCCARTESIANPOINT((87.857200000000006,13.2486));
#2762=IFCCARTESIANPOINT((86.,14.215400000000001));
#2763=IFCCARTESIANPOINT((84.234200000000001,15.340400000000001));
#2764=IFCCARTESIANPOINT((82.573099999999997,16.614899999999999));
#2765=IFCCARTESIANPOINT((81.029399999999995,18.029399999999999));
#2766=IFCCARTESIANPOINT((79.614900000000006,19.5731));
#2767=IFCCARTESIANPOINT((78.340400000000002,21.234200000000001));
#2768=IFCCARTESIANPOINT((77.215400000000002,23.));
#2769=IFCCARTESIANPOINT((76.248599999999996,24.857199999999999));
#2770=IFCCARTESIANPOINT((75.447400000000002,26.791499999999999));
#2771=IFCCARTESIANPOINT((74.817800000000005,28.7883));
#2772=IFCCARTESIANPOINT((74.364599999999996,30.8324));
#2773=IFCCARTESIANPOINT((74.091300000000004,32.908299999999997));
#2774=IFCCARTESIANPOINT((74.,35.));
#2775=IFCCARTESIANPOINT((74.,55.));
#2776=IFCCARTESIANPOINT((74.,55.));
#2777=IFCCARTESIANPOINT((74.,55.));
#2778=IFCCARTESIANPOINT((50.,55.));
#2779=IFCCARTESIANPOINT((50.,55.));
#2780=IFCCARTESIANPOINT((-55.,11.));
#2781=IFCCARTESIANPOINT((-55.,0.));
#2782=IFCPOLYLINE((#2753,#2754,#2755,#2756,#2757,#2758,#2759,#2760,#2761,#2762,#2763,#2764,#2765,#2766,#2767,#2768,#2769,#2770,#2771,#2772,#2773,#2774,#2775,#2776,#2777,#2778,#2779,#2780,#2781));
#2783=IFCARBITRARYCLOSEDPROFILEDEF(.AREA.,'section',#2782);
#2784=IFCCARTESIANPOINT((0.,0.));
#2785=IFCCARTESIANTRANSFORMATIONOPERATOR2D($,$,#2784,$);
#2786=IFCCARTESIANTRANSFORMATIONOPERATOR2DNONUNIFORM($,$,#2784,1.,1.0009526851633201);
#2787=IFCDERIVEDPROFILEDEF($,$,#2783,#2786,$);
#2788=IFCCARTESIANPOINT((-55.,0.));
#2789=IFCCARTESIANPOINT((300.,0.));
#2790=IFCCARTESIANPOINT((300.,11.));
#2791=IFCCARTESIANPOINT((98.,11.));
#2792=IFCCARTESIANPOINT((95.908299999999997,11.0913));
#2793=IFCCARTESIANPOINT((93.832400000000007,11.364599999999999));
#2794=IFCCARTESIANPOINT((91.788300000000007,11.8178));
#2795=IFCCARTESIANPOINT((89.791499999999999,12.4474));
#2796=IFCCARTESIANPOINT((87.857200000000006,13.2486));
#2797=IFCCARTESIANPOINT((86.,14.215400000000001));
#2798=IFCCARTESIANPOINT((84.234200000000001,15.340400000000001));
#2799=IFCCARTESIANPOINT((82.573099999999997,16.614899999999999));
#2800=IFCCARTESIANPOINT((81.029399999999995,18.029399999999999));
#2801=IFCCARTESIANPOINT((79.614900000000006,19.5731));
#2802=IFCCARTESIANPOINT((78.340400000000002,21.234200000000001));
#2803=IFCCARTESIANPOINT((77.215400000000002,23.));
#2804=IFCCARTESIANPOINT((76.248599999999996,24.857199999999999));
#2805=IFCCARTESIANPOINT((75.447400000000002,26.791499999999999));
#2806=IFCCARTESIANPOINT((74.817800000000005,28.7883));
#2807=IFCCARTESIANPOINT((74.364599999999996,30.8324));
#2808=IFCCARTESIANPOINT((74.091300000000004,32.908299999999997));
#2809=IFCCARTESIANPOINT((74.,35.));
#2810=IFCCARTESIANPOINT((74.,55.));
#2811=IFCCARTESIANPOINT((74.,55.));
#2812=IFCCARTESIANPOINT((74.,55.));
#2813=IFCCARTESIANPOINT((50.,55.));
#2814=IFCCARTESIANPOINT((50.,55.));
#2815=IFCCARTESIANPOINT((-55.,11.));
#2816=IFCCARTESIANPOINT((-55.,0.));
#2817=IFCPOLYLINE((#2788,#2789,#2790,#2791,#2792,#2793,#2794,#2795,#2796,#2797,#2798,#2799,#2800,#2801,#2802,#2803,#2804,#2805,#2806,#2807,#2808,#2809,#2810,#2811,#2812,#2813,#2814,#2815,#2816));
#2818=IFCARBITRARYCLOSEDPROFILEDEF(.AREA.,'section',#2817);
#2819=IFCCARTESIANPOINT((0.,0.));
#2820=IFCCARTESIANTRANSFORMATIONOPERATOR2D($,$,#2819,$);
#2821=IFCCARTESIANTRANSFORMATIONOPERATOR2DNONUNIFORM($,$,#2819,1.,1.0009526851633199);
#2822=IFCDERIVEDPROFILEDEF($,$,#2818,#2821,$);
#2823=IFCCARTESIANPOINT((-55.,0.));
#2824=IFCCARTESIANPOINT((300.,0.));
#2825=IFCCARTESIANPOINT((300.,11.));
#2826=IFCCARTESIANPOINT((98.,11.));
#2827=IFCCARTESIANPOINT((95.908299999999997,11.0913));
#2828=IFCCARTESIANPOINT((93.832400000000007,11.364599999999999));
#2829=IFCCARTESIANPOINT((91.788300000000007,11.8178));
#2830=IFCCARTESIANPOINT((89.791499999999999,12.4474));
#2831=IFCCARTESIANPOINT((87.857200000000006,13.2486));
#2832=IFCCARTESIANPOINT((86.,14.215400000000001));
#2833=IFCCARTESIANPOINT((84.234200000000001,15.340400000000001));
#2834=IFCCARTESIANPOINT((82.573099999999997,16.614899999999999));
#2835=IFCCARTESIANPOINT((81.029399999999995,18.029399999999999));
#2836=IFCCARTESIANPOINT((79.614900000000006,19.5731));
#2837=IFCCARTESIANPOINT((78.340400000000002,21.234200000000001));
#2838=IFCCARTESIANPOINT((77.215400000000002,23.));
#2839=IFCCARTESIANPOINT((76.248599999999996,24.857199999999999));
#2840=IFCCARTESIANPOINT((75.447400000000002,26.791499999999999));
#2841=IFCCARTESIANPOINT((74.817800000000005,28.7883));
#2842=IFCCARTESIANPOINT((74.364599999999996,30.8324));
#2843=IFCCARTESIANPOINT((74.091300000000004,32.908299999999997));
#2844=IFCCARTESIANPOINT((74.,35.));
#2845=IFCCARTESIANPOINT((74.,55.));
#2846=IFCCARTESIANPOINT((74.,55.));
#2847=IFCCARTESIANPOINT((74.,55.));
#2848=IFCCARTESIANPOINT((50.,55.));
#2849=IFCCARTESIANPOINT((50.,55.));
#2850=IFCCARTESIANPOINT((-55.,11.));
#2851=IFCCARTESIANPOINT((-55.,0.));
#2852=IFCPOLYLINE((#2823,#2824,#2825,#2826,#2827,#2828,#2829,#2830,#2831,#2832,#2833,#2834,#2835,#2836,#2837,#2838,#2839,#2840,#2841,#2842,#2843,#2844,#2845,#2846,#2847,#2848,#2849,#2850,#2851));
#2853=IFCARBITRARYCLOSEDPROFILEDEF(.AREA.,'section',#2852);
#2854=IFCCARTESIANPOINT((0.,0.));
#2855=IFCCARTESIANTRANSFORMATIONOPERATOR2D($,$,#2854,$);
#2856=IFCCARTESIANTRANSFORMATIONOPERATOR2DNONUNIFORM($,$,#2854,1.,1.0009526851633201);
#2857=IFCDERIVEDPROFILEDEF($,$,#2853,#2856,$);
#2858=IFCCARTESIANPOINT((-55.,0.));
#2859=IFCCARTESIANPOINT((300.,0.));
#2860=IFCCARTESIANPOINT((300.,11.));
#2861=IFCCARTESIANPOINT((98.,11.));
#2862=IFCCARTESIANPOINT((95.908299999999997,11.0913));
#2863=IFCCARTESIANPOINT((93.832400000000007,11.364599999999999));
#2864=IFCCARTESIANPOINT((91.788300000000007,11.8178));
#2865=IFCCARTESIANPOINT((89.791499999999999,12.4474));
#2866=IFCCARTESIANPOINT((87.857200000000006,13.2486));
#2867=IFCCARTESIANPOINT((86.,14.215400000000001));
#2868=IFCCARTESIANPOINT((84.234200000000001,15.340400000000001));
#2869=IFCCARTESIANPOINT((82.573099999999997,16.614899999999999));
#2870=IFCCARTESIANPOINT((81.029399999999995,18.029399999999999));
#2871=IFCCARTESIANPOINT((79.614900000000006,19.5731));
#2872=IFCCARTESIANPOINT((78.340400000000002,21.234200000000001));
#2873=IFCCARTESIANPOINT((77.215400000000002,23.));
#2874=IFCCARTESIANPOINT((76.248599999999996,24.857199999999999));
#2875=IFCCARTESIANPOINT((75.447400000000002,26.791499999999999));
#2876=IFCCARTESIANPOINT((74.817800000000005,28.7883));
#2877=IFCCARTESIANPOINT((74.364599999999996,30.8324));
#2878=IFCCARTESIANPOINT((74.091300000000004,32.908299999999997));
#2879=IFCCARTESIANPOINT((74.,35.));
#2880=IFCCARTESIANPOINT((74.,55.));
#2881=IFCCARTESIANPOINT((74.,55.));
#2882=IFCCARTESIANPOINT((74.,55.));
#2883=IFCCARTESIANPOINT((50.,55.));
#2884=IFCCARTESIANPOINT((50.,55.));
#2885=IFCCARTESIANPOINT((-55.,11.));
#2886=IFCCARTESIANPOINT((-55.,0.));
#2887=IFCPOLYLINE((#2858,#2859,#2860,#2861,#2862,#2863,#2864,#2865,#2866,#2867,#2868,#2869,#2870,#2871,#2872,#2873,#2874,#2875,#2876,#2877,#2878,#2879,#2880,#2881,#2882,#2883,#2884,#2885,#2886));
#2888=IFCARBITRARYCLOSEDPROFILEDEF(.AREA.,'section',#2887);
#2889=IFCCARTESIANPOINT((0.,0.));
#2890=IFCCARTESIANTRANSFORMATIONOPERATOR2D($,$,#2889,$);
#2891=IFCCARTESIANTRANSFORMATIONOPERATOR2DNONUNIFORM($,$,#2889,1.,1.0009526851633201);
#2892=IFCDERIVEDPROFILEDEF($,$,#2888,#2891,$);
#2893=IFCCARTESIANPOINT((-55.,0.));
#2894=IFCCARTESIANPOINT((300.,0.));
#2895=IFCCARTESIANPOINT((300.,11.));
#2896=IFCCARTESIANPOINT((98.,11.));
#2897=IFCCARTESIANPOINT((95.908299999999997,11.0913));
#2898=IFCCARTESIANPOINT((93.832400000000007,11.364599999999999));
#2899=IFCCARTESIANPOINT((91.788300000000007,11.8178));
#2900=IFCCARTESIANPOINT((89.791499999999999,12.4474));
#2901=IFCCARTESIANPOINT((87.857200000000006,13.2486));
#2902=IFCCARTESIANPOINT((86.,14.215400000000001));
#2903=IFCCARTESIANPOINT((84.234200000000001,15.340400000000001));
#2904=IFCCARTESIANPOINT((82.573099999999997,16.614899999999999));
#2905=IFCCARTESIANPOINT((81.029399999999995,18.029399999999999));
#2906=IFCCARTESIANPOINT((79.614900000000006,19.5731));
#2907=IFCCARTESIANPOINT((78.340400000000002,21.234200000000001));
#2908=IFCCARTESIANPOINT((77.215400000000002,23.));
#2909=IFCCARTESIANPOINT((76.248599999999996,24.857199999999999));
#2910=IFCCARTESIANPOINT((75.447400000000002,26.791499999999999));
#2911=IFCCARTESIANPOINT((74.817800000000005,28.7883));
#2912=IFCCARTESIANPOINT((74.364599999999996,30.8324));
#2913=IFCCARTESIANPOINT((74.091300000000004,32.908299999999997));
#2914=IFCCARTESIANPOINT((74.,35.));
#2915=IFCCARTESIANPOINT((74.,55.));
#2916=IFCCARTESIANPOINT((74.,55.));
#2917=IFCCARTESIANPOINT((74.,55.));
#2918=IFCCARTESIANPOINT((50.,55.));
#2919=IFCCARTESIANPOINT((50.,55.));
#2920=IFCCARTESIANPOINT((-55.,11.));
#2921=IFCCARTESIANPOINT((-55.,0.));
#2922=IFCPOLYLINE((#2893,#2894,#2895,#2896,#2897,#2898,#2899,#2900,#2901,#2902,#2903,#2904,#2905,#2906,#2907,#2908,#2909,#2910,#2911,#2912,#2913,#2914,#2915,#2916,#2917,#2918,#2919,#2920,#2921));
#2923=IFCARBITRARYCLOSEDPROFILEDEF(.AREA.,'section',#2922);
#2924=IFCCARTESIANPOINT((0.,0.));
#2925=IFCCARTESIANTRANSFORMATIONOPERATOR2D($,$,#2924,$);
#2926=IFCCARTESIANTRANSFORMATIONOPERATOR2DNONUNIFORM($,$,#2924,1.,1.0009526851633199);
#2927=IFCDERIVEDPROFILEDEF($,$,#2923,#2926,$);
#2928=IFCCARTESIANPOINT((-55.,0.));
#2929=IFCCARTESIANPOINT((300.,0.));
#2930=IFCCARTESIANPOINT((300.,11.));
#2931=IFCCARTESIANPOINT((98.,11.));
#2932=IFCCARTESIANPOINT((95.908299999999997,11.0913));
#2933=IFCCARTESIANPOINT((93.832400000000007,11.364599999999999));
#2934=IFCCARTESIANPOINT((91.788300000000007,11.8178));
#2935=IFCCARTESIANPOINT((89.791499999999999,12.4474));
#2936=IFCCARTESIANPOINT((87.857200000000006,13.2486));
#2937=IFCCARTESIANPOINT((86.,14.215400000000001));
#2938=IFCCARTESIANPOINT((84.234200000000001,15.340400000000001));
#2939=IFCCARTESIANPOINT((82.573099999999997,16.614899999999999));
#2940=IFCCARTESIANPOINT((81.029399999999995,18.029399999999999));
#2941=IFCCARTESIANPOINT((79.614900000000006,19.5731));
#2942=IFCCARTESIANPOINT((78.340400000000002,21.234200000000001));
#2943=IFCCARTESIANPOINT((77.215400000000002,23.));
#2944=IFCCARTESIANPOINT((76.248599999999996,24.857199999999999));
#2945=IFCCARTESIANPOINT((75.447400000000002,26.791499999999999));
#2946=IFCCARTESIANPOINT((74.817800000000005,28.7883));
#2947=IFCCARTESIANPOINT((74.364599999999996,30.8324));
#2948=IFCCARTESIANPOINT((74.091300000000004,32.908299999999997));
#2949=IFCCARTESIANPOINT((74.,35.));
#2950=IFCCARTESIANPOINT((74.,55.));
#2951=IFCCARTESIANPOINT((74.,55.));
#2952=IFCCARTESIANPOINT((74.,55.));
#2953=IFCCARTESIANPOINT((50.,55.));
#2954=IFCCARTESIANPOINT((50.,55.));
#2955=IFCCARTESIANPOINT((-55.,11.));
#2956=IFCCARTESIANPOINT((-55.,0.));
#2957=IFCPOLYLINE((#2928,#2929,#2930,#2931,#2932,#2933,#2934,#2935,#2936,#2937,#2938,#2939,#2940,#2941,#2942,#2943,#2944,#2945,#2946,#2947,#2948,#2949,#2950,#2951,#2952,#2953,#2954,#2955,#2956));
#2958=IFCARBITRARYCLOSEDPROFILEDEF(.AREA.,'section',#2957);
#2959=IFCCARTESIANPOINT((0.,0.));
#2960=IFCCARTESIANTRANSFORMATIONOPERATOR2D($,$,#2959,$);
#2961=IFCCARTESIANTRANSFORMATIONOPERATOR2DNONUNIFORM($,$,#2959,1.,1.0009526851633199);
#2962=IFCDERIVEDPROFILEDEF($,$,#2958,#2961,$);
#2963=IFCCARTESIANPOINT((-55.,0.));
#2964=IFCCARTESIANPOINT((300.,0.));
#2965=IFCCARTESIANPOINT((300.,11.));
#2966=IFCCARTESIANPOINT((98.,11.));
#2967=IFCCARTESIANPOINT((95.908299999999997,11.0913));
#2968=IFCCARTESIANPOINT((93.832400000000007,11.364599999999999));
#2969=IFCCARTESIANPOINT((91.788300000000007,11.8178));
#2970=IFCCARTESIANPOINT((89.791499999999999,12.4474));
#2971=IFCCARTESIANPOINT((87.857200000000006,13.2486));
#2972=IFCCARTESIANPOINT((86.,14.215400000000001));
#2973=IFCCARTESIANPOINT((84.234200000000001,15.340400000000001));
#2974=IFCCARTESIANPOINT((82.573099999999997,16.614899999999999));
#2975=IFCCARTESIANPOINT((81.029399999999995,18.029399999999999));
#2976=IFCCARTESIANPOINT((79.614900000000006,19.5731));
#2977=IFCCARTESIANPOINT((78.340400000000002,21.234200000000001));
#2978=IFCCARTESIANPOINT((77.215400000000002,23.));
#2979=IFCCARTESIANPOINT((76.248599999999996,24.857199999999999));
#2980=IFCCARTESIANPOINT((75.447400000000002,26.791499999999999));
#2981=IFCCARTESIANPOINT((74.817800000000005,28.7883));
#2982=IFCCARTESIANPOINT((74.364599999999996,30.8324));
#2983=IFCCARTESIANPOINT((74.091300000000004,32.908299999999997));
#2984=IFCCARTESIANPOINT((74.,35.));
#2985=IFCCARTESIANPOINT((74.,55.));
#2986=IFCCARTESIANPOINT((74.,55.));
#2987=IFCCARTESIANPOINT((74.,55.));
#2988=IFCCARTESIANPOINT((50.,55.));
#2989=IFCCARTESIANPOINT((50.,55.));
#2990=IFCCARTESIANPOINT((-55.,11.));
#2991=IFCCARTESIANPOINT((-55.,0.));
#2992=IFCPOLYLINE((#2963,#2964,#2965,#2966,#2967,#2968,#2969,#2970,#2971,#2972,#2973,#2974,#2975,#2976,#2977,#2978,#2979,#2980,#2981,#2982,#2983,#2984,#2985,#2986,#2987,#2988,#2989,#2990,#2991));
#2993=IFCARBITRARYCLOSEDPROFILEDEF(.AREA.,'section',#2992);
#2994=IFCCARTESIANPOINT((0.,0.));
#2995=IFCCARTESIANTRANSFORMATIONOPERATOR2D($,$,#2994,$);
#2996=IFCCARTESIANTRANSFORMATIONOPERATOR2DNONUNIFORM($,$,#2994,1.,1.0009526851633199);
#2997=IFCDERIVEDPROFILEDEF($,$,#2993,#2996,$);
#2998=IFCCARTESIANPOINT((-55.,0.));
#2999=IFCCARTESIANPOINT((300.,0.));
#3000=IFCCARTESIANPOINT((300.,11.));
#3001=IFCCARTESIANPOINT((98.,11.));
#3002=IFCCARTESIANPOINT((95.908299999999997,11.0913));
#3003=IFCCARTESIANPOINT((93.832400000000007,11.364599999999999));
#3004=IFCCARTESIANPOINT((91.788300000000007,11.8178));
#3005=IFCCARTESIANPOINT((89.791499999999999,12.4474));
#3006=IFCCARTESIANPOINT((87.857200000000006,13.2486));
#3007=IFCCARTESIANPOINT((86.,14.215400000000001));
#3008=IFCCARTESIANPOINT((84.234200000000001,15.340400000000001));
#3009=IFCCARTESIANPOINT((82.573099999999997,16.614899999999999));
#3010=IFCCARTESIANPOINT((81.029399999999995,18.029399999999999));
#3011=IFCCARTESIANPOINT((79.614900000000006,19.5731));
#3012=IFCCARTESIANPOINT((78.340400000000002,21.234200000000001));
#3013=IFCCARTESIANPOINT((77.215400000000002,23.));
#3014=IFCCARTESIANPOINT((76.248599999999996,24.857199999999999));
#3015=IFCCARTESIANPOINT((75.447400000000002,26.791499999999999));
#3016=IFCCARTESIANPOINT((74.817800000000005,28.7883));
#3017=IFCCARTESIANPOINT((74.364599999999996,30.8324));
#3018=IFCCARTESIANPOINT((74.091300000000004,32.908299999999997));
#3019=IFCCARTESIANPOINT((74.,35.));
#3020=IFCCARTESIANPOINT((74.,55.));
#3021=IFCCARTESIANPOINT((74.,55.));
#3022=IFCCARTESIANPOINT((74.,55.));
#3023=IFCCARTESIANPOINT((50.,55.));
#3024=IFCCARTESIANPOINT((50.,55.));
#3025=IFCCARTESIANPOINT((-55.,11.));
#3026=IFCCARTESIANPOINT((-55.,0.));
#3027=IFCPOLYLINE((#2998,#2999,#3000,#3001,#3002,#3003,#3004,#3005,#3006,#3007,#3008,#3009,#3010,#3011,#3012,#3013,#3014,#3015,#3016,#3017,#3018,#3019,#3020,#3021,#3022,#3023,#3024,#3025,#3026));
#3028=IFCARBITRARYCLOSEDPROFILEDEF(.AREA.,'section',#3027);
#3029=IFCCARTESIANPOINT((0.,0.));
#3030=IFCCARTESIANTRANSFORMATIONOPERATOR2D($,$,#3029,$);
#3031=IFCCARTESIANTRANSFORMATIONOPERATOR2DNONUNIFORM($,$,#3029,1.,1.0009526851633201);
#3032=IFCDERIVEDPROFILEDEF($,$,#3028,#3031,$);
#3033=IFCCARTESIANPOINT((-55.,0.));
#3034=IFCCARTESIANPOINT((300.,0.));
#3035=IFCCARTESIANPOINT((300.,11.));
#3036=IFCCARTESIANPOINT((98.,11.));
#3037=IFCCARTESIANPOINT((95.908299999999997,11.0913));
#3038=IFCCARTESIANPOINT((93.832400000000007,11.364599999999999));
#3039=IFCCARTESIANPOINT((91.788300000000007,11.8178));
#3040=IFCCARTESIANPOINT((89.791499999999999,12.4474));
#3041=IFCCARTESIANPOINT((87.857200000000006,13.2486));
#3042=IFCCARTESIANPOINT((86.,14.215400000000001));
#3043=IFCCARTESIANPOINT((84.234200000000001,15.340400000000001));
#3044=IFCCARTESIANPOINT((82.573099999999997,16.614899999999999));
#3045=IFCCARTESIANPOINT((81.029399999999995,18.029399999999999));
#3046=IFCCARTESIANPOINT((79.614900000000006,19.5731));
#3047=IFCCARTESIANPOINT((78.340400000000002,21.234200000000001));
#3048=IFCCARTESIANPOINT((77.215400000000002,23.));
#3049=IFCCARTESIANPOINT((76.248599999999996,24.857199999999999));
#3050=IFCCARTESIANPOINT((75.447400000000002,26.791499999999999));
#3051=IFCCARTESIANPOINT((74.817800000000005,28.7883));
#3052=IFCCARTESIANPOINT((74.364599999999996,30.8324));
#3053=IFCCARTESIANPOINT((74.091300000000004,32.908299999999997));
#3054=IFCCARTESIANPOINT((74.,35.));
#3055=IFCCARTESIANPOINT((74.,55.));
#3056=IFCCARTESIANPOINT((74.,55.));
#3057=IFCCARTESIANPOINT((74.,55.));
#3058=IFCCARTESIANPOINT((50.,55.));
#3059=IFCCARTESIANPOINT((50.,55.));
#3060=IFCCARTESIANPOINT((-55.,11.));
#3061=IFCCARTESIANPOINT((-55.,0.));
#3062=IFCPOLYLINE((#3033,#3034,#3035,#3036,#3037,#3038,#3039,#3040,#3041,#3042,#3043,#3044,#3045,#3046,#3047,#3048,#3049,#3050,#3051,#3052,#3053,#3054,#3055,#3056,#3057,#3058,#3059,#3060,#3061));
#3063=IFCARBITRARYCLOSEDPROFILEDEF(.AREA.,'section',#3062);
#3064=IFCCARTESIANPOINT((0.,0.));
#3065=IFCCARTESIANTRANSFORMATIONOPERATOR2D($,$,#3064,$);
#3066=IFCCARTESIANTRANSFORMATIONOPERATOR2DNONUNIFORM($,$,#3064,1.,1.0009526851633199);
#3067=IFCDERIVEDPROFILEDEF($,$,#3063,#3066,$);
#3068=IFCCARTESIANPOINT((-55.,0.));
#3069=IFCCARTESIANPOINT((300.,0.));
#3070=IFCCARTESIANPOINT((300.,11.));
#3071=IFCCARTESIANPOINT((98.,11.));
#3072=IFCCARTESIANPOINT((95.908299999999997,11.0913));
#3073=IFCCARTESIANPOINT((93.832400000000007,11.364599999999999));
#3074=IFCCARTESIANPOINT((91.788300000000007,11.8178));
#3075=IFCCARTESIANPOINT((89.791499999999999,12.4474));
#3076=IFCCARTESIANPOINT((87.857200000000006,13.2486));
#3077=IFCCARTESIANPOINT((86.,14.215400000000001));
#3078=IFCCARTESIANPOINT((84.234200000000001,15.340400000000001));
#3079=IFCCARTESIANPOINT((82.573099999999997,16.614899999999999));
#3080=IFCCARTESIANPOINT((81.029399999999995,18.029399999999999));
#3081=IFCCARTESIANPOINT((79.614900000000006,19.5731));
#3082=IFCCARTESIANPOINT((78.340400000000002,21.234200000000001));
#3083=IFCCARTESIANPOINT((77.215400000000002,23.));
#3084=IFCCARTESIANPOINT((76.248599999999996,24.857199999999999));
#3085=IFCCARTESIANPOINT((75.447400000000002,26.791499999999999));
#3086=IFCCARTESIANPOINT((74.817800000000005,28.7883));
#3087=IFCCARTESIANPOINT((74.364599999999996,30.8324));
#3088=IFCCARTESIANPOINT((74.091300000000004,32.908299999999997));
#3089=IFCCARTESIANPOINT((74.,35.));
#3090=IFCCARTESIANPOINT((74.,55.));
#3091=IFCCARTESIANPOINT((74.,55.));
#3092=IFCCARTESIANPOINT((74.,55.));
#3093=IFCCARTESIANPOINT((50.,55.));
#3094=IFCCARTESIANPOINT((50.,55.));
#3095=IFCCARTESIANPOINT((-55.,11.));
#3096=IFCCARTESIANPOINT((-55.,0.));
#3097=IFCPOLYLINE((#3068,#3069,#3070,#3071,#3072,#3073,#3074,#3075,#3076,#3077,#3078,#3079,#3080,#3081,#3082,#3083,#3084,#3085,#3086,#3087,#3088,#3089,#3090,#3091,#3092,#3093,#3094,#3095,#3096));
#3098=IFCARBITRARYCLOSEDPROFILEDEF(.AREA.,'section',#3097);
#3099=IFCCARTESIANPOINT((0.,0.));
#3100=IFCCARTESIANTRANSFORMATIONOPERATOR2D($,$,#3099,$);
#3101=IFCCARTESIANTRANSFORMATIONOPERATOR2DNONUNIFORM($,$,#3099,1.,1.0009526851633201);
#3102=IFCDERIVEDPROFILEDEF($,$,#3098,#3101,$);
#3103=IFCCARTESIANPOINT((-55.,0.));
#3104=IFCCARTESIANPOINT((300.,0.));
#3105=IFCCARTESIANPOINT((300.,11.));
#3106=IFCCARTESIANPOINT((98.,11.));
#3107=IFCCARTESIANPOINT((95.908299999999997,11.0913));
#3108=IFCCARTESIANPOINT((93.832400000000007,11.364599999999999));
#3109=IFCCARTESIANPOINT((91.788300000000007,11.8178));
#3110=IFCCARTESIANPOINT((89.791499999999999,12.4474));
#3111=IFCCARTESIANPOINT((87.857200000000006,13.2486));
#3112=IFCCARTESIANPOINT((86.,14.215400000000001));
#3113=IFCCARTESIANPOINT((84.234200000000001,15.340400000000001));
#3114=IFCCARTESIANPOINT((82.573099999999997,16.614899999999999));
#3115=IFCCARTESIANPOINT((81.029399999999995,18.029399999999999));
#3116=IFCCARTESIANPOINT((79.614900000000006,19.5731));
#3117=IFCCARTESIANPOINT((78.340400000000002,21.234200000000001));
#3118=IFCCARTESIANPOINT((77.215400000000002,23.));
#3119=IFCCARTESIANPOINT((76.248599999999996,24.857199999999999));
#3120=IFCCARTESIANPOINT((75.447400000000002,26.791499999999999));
#3121=IFCCARTESIANPOINT((74.817800000000005,28.7883));
#3122=IFCCARTESIANPOINT((74.364599999999996,30.8324));
#3123=IFCCARTESIANPOINT((74.091300000000004,32.908299999999997));
#3124=IFCCARTESIANPOINT((74.,35.));
#3125=IFCCARTESIANPOINT((74.,55.));
#3126=IFCCARTESIANPOINT((74.,55.));
#3127=IFCCARTESIANPOINT((74.,55.));
#3128=IFCCARTESIANPOINT((50.,55.));
#3129=IFCCARTESIANPOINT((50.,55.));
#3130=IFCCARTESIANPOINT((-55.,11.));
#3131=IFCCARTESIANPOINT((-55.,0.));
#3132=IFCPOLYLINE((#3103,#3104,#3105,#3106,#3107,#3108,#3109,#3110,#3111,#3112,#3113,#3114,#3115,#3116,#3117,#3118,#3119,#3120,#3121,#3122,#3123,#3124,#3125,#3126,#3127,#3128,#3129,#3130,#3131));
#3133=IFCARBITRARYCLOSEDPROFILEDEF(.AREA.,'section',#3132);
#3134=IFCCARTESIANPOINT((0.,0.));
#3135=IFCCARTESIANTRANSFORMATIONOPERATOR2D($,$,#3134,$);
#3136=IFCCARTESIANTRANSFORMATIONOPERATOR2DNONUNIFORM($,$,#3134,1.,1.0009526851633201);
#3137=IFCDERIVEDPROFILEDEF($,$,#3133,#3136,$);
#3138=IFCCARTESIANPOINT((-55.,0.));
#3139=IFCCARTESIANPOINT((300.,0.));
#3140=IFCCARTESIANPOINT((300.,11.));
#3141=IFCCARTESIANPOINT((98.,11.));
#3142=IFCCARTESIANPOINT((95.908299999999997,11.0913));
#3143=IFCCARTESIANPOINT((93.832400000000007,11.364599999999999));
#3144=IFCCARTESIANPOINT((91.788300000000007,11.8178));
#3145=IFCCARTESIANPOINT((89.791499999999999,12.4474));
#3146=IFCCARTESIANPOINT((87.857200000000006,13.2486));
#3147=IFCCARTESIANPOINT((86.,14.215400000000001));
#3148=IFCCARTESIANPOINT((84.234200000000001,15.340400000000001));
#3149=IFCCARTESIANPOINT((82.573099999999997,16.614899999999999));
#3150=IFCCARTESIANPOINT((81.029399999999995,18.029399999999999));
#3151=IFCCARTESIANPOINT((79.614900000000006,19.5731));
#3152=IFCCARTESIANPOINT((78.340400000000002,21.234200000000001));
#3153=IFCCARTESIANPOINT((77.215400000000002,23.));
#3154=IFCCARTESIANPOINT((76.248599999999996,24.857199999999999));
#3155=IFCCARTESIANPOINT((75.447400000000002,26.791499999999999));
#3156=IFCCARTESIANPOINT((74.817800000000005,28.7883));
#3157=IFCCARTESIANPOINT((74.364599999999996,30.8324));
#3158=IFCCARTESIANPOINT((74.091300000000004,32.908299999999997));
#3159=IFCCARTESIANPOINT((74.,35.));
#3160=IFCCARTESIANPOINT((74.,55.));
#3161=IFCCARTESIANPOINT((74.,55.));
#3162=IFCCARTESIANPOINT((74.,55.));
#3163=IFCCARTESIANPOINT((50.,55.));
#3164=IFCCARTESIANPOINT((50.,55.));
#3165=IFCCARTESIANPOINT((-55.,11.));
#3166=IFCCARTESIANPOINT((-55.,0.));
#3167=IFCPOLYLINE((#3138,#3139,#3140,#3141,#3142,#3143,#3144,#3145,#3146,#3147,#3148,#3149,#3150,#3151,#3152,#3153,#3154,#3155,#3156,#3157,#3158,#3159,#3160,#3161,#3162,#3163,#3164,#3165,#3166));
#3168=IFCARBITRARYCLOSEDPROFILEDEF(.AREA.,'section',#3167);
#3169=IFCCARTESIANPOINT((0.,0.));
#3170=IFCCARTESIANTRANSFORMATIONOPERATOR2D($,$,#3169,$);
#3171=IFCCARTESIANTRANSFORMATIONOPERATOR2DNONUNIFORM($,$,#3169,1.,1.0009526851633199);
#3172=IFCDERIVEDPROFILEDEF($,$,#3168,#3171,$);
#3173=IFCCARTESIANPOINT((-55.,0.));
#3174=IFCCARTESIANPOINT((300.,0.));
#3175=IFCCARTESIANPOINT((300.,11.));
#3176=IFCCARTESIANPOINT((98.,11.));
#3177=IFCCARTESIANPOINT((95.908299999999997,11.0913));
#3178=IFCCARTESIANPOINT((93.832400000000007,11.364599999999999));
#3179=IFCCARTESIANPOINT((91.788300000000007,11.8178));
#3180=IFCCARTESIANPOINT((89.791499999999999,12.4474));
#3181=IFCCARTESIANPOINT((87.857200000000006,13.2486));
#3182=IFCCARTESIANPOINT((86.,14.215400000000001));
#3183=IFCCARTESIANPOINT((84.234200000000001,15.340400000000001));
#3184=IFCCARTESIANPOINT((82.573099999999997,16.614899999999999));
#3185=IFCCARTESIANPOINT((81.029399999999995,18.029399999999999));
#3186=IFCCARTESIANPOINT((79.614900000000006,19.5731));
#3187=IFCCARTESIANPOINT((78.340400000000002,21.234200000000001));
#3188=IFCCARTESIANPOINT((77.215400000000002,23.));
#3189=IFCCARTESIANPOINT((76.248599999999996,24.857199999999999));
#3190=IFCCARTESIANPOINT((75.447400000000002,26.791499999999999));
#3191=IFCCARTESIANPOINT((74.817800000000005,28.7883));
#3192=IFCCARTESIANPOINT((74.364599999999996,30.8324));
#3193=IFCCARTESIANPOINT((74.091300000000004,32.908299999999997));
#3194=IFCCARTESIANPOINT((74.,35.));
#3195=IFCCARTESIANPOINT((74.,55.));
#3196=IFCCARTESIANPOINT((74.,55.));
#3197=IFCCARTESIANPOINT((74.,55.));
#3198=IFCCARTESIANPOINT((50.,55.));
#3199=IFCCARTESIANPOINT((50.,55.));
#3200=IFCCARTESIANPOINT((-55.,11.));
#3201=IFCCARTESIANPOINT((-55.,0.));
#3202=IFCPOLYLINE((#3173,#3174,#3175,#3176,#3177,#3178,#3179,#3180,#3181,#3182,#3183,#3184,#3185,#3186,#3187,#3188,#3189,#3190,#3191,#3192,#3193,#3194,#3195,#3196,#3197,#3198,#3199,#3200,#3201));
#3203=IFCARBITRARYCLOSEDPROFILEDEF(.AREA.,'section',#3202);
#3204=IFCCARTESIANPOINT((0.,0.));
#3205=IFCCARTESIANTRANSFORMATIONOPERATOR2D($,$,#3204,$);
#3206=IFCCARTESIANTRANSFORMATIONOPERATOR2DNONUNIFORM($,$,#3204,1.,1.0009526851633201);
#3207=IFCDERIVEDPROFILEDEF($,$,#3203,#3206,$);
#3208=IFCCARTESIANPOINT((-55.,0.));
#3209=IFCCARTESIANPOINT((300.,0.));
#3210=IFCCARTESIANPOINT((300.,11.));
#3211=IFCCARTESIANPOINT((98.,11.));
#3212=IFCCARTESIANPOINT((95.908299999999997,11.0913));
#3213=IFCCARTESIANPOINT((93.832400000000007,11.364599999999999));
#3214=IFCCARTESIANPOINT((91.788300000000007,11.8178));
#3215=IFCCARTESIANPOINT((89.791499999999999,12.4474));
#3216=IFCCARTESIANPOINT((87.857200000000006,13.2486));
#3217=IFCCARTESIANPOINT((86.,14.215400000000001));
#3218=IFCCARTESIANPOINT((84.234200000000001,15.340400000000001));
#3219=IFCCARTESIANPOINT((82.573099999999997,16.614899999999999));
#3220=IFCCARTESIANPOINT((81.029399999999995,18.029399999999999));
#3221=IFCCARTESIANPOINT((79.614900000000006,19.5731));
#3222=IFCCARTESIANPOINT((78.340400000000002,21.234200000000001));
#3223=IFCCARTESIANPOINT((77.215400000000002,23.));
#3224=IFCCARTESIANPOINT((76.248599999999996,24.857199999999999));
#3225=IFCCARTESIANPOINT((75.447400000000002,26.791499999999999));
#3226=IFCCARTESIANPOINT((74.817800000000005,28.7883));
#3227=IFCCARTESIANPOINT((74.364599999999996,30.8324));
#3228=IFCCARTESIANPOINT((74.091300000000004,32.908299999999997));
#3229=IFCCARTESIANPOINT((74.,35.));
#3230=IFCCARTESIANPOINT((74.,55.));
#3231=IFCCARTESIANPOINT((74.,55.));
#3232=IFCCARTESIANPOINT((74.,55.));
#3233=IFCCARTESIANPOINT((50.,55.));
#3234=IFCCARTESIANPOINT((50.,55.));
#3235=IFCCARTESIANPOINT((-55.,11.));
#3236=IFCCARTESIANPOINT((-55.,0.));
#3237=IFCPOLYLINE((#3208,#3209,#3210,#3211,#3212,#3213,#3214,#3215,#3216,#3217,#3218,#3219,#3220,#3221,#3222,#3223,#3224,#3225,#3226,#3227,#3228,#3229,#3230,#3231,#3232,#3233,#3234,#3235,#3236));
#3238=IFCARBITRARYCLOSEDPROFILEDEF(.AREA.,'section',#3237);
#3239=IFCCARTESIANPOINT((0.,0.));
#3240=IFCCARTESIANTRANSFORMATIONOPERATOR2D($,$,#3239,$);
#3241=IFCCARTESIANTRANSFORMATIONOPERATOR2DNONUNIFORM($,$,#3239,1.,1.0009526851633199);
#3242=IFCDERIVEDPROFILEDEF($,$,#3238,#3241,$);
#3243=IFCCARTESIANPOINT((-55.,0.));
#3244=IFCCARTESIANPOINT((300.,0.));
#3245=IFCCARTESIANPOINT((300.,11.));
#3246=IFCCARTESIANPOINT((98.,11.));
#3247=IFCCARTESIANPOINT((95.908299999999997,11.0913));
#3248=IFCCARTESIANPOINT((93.832400000000007,11.364599999999999));
#3249=IFCCARTESIANPOINT((91.788300000000007,11.8178));
#3250=IFCCARTESIANPOINT((89.791499999999999,12.4474));
#3251=IFCCARTESIANPOINT((87.857200000000006,13.2486));
#3252=IFCCARTESIANPOINT((86.,14.215400000000001));
#3253=IFCCARTESIANPOINT((84.234200000000001,15.340400000000001));
#3254=IFCCARTESIANPOINT((82.573099999999997,16.614899999999999));
#3255=IFCCARTESIANPOINT((81.029399999999995,18.029399999999999));
#3256=IFCCARTESIANPOINT((79.614900000000006,19.5731));
#3257=IFCCARTESIANPOINT((78.340400000000002,21.234200000000001));
#3258=IFCCARTESIANPOINT((77.215400000000002,23.));
#3259=IFCCARTESIANPOINT((76.248599999999996,24.857199999999999));
#3260=IFCCARTESIANPOINT((75.447400000000002,26.791499999999999));
#3261=IFCCARTESIANPOINT((74.817800000000005,28.7883));
#3262=IFCCARTESIANPOINT((74.364599999999996,30.8324));
#3263=IFCCARTESIANPOINT((74.091300000000004,32.908299999999997));
#3264=IFCCARTESIANPOINT((74.,35.));
#3265=IFCCARTESIANPOINT((74.,55.));
#3266=IFCCARTESIANPOINT((74.,55.));
#3267=IFCCARTESIANPOINT((74.,55.));
#3268=IFCCARTESIANPOINT((50.,55.));
#3269=IFCCARTESIANPOINT((50.,55.));
#3270=IFCCARTESIANPOINT((-55.,11.));
#3271=IFCCARTESIANPOINT((-55.,0.));
#3272=IFCPOLYLINE((#3243,#3244,#3245,#3246,#3247,#3248,#3249,#3250,#3251,#3252,#3253,#3254,#3255,#3256,#3257,#3258,#3259,#3260,#3261,#3262,#3263,#3264,#3265,#3266,#3267,#3268,#3269,#3270,#3271));
#3273=IFCARBITRARYCLOSEDPROFILEDEF(.AREA.,'section',#3272);
#3274=IFCCARTESIANPOINT((0.,0.));
#3275=IFCCARTESIANTRANSFORMATIONOPERATOR2D($,$,#3274,$);
#3276=IFCCARTESIANTRANSFORMATIONOPERATOR2DNONUNIFORM($,$,#3274,1.,1.0009526851633199);
#3277=IFCDERIVEDPROFILEDEF($,$,#3273,#3276,$);
#3278=IFCCARTESIANPOINT((-55.,0.));
#3279=IFCCARTESIANPOINT((300.,0.));
#3280=IFCCARTESIANPOINT((300.,11.));
#3281=IFCCARTESIANPOINT((98.,11.));
#3282=IFCCARTESIANPOINT((95.908299999999997,11.0913));
#3283=IFCCARTESIANPOINT((93.832400000000007,11.364599999999999));
#3284=IFCCARTESIANPOINT((91.788300000000007,11.8178));
#3285=IFCCARTESIANPOINT((89.791499999999999,12.4474));
#3286=IFCCARTESIANPOINT((87.857200000000006,13.2486));
#3287=IFCCARTESIANPOINT((86.,14.215400000000001));
#3288=IFCCARTESIANPOINT((84.234200000000001,15.340400000000001));
#3289=IFCCARTESIANPOINT((82.573099999999997,16.614899999999999));
#3290=IFCCARTESIANPOINT((81.029399999999995,18.029399999999999));
#3291=IFCCARTESIANPOINT((79.614900000000006,19.5731));
#3292=IFCCARTESIANPOINT((78.340400000000002,21.234200000000001));
#3293=IFCCARTESIANPOINT((77.215400000000002,23.));
#3294=IFCCARTESIANPOINT((76.248599999999996,24.857199999999999));
#3295=IFCCARTESIANPOINT((75.447400000000002,26.791499999999999));
#3296=IFCCARTESIANPOINT((74.817800000000005,28.7883));
#3297=IFCCARTESIANPOINT((74.364599999999996,30.8324));
#3298=IFCCARTESIANPOINT((74.091300000000004,32.908299999999997));
#3299=IFCCARTESIANPOINT((74.,35.));
#3300=IFCCARTESIANPOINT((74.,55.));
#3301=IFCCARTESIANPOINT((74.,55.));
#3302=IFCCARTESIANPOINT((74.,55.));
#3303=IFCCARTESIANPOINT((50.,55.));
#3304=IFCCARTESIANPOINT((50.,55.));
#3305=IFCCARTESIANPOINT((-55.,11.));
#3306=IFCCARTESIANPOINT((-55.,0.));
#3307=IFCPOLYLINE((#3278,#3279,#3280,#3281,#3282,#3283,#3284,#3285,#3286,#3287,#3288,#3289,#3290,#3291,#3292,#3293,#3294,#3295,#3296,#3297,#3298,#3299,#3300,#3301,#3302,#3303,#3304,#3305,#3306));
#3308=IFCARBITRARYCLOSEDPROFILEDEF(.AREA.,'section',#3307);
#3309=IFCCARTESIANPOINT((0.,0.));
#3310=IFCCARTESIANTRANSFORMATIONOPERATOR2D($,$,#3309,$);
#3311=IFCCARTESIANTRANSFORMATIONOPERATOR2DNONUNIFORM($,$,#3309,1.,1.0002380295646816);
#3312=IFCDERIVEDPROFILEDEF($,$,#3308,#3311,$);
#3313=IFCCARTESIANPOINT((-55.,0.));
#3314=IFCCARTESIANPOINT((300.,0.));
#3315=IFCCARTESIANPOINT((300.,11.));
#3316=IFCCARTESIANPOINT((98.,11.));
#3317=IFCCARTESIANPOINT((95.908299999999997,11.0913));
#3318=IFCCARTESIANPOINT((93.832400000000007,11.364599999999999));
#3319=IFCCARTESIANPOINT((91.788300000000007,11.8178));
#3320=IFCCARTESIANPOINT((89.791499999999999,12.4474));
#3321=IFCCARTESIANPOINT((87.857200000000006,13.2486));
#3322=IFCCARTESIANPOINT((86.,14.215400000000001));
#3323=IFCCARTESIANPOINT((84.234200000000001,15.340400000000001));
#3324=IFCCARTESIANPOINT((82.573099999999997,16.614899999999999));
#3325=IFCCARTESIANPOINT((81.029399999999995,18.029399999999999));
#3326=IFCCARTESIANPOINT((79.614900000000006,19.5731));
#3327=IFCCARTESIANPOINT((78.340400000000002,21.234200000000001));
#3328=IFCCARTESIANPOINT((77.215400000000002,23.));
#3329=IFCCARTESIANPOINT((76.248599999999996,24.857199999999999));
#3330=IFCCARTESIANPOINT((75.447400000000002,26.791499999999999));
#3331=IFCCARTESIANPOINT((74.817800000000005,28.7883));
#3332=IFCCARTESIANPOINT((74.364599999999996,30.8324));
#3333=IFCCARTESIANPOINT((74.091300000000004,32.908299999999997));
#3334=IFCCARTESIANPOINT((74.,35.));
#3335=IFCCARTESIANPOINT((74.,55.));
#3336=IFCCARTESIANPOINT((74.,55.));
#3337=IFCCARTESIANPOINT((74.,55.));
#3338=IFCCARTESIANPOINT((50.,55.));
#3339=IFCCARTESIANPOINT((50.,55.));
#3340=IFCCARTESIANPOINT((-55.,11.));
#3341=IFCCARTESIANPOINT((-55.,0.));
#3342=IFCPOLYLINE((#3313,#3314,#3315,#3316,#3317,#3318,#3319,#3320,#3321,#3322,#3323,#3324,#3325,#3326,#3327,#3328,#3329,#3330,#3331,#3332,#3333,#3334,#3335,#3336,#3337,#3338,#3339,#3340,#3341));
#3343=IFCARBITRARYCLOSEDPROFILEDEF(.AREA.,'section',#3342);
#3344=IFCCARTESIANPOINT((0.,0.));
#3345=IFCCARTESIANTRANSFORMATIONOPERATOR2D($,$,#3344,$);
#3346=IFCCARTESIANTRANSFORMATIONOPERATOR2DNONUNIFORM($,$,#3344,1.,1.0002380295646816);
#3347=IFCDERIVEDPROFILEDEF($,$,#3343,#3346,$);
#3348=IFCCARTESIANPOINT((1.8120000000000001,434.68770000000001,0.));
#3349=IFCDIRECTION((0.0872,-0.99619999999999997,0.));
#3350=IFCDIRECTION((0.,0.,-1.));
#3351=IFCAXIS2PLACEMENT3D(#3348,#3349,#3350);
#3352=IFCCARTESIANPOINT((7.2343999999999999,393.5009,0.));
#3353=IFCDIRECTION((0.1736,-0.98480000000000001,0.));
#3354=IFCDIRECTION((0.,0.,-1.));
#3355=IFCAXIS2PLACEMENT3D(#3352,#3353,#3354);
#3356=IFCCARTESIANPOINT((16.2258,352.94330000000002,0.));
#3357=IFCDIRECTION((0.25879999999999997,-0.96589999999999998,0.));
#3358=IFCDIRECTION((0.,0.,-1.));
#3359=IFCAXIS2PLACEMENT3D(#3356,#3357,#3358);
#3360=IFCCARTESIANPOINT((28.7178,313.32369999999997,0.));
#3361=IFCDIRECTION((0.34200000000000003,-0.93969999999999998,0.));
#3362=IFCDIRECTION((0.,0.,-1.));
#3363=IFCAXIS2PLACEMENT3D(#3360,#3361,#3362);
#3364=IFCCARTESIANPOINT((44.615299999999998,274.94369999999998,0.));
#3365=IFCDIRECTION((0.42259999999999998,-0.90629999999999999,0.));
#3366=IFCDIRECTION((0.,0.,-1.));
#3367=IFCAXIS2PLACEMENT3D(#3364,#3365,#3366);
#3368=IFCCARTESIANPOINT((63.797400000000003,238.09520000000001,0.));
#3369=IFCDIRECTION((0.5,-0.86599999999999999,0.));
#3370=IFCDIRECTION((0.,0.,-1.));
#3371=IFCAXIS2PLACEMENT3D(#3368,#3369,#3370);
#3372=IFCCARTESIANPOINT((86.118099999999998,203.05879999999999,0.));
#3373=IFCDIRECTION((0.5736,-0.81920000000000004,0.));
#3374=IFCDIRECTION((0.,0.,-1.));
#3375=IFCAXIS2PLACEMENT3D(#3372,#3373,#3374);
#3376=IFCCARTESIANPOINT((111.4074,170.1011,0.));
#3377=IFCDIRECTION((0.64280000000000004,-0.76600000000000001,0.));
#3378=IFCDIRECTION((0.,0.,-1.));
#3379=IFCAXIS2PLACEMENT3D(#3376,#3377,#3378);
#3380=IFCCARTESIANPOINT((139.47300000000001,139.47300000000001,0.));
#3381=IFCDIRECTION((0.70709999999999995,-0.70709999999999995,0.));
#3382=IFCDIRECTION((0.,0.,-1.));
#3383=IFCAXIS2PLACEMENT3D(#3380,#3381,#3382);
#3384=IFCCARTESIANPOINT((170.1011,111.4074,0.));
#3385=IFCDIRECTION((0.76600000000000001,-0.64280000000000004,0.));
#3386=IFCDIRECTION((0.,0.,-1.));
#3387=IFCAXIS2PLACEMENT3D(#3384,#3385,#3386);
#3388=IFCCARTESIANPOINT((203.05879999999999,86.118099999999998,0.));
#3389=IFCDIRECTION((0.81920000000000004,-0.5736,0.));
#3390=IFCDIRECTION((0.,0.,-1.));
#3391=IFCAXIS2PLACEMENT3D(#3388,#3389,#3390);
#3392=IFCCARTESIANPOINT((238.09520000000001,63.797400000000003,0.));
#3393=IFCDIRECTION((0.86599999999999999,-0.5,0.));
#3394=IFCDIRECTION((0.,0.,-1.));
#3395=IFCAXIS2PLACEMENT3D(#3392,#3393,#3394);
#3396=IFCCARTESIANPOINT((274.94369999999998,44.615299999999998,0.));
#3397=IFCDIRECTION((0.90629999999999999,-0.42259999999999998,0.));
#3398=IFCDIRECTION((0.,0.,-1.));
#3399=IFCAXIS2PLACEMENT3D(#3396,#3397,#3398);
#3400=IFCCARTESIANPOINT((313.32369999999997,28.7178,0.));
#3401=IFCDIRECTION((0.93969999999999998,-0.34200000000000003,0.));
#3402=IFCDIRECTION((0.,0.,-1.));
#3403=IFCAXIS2PLACEMENT3D(#3400,#3401,#3402);
#3404=IFCCARTESIANPOINT((352.94330000000002,16.2258,0.));
#3405=IFCDIRECTION((0.96589999999999998,-0.25879999999999997,0.));
#3406=IFCDIRECTION((0.,0.,-1.));
#3407=IFCAXIS2PLACEMENT3D(#3404,#3405,#3406);
#3408=IFCCARTESIANPOINT((393.5009,7.2343999999999999,0.));
#3409=IFCDIRECTION((0.98480000000000001,-0.1736,0.));
#3410=IFCDIRECTION((0.,0.,-1.));
#3411=IFCAXIS2PLACEMENT3D(#3408,#3409,#3410);
#3412=IFCCARTESIANPOINT((434.68770000000001,1.8120000000000001,0.));
#3413=IFCDIRECTION((0.99619999999999997,-0.0872,0.));
#3414=IFCDIRECTION((0.,0.,-1.));
#3415=IFCAXIS2PLACEMENT3D(#3412,#3413,#3414);
#3416=IFCCARTESIANPOINT((476.19049999999999,0.,0.));
#3417=IFCDIRECTION((0.99980000000000002,-0.0218,0.));
#3418=IFCDIRECTION((0.,0.,-1.));
#3419=IFCAXIS2PLACEMENT3D(#3416,#3417,#3418);
#3420=IFCCARTESIANPOINT((523.80949999999996,0.,0.));
#3421=IFCDIRECTION((0.99980000000000002,0.0218,0.));
#3422=IFCDIRECTION((0.,0.,-1.));
#3423=IFCAXIS2PLACEMENT3D(#3420,#3421,#3422);
#3424=IFCCARTESIANPOINT((565.31230000000005,1.8120000000000001,0.));
#3425=IFCDIRECTION((0.99619999999999997,0.0872,0.));
#3426=IFCDIRECTION((0.,0.,-1.));
#3427=IFCAXIS2PLACEMENT3D(#3424,#3425,#3426);
#3428=IFCCARTESIANPOINT((606.4991,7.2343999999999999,0.));
#3429=IFCDIRECTION((0.98480000000000001,0.1736,0.));
#3430=IFCDIRECTION((0.,0.,-1.));
#3431=IFCAXIS2PLACEMENT3D(#3428,#3429,#3430);
#3432=IFCCARTESIANPOINT((647.05669999999998,16.2258,0.));
#3433=IFCDIRECTION((0.96589999999999998,0.25879999999999997,0.));
#3434=IFCDIRECTION((0.,0.,-1.));
#3435=IFCAXIS2PLACEMENT3D(#3432,#3433,#3434);
#3436=IFCCARTESIANPOINT((686.67629999999997,28.7178,0.));
#3437=IFCDIRECTION((0.93969999999999998,0.34200000000000003,0.));
#3438=IFCDIRECTION((0.,0.,-1.));
#3439=IFCAXIS2PLACEMENT3D(#3436,#3437,#3438);
#3440=IFCCARTESIANPOINT((725.05629999999996,44.615299999999998,0.));
#3441=IFCDIRECTION((0.90629999999999999,0.42259999999999998,0.));
#3442=IFCDIRECTION((0.,0.,-1.));
#3443=IFCAXIS2PLACEMENT3D(#3440,#3441,#3442);
#3444=IFCCARTESIANPOINT((761.90480000000002,63.797400000000003,0.));
#3445=IFCDIRECTION((0.86599999999999999,0.5,0.));
#3446=IFCDIRECTION((0.,0.,-1.));
#3447=IFCAXIS2PLACEMENT3D(#3444,#3445,#3446);
#3448=IFCCARTESIANPOINT((796.94119999999998,86.118099999999998,0.));
#3449=IFCDIRECTION((0.81920000000000004,0.5736,0.));
#3450=IFCDIRECTION((0.,0.,-1.));
#3451=IFCAXIS2PLACEMENT3D(#3448,#3449,#3450);
#3452=IFCCARTESIANPOINT((829.89890000000003,111.4074,0.));
#3453=IFCDIRECTION((0.76600000000000001,0.64280000000000004,0.));
#3454=IFCDIRECTION((0.,0.,-1.));
#3455=IFCAXIS2PLACEMENT3D(#3452,#3453,#3454);
#3456=IFCCARTESIANPOINT((860.52700000000004,139.47300000000001,0.));
#3457=IFCDIRECTION((0.70709999999999995,0.70709999999999995,0.));
#3458=IFCDIRECTION((0.,0.,-1.));
#3459=IFCAXIS2PLACEMENT3D(#3456,#3457,#3458);
#3460=IFCCARTESIANPOINT((888.59259999999995,170.1011,0.));
#3461=IFCDIRECTION((0.64280000000000004,0.76600000000000001,0.));
#3462=IFCDIRECTION((0.,0.,-1.));
#3463=IFCAXIS2PLACEMENT3D(#3460,#3461,#3462);
#3464=IFCCARTESIANPOINT((913.88189999999997,203.05879999999999,0.));
#3465=IFCDIRECTION((0.5736,0.81920000000000004,0.));
#3466=IFCDIRECTION((0.,0.,-1.));
#3467=IFCAXIS2PLACEMENT3D(#3464,#3465,#3466);
#3468=IFCCARTESIANPOINT((936.20259999999996,238.09520000000001,0.));
#3469=IFCDIRECTION((0.5,0.86599999999999999,0.));
#3470=IFCDIRECTION((0.,0.,-1.));
#3471=IFCAXIS2PLACEMENT3D(#3468,#3469,#3470);
#3472=IFCCARTESIANPOINT((955.38469999999995,274.94369999999998,0.));
#3473=IFCDIRECTION((0.42259999999999998,0.90629999999999999,0.));
#3474=IFCDIRECTION((0.,0.,-1.));
#3475=IFCAXIS2PLACEMENT3D(#3472,#3473,#3474);
#3476=IFCCARTESIANPOINT((971.28219999999999,313.32369999999997,0.));
#3477=IFCDIRECTION((0.34200000000000003,0.93969999999999998,0.));
#3478=IFCDIRECTION((0.,0.,-1.));
#3479=IFCAXIS2PLACEMENT3D(#3476,#3477,#3478);
#3480=IFCCARTESIANPOINT((983.77419999999995,352.94330000000002,0.));
#3481=IFCDIRECTION((0.25879999999999997,0.96589999999999998,0.));
#3482=IFCDIRECTION((0.,0.,-1.));
#3483=IFCAXIS2PLACEMENT3D(#3480,#3481,#3482);
#3484=IFCCARTESIANPOINT((992.76559999999995,393.5009,0.));
#3485=IFCDIRECTION((0.1736,0.98480000000000001,0.));
#3486=IFCDIRECTION((0.,0.,-1.));
#3487=IFCAXIS2PLACEMENT3D(#3484,#3485,#3486);
#3488=IFCCARTESIANPOINT((998.18799999999999,434.68770000000001,0.));
#3489=IFCDIRECTION((0.0872,0.99619999999999997,0.));
#3490=IFCDIRECTION((0.,0.,-1.));
#3491=IFCAXIS2PLACEMENT3D(#3488,#3489,#3490);
#3492=IFCCARTESIANPOINT((1000.,476.19049999999999,0.));
#3493=IFCDIRECTION((0.0218,0.99980000000000002,0.));
#3494=IFCDIRECTION((0.,0.,-1.));
#3495=IFCAXIS2PLACEMENT3D(#3492,#3493,#3494);
#3496=IFCCARTESIANPOINT((1000.,523.80949999999996,0.));
#3497=IFCDIRECTION((-0.0218,0.99980000000000002,0.));
#3498=IFCDIRECTION((-0.,0.,-1.));
#3499=IFCAXIS2PLACEMENT3D(#3496,#3497,#3498);
#3500=IFCCARTESIANPOINT((998.18799999999999,565.31230000000005,0.));
#3501=IFCDIRECTION((-0.0872,0.99619999999999997,0.));
#3502=IFCDIRECTION((-0.,0.,-1.));
#3503=IFCAXIS2PLACEMENT3D(#3500,#3501,#3502);
#3504=IFCCARTESIANPOINT((992.76559999999995,606.4991,0.));
#3505=IFCDIRECTION((-0.1736,0.98480000000000001,0.));
#3506=IFCDIRECTION((-0.,0.,-1.));
#3507=IFCAXIS2PLACEMENT3D(#3504,#3505,#3506);
#3508=IFCCARTESIANPOINT((983.77419999999995,647.05669999999998,0.));
#3509=IFCDIRECTION((-0.25879999999999997,0.96589999999999998,0.));
#3510=IFCDIRECTION((-0.,0.,-1.));
#3511=IFCAXIS2PLACEMENT3D(#3508,#3509,#3510);
#3512=IFCCARTESIANPOINT((971.28219999999999,686.67629999999997,0.));
#3513=IFCDIRECTION((-0.34200000000000003,0.93969999999999998,0.));
#3514=IFCDIRECTION((-0.,0.,-1.));
#3515=IFCAXIS2PLACEMENT3D(#3512,#3513,#3514);
#3516=IFCCARTESIANPOINT((955.38469999999995,725.05629999999996,0.));
#3517=IFCDIRECTION((-0.42259999999999998,0.90629999999999999,0.));
#3518=IFCDIRECTION((-0.,0.,-1.));
#3519=IFCAXIS2PLACEMENT3D(#3516,#3517,#3518);
#3520=IFCCARTESIANPOINT((936.20259999999996,761.90480000000002,0.));
#3521=IFCDIRECTION((-0.5,0.86599999999999999,0.));
#3522=IFCDIRECTION((-0.,0.,-1.));
#3523=IFCAXIS2PLACEMENT3D(#3520,#3521,#3522);
#3524=IFCCARTESIANPOINT((913.88189999999997,796.94119999999998,0.));
#3525=IFCDIRECTION((-0.5736,0.81920000000000004,0.));
#3526=IFCDIRECTION((-0.,0.,-1.));
#3527=IFCAXIS2PLACEMENT3D(#3524,#3525,#3526);
#3528=IFCCARTESIANPOINT((888.59259999999995,829.89890000000003,0.));
#3529=IFCDIRECTION((-0.64280000000000004,0.76600000000000001,0.));
#3530=IFCDIRECTION((-0.,0.,-1.));
#3531=IFCAXIS2PLACEMENT3D(#3528,#3529,#3530);
#3532=IFCCARTESIANPOINT((860.52700000000004,860.52700000000004,0.));
#3533=IFCDIRECTION((-0.70709999999999995,0.70709999999999995,0.));
#3534=IFCDIRECTION((-0.,0.,-1.));
#3535=IFCAXIS2PLACEMENT3D(#3532,#3533,#3534);
#3536=IFCCARTESIANPOINT((829.89890000000003,888.59259999999995,0.));
#3537=IFCDIRECTION((-0.76600000000000001,0.64280000000000004,0.));
#3538=IFCDIRECTION((-0.,0.,-1.));
#3539=IFCAXIS2PLACEMENT3D(#3536,#3537,#3538);
#3540=IFCCARTESIANPOINT((796.94119999999998,913.88189999999997,0.));
#3541=IFCDIRECTION((-0.81920000000000004,0.5736,0.));
#3542=IFCDIRECTION((-0.,0.,-1.));
#3543=IFCAXIS2PLACEMENT3D(#3540,#3541,#3542);
#3544=IFCCARTESIANPOINT((761.90480000000002,936.20259999999996,0.));
#3545=IFCDIRECTION((-0.86599999999999999,0.5,0.));
#3546=IFCDIRECTION((-0.,0.,-1.));
#3547=IFCAXIS2PLACEMENT3D(#3544,#3545,#3546);
#3548=IFCCARTESIANPOINT((725.05629999999996,955.38469999999995,0.));
#3549=IFCDIRECTION((-0.90629999999999999,0.42259999999999998,0.));
#3550=IFCDIRECTION((-0.,0.,-1.));
#3551=IFCAXIS2PLACEMENT3D(#3548,#3549,#3550);
#3552=IFCCARTESIANPOINT((686.67629999999997,971.28219999999999,0.));
#3553=IFCDIRECTION((-0.93969999999999998,0.34200000000000003,0.));
#3554=IFCDIRECTION((-0.,0.,-1.));
#3555=IFCAXIS2PLACEMENT3D(#3552,#3553,#3554);
#3556=IFCCARTESIANPOINT((647.05669999999998,983.77419999999995,0.));
#3557=IFCDIRECTION((-0.96589999999999998,0.25879999999999997,0.));
#3558=IFCDIRECTION((-0.,0.,-1.));
#3559=IFCAXIS2PLACEMENT3D(#3556,#3557,#3558);
#3560=IFCCARTESIANPOINT((606.4991,992.76559999999995,0.));
#3561=IFCDIRECTION((-0.98480000000000001,0.1736,0.));
#3562=IFCDIRECTION((-0.,0.,-1.));
#3563=IFCAXIS2PLACEMENT3D(#3560,#3561,#3562);
#3564=IFCCARTESIANPOINT((565.31230000000005,998.18799999999999,0.));
#3565=IFCDIRECTION((-0.99619999999999997,0.0872,0.));
#3566=IFCDIRECTION((-0.,0.,-1.));
#3567=IFCAXIS2PLACEMENT3D(#3564,#3565,#3566);
#3568=IFCCARTESIANPOINT((523.80949999999996,1000.,0.));
#3569=IFCDIRECTION((-0.99980000000000002,0.0218,0.));
#3570=IFCDIRECTION((-0.,0.,-1.));
#3571=IFCAXIS2PLACEMENT3D(#3568,#3569,#3570);
#3572=IFCCARTESIANPOINT((476.19049999999999,1000.,0.));
#3573=IFCDIRECTION((-0.99980000000000002,-0.0218,0.));
#3574=IFCDIRECTION((-0.,-0.,-1.));
#3575=IFCAXIS2PLACEMENT3D(#3572,#3573,#3574);
#3576=IFCCARTESIANPOINT((434.68770000000001,998.18799999999999,0.));
#3577=IFCDIRECTION((-0.99619999999999997,-0.0872,0.));
#3578=IFCDIRECTION((-0.,-0.,-1.));
#3579=IFCAXIS2PLACEMENT3D(#3576,#3577,#3578);
#3580=IFCCARTESIANPOINT((393.5009,992.76559999999995,0.));
#3581=IFCDIRECTION((-0.98480000000000001,-0.1736,0.));
#3582=IFCDIRECTION((-0.,-0.,-1.));
#3583=IFCAXIS2PLACEMENT3D(#3580,#3581,#3582);
#3584=IFCCARTESIANPOINT((352.94330000000002,983.77419999999995,0.));
#3585=IFCDIRECTION((-0.96589999999999998,-0.25879999999999997,0.));
#3586=IFCDIRECTION((-0.,-0.,-1.));
#3587=IFCAXIS2PLACEMENT3D(#3584,#3585,#3586);
#3588=IFCCARTESIANPOINT((313.32369999999997,971.28219999999999,0.));
#3589=IFCDIRECTION((-0.93969999999999998,-0.34200000000000003,0.));
#3590=IFCDIRECTION((-0.,-0.,-1.));
#3591=IFCAXIS2PLACEMENT3D(#3588,#3589,#3590);
#3592=IFCCARTESIANPOINT((274.94369999999998,955.38469999999995,0.));
#3593=IFCDIRECTION((-0.90629999999999999,-0.42259999999999998,0.));
#3594=IFCDIRECTION((-0.,-0.,-1.));
#3595=IFCAXIS2PLACEMENT3D(#3592,#3593,#3594);
#3596=IFCCARTESIANPOINT((238.09520000000001,936.20259999999996,0.));
#3597=IFCDIRECTION((-0.86599999999999999,-0.5,0.));
#3598=IFCDIRECTION((-0.,-0.,-1.));
#3599=IFCAXIS2PLACEMENT3D(#3596,#3597,#3598);
#3600=IFCCARTESIANPOINT((203.05879999999999,913.88189999999997,0.));
#3601=IFCDIRECTION((-0.81920000000000004,-0.5736,0.));
#3602=IFCDIRECTION((-0.,-0.,-1.));
#3603=IFCAXIS2PLACEMENT3D(#3600,#3601,#3602);
#3604=IFCCARTESIANPOINT((170.1011,888.59259999999995,0.));
#3605=IFCDIRECTION((-0.76600000000000001,-0.64280000000000004,0.));
#3606=IFCDIRECTION((-0.,-0.,-1.));
#3607=IFCAXIS2PLACEMENT3D(#3604,#3605,#3606);
#3608=IFCCARTESIANPOINT((139.47300000000001,860.52700000000004,0.));
#3609=IFCDIRECTION((-0.70709999999999995,-0.70709999999999995,0.));
#3610=IFCDIRECTION((-0.,-0.,-1.));
#3611=IFCAXIS2PLACEMENT3D(#3608,#3609,#3610);
#3612=IFCCARTESIANPOINT((111.4074,829.89890000000003,0.));
#3613=IFCDIRECTION((-0.64280000000000004,-0.76600000000000001,0.));
#3614=IFCDIRECTION((-0.,-0.,-1.));
#3615=IFCAXIS2PLACEMENT3D(#3612,#3613,#3614);
#3616=IFCCARTESIANPOINT((86.118099999999998,796.94119999999998,0.));
#3617=IFCDIRECTION((-0.5736,-0.81920000000000004,0.));
#3618=IFCDIRECTION((-0.,-0.,-1.));
#3619=IFCAXIS2PLACEMENT3D(#3616,#3617,#3618);
#3620=IFCCARTESIANPOINT((63.797400000000003,761.90480000000002,0.));
#3621=IFCDIRECTION((-0.5,-0.86599999999999999,0.));
#3622=IFCDIRECTION((-0.,-0.,-1.));
#3623=IFCAXIS2PLACEMENT3D(#3620,#3621,#3622);
#3624=IFCCARTESIANPOINT((44.615299999999998,725.05629999999996,0.));
#3625=IFCDIRECTION((-0.42259999999999998,-0.90629999999999999,0.));
#3626=IFCDIRECTION((-0.,-0.,-1.));
#3627=IFCAXIS2PLACEMENT3D(#3624,#3625,#3626);
#3628=IFCCARTESIANPOINT((28.7178,686.67629999999997,0.));
#3629=IFCDIRECTION((-0.34200000000000003,-0.93969999999999998,0.));
#3630=IFCDIRECTION((-0.,-0.,-1.));
#3631=IFCAXIS2PLACEMENT3D(#3628,#3629,#3630);
#3632=IFCCARTESIANPOINT((16.2258,647.05669999999998,0.));
#3633=IFCDIRECTION((-0.25879999999999997,-0.96589999999999998,0.));
#3634=IFCDIRECTION((-0.,-0.,-1.));
#3635=IFCAXIS2PLACEMENT3D(#3632,#3633,#3634);
#3636=IFCCARTESIANPOINT((7.2343999999999999,606.4991,0.));
#3637=IFCDIRECTION((-0.1736,-0.98480000000000001,0.));
#3638=IFCDIRECTION((-0.,-0.,-1.));
#3639=IFCAXIS2PLACEMENT3D(#3636,#3637,#3638);
#3640=IFCCARTESIANPOINT((1.8120000000000001,565.31230000000005,0.));
#3641=IFCDIRECTION((-0.0872,-0.99619999999999997,0.));
#3642=IFCDIRECTION((-0.,-0.,-1.));
#3643=IFCAXIS2PLACEMENT3D(#3640,#3641,#3642);
#3644=IFCCARTESIANPOINT((0.,523.80949999999996,0.));
#3645=IFCDIRECTION((-0.0218,-0.99980000000000002,0.));
#3646=IFCDIRECTION((-0.,-0.,-1.));
#3647=IFCAXIS2PLACEMENT3D(#3644,#3645,#3646);
#3648=IFCCARTESIANPOINT((0.,476.19049999999999,0.));
#3649=IFCDIRECTION((0.0218,-0.99980000000000002,0.));
#3650=IFCDIRECTION((0.,0.,-1.));
#3651=IFCAXIS2PLACEMENT3D(#3648,#3649,#3650);
#3652=IFCCARTESIANPOINTLIST3D(((1.8120000000000001,434.68770000000001,55.),(1.8120000000000001,434.68770000000001,-300.),(12.7805,435.64780000000002,-300.),(12.7805,435.64780000000002,-98.),(12.871600000000001,435.6558,-95.908299999999997),(13.1441,435.67959999999999,-93.832400000000007),(13.596,435.7192,-91.788300000000007),(14.223800000000001,435.77409999999998,-89.791499999999999),(15.0227,435.84410000000003,-87.857200000000006),(15.986700000000001,435.92849999999999,-86.),(17.108499999999999,436.02659999999997,-84.234200000000001),(18.3794,436.1379,-82.573099999999997),(19.7898,436.26130000000001,-81.029399999999995),(21.3291,436.39609999999999,-79.614900000000006),(22.985499999999998,436.54109999999997,-78.340400000000002),(24.746200000000002,436.6952,-77.215400000000002),(26.598099999999999,436.85730000000001,-76.248599999999996),(28.526900000000001,437.02609999999999,-75.447400000000002),(30.518000000000001,437.2004,-74.817800000000005),(32.556199999999997,437.37880000000001,-74.364599999999996),(34.626199999999997,437.56,-74.091300000000004),(36.7119,437.74259999999998,-74.),(56.654699999999998,439.48820000000001,-74.),(56.654699999999998,439.48820000000001,-74.),(56.654699999999998,439.48820000000001,-74.),(56.654699999999998,439.48820000000001,-50.),(56.654699999999998,439.48820000000001,-50.),(12.7805,435.64780000000002,55.),(7.2343999999999999,393.5009,55.),(7.2343999999999999,393.5009,-300.),(18.0777,395.41230000000002,-300.),(18.0777,395.41230000000002,-98.),(18.1677,395.4282,-95.908299999999997),(18.437100000000001,395.47570000000002,-93.832400000000007),(18.883800000000001,395.55450000000002,-91.788300000000007),(19.5045,395.66390000000001,-89.791499999999999),(20.2943,395.80309999999997,-87.857200000000006),(21.247299999999999,395.97109999999998,-86.),(22.356300000000001,396.16660000000002,-84.234200000000001),(23.6126,396.38799999999998,-82.573099999999997),(25.007000000000001,396.63380000000001,-81.029399999999995),(26.528700000000001,396.90210000000002,-79.614900000000006),(28.1661,397.19069999999999,-78.340400000000002),(29.906700000000001,397.49759999999998,-77.215400000000002),(31.737500000000001,397.82029999999997,-76.248599999999996),(33.644199999999998,398.15640000000002,-75.447400000000002),(35.6126,398.5034,-74.817800000000005),(37.627600000000001,398.85860000000002,-74.364599999999996),(39.673900000000003,399.21929999999998,-74.091300000000004),(41.735799999999998,399.58280000000002,-74.),(61.450899999999997,403.05810000000002,-74.),(61.450899999999997,403.05810000000002,-74.),(61.450899999999997,403.05810000000002,-74.),(61.450899999999997,403.05810000000002,-50.),(61.450899999999997,403.05810000000002,-50.),(18.0777,395.41230000000002,55.),(16.2258,352.94330000000002,55.),(16.2258,352.94330000000002,-300.),(26.8611,355.79289999999997,-300.),(26.8611,355.79289999999997,-98.),(26.949400000000001,355.81650000000002,-95.908299999999997),(27.213699999999999,355.88729999999998,-93.832400000000007),(27.651800000000001,356.00479999999999,-91.788300000000007),(28.2606,356.16789999999997,-89.791499999999999),(29.0352,356.37540000000001,-87.857200000000006),(29.969899999999999,356.6259,-86.),(31.057700000000001,356.91730000000001,-84.234200000000001),(32.289900000000003,357.2475,-82.573099999999997),(33.657499999999999,357.6139,-81.029399999999995),(35.149999999999999,358.0138,-79.614900000000006),(36.756100000000004,358.44409999999999,-78.340400000000002),(38.463299999999997,358.9015,-77.215400000000002),(40.259,359.3827,-76.248599999999996),(42.129100000000001,359.88380000000001,-75.447400000000002),(44.059699999999999,360.40100000000001,-74.817800000000005),(46.036099999999998,360.93060000000003,-74.364599999999996),(48.043199999999999,361.4683,-74.091300000000004),(50.0655,362.0102,-74.),(69.402500000000003,367.19130000000001,-74.),(69.402500000000003,367.19130000000001,-74.),(69.402500000000003,367.19130000000001,-74.),(69.402500000000003,367.19130000000001,-50.),(69.402500000000003,367.19130000000001,-50.),(26.8611,355.79289999999997,55.),(28.7178,313.32369999999997,55.),(28.7178,313.32369999999997,-300.),(39.064300000000003,317.08929999999998,-300.),(39.064300000000003,317.08929999999998,-98.),(39.150199999999998,317.12049999999999,-95.908299999999997),(39.407299999999999,317.21409999999997,-93.832400000000007),(39.833599999999997,317.36919999999998,-91.788300000000007),(40.425800000000002,317.58479999999997,-89.791499999999999),(41.179400000000001,317.85899999999998,-87.857200000000006),(42.088700000000003,318.19,-86.),(43.146900000000002,318.57510000000002,-84.234200000000001),(44.345700000000001,319.01139999999998,-82.573099999999997),(45.676200000000001,319.49560000000002,-81.029399999999995),(47.1282,320.02409999999998,-79.614900000000006),(48.690600000000003,320.59269999999998,-78.340400000000002),(50.351500000000001,321.19720000000001,-77.215400000000002),(52.098399999999998,321.83300000000003,-76.248599999999996),(53.9178,322.49509999999998,-75.447400000000002),(55.795900000000003,323.17869999999999,-74.817800000000005),(57.718600000000002,323.8784,-74.364599999999996),(59.671199999999999,324.58909999999997,-74.091300000000004),(61.638599999999997,325.30509999999998,-74.),(80.450500000000005,332.15159999999997,-74.),(80.450500000000005,332.15159999999997,-74.),(80.450500000000005,332.15159999999997,-74.),(80.450500000000005,332.15159999999997,-50.),(80.450500000000005,332.15159999999997,-50.),(39.064300000000003,317.08929999999998,55.),(44.615299999999998,274.94369999999998,55.),(44.615299999999998,274.94369999999998,-300.),(54.594200000000001,279.59679999999997,-300.),(54.594200000000001,279.59679999999997,-98.),(54.677100000000003,279.6354,-95.908299999999997),(54.924999999999997,279.75099999999998,-93.832400000000007),(55.336100000000002,279.9427,-91.788300000000007),(55.907299999999999,280.20909999999998,-89.791499999999999),(56.634099999999997,280.548,-87.857200000000006),(57.511200000000002,280.95690000000002,-86.),(58.531799999999997,281.43279999999999,-84.234200000000001),(59.688000000000002,281.97190000000001,-82.573099999999997),(60.971200000000003,282.57029999999997,-81.029399999999995),(62.371600000000001,283.22329999999999,-79.614900000000006),(63.878500000000003,283.92599999999999,-78.340400000000002),(65.480400000000003,284.67290000000003,-77.215400000000002),(67.165199999999999,285.45850000000002,-76.248599999999996),(68.919899999999998,286.27670000000001,-75.447400000000002),(70.731399999999994,287.12139999999999,-74.817800000000005),(72.585700000000003,287.98610000000002,-74.364599999999996),(74.468900000000005,288.86419999999998,-74.091300000000004),(76.366500000000002,289.74900000000002,-74.),(94.510000000000005,298.20920000000001,-74.),(94.510000000000005,298.20920000000001,-74.),(94.510000000000005,298.20920000000001,-74.),(94.510000000000005,298.20920000000001,-50.),(94.510000000000005,298.20920000000001,-50.),(54.594200000000001,279.59679999999997,55.),(63.797400000000003,238.09520000000001,55.),(63.797400000000003,238.09520000000001,-300.),(73.332700000000003,243.60059999999999,-300.),(73.332700000000003,243.60059999999999,-98.),(73.411799999999999,243.6463,-95.908299999999997),(73.648700000000005,243.78299999999999,-93.832400000000007),(74.041600000000003,244.00989999999999,-91.788300000000007),(74.587400000000002,244.32499999999999,-89.791499999999999),(75.281899999999993,244.726,-87.857200000000006),(76.119900000000001,245.2098,-86.),(77.095100000000002,245.77289999999999,-84.234200000000001),(78.1999,246.41069999999999,-82.573099999999997),(79.426100000000005,247.11869999999999,-81.029399999999995),(80.764200000000002,247.8913,-79.614900000000006),(82.204099999999997,248.7226,-78.340400000000002),(83.734800000000007,249.60640000000001,-77.215400000000002),(85.344700000000003,250.5359,-76.248599999999996),(87.021500000000003,251.50399999999999,-75.447400000000002),(88.752399999999994,252.5034,-74.817800000000005),(90.524299999999997,253.5264,-74.364599999999996),(92.323800000000006,254.56540000000001,-74.091300000000004),(94.136899999999997,255.6123,-74.),(111.4738,265.62200000000001,-74.),(111.4738,265.62200000000001,-74.),(111.4738,265.62200000000001,-74.),(111.4738,265.62200000000001,-50.),(111.4738,265.62200000000001,-50.),(73.332700000000003,243.60059999999999,55.),(86.118099999999998,203.05879999999999,55.),(86.118099999999998,203.05879999999999,-300.),(95.1374,209.3741,-300.),(95.1374,209.3741,-98.),(95.212299999999999,209.4265,-95.908299999999997),(95.436400000000006,209.58340000000001,-93.832400000000007),(95.808000000000007,209.84360000000001,-91.788300000000007),(96.324200000000005,210.20509999999999,-89.791499999999999),(96.981099999999998,210.66499999999999,-87.857200000000006),(97.773799999999994,211.2201,-86.),(98.696299999999994,211.86600000000001,-84.234200000000001),(99.741299999999995,212.5977,-82.573099999999997),(100.9011,213.40979999999999,-81.029399999999995),(102.16679999999999,214.29599999999999,-79.614900000000006),(103.5288,215.24969999999999,-78.340400000000002),(104.97669999999999,216.26349999999999,-77.215400000000002),(106.49939999999999,217.3297,-76.248599999999996),(108.08540000000001,218.4402,-75.447400000000002),(109.7227,219.5866,-74.817800000000005),(111.39870000000001,220.7602,-74.364599999999996),(113.10080000000001,221.952,-74.091300000000004),(114.8159,223.15289999999999,-74.),(131.21459999999999,234.6352,-74.),(131.21459999999999,234.6352,-74.),(131.21459999999999,234.6352,-74.),(131.21459999999999,234.6352,-50.),(131.21459999999999,234.6352,-50.),(95.1374,209.3741,55.),(111.4074,170.1011,55.),(111.4074,170.1011,-300.),(119.8416,177.1788,-300.),(119.8416,177.1788,-98.),(119.9117,177.23759999999999,-95.908299999999997),(120.1212,177.4134,-93.832400000000007),(120.4687,177.70500000000001,-91.788300000000007),(120.95140000000001,178.11009999999999,-89.791499999999999),(121.5658,178.62559999999999,-87.857200000000006),(122.30710000000001,179.24770000000001,-86.),(123.1696,179.9716,-84.234200000000001),(124.1469,180.79159999999999,-82.573099999999997),(125.23139999999999,181.70169999999999,-81.029399999999995),(126.4151,182.69499999999999,-79.614900000000006),(127.6887,183.7638,-78.340400000000002),(129.04259999999999,184.90000000000001,-77.215400000000002),(130.4667,186.0949,-76.248599999999996),(131.94980000000001,187.33949999999999,-75.447400000000002),(133.48079999999999,188.62430000000001,-74.817800000000005),(135.04810000000001,189.93960000000001,-74.364599999999996),(136.63980000000001,191.27529999999999,-74.091300000000004),(138.24359999999999,192.62110000000001,-74.),(153.57859999999999,205.4897,-74.),(153.57859999999999,205.4897,-74.),(153.57859999999999,205.4897,-74.),(153.57859999999999,205.4897,-50.),(153.57859999999999,205.4897,-50.),(119.8416,177.1788,55.),(139.47300000000001,139.47300000000001,55.),(139.47300000000001,139.47300000000001,-300.),(147.2586,147.2586,-300.),(147.2586,147.2586,-98.),(147.32320000000001,147.32320000000001,-95.908299999999997),(147.51660000000001,147.51660000000001,-93.832400000000007),(147.8374,147.8374,-91.788300000000007),(148.28299999999999,148.28299999999999,-89.791499999999999),(148.8501,148.8501,-87.857200000000006),(149.53440000000001,149.53440000000001,-86.),(150.3306,150.3306,-84.234200000000001),(151.23269999999999,151.23269999999999,-82.573099999999997),(152.23390000000001,152.23390000000001,-81.029399999999995),(153.32650000000001,153.32650000000001,-79.614900000000006),(154.50219999999999,154.50219999999999,-78.340400000000002),(155.75190000000001,155.75190000000001,-77.215400000000002),(157.06639999999999,157.06639999999999,-76.248599999999996),(158.43549999999999,158.43549999999999,-75.447400000000002),(159.84880000000001,159.84880000000001,-74.817800000000005),(161.29560000000001,161.29560000000001,-74.364599999999996),(162.76490000000001,162.76490000000001,-74.091300000000004),(164.24529999999999,164.24529999999999,-74.),(178.40090000000001,178.40090000000001,-74.),(178.40090000000001,178.40090000000001,-74.),(178.40090000000001,178.40090000000001,-74.),(178.40090000000001,178.40090000000001,-50.),(178.40090000000001,178.40090000000001,-50.),(147.2586,147.2586,55.),(170.1011,111.4074,55.),(170.1011,111.4074,-300.),(177.1788,119.8416,-300.),(177.1788,119.8416,-98.),(177.23759999999999,119.9117,-95.908299999999997),(177.4134,120.1212,-93.832400000000007),(177.70500000000001,120.4687,-91.788300000000007),(178.11009999999999,120.95140000000001,-89.791499999999999),(178.62559999999999,121.5658,-87.857200000000006),(179.24770000000001,122.30710000000001,-86.),(179.9716,123.1696,-84.234200000000001),(180.79159999999999,124.1469,-82.573099999999997),(181.70169999999999,125.23139999999999,-81.029399999999995),(182.69499999999999,126.4151,-79.614900000000006),(183.7638,127.6887,-78.340400000000002),(184.90000000000001,129.04259999999999,-77.215400000000002),(186.0949,130.4667,-76.248599999999996),(187.33949999999999,131.94980000000001,-75.447400000000002),(188.62430000000001,133.48079999999999,-74.817800000000005),(189.93960000000001,135.04810000000001,-74.364599999999996),(191.27529999999999,136.63980000000001,-74.091300000000004),(192.62110000000001,138.24359999999999,-74.),(205.4897,153.57859999999999,-74.),(205.4897,153.57859999999999,-74.),(205.4897,153.57859999999999,-74.),(205.4897,153.57859999999999,-50.),(205.4897,153.57859999999999,-50.),(177.1788,119.8416,55.),(203.05879999999999,86.118099999999998,55.),(203.05879999999999,86.118099999999998,-300.),(209.3741,95.1374,-300.),(209.3741,95.1374,-98.),(209.4265,95.212299999999999,-95.908299999999997),(209.58340000000001,95.436400000000006,-93.832400000000007),(209.84360000000001,95.808000000000007,-91.788300000000007),(210.20509999999999,96.324200000000005,-89.791499999999999),(210.66499999999999,96.981099999999998,-87.857200000000006),(211.2201,97.773799999999994,-86.),(211.86600000000001,98.696299999999994,-84.234200000000001),(212.5977,99.741299999999995,-82.573099999999997),(213.40979999999999,100.9011,-81.029399999999995),(214.29599999999999,102.16679999999999,-79.614900000000006),(215.24969999999999,103.5288,-78.340400000000002),(216.26349999999999,104.97669999999999,-77.215400000000002),(217.3297,106.49939999999999,-76.248599999999996),(218.4402,108.08540000000001,-75.447400000000002),(219.5866,109.7227,-74.817800000000005),(220.7602,111.39870000000001,-74.364599999999996),(221.952,113.10080000000001,-74.091300000000004),(223.15289999999999,114.8159,-74.),(234.6352,131.21459999999999,-74.),(234.6352,131.21459999999999,-74.),(234.6352,131.21459999999999,-74.),(234.6352,131.21459999999999,-50.),(234.6352,131.21459999999999,-50.),(209.3741,95.1374,55.),(238.09520000000001,63.797400000000003,55.),(238.09520000000001,63.797400000000003,-300.),(243.60059999999999,73.332700000000003,-300.),(243.60059999999999,73.332700000000003,-98.),(243.6463,73.411799999999999,-95.908299999999997),(243.78299999999999,73.648700000000005,-93.832400000000007),(244.00989999999999,74.041600000000003,-91.788300000000007),(244.32499999999999,74.587400000000002,-89.791499999999999),(244.726,75.281899999999993,-87.857200000000006),(245.2098,76.119900000000001,-86.),(245.77289999999999,77.095100000000002,-84.234200000000001),(246.41069999999999,78.1999,-82.573099999999997),(247.11869999999999,79.426100000000005,-81.029399999999995),(247.8913,80.764200000000002,-79.614900000000006),(248.7226,82.204099999999997,-78.340400000000002),(249.60640000000001,83.734800000000007,-77.215400000000002),(250.5359,85.344700000000003,-76.248599999999996),(251.50399999999999,87.021500000000003,-75.447400000000002),(252.5034,88.752399999999994,-74.817800000000005),(253.5264,90.524299999999997,-74.364599999999996),(254.56540000000001,92.323800000000006,-74.091300000000004),(255.6123,94.136899999999997,-74.),(265.62200000000001,111.4738,-74.),(265.62200000000001,111.4738,-74.),(265.62200000000001,111.4738,-74.),(265.62200000000001,111.4738,-50.),(265.62200000000001,111.4738,-50.),(243.60059999999999,73.332700000000003,55.),(274.94369999999998,44.615299999999998,55.),(274.94369999999998,44.615299999999998,-300.),(279.59679999999997,54.594200000000001,-300.),(279.59679999999997,54.594200000000001,-98.),(279.6354,54.677100000000003,-95.908299999999997),(279.75099999999998,54.924999999999997,-93.832400000000007),(279.9427,55.336100000000002,-91.788300000000007),(280.20909999999998,55.907299999999999,-89.791499999999999),(280.548,56.634099999999997,-87.857200000000006),(280.95690000000002,57.511200000000002,-86.),(281.43279999999999,58.531799999999997,-84.234200000000001),(281.97190000000001,59.688000000000002,-82.573099999999997),(282.57029999999997,60.971200000000003,-81.029399999999995),(283.22329999999999,62.371600000000001,-79.614900000000006),(283.92599999999999,63.878500000000003,-78.340400000000002),(284.67290000000003,65.480400000000003,-77.215400000000002),(285.45850000000002,67.165199999999999,-76.248599999999996),(286.27670000000001,68.919899999999998,-75.447400000000002),(287.12139999999999,70.731399999999994,-74.817800000000005),(287.98610000000002,72.585700000000003,-74.364599999999996),(288.86419999999998,74.468900000000005,-74.091300000000004),(289.74900000000002,76.366500000000002,-74.),(298.20920000000001,94.510000000000005,-74.),(298.20920000000001,94.510000000000005,-74.),(298.20920000000001,94.510000000000005,-74.),(298.20920000000001,94.510000000000005,-50.),(298.20920000000001,94.510000000000005,-50.),(279.59679999999997,54.594200000000001,55.),(313.32369999999997,28.7178,55.),(313.32369999999997,28.7178,-300.),(317.08929999999998,39.064300000000003,-300.),(317.08929999999998,39.064300000000003,-98.),(317.12049999999999,39.150199999999998,-95.908299999999997),(317.21409999999997,39.407299999999999,-93.832400000000007),(317.36919999999998,39.833599999999997,-91.788300000000007),(317.58479999999997,40.425800000000002,-89.791499999999999),(317.85899999999998,41.179400000000001,-87.857200000000006),(318.19,42.088700000000003,-86.),(318.57510000000002,43.146900000000002,-84.234200000000001),(319.01139999999998,44.345700000000001,-82.573099999999997),(319.49560000000002,45.676200000000001,-81.029399999999995),(320.02409999999998,47.1282,-79.614900000000006),(320.59269999999998,48.690600000000003,-78.340400000000002),(321.19720000000001,50.351500000000001,-77.215400000000002),(321.83300000000003,52.098399999999998,-76.248599999999996),(322.49509999999998,53.9178,-75.447400000000002),(323.17869999999999,55.795900000000003,-74.817800000000005),(323.8784,57.718600000000002,-74.364599999999996),(324.58909999999997,59.671199999999999,-74.091300000000004),(325.30509999999998,61.638599999999997,-74.),(332.15159999999997,80.450500000000005,-74.),(332.15159999999997,80.450500000000005,-74.),(332.15159999999997,80.450500000000005,-74.),(332.15159999999997,80.450500000000005,-50.),(332.15159999999997,80.450500000000005,-50.),(317.08929999999998,39.064300000000003,55.),(352.94330000000002,16.2258,55.),(352.94330000000002,16.2258,-300.),(355.79289999999997,26.8611,-300.),(355.79289999999997,26.8611,-98.),(355.81650000000002,26.949400000000001,-95.908299999999997),(355.88729999999998,27.213699999999999,-93.832400000000007),(356.00479999999999,27.651800000000001,-91.788300000000007),(356.16789999999997,28.2606,-89.791499999999999),(356.37540000000001,29.0352,-87.857200000000006),(356.6259,29.969899999999999,-86.),(356.91730000000001,31.057700000000001,-84.234200000000001),(357.2475,32.289900000000003,-82.573099999999997),(357.6139,33.657499999999999,-81.029399999999995),(358.0138,35.149999999999999,-79.614900000000006),(358.44409999999999,36.756100000000004,-78.340400000000002),(358.9015,38.463299999999997,-77.215400000000002),(359.3827,40.259,-76.248599999999996),(359.88380000000001,42.129100000000001,-75.447400000000002),(360.40100000000001,44.059699999999999,-74.817800000000005),(360.93060000000003,46.036099999999998,-74.364599999999996),(361.4683,48.043199999999999,-74.091300000000004),(362.0102,50.0655,-74.),(367.19130000000001,69.402500000000003,-74.),(367.19130000000001,69.402500000000003,-74.),(367.19130000000001,69.402500000000003,-74.),(367.19130000000001,69.402500000000003,-50.),(367.19130000000001,69.402500000000003,-50.),(355.79289999999997,26.8611,55.),(393.5009,7.2343999999999999,55.),(393.5009,7.2343999999999999,-300.),(395.41230000000002,18.0777,-300.),(395.41230000000002,18.0777,-98.),(395.4282,18.1677,-95.908299999999997),(395.47570000000002,18.437100000000001,-93.832400000000007),(395.55450000000002,18.883800000000001,-91.788300000000007),(395.66390000000001,19.5045,-89.791499999999999),(395.80309999999997,20.2943,-87.857200000000006),(395.97109999999998,21.247299999999999,-86.),(396.16660000000002,22.356300000000001,-84.234200000000001),(396.38799999999998,23.6126,-82.573099999999997),(396.63380000000001,25.007000000000001,-81.029399999999995),(396.90210000000002,26.528700000000001,-79.614900000000006),(397.19069999999999,28.1661,-78.340400000000002),(397.49759999999998,29.906700000000001,-77.215400000000002),(397.82029999999997,31.737500000000001,-76.248599999999996),(398.15640000000002,33.644199999999998,-75.447400000000002),(398.5034,35.6126,-74.817800000000005),(398.85860000000002,37.627600000000001,-74.364599999999996),(399.21929999999998,39.673900000000003,-74.091300000000004),(399.58280000000002,41.735799999999998,-74.),(403.05810000000002,61.450899999999997,-74.),(403.05810000000002,61.450899999999997,-74.),(403.05810000000002,61.450899999999997,-74.),(403.05810000000002,61.450899999999997,-50.),(403.05810000000002,61.450899999999997,-50.),(395.41230000000002,18.0777,55.),(434.68770000000001,1.8120000000000001,55.),(434.68770000000001,1.8120000000000001,-300.),(435.64780000000002,12.7805,-300.),(435.64780000000002,12.7805,-98.),(435.6558,12.871600000000001,-95.908299999999997),(435.67959999999999,13.1441,-93.832400000000007),(435.7192,13.596,-91.788300000000007),(435.77409999999998,14.223800000000001,-89.791499999999999),(435.84410000000003,15.0227,-87.857200000000006),(435.92849999999999,15.986700000000001,-86.),(436.02659999999997,17.108499999999999,-84.234200000000001),(436.1379,18.3794,-82.573099999999997),(436.26130000000001,19.7898,-81.029399999999995),(436.39609999999999,21.3291,-79.614900000000006),(436.54109999999997,22.985499999999998,-78.340400000000002),(436.6952,24.746200000000002,-77.215400000000002),(436.85730000000001,26.598099999999999,-76.248599999999996),(437.02609999999999,28.526900000000001,-75.447400000000002),(437.2004,30.518000000000001,-74.817800000000005),(437.37880000000001,32.556199999999997,-74.364599999999996),(437.56,34.626199999999997,-74.091300000000004),(437.74259999999998,36.7119,-74.),(439.48820000000001,56.654699999999998,-74.),(439.48820000000001,56.654699999999998,-74.),(439.48820000000001,56.654699999999998,-74.),(439.48820000000001,56.654699999999998,-50.),(439.48820000000001,56.654699999999998,-50.),(435.64780000000002,12.7805,55.),(476.19049999999999,0.,55.),(476.19049999999999,0.,-300.),(476.43029999999999,11.,-300.),(476.43029999999999,11.,-98.),(476.4323,11.0913,-95.908299999999997),(476.43830000000003,11.364599999999999,-93.832400000000007),(476.44819999999999,11.8178,-91.788300000000007),(476.46190000000001,12.4474,-89.791499999999999),(476.4794,13.2486,-87.857200000000006),(476.50049999999999,14.215400000000001,-86.),(476.52499999999998,15.340400000000001,-84.234200000000001),(476.55279999999999,16.614899999999999,-82.573099999999997),(476.58359999999999,18.029399999999999,-81.029399999999995),(476.6173,19.5731,-79.614900000000006),(476.65350000000001,21.234200000000001,-78.340400000000002),(476.69200000000001,23.,-77.215400000000002),(476.73250000000002,24.857199999999999,-76.248599999999996),(476.7747,26.791499999999999,-75.447400000000002),(476.81819999999999,28.7883,-74.817800000000005),(476.86279999999999,30.8324,-74.364599999999996),(476.90800000000002,32.908299999999997,-74.091300000000004),(476.95370000000003,35.,-74.),(477.3897,55.,-74.),(477.3897,55.,-74.),(477.3897,55.,-74.),(477.3897,55.,-50.),(477.3897,55.,-50.),(476.43029999999999,11.,55.),(523.80949999999996,0.,55.),(523.80949999999996,0.,-300.),(523.56970000000001,11.,-300.),(523.56970000000001,11.,-98.),(523.56769999999995,11.0913,-95.908299999999997),(523.56169999999997,11.364599999999999,-93.832400000000007),(523.55179999999996,11.8178,-91.788300000000007),(523.53809999999999,12.4474,-89.791499999999999),(523.52059999999994,13.2486,-87.857200000000006),(523.49950000000001,14.215400000000001,-86.),(523.47500000000002,15.340400000000001,-84.234200000000001),(523.44719999999995,16.614899999999999,-82.573099999999997),(523.41639999999995,18.029399999999999,-81.029399999999995),(523.3827,19.5731,-79.614900000000006),(523.34649999999999,21.234200000000001,-78.340400000000002),(523.30799999999999,23.,-77.215400000000002),(523.26750000000004,24.857199999999999,-76.248599999999996),(523.22529999999995,26.791499999999999,-75.447400000000002),(523.18179999999995,28.7883,-74.817800000000005),(523.13720000000001,30.8324,-74.364599999999996),(523.09199999999998,32.908299999999997,-74.091300000000004),(523.04629999999997,35.,-74.),(522.61030000000005,55.,-74.),(522.61030000000005,55.,-74.),(522.61030000000005,55.,-74.),(522.61030000000005,55.,-50.),(522.61030000000005,55.,-50.),(523.56970000000001,11.,55.),(565.31230000000005,1.8120000000000001,55.),(565.31230000000005,1.8120000000000001,-300.),(564.35220000000004,12.7805,-300.),(564.35220000000004,12.7805,-98.),(564.3442,12.871600000000001,-95.908299999999997),(564.32039999999995,13.1441,-93.832400000000007),(564.2808,13.596,-91.788300000000007),(564.22590000000002,14.223800000000001,-89.791499999999999),(564.15589999999997,15.0227,-87.857200000000006),(564.07150000000001,15.986700000000001,-86.),(563.97339999999997,17.108499999999999,-84.234200000000001),(563.86210000000005,18.3794,-82.573099999999997),(563.73869999999999,19.7898,-81.029399999999995),(563.60389999999995,21.3291,-79.614900000000006),(563.45889999999997,22.985499999999998,-78.340400000000002),(563.3048,24.746200000000002,-77.215400000000002),(563.14269999999999,26.598099999999999,-76.248599999999996),(562.97389999999996,28.526900000000001,-75.447400000000002),(562.79960000000005,30.518000000000001,-74.817800000000005),(562.62120000000004,32.556199999999997,-74.364599999999996),(562.44000000000005,34.626199999999997,-74.091300000000004),(562.25739999999996,36.7119,-74.),(560.51179999999999,56.654699999999998,-74.),(560.51179999999999,56.654699999999998,-74.),(560.51179999999999,56.654699999999998,-74.),(560.51179999999999,56.654699999999998,-50.),(560.51179999999999,56.654699999999998,-50.),(564.35220000000004,12.7805,55.),(606.4991,7.2343999999999999,55.),(606.4991,7.2343999999999999,-300.),(604.58770000000004,18.0777,-300.),(604.58770000000004,18.0777,-98.),(604.57180000000005,18.1677,-95.908299999999997),(604.52430000000004,18.437100000000001,-93.832400000000007),(604.44550000000004,18.883800000000001,-91.788300000000007),(604.33609999999999,19.5045,-89.791499999999999),(604.19690000000003,20.2943,-87.857200000000006),(604.02890000000002,21.247299999999999,-86.),(603.83339999999998,22.356300000000001,-84.234200000000001),(603.61199999999997,23.6126,-82.573099999999997),(603.36620000000005,25.007000000000001,-81.029399999999995),(603.09789999999998,26.528700000000001,-79.614900000000006),(602.80930000000001,28.1661,-78.340400000000002),(602.50239999999997,29.906700000000001,-77.215400000000002),(602.17970000000003,31.737500000000001,-76.248599999999996),(601.84360000000004,33.644199999999998,-75.447400000000002),(601.49659999999994,35.6126,-74.817800000000005),(601.14139999999998,37.627600000000001,-74.364599999999996),(600.78070000000002,39.673900000000003,-74.091300000000004),(600.41719999999998,41.735799999999998,-74.),(596.94190000000003,61.450899999999997,-74.),(596.94190000000003,61.450899999999997,-74.),(596.94190000000003,61.450899999999997,-74.),(596.94190000000003,61.450899999999997,-50.),(596.94190000000003,61.450899999999997,-50.),(604.58770000000004,18.0777,55.),(647.05669999999998,16.2258,55.),(647.05669999999998,16.2258,-300.),(644.20709999999997,26.8611,-300.),(644.20709999999997,26.8611,-98.),(644.18349999999998,26.949400000000001,-95.908299999999997),(644.11270000000002,27.213699999999999,-93.832400000000007),(643.99519999999995,27.651800000000001,-91.788300000000007),(643.83209999999997,28.2606,-89.791499999999999),(643.62459999999999,29.0352,-87.857200000000006),(643.3741,29.969899999999999,-86.),(643.08270000000005,31.057700000000001,-84.234200000000001),(642.75250000000005,32.289900000000003,-82.573099999999997),(642.38610000000006,33.657499999999999,-81.029399999999995),(641.98620000000005,35.149999999999999,-79.614900000000006),(641.55589999999995,36.756100000000004,-78.340400000000002),(641.09849999999994,38.463299999999997,-77.215400000000002),(640.6173,40.259,-76.248599999999996),(640.11620000000005,42.129100000000001,-75.447400000000002),(639.59900000000005,44.059699999999999,-74.817800000000005),(639.06939999999997,46.036099999999998,-74.364599999999996),(638.5317,48.043199999999999,-74.091300000000004),(637.98979999999995,50.0655,-74.),(632.80870000000004,69.402500000000003,-74.),(632.80870000000004,69.402500000000003,-74.),(632.80870000000004,69.402500000000003,-74.),(632.80870000000004,69.402500000000003,-50.),(632.80870000000004,69.402500000000003,-50.),(644.20709999999997,26.8611,55.),(686.67629999999997,28.7178,55.),(686.67629999999997,28.7178,-300.),(682.91070000000002,39.064300000000003,-300.),(682.91070000000002,39.064300000000003,-98.),(682.87950000000001,39.150199999999998,-95.908299999999997),(682.78589999999997,39.407299999999999,-93.832400000000007),(682.63080000000002,39.833599999999997,-91.788300000000007),(682.41520000000003,40.425800000000002,-89.791499999999999),(682.14099999999996,41.179400000000001,-87.857200000000006),(681.80999999999995,42.088700000000003,-86.),(681.42489999999998,43.146900000000002,-84.234200000000001),(680.98860000000002,44.345700000000001,-82.573099999999997),(680.50440000000003,45.676200000000001,-81.029399999999995),(679.97590000000002,47.1282,-79.614900000000006),(679.40729999999996,48.690600000000003,-78.340400000000002),(678.80280000000005,50.351500000000001,-77.215400000000002),(678.16700000000003,52.098399999999998,-76.248599999999996),(677.50490000000002,53.9178,-75.447400000000002),(676.82129999999995,55.795900000000003,-74.817800000000005),(676.12159999999994,57.718600000000002,-74.364599999999996),(675.41089999999997,59.671199999999999,-74.091300000000004),(674.69489999999996,61.638599999999997,-74.),(667.84839999999997,80.450500000000005,-74.),(667.84839999999997,80.450500000000005,-74.),(667.84839999999997,80.450500000000005,-74.),(667.84839999999997,80.450500000000005,-50.),(667.84839999999997,80.450500000000005,-50.),(682.91070000000002,39.064300000000003,55.),(725.05629999999996,44.615299999999998,55.),(725.05629999999996,44.615299999999998,-300.),(720.40319999999997,54.594200000000001,-300.),(720.40319999999997,54.594200000000001,-98.),(720.3646,54.677100000000003,-95.908299999999997),(720.24900000000002,54.924999999999997,-93.832400000000007),(720.05730000000005,55.336100000000002,-91.788300000000007),(719.79089999999997,55.907299999999999,-89.791499999999999),(719.452,56.634099999999997,-87.857200000000006),(719.04309999999998,57.511200000000002,-86.),(718.56719999999996,58.531799999999997,-84.234200000000001),(718.02809999999999,59.688000000000002,-82.573099999999997),(717.42970000000003,60.971200000000003,-81.029399999999995),(716.77670000000001,62.371600000000001,-79.614900000000006),(716.07399999999996,63.878500000000003,-78.340400000000002),(715.32709999999997,65.480400000000003,-77.215400000000002),(714.54150000000004,67.165199999999999,-76.248599999999996),(713.72329999999999,68.919899999999998,-75.447400000000002),(712.87860000000001,70.731399999999994,-74.817800000000005),(712.01390000000004,72.585700000000003,-74.364599999999996),(711.13580000000002,74.468900000000005,-74.091300000000004),(710.25099999999998,76.366500000000002,-74.),(701.79079999999999,94.510000000000005,-74.),(701.79079999999999,94.510000000000005,-74.),(701.79079999999999,94.510000000000005,-74.),(701.79079999999999,94.510000000000005,-50.),(701.79079999999999,94.510000000000005,-50.),(720.40319999999997,54.594200000000001,55.),(761.90480000000002,63.797400000000003,55.),(761.90480000000002,63.797400000000003,-300.),(756.39940000000001,73.332700000000003,-300.),(756.39940000000001,73.332700000000003,-98.),(756.3537,73.411799999999999,-95.908299999999997),(756.21699999999998,73.648700000000005,-93.832400000000007),(755.99009999999998,74.041600000000003,-91.788300000000007),(755.67499999999995,74.587400000000002,-89.791499999999999),(755.274,75.281899999999993,-87.857200000000006),(754.79020000000003,76.119900000000001,-86.),(754.22709999999995,77.095100000000002,-84.234200000000001),(753.58929999999998,78.1999,-82.573099999999997),(752.88130000000001,79.426100000000005,-81.029399999999995),(752.1087,80.764200000000002,-79.614900000000006),(751.27739999999994,82.204099999999997,-78.340400000000002),(750.39359999999999,83.734800000000007,-77.215400000000002),(749.46410000000003,85.344700000000003,-76.248599999999996),(748.49599999999998,87.021500000000003,-75.447400000000002),(747.49659999999994,88.752399999999994,-74.817800000000005),(746.47360000000003,90.524299999999997,-74.364599999999996),(745.43460000000005,92.323800000000006,-74.091300000000004),(744.3877,94.136899999999997,-74.),(734.37800000000004,111.4738,-74.),(734.37800000000004,111.4738,-74.),(734.37800000000004,111.4738,-74.),(734.37800000000004,111.4738,-50.),(734.37800000000004,111.4738,-50.),(756.39940000000001,73.332700000000003,55.),(796.94119999999998,86.118099999999998,55.),(796.94119999999998,86.118099999999998,-300.),(790.6259,95.1374,-300.),(790.6259,95.1374,-98.),(790.57349999999997,95.212299999999999,-95.908299999999997),(790.41660000000002,95.436400000000006,-93.832400000000007),(790.15639999999996,95.808000000000007,-91.788300000000007),(789.79489999999998,96.324200000000005,-89.791499999999999),(789.33500000000004,96.981099999999998,-87.857200000000006),(788.7799,97.773799999999994,-86.),(788.13400000000001,98.696299999999994,-84.234200000000001),(787.40229999999997,99.741299999999995,-82.573099999999997),(786.59019999999998,100.9011,-81.029399999999995),(785.70399999999995,102.16679999999999,-79.614900000000006),(784.75030000000004,103.5288,-78.340400000000002),(783.73649999999998,104.97669999999999,-77.215400000000002),(782.6703,106.49939999999999,-76.248599999999996),(781.5598,108.08540000000001,-75.447400000000002),(780.41340000000002,109.7227,-74.817800000000005),(779.23979999999995,111.39870000000001,-74.364599999999996),(778.048,113.10080000000001,-74.091300000000004),(776.84709999999995,114.8159,-74.),(765.36479999999995,131.21459999999999,-74.),(765.36479999999995,131.21459999999999,-74.),(765.36479999999995,131.21459999999999,-74.),(765.36479999999995,131.21459999999999,-50.),(765.36479999999995,131.21459999999999,-50.),(790.6259,95.1374,55.),(829.89890000000003,111.4074,55.),(829.89890000000003,111.4074,-300.),(822.82119999999998,119.8416,-300.),(822.82119999999998,119.8416,-98.),(822.76239999999996,119.9117,-95.908299999999997),(822.58659999999998,120.1212,-93.832400000000007),(822.29499999999996,120.4687,-91.788300000000007),(821.88990000000001,120.95140000000001,-89.791499999999999),(821.37440000000004,121.5658,-87.857200000000006),(820.75229999999999,122.30710000000001,-86.),(820.02840000000003,123.1696,-84.234200000000001),(819.20839999999998,124.1469,-82.573099999999997),(818.29830000000004,125.23139999999999,-81.029399999999995),(817.30499999999995,126.4151,-79.614900000000006),(816.23620000000005,127.6887,-78.340400000000002),(815.10000000000002,129.04259999999999,-77.215400000000002),(813.90509999999995,130.4667,-76.248599999999996),(812.66049999999996,131.94980000000001,-75.447400000000002),(811.37570000000005,133.48079999999999,-74.817800000000005),(810.06039999999996,135.04810000000001,-74.364599999999996),(808.72469999999998,136.63980000000001,-74.091300000000004),(807.37890000000004,138.24359999999999,-74.),(794.51030000000003,153.57859999999999,-74.),(794.51030000000003,153.57859999999999,-74.),(794.51030000000003,153.57859999999999,-74.),(794.51030000000003,153.57859999999999,-50.),(794.51030000000003,153.57859999999999,-50.),(822.82119999999998,119.8416,55.),(860.52700000000004,139.47300000000001,55.),(860.52700000000004,139.47300000000001,-300.),(852.7414,147.2586,-300.),(852.7414,147.2586,-98.),(852.67679999999996,147.32320000000001,-95.908299999999997),(852.48339999999996,147.51660000000001,-93.832400000000007),(852.1626,147.8374,-91.788300000000007),(851.71699999999998,148.28299999999999,-89.791499999999999),(851.1499,148.8501,-87.857200000000006),(850.46559999999999,149.53440000000001,-86.),(849.6694,150.3306,-84.234200000000001),(848.76729999999998,151.23269999999999,-82.573099999999997),(847.76610000000005,152.23390000000001,-81.029399999999995),(846.67349999999999,153.32650000000001,-79.614900000000006),(845.49779999999998,154.50219999999999,-78.340400000000002),(844.24810000000002,155.75190000000001,-77.215400000000002),(842.93359999999996,157.06639999999999,-76.248599999999996),(841.56449999999995,158.43549999999999,-75.447400000000002),(840.15120000000002,159.84880000000001,-74.817800000000005),(838.70439999999996,161.29560000000001,-74.364599999999996),(837.23509999999999,162.76490000000001,-74.091300000000004),(835.75469999999996,164.24529999999999,-74.),(821.59910000000002,178.40090000000001,-74.),(821.59910000000002,178.40090000000001,-74.),(821.59910000000002,178.40090000000001,-74.),(821.59910000000002,178.40090000000001,-50.),(821.59910000000002,178.40090000000001,-50.),(852.7414,147.2586,55.),(888.59259999999995,170.1011,55.),(888.59259999999995,170.1011,-300.),(880.15840000000003,177.1788,-300.),(880.15840000000003,177.1788,-98.),(880.0883,177.23759999999999,-95.908299999999997),(879.87879999999996,177.4134,-93.832400000000007),(879.53129999999999,177.70500000000001,-91.788300000000007),(879.04859999999996,178.11009999999999,-89.791499999999999),(878.43420000000003,178.62559999999999,-87.857200000000006),(877.69290000000001,179.24770000000001,-86.),(876.83040000000005,179.9716,-84.234200000000001),(875.85310000000004,180.79159999999999,-82.573099999999997),(874.76859999999999,181.70169999999999,-81.029399999999995),(873.58489999999995,182.69499999999999,-79.614900000000006),(872.31129999999996,183.7638,-78.340400000000002),(870.95740000000001,184.90000000000001,-77.215400000000002),(869.53330000000005,186.0949,-76.248599999999996),(868.05020000000002,187.33949999999999,-75.447400000000002),(866.51919999999996,188.62430000000001,-74.817800000000005),(864.95190000000002,189.93960000000001,-74.364599999999996),(863.36019999999996,191.27529999999999,-74.091300000000004),(861.75639999999999,192.62110000000001,-74.),(846.42139999999995,205.4897,-74.),(846.42139999999995,205.4897,-74.),(846.42139999999995,205.4897,-74.),(846.42139999999995,205.4897,-50.),(846.42139999999995,205.4897,-50.),(880.15840000000003,177.1788,55.),(913.88189999999997,203.05879999999999,55.),(913.88189999999997,203.05879999999999,-300.),(904.86260000000004,209.3741,-300.),(904.86260000000004,209.3741,-98.),(904.78769999999997,209.4265,-95.908299999999997),(904.56359999999995,209.58340000000001,-93.832400000000007),(904.19200000000001,209.84360000000001,-91.788300000000007),(903.67579999999998,210.20509999999999,-89.791499999999999),(903.01890000000003,210.66499999999999,-87.857200000000006),(902.22619999999995,211.2201,-86.),(901.30370000000005,211.86600000000001,-84.234200000000001),(900.25869999999998,212.5977,-82.573099999999997),(899.09889999999996,213.40979999999999,-81.029399999999995),(897.83320000000003,214.29599999999999,-79.614900000000006),(896.47119999999995,215.24969999999999,-78.340400000000002),(895.02329999999995,216.26349999999999,-77.215400000000002),(893.50059999999996,217.3297,-76.248599999999996),(891.91459999999995,218.4402,-75.447400000000002),(890.27729999999997,219.5866,-74.817800000000005),(888.60130000000004,220.7602,-74.364599999999996),(886.89919999999995,221.952,-74.091300000000004),(885.18409999999994,223.15289999999999,-74.),(868.78539999999998,234.6352,-74.),(868.78539999999998,234.6352,-74.),(868.78539999999998,234.6352,-74.),(868.78539999999998,234.6352,-50.),(868.78539999999998,234.6352,-50.),(904.86260000000004,209.3741,55.),(936.20259999999996,238.09520000000001,55.),(936.20259999999996,238.09520000000001,-300.),(926.66729999999995,243.60059999999999,-300.),(926.66729999999995,243.60059999999999,-98.),(926.58820000000003,243.6463,-95.908299999999997),(926.35130000000004,243.78299999999999,-93.832400000000007),(925.95839999999998,244.00989999999999,-91.788300000000007),(925.4126,244.32499999999999,-89.791499999999999),(924.71810000000005,244.726,-87.857200000000006),(923.88009999999997,245.2098,-86.),(922.9049,245.77289999999999,-84.234200000000001),(921.80010000000004,246.41069999999999,-82.573099999999997),(920.57389999999998,247.11869999999999,-81.029399999999995),(919.23580000000004,247.8913,-79.614900000000006),(917.79589999999996,248.7226,-78.340400000000002),(916.26520000000005,249.60640000000001,-77.215400000000002),(914.65530000000001,250.5359,-76.248599999999996),(912.97850000000005,251.50399999999999,-75.447400000000002),(911.24760000000003,252.5034,-74.817800000000005),(909.47569999999996,253.5264,-74.364599999999996),(907.67619999999999,254.56540000000001,-74.091300000000004),(905.86310000000003,255.6123,-74.),(888.52620000000002,265.62200000000001,-74.),(888.52620000000002,265.62200000000001,-74.),(888.52620000000002,265.62200000000001,-74.),(888.52620000000002,265.62200000000001,-50.),(888.52620000000002,265.62200000000001,-50.),(926.66729999999995,243.60059999999999,55.),(955.38469999999995,274.94369999999998,55.),(955.38469999999995,274.94369999999998,-300.),(945.4058,279.59679999999997,-300.),(945.4058,279.59679999999997,-98.),(945.3229,279.6354,-95.908299999999997),(945.07500000000005,279.75099999999998,-93.832400000000007),(944.66390000000001,279.9427,-91.788300000000007),(944.09270000000004,280.20909999999998,-89.791499999999999),(943.36590000000001,280.548,-87.857200000000006),(942.48879999999997,280.95690000000002,-86.),(941.46820000000002,281.43279999999999,-84.234200000000001),(940.31200000000001,281.97190000000001,-82.573099999999997),(939.02880000000005,282.57029999999997,-81.029399999999995),(937.62840000000006,283.22329999999999,-79.614900000000006),(936.12149999999997,283.92599999999999,-78.340400000000002),(934.51959999999997,284.67290000000003,-77.215400000000002),(932.83479999999997,285.45850000000002,-76.248599999999996),(931.08010000000002,286.27670000000001,-75.447400000000002),(929.26859999999999,287.12139999999999,-74.817800000000005),(927.41430000000003,287.98610000000002,-74.364599999999996),(925.53110000000004,288.86419999999998,-74.091300000000004),(923.63350000000003,289.74900000000002,-74.),(905.49000000000001,298.20920000000001,-74.),(905.49000000000001,298.20920000000001,-74.),(905.49000000000001,298.20920000000001,-74.),(905.49000000000001,298.20920000000001,-50.),(905.49000000000001,298.20920000000001,-50.),(945.4058,279.59679999999997,55.),(971.28219999999999,313.32369999999997,55.),(971.28219999999999,313.32369999999997,-300.),(960.9357,317.08929999999998,-300.),(960.9357,317.08929999999998,-98.),(960.84979999999996,317.12049999999999,-95.908299999999997),(960.59270000000004,317.21409999999997,-93.832400000000007),(960.16639999999995,317.36919999999998,-91.788300000000007),(959.57420000000002,317.58479999999997,-89.791499999999999),(958.82060000000001,317.85899999999998,-87.857200000000006),(957.91129999999998,318.19,-86.),(956.85310000000004,318.57510000000002,-84.234200000000001),(955.65430000000003,319.01139999999998,-82.573099999999997),(954.32380000000001,319.49560000000002,-81.029399999999995),(952.87180000000001,320.02409999999998,-79.614900000000006),(951.30939999999998,320.59269999999998,-78.340400000000002),(949.64850000000001,321.19720000000001,-77.215400000000002),(947.90160000000003,321.83300000000003,-76.248599999999996),(946.08219999999994,322.49509999999998,-75.447400000000002),(944.20410000000004,323.17869999999999,-74.817800000000005),(942.28139999999996,323.8784,-74.364599999999996),(940.3288,324.58909999999997,-74.091300000000004),(938.3614,325.30509999999998,-74.),(919.54949999999997,332.15159999999997,-74.),(919.54949999999997,332.15159999999997,-74.),(919.54949999999997,332.15159999999997,-74.),(919.54949999999997,332.15159999999997,-50.),(919.54949999999997,332.15159999999997,-50.),(960.9357,317.08929999999998,55.),(983.77419999999995,352.94330000000002,55.),(983.77419999999995,352.94330000000002,-300.),(973.13890000000004,355.79289999999997,-300.),(973.13890000000004,355.79289999999997,-98.),(973.05060000000003,355.81650000000002,-95.908299999999997),(972.78629999999998,355.88729999999998,-93.832400000000007),(972.34820000000002,356.00479999999999,-91.788300000000007),(971.73940000000005,356.16789999999997,-89.791499999999999),(970.96479999999997,356.37540000000001,-87.857200000000006),(970.03009999999995,356.6259,-86.),(968.94230000000005,356.91730000000001,-84.234200000000001),(967.71010000000001,357.2475,-82.573099999999997),(966.34249999999997,357.6139,-81.029399999999995),(964.85000000000002,358.0138,-79.614900000000006),(963.24390000000005,358.44409999999999,-78.340400000000002),(961.5367,358.9015,-77.215400000000002),(959.74099999999999,359.3827,-76.248599999999996),(957.87090000000001,359.88380000000001,-75.447400000000002),(955.94029999999998,360.40100000000001,-74.817800000000005),(953.96389999999997,360.93060000000003,-74.364599999999996),(951.95680000000004,361.4683,-74.091300000000004),(949.93449999999996,362.0102,-74.),(930.59749999999997,367.19130000000001,-74.),(930.59749999999997,367.19130000000001,-74.),(930.59749999999997,367.19130000000001,-74.),(930.59749999999997,367.19130000000001,-50.),(930.59749999999997,367.19130000000001,-50.),(973.13890000000004,355.79289999999997,55.),(992.76559999999995,393.5009,55.),(992.76559999999995,393.5009,-300.),(981.92229999999995,395.41230000000002,-300.),(981.92229999999995,395.41230000000002,-98.),(981.83230000000003,395.4282,-95.908299999999997),(981.56290000000001,395.47570000000002,-93.832400000000007),(981.11620000000005,395.55450000000002,-91.788300000000007),(980.49549999999999,395.66390000000001,-89.791499999999999),(979.70569999999998,395.80309999999997,-87.857200000000006),(978.7527,395.97109999999998,-86.),(977.64369999999997,396.16660000000002,-84.234200000000001),(976.38739999999996,396.38799999999998,-82.573099999999997),(974.99300000000005,396.63380000000001,-81.029399999999995),(973.47130000000004,396.90210000000002,-79.614900000000006),(971.83389999999997,397.19069999999999,-78.340400000000002),(970.0933,397.49759999999998,-77.215400000000002),(968.26250000000005,397.82029999999997,-76.248599999999996),(966.35580000000004,398.15640000000002,-75.447400000000002),(964.38739999999996,398.5034,-74.817800000000005),(962.37239999999997,398.85860000000002,-74.364599999999996),(960.3261,399.21929999999998,-74.091300000000004),(958.26419999999996,399.58280000000002,-74.),(938.54909999999995,403.05810000000002,-74.),(938.54909999999995,403.05810000000002,-74.),(938.54909999999995,403.05810000000002,-74.),(938.54909999999995,403.05810000000002,-50.),(938.54909999999995,403.05810000000002,-50.),(981.92229999999995,395.41230000000002,55.),(998.18799999999999,434.68770000000001,55.),(998.18799999999999,434.68770000000001,-300.),(987.21950000000004,435.64780000000002,-300.),(987.21950000000004,435.64780000000002,-98.),(987.12840000000006,435.6558,-95.908299999999997),(986.85590000000002,435.67959999999999,-93.832400000000007),(986.404,435.7192,-91.788300000000007),(985.77620000000002,435.77409999999998,-89.791499999999999),(984.97730000000001,435.84410000000003,-87.857200000000006),(984.01329999999996,435.92849999999999,-86.),(982.89149999999995,436.02659999999997,-84.234200000000001),(981.62059999999997,436.1379,-82.573099999999997),(980.21019999999999,436.26130000000001,-81.029399999999995),(978.67089999999996,436.39609999999999,-79.614900000000006),(977.0145,436.54109999999997,-78.340400000000002),(975.25379999999996,436.6952,-77.215400000000002),(973.40189999999996,436.85730000000001,-76.248599999999996),(971.47310000000004,437.02609999999999,-75.447400000000002),(969.48199999999997,437.2004,-74.817800000000005),(967.44380000000001,437.37880000000001,-74.364599999999996),(965.37379999999996,437.56,-74.091300000000004),(963.28809999999999,437.74259999999998,-74.),(943.34529999999995,439.48820000000001,-74.),(943.34529999999995,439.48820000000001,-74.),(943.34529999999995,439.48820000000001,-74.),(943.34529999999995,439.48820000000001,-50.),(943.34529999999995,439.48820000000001,-50.),(987.21950000000004,435.64780000000002,55.),(1000.,476.19049999999999,55.),(1000.,476.19049999999999,-300.),(989.,476.43029999999999,-300.),(989.,476.43029999999999,-98.),(988.90869999999995,476.4323,-95.908299999999997),(988.6354,476.43830000000003,-93.832400000000007),(988.18219999999997,476.44819999999999,-91.788300000000007),(987.55259999999998,476.46190000000001,-89.791499999999999),(986.75139999999999,476.4794,-87.857200000000006),(985.78459999999995,476.50049999999999,-86.),(984.65959999999995,476.52499999999998,-84.234200000000001),(983.38509999999997,476.55279999999999,-82.573099999999997),(981.97059999999999,476.58359999999999,-81.029399999999995),(980.42690000000005,476.6173,-79.614900000000006),(978.76580000000001,476.65350000000001,-78.340400000000002),(977.,476.69200000000001,-77.215400000000002),(975.14279999999997,476.73250000000002,-76.248599999999996),(973.20849999999996,476.7747,-75.447400000000002),(971.21169999999995,476.81819999999999,-74.817800000000005),(969.16759999999999,476.86279999999999,-74.364599999999996),(967.09169999999995,476.90800000000002,-74.091300000000004),(965.,476.95370000000003,-74.),(945.,477.3897,-74.),(945.,477.3897,-74.),(945.,477.3897,-74.),(945.,477.3897,-50.),(945.,477.3897,-50.),(989.,476.43029999999999,55.),(1000.,523.80949999999996,55.),(1000.,523.80949999999996,-300.),(989.,523.56970000000001,-300.),(989.,523.56970000000001,-98.),(988.90869999999995,523.56769999999995,-95.908299999999997),(988.6354,523.56169999999997,-93.832400000000007),(988.18219999999997,523.55179999999996,-91.788300000000007),(987.55259999999998,523.53809999999999,-89.791499999999999),(986.75139999999999,523.52059999999994,-87.857200000000006),(985.78459999999995,523.49950000000001,-86.),(984.65959999999995,523.47500000000002,-84.234200000000001),(983.38509999999997,523.44719999999995,-82.573099999999997),(981.97059999999999,523.41639999999995,-81.029399999999995),(980.42690000000005,523.3827,-79.614900000000006),(978.76580000000001,523.34649999999999,-78.340400000000002),(977.,523.30799999999999,-77.215400000000002),(975.14279999999997,523.26750000000004,-76.248599999999996),(973.20849999999996,523.22529999999995,-75.447400000000002),(971.21169999999995,523.18179999999995,-74.817800000000005),(969.16759999999999,523.13720000000001,-74.364599999999996),(967.09169999999995,523.09199999999998,-74.091300000000004),(965.,523.04629999999997,-74.),(945.,522.61030000000005,-74.),(945.,522.61030000000005,-74.),(945.,522.61030000000005,-74.),(945.,522.61030000000005,-50.),(945.,522.61030000000005,-50.),(989.,523.56970000000001,55.),(998.18799999999999,565.31230000000005,55.),(998.18799999999999,565.31230000000005,-300.),(987.21950000000004,564.35220000000004,-300.),(987.21950000000004,564.35220000000004,-98.),(987.12840000000006,564.3442,-95.908299999999997),(986.85590000000002,564.32039999999995,-93.832400000000007),(986.404,564.2808,-91.788300000000007),(985.77620000000002,564.22590000000002,-89.791499999999999),(984.97730000000001,564.15589999999997,-87.857200000000006),(984.01329999999996,564.07150000000001,-86.),(982.89149999999995,563.97339999999997,-84.234200000000001),(981.62059999999997,563.86210000000005,-82.573099999999997),(980.21019999999999,563.73869999999999,-81.029399999999995),(978.67089999999996,563.60389999999995,-79.614900000000006),(977.0145,563.45889999999997,-78.340400000000002),(975.25379999999996,563.3048,-77.215400000000002),(973.40189999999996,563.14269999999999,-76.248599999999996),(971.47310000000004,562.97389999999996,-75.447400000000002),(969.48199999999997,562.79960000000005,-74.817800000000005),(967.44380000000001,562.62120000000004,-74.364599999999996),(965.37379999999996,562.44000000000005,-74.091300000000004),(963.28809999999999,562.25739999999996,-74.),(943.34529999999995,560.51179999999999,-74.),(943.34529999999995,560.51179999999999,-74.),(943.34529999999995,560.51179999999999,-74.),(943.34529999999995,560.51179999999999,-50.),(943.34529999999995,560.51179999999999,-50.),(987.21950000000004,564.35220000000004,55.),(992.76559999999995,606.4991,55.),(992.76559999999995,606.4991,-300.),(981.92229999999995,604.58770000000004,-300.),(981.92229999999995,604.58770000000004,-98.),(981.83230000000003,604.57180000000005,-95.908299999999997),(981.56290000000001,604.52430000000004,-93.832400000000007),(981.11620000000005,604.44550000000004,-91.788300000000007),(980.49549999999999,604.33609999999999,-89.791499999999999),(979.70569999999998,604.19690000000003,-87.857200000000006),(978.7527,604.02890000000002,-86.),(977.64369999999997,603.83339999999998,-84.234200000000001),(976.38739999999996,603.61199999999997,-82.573099999999997),(974.99300000000005,603.36620000000005,-81.029399999999995),(973.47130000000004,603.09789999999998,-79.614900000000006),(971.83389999999997,602.80930000000001,-78.340400000000002),(970.0933,602.50239999999997,-77.215400000000002),(968.26250000000005,602.17970000000003,-76.248599999999996),(966.35580000000004,601.84360000000004,-75.447400000000002),(964.38739999999996,601.49659999999994,-74.817800000000005),(962.37239999999997,601.14139999999998,-74.364599999999996),(960.3261,600.78070000000002,-74.091300000000004),(958.26419999999996,600.41719999999998,-74.),(938.54909999999995,596.94190000000003,-74.),(938.54909999999995,596.94190000000003,-74.),(938.54909999999995,596.94190000000003,-74.),(938.54909999999995,596.94190000000003,-50.),(938.54909999999995,596.94190000000003,-50.),(981.92229999999995,604.58770000000004,55.),(983.77419999999995,647.05669999999998,55.),(983.77419999999995,647.05669999999998,-300.),(973.13890000000004,644.20709999999997,-300.),(973.13890000000004,644.20709999999997,-98.),(973.05060000000003,644.18349999999998,-95.908299999999997),(972.78629999999998,644.11270000000002,-93.832400000000007),(972.34820000000002,643.99519999999995,-91.788300000000007),(971.73940000000005,643.83209999999997,-89.791499999999999),(970.96479999999997,643.62459999999999,-87.857200000000006),(970.03009999999995,643.3741,-86.),(968.94230000000005,643.08270000000005,-84.234200000000001),(967.71010000000001,642.75250000000005,-82.573099999999997),(966.34249999999997,642.38610000000006,-81.029399999999995),(964.85000000000002,641.98620000000005,-79.614900000000006),(963.24390000000005,641.55589999999995,-78.340400000000002),(961.5367,641.09849999999994,-77.215400000000002),(959.74099999999999,640.6173,-76.248599999999996),(957.87090000000001,640.11620000000005,-75.447400000000002),(955.94029999999998,639.59900000000005,-74.817800000000005),(953.96389999999997,639.06939999999997,-74.364599999999996),(951.95680000000004,638.5317,-74.091300000000004),(949.93449999999996,637.98979999999995,-74.),(930.59749999999997,632.80870000000004,-74.),(930.59749999999997,632.80870000000004,-74.),(930.59749999999997,632.80870000000004,-74.),(930.59749999999997,632.80870000000004,-50.),(930.59749999999997,632.80870000000004,-50.),(973.13890000000004,644.20709999999997,55.),(971.28219999999999,686.67629999999997,55.),(971.28219999999999,686.67629999999997,-300.),(960.9357,682.91070000000002,-300.),(960.9357,682.91070000000002,-98.),(960.84979999999996,682.87950000000001,-95.908299999999997),(960.59270000000004,682.78589999999997,-93.832400000000007),(960.16639999999995,682.63080000000002,-91.788300000000007),(959.57420000000002,682.41520000000003,-89.791499999999999),(958.82060000000001,682.14099999999996,-87.857200000000006),(957.91129999999998,681.80999999999995,-86.),(956.85310000000004,681.42489999999998,-84.234200000000001),(955.65430000000003,680.98860000000002,-82.573099999999997),(954.32380000000001,680.50440000000003,-81.029399999999995),(952.87180000000001,679.97590000000002,-79.614900000000006),(951.30939999999998,679.40729999999996,-78.340400000000002),(949.64850000000001,678.80280000000005,-77.215400000000002),(947.90160000000003,678.16700000000003,-76.248599999999996),(946.08219999999994,677.50490000000002,-75.447400000000002),(944.20410000000004,676.82129999999995,-74.817800000000005),(942.28139999999996,676.12159999999994,-74.364599999999996),(940.3288,675.41089999999997,-74.091300000000004),(938.3614,674.69489999999996,-74.),(919.54949999999997,667.84839999999997,-74.),(919.54949999999997,667.84839999999997,-74.),(919.54949999999997,667.84839999999997,-74.),(919.54949999999997,667.84839999999997,-50.),(919.54949999999997,667.84839999999997,-50.),(960.9357,682.91070000000002,55.),(955.38469999999995,725.05629999999996,55.),(955.38469999999995,725.05629999999996,-300.),(945.4058,720.40319999999997,-300.),(945.4058,720.40319999999997,-98.),(945.3229,720.3646,-95.908299999999997),(945.07500000000005,720.24900000000002,-93.832400000000007),(944.66390000000001,720.05730000000005,-91.788300000000007),(944.09270000000004,719.79089999999997,-89.791499999999999),(943.36590000000001,719.452,-87.857200000000006),(942.48879999999997,719.04309999999998,-86.),(941.46820000000002,718.56719999999996,-84.234200000000001),(940.31200000000001,718.02809999999999,-82.573099999999997),(939.02880000000005,717.42970000000003,-81.029399999999995),(937.62840000000006,716.77670000000001,-79.614900000000006),(936.12149999999997,716.07399999999996,-78.340400000000002),(934.51959999999997,715.32709999999997,-77.215400000000002),(932.83479999999997,714.54150000000004,-76.248599999999996),(931.08010000000002,713.72329999999999,-75.447400000000002),(929.26859999999999,712.87860000000001,-74.817800000000005),(927.41430000000003,712.01390000000004,-74.364599999999996),(925.53110000000004,711.13580000000002,-74.091300000000004),(923.63350000000003,710.25099999999998,-74.),(905.49000000000001,701.79079999999999,-74.),(905.49000000000001,701.79079999999999,-74.),(905.49000000000001,701.79079999999999,-74.),(905.49000000000001,701.79079999999999,-50.),(905.49000000000001,701.79079999999999,-50.),(945.4058,720.40319999999997,55.),(936.20259999999996,761.90480000000002,55.),(936.20259999999996,761.90480000000002,-300.),(926.66729999999995,756.39940000000001,-300.),(926.66729999999995,756.39940000000001,-98.),(926.58820000000003,756.3537,-95.908299999999997),(926.35130000000004,756.21699999999998,-93.832400000000007),(925.95839999999998,755.99009999999998,-91.788300000000007),(925.4126,755.67499999999995,-89.791499999999999),(924.71810000000005,755.274,-87.857200000000006),(923.88009999999997,754.79020000000003,-86.),(922.9049,754.22709999999995,-84.234200000000001),(921.80010000000004,753.58929999999998,-82.573099999999997),(920.57389999999998,752.88130000000001,-81.029399999999995),(919.23580000000004,752.1087,-79.614900000000006),(917.79589999999996,751.27739999999994,-78.340400000000002),(916.26520000000005,750.39359999999999,-77.215400000000002),(914.65530000000001,749.46410000000003,-76.248599999999996),(912.97850000000005,748.49599999999998,-75.447400000000002),(911.24760000000003,747.49659999999994,-74.817800000000005),(909.47569999999996,746.47360000000003,-74.364599999999996),(907.67619999999999,745.43460000000005,-74.091300000000004),(905.86310000000003,744.3877,-74.),(888.52620000000002,734.37800000000004,-74.),(888.52620000000002,734.37800000000004,-74.),(888.52620000000002,734.37800000000004,-74.),(888.52620000000002,734.37800000000004,-50.),(888.52620000000002,734.37800000000004,-50.),(926.66729999999995,756.39940000000001,55.),(913.88189999999997,796.94119999999998,55.),(913.88189999999997,796.94119999999998,-300.),(904.86260000000004,790.6259,-300.),(904.86260000000004,790.6259,-98.),(904.78769999999997,790.57349999999997,-95.908299999999997),(904.56359999999995,790.41660000000002,-93.832400000000007),(904.19200000000001,790.15639999999996,-91.788300000000007),(903.67579999999998,789.79489999999998,-89.791499999999999),(903.01890000000003,789.33500000000004,-87.857200000000006),(902.22619999999995,788.7799,-86.),(901.30370000000005,788.13400000000001,-84.234200000000001),(900.25869999999998,787.40229999999997,-82.573099999999997),(899.09889999999996,786.59019999999998,-81.029399999999995),(897.83320000000003,785.70399999999995,-79.614900000000006),(896.47119999999995,784.75030000000004,-78.340400000000002),(895.02329999999995,783.73649999999998,-77.215400000000002),(893.50059999999996,782.6703,-76.248599999999996),(891.91459999999995,781.5598,-75.447400000000002),(890.27729999999997,780.41340000000002,-74.817800000000005),(888.60130000000004,779.23979999999995,-74.364599999999996),(886.89919999999995,778.048,-74.091300000000004),(885.18409999999994,776.84709999999995,-74.),(868.78539999999998,765.36479999999995,-74.),(868.78539999999998,765.36479999999995,-74.),(868.78539999999998,765.36479999999995,-74.),(868.78539999999998,765.36479999999995,-50.),(868.78539999999998,765.36479999999995,-50.),(904.86260000000004,790.6259,55.),(888.59259999999995,829.89890000000003,55.),(888.59259999999995,829.89890000000003,-300.),(880.15840000000003,822.82119999999998,-300.),(880.15840000000003,822.82119999999998,-98.),(880.0883,822.76239999999996,-95.908299999999997),(879.87879999999996,822.58659999999998,-93.832400000000007),(879.53129999999999,822.29499999999996,-91.788300000000007),(879.04859999999996,821.88990000000001,-89.791499999999999),(878.43420000000003,821.37440000000004,-87.857200000000006),(877.69290000000001,820.75229999999999,-86.),(876.83040000000005,820.02840000000003,-84.234200000000001),(875.85310000000004,819.20839999999998,-82.573099999999997),(874.76859999999999,818.29830000000004,-81.029399999999995),(873.58489999999995,817.30499999999995,-79.614900000000006),(872.31129999999996,816.23620000000005,-78.340400000000002),(870.95740000000001,815.10000000000002,-77.215400000000002),(869.53330000000005,813.90509999999995,-76.248599999999996),(868.05020000000002,812.66049999999996,-75.447400000000002),(866.51919999999996,811.37570000000005,-74.817800000000005),(864.95190000000002,810.06039999999996,-74.364599999999996),(863.36019999999996,808.72469999999998,-74.091300000000004),(861.75639999999999,807.37890000000004,-74.),(846.42139999999995,794.51030000000003,-74.),(846.42139999999995,794.51030000000003,-74.),(846.42139999999995,794.51030000000003,-74.),(846.42139999999995,794.51030000000003,-50.),(846.42139999999995,794.51030000000003,-50.),(880.15840000000003,822.82119999999998,55.),(860.52700000000004,860.52700000000004,55.),(860.52700000000004,860.52700000000004,-300.),(852.7414,852.7414,-300.),(852.7414,852.7414,-98.),(852.67679999999996,852.67679999999996,-95.908299999999997),(852.48339999999996,852.48339999999996,-93.832400000000007),(852.1626,852.1626,-91.788300000000007),(851.71699999999998,851.71699999999998,-89.791499999999999),(851.1499,851.1499,-87.857200000000006),(850.46559999999999,850.46559999999999,-86.),(849.6694,849.6694,-84.234200000000001),(848.76729999999998,848.76729999999998,-82.573099999999997),(847.76610000000005,847.76610000000005,-81.029399999999995),(846.67349999999999,846.67349999999999,-79.614900000000006),(845.49779999999998,845.49779999999998,-78.340400000000002),(844.24810000000002,844.24810000000002,-77.215400000000002),(842.93359999999996,842.93359999999996,-76.248599999999996),(841.56449999999995,841.56449999999995,-75.447400000000002),(840.15120000000002,840.15120000000002,-74.817800000000005),(838.70439999999996,838.70439999999996,-74.364599999999996),(837.23509999999999,837.23509999999999,-74.091300000000004),(835.75469999999996,835.75469999999996,-74.),(821.59910000000002,821.59910000000002,-74.),(821.59910000000002,821.59910000000002,-74.),(821.59910000000002,821.59910000000002,-74.),(821.59910000000002,821.59910000000002,-50.),(821.59910000000002,821.59910000000002,-50.),(852.7414,852.7414,55.),(829.89890000000003,888.59259999999995,55.),(829.89890000000003,888.59259999999995,-300.),(822.82119999999998,880.15840000000003,-300.),(822.82119999999998,880.15840000000003,-98.),(822.76239999999996,880.0883,-95.908299999999997),(822.58659999999998,879.87879999999996,-93.832400000000007),(822.29499999999996,879.53129999999999,-91.788300000000007),(821.88990000000001,879.04859999999996,-89.791499999999999),(821.37440000000004,878.43420000000003,-87.857200000000006),(820.75229999999999,877.69290000000001,-86.),(820.02840000000003,876.83040000000005,-84.234200000000001),(819.20839999999998,875.85310000000004,-82.573099999999997),(818.29830000000004,874.76859999999999,-81.029399999999995),(817.30499999999995,873.58489999999995,-79.614900000000006),(816.23620000000005,872.31129999999996,-78.340400000000002),(815.10000000000002,870.95740000000001,-77.215400000000002),(813.90509999999995,869.53330000000005,-76.248599999999996),(812.66049999999996,868.05020000000002,-75.447400000000002),(811.37570000000005,866.51919999999996,-74.817800000000005),(810.06039999999996,864.95190000000002,-74.364599999999996),(808.72469999999998,863.36019999999996,-74.091300000000004),(807.37890000000004,861.75639999999999,-74.),(794.51030000000003,846.42139999999995,-74.),(794.51030000000003,846.42139999999995,-74.),(794.51030000000003,846.42139999999995,-74.),(794.51030000000003,846.42139999999995,-50.),(794.51030000000003,846.42139999999995,-50.),(822.82119999999998,880.15840000000003,55.),(796.94119999999998,913.88189999999997,55.),(796.94119999999998,913.88189999999997,-300.),(790.6259,904.86260000000004,-300.),(790.6259,904.86260000000004,-98.),(790.57349999999997,904.78769999999997,-95.908299999999997),(790.41660000000002,904.56359999999995,-93.832400000000007),(790.15639999999996,904.19200000000001,-91.788300000000007),(789.79489999999998,903.67579999999998,-89.791499999999999),(789.33500000000004,903.01890000000003,-87.857200000000006),(788.7799,902.22619999999995,-86.),(788.13400000000001,901.30370000000005,-84.234200000000001),(787.40229999999997,900.25869999999998,-82.573099999999997),(786.59019999999998,899.09889999999996,-81.029399999999995),(785.70399999999995,897.83320000000003,-79.614900000000006),(784.75030000000004,896.47119999999995,-78.340400000000002),(783.73649999999998,895.02329999999995,-77.215400000000002),(782.6703,893.50059999999996,-76.248599999999996),(781.5598,891.91459999999995,-75.447400000000002),(780.41340000000002,890.27729999999997,-74.817800000000005),(779.23979999999995,888.60130000000004,-74.364599999999996),(778.048,886.89919999999995,-74.091300000000004),(776.84709999999995,885.18409999999994,-74.),(765.36479999999995,868.78539999999998,-74.),(765.36479999999995,868.78539999999998,-74.),(765.36479999999995,868.78539999999998,-74.),(765.36479999999995,868.78539999999998,-50.),(765.36479999999995,868.78539999999998,-50.),(790.6259,904.86260000000004,55.),(761.90480000000002,936.20259999999996,55.),(761.90480000000002,936.20259999999996,-300.),(756.39940000000001,926.66729999999995,-300.),(756.39940000000001,926.66729999999995,-98.),(756.3537,926.58820000000003,-95.908299999999997),(756.21699999999998,926.35130000000004,-93.832400000000007),(755.99009999999998,925.95839999999998,-91.788300000000007),(755.67499999999995,925.4126,-89.791499999999999),(755.274,924.71810000000005,-87.857200000000006),(754.79020000000003,923.88009999999997,-86.),(754.22709999999995,922.9049,-84.234200000000001),(753.58929999999998,921.80010000000004,-82.573099999999997),(752.88130000000001,920.57389999999998,-81.029399999999995),(752.1087,919.23580000000004,-79.614900000000006),(751.27739999999994,917.79589999999996,-78.340400000000002),(750.39359999999999,916.26520000000005,-77.215400000000002),(749.46410000000003,914.65530000000001,-76.248599999999996),(748.49599999999998,912.97850000000005,-75.447400000000002),(747.49659999999994,911.24760000000003,-74.817800000000005),(746.47360000000003,909.47569999999996,-74.364599999999996),(745.43460000000005,907.67619999999999,-74.091300000000004),(744.3877,905.86310000000003,-74.),(734.37800000000004,888.52620000000002,-74.),(734.37800000000004,888.52620000000002,-74.),(734.37800000000004,888.52620000000002,-74.),(734.37800000000004,888.52620000000002,-50.),(734.37800000000004,888.52620000000002,-50.),(756.39940000000001,926.66729999999995,55.),(725.05629999999996,955.38469999999995,55.),(725.05629999999996,955.38469999999995,-300.),(720.40319999999997,945.4058,-300.),(720.40319999999997,945.4058,-98.),(720.3646,945.3229,-95.908299999999997),(720.24900000000002,945.07500000000005,-93.832400000000007),(720.05730000000005,944.66390000000001,-91.788300000000007),(719.79089999999997,944.09270000000004,-89.791499999999999),(719.452,943.36590000000001,-87.857200000000006),(719.04309999999998,942.48879999999997,-86.),(718.56719999999996,941.46820000000002,-84.234200000000001),(718.02809999999999,940.31200000000001,-82.573099999999997),(717.42970000000003,939.02880000000005,-81.029399999999995),(716.77670000000001,937.62840000000006,-79.614900000000006),(716.07399999999996,936.12149999999997,-78.340400000000002),(715.32709999999997,934.51959999999997,-77.215400000000002),(714.54150000000004,932.83479999999997,-76.248599999999996),(713.72329999999999,931.08010000000002,-75.447400000000002),(712.87860000000001,929.26859999999999,-74.817800000000005),(712.01390000000004,927.41430000000003,-74.364599999999996),(711.13580000000002,925.53110000000004,-74.091300000000004),(710.25099999999998,923.63350000000003,-74.),(701.79079999999999,905.49000000000001,-74.),(701.79079999999999,905.49000000000001,-74.),(701.79079999999999,905.49000000000001,-74.),(701.79079999999999,905.49000000000001,-50.),(701.79079999999999,905.49000000000001,-50.),(720.40319999999997,945.4058,55.),(686.67629999999997,971.28219999999999,55.),(686.67629999999997,971.28219999999999,-300.),(682.91070000000002,960.9357,-300.),(682.91070000000002,960.9357,-98.),(682.87950000000001,960.84979999999996,-95.908299999999997),(682.78589999999997,960.59270000000004,-93.832400000000007),(682.63080000000002,960.16639999999995,-91.788300000000007),(682.41520000000003,959.57420000000002,-89.791499999999999),(682.14099999999996,958.82060000000001,-87.857200000000006),(681.80999999999995,957.91129999999998,-86.),(681.42489999999998,956.85310000000004,-84.234200000000001),(680.98860000000002,955.65430000000003,-82.573099999999997),(680.50440000000003,954.32380000000001,-81.029399999999995),(679.97590000000002,952.87180000000001,-79.614900000000006),(679.40729999999996,951.30939999999998,-78.340400000000002),(678.80280000000005,949.64850000000001,-77.215400000000002),(678.16700000000003,947.90160000000003,-76.248599999999996),(677.50490000000002,946.08219999999994,-75.447400000000002),(676.82129999999995,944.20410000000004,-74.817800000000005),(676.12159999999994,942.28139999999996,-74.364599999999996),(675.41089999999997,940.3288,-74.091300000000004),(674.69489999999996,938.3614,-74.),(667.84839999999997,919.54949999999997,-74.),(667.84839999999997,919.54949999999997,-74.),(667.84839999999997,919.54949999999997,-74.),(667.84839999999997,919.54949999999997,-50.),(667.84839999999997,919.54949999999997,-50.),(682.91070000000002,960.9357,55.),(647.05669999999998,983.77419999999995,55.),(647.05669999999998,983.77419999999995,-300.),(644.20709999999997,973.13890000000004,-300.),(644.20709999999997,973.13890000000004,-98.),(644.18349999999998,973.05060000000003,-95.908299999999997),(644.11270000000002,972.78629999999998,-93.832400000000007),(643.99519999999995,972.34820000000002,-91.788300000000007),(643.83209999999997,971.73940000000005,-89.791499999999999),(643.62459999999999,970.96479999999997,-87.857200000000006),(643.3741,970.03009999999995,-86.),(643.08270000000005,968.94230000000005,-84.234200000000001),(642.75250000000005,967.71010000000001,-82.573099999999997),(642.38610000000006,966.34249999999997,-81.029399999999995),(641.98620000000005,964.85000000000002,-79.614900000000006),(641.55589999999995,963.24390000000005,-78.340400000000002),(641.09849999999994,961.5367,-77.215400000000002),(640.6173,959.74099999999999,-76.248599999999996),(640.11620000000005,957.87090000000001,-75.447400000000002),(639.59900000000005,955.94029999999998,-74.817800000000005),(639.06939999999997,953.96389999999997,-74.364599999999996),(638.5317,951.95680000000004,-74.091300000000004),(637.98979999999995,949.93449999999996,-74.),(632.80870000000004,930.59749999999997,-74.),(632.80870000000004,930.59749999999997,-74.),(632.80870000000004,930.59749999999997,-74.),(632.80870000000004,930.59749999999997,-50.),(632.80870000000004,930.59749999999997,-50.),(644.20709999999997,973.13890000000004,55.),(606.4991,992.76559999999995,55.),(606.4991,992.76559999999995,-300.),(604.58770000000004,981.92229999999995,-300.),(604.58770000000004,981.92229999999995,-98.),(604.57180000000005,981.83230000000003,-95.908299999999997),(604.52430000000004,981.56290000000001,-93.832400000000007),(604.44550000000004,981.11620000000005,-91.788300000000007),(604.33609999999999,980.49549999999999,-89.791499999999999),(604.19690000000003,979.70569999999998,-87.857200000000006),(604.02890000000002,978.7527,-86.),(603.83339999999998,977.64369999999997,-84.234200000000001),(603.61199999999997,976.38739999999996,-82.573099999999997),(603.36620000000005,974.99300000000005,-81.029399999999995),(603.09789999999998,973.47130000000004,-79.614900000000006),(602.80930000000001,971.83389999999997,-78.340400000000002),(602.50239999999997,970.0933,-77.215400000000002),(602.17970000000003,968.26250000000005,-76.248599999999996),(601.84360000000004,966.35580000000004,-75.447400000000002),(601.49659999999994,964.38739999999996,-74.817800000000005),(601.14139999999998,962.37239999999997,-74.364599999999996),(600.78070000000002,960.3261,-74.091300000000004),(600.41719999999998,958.26419999999996,-74.),(596.94190000000003,938.54909999999995,-74.),(596.94190000000003,938.54909999999995,-74.),(596.94190000000003,938.54909999999995,-74.),(596.94190000000003,938.54909999999995,-50.),(596.94190000000003,938.54909999999995,-50.),(604.58770000000004,981.92229999999995,55.),(565.31230000000005,998.18799999999999,55.),(565.31230000000005,998.18799999999999,-300.),(564.35220000000004,987.21950000000004,-300.),(564.35220000000004,987.21950000000004,-98.),(564.3442,987.12840000000006,-95.908299999999997),(564.32039999999995,986.85590000000002,-93.832400000000007),(564.2808,986.404,-91.788300000000007),(564.22590000000002,985.77620000000002,-89.791499999999999),(564.15589999999997,984.97730000000001,-87.857200000000006),(564.07150000000001,984.01329999999996,-86.),(563.97339999999997,982.89149999999995,-84.234200000000001),(563.86210000000005,981.62059999999997,-82.573099999999997),(563.73869999999999,980.21019999999999,-81.029399999999995),(563.60389999999995,978.67089999999996,-79.614900000000006),(563.45889999999997,977.0145,-78.340400000000002),(563.3048,975.25379999999996,-77.215400000000002),(563.14269999999999,973.40189999999996,-76.248599999999996),(562.97389999999996,971.47310000000004,-75.447400000000002),(562.79960000000005,969.48199999999997,-74.817800000000005),(562.62120000000004,967.44380000000001,-74.364599999999996),(562.44000000000005,965.37379999999996,-74.091300000000004),(562.25739999999996,963.28809999999999,-74.),(560.51179999999999,943.34529999999995,-74.),(560.51179999999999,943.34529999999995,-74.),(560.51179999999999,943.34529999999995,-74.),(560.51179999999999,943.34529999999995,-50.),(560.51179999999999,943.34529999999995,-50.),(564.35220000000004,987.21950000000004,55.),(523.80949999999996,1000.,55.),(523.80949999999996,1000.,-300.),(523.56970000000001,989.,-300.),(523.56970000000001,989.,-98.),(523.56769999999995,988.90869999999995,-95.908299999999997),(523.56169999999997,988.6354,-93.832400000000007),(523.55179999999996,988.18219999999997,-91.788300000000007),(523.53809999999999,987.55259999999998,-89.791499999999999),(523.52059999999994,986.75139999999999,-87.857200000000006),(523.49950000000001,985.78459999999995,-86.),(523.47500000000002,984.65959999999995,-84.234200000000001),(523.44719999999995,983.38509999999997,-82.573099999999997),(523.41639999999995,981.97059999999999,-81.029399999999995),(523.3827,980.42690000000005,-79.614900000000006),(523.34649999999999,978.76580000000001,-78.340400000000002),(523.30799999999999,977.,-77.215400000000002),(523.26750000000004,975.14279999999997,-76.248599999999996),(523.22529999999995,973.20849999999996,-75.447400000000002),(523.18179999999995,971.21169999999995,-74.817800000000005),(523.13720000000001,969.16759999999999,-74.364599999999996),(523.09199999999998,967.09169999999995,-74.091300000000004),(523.04629999999997,965.,-74.),(522.61030000000005,945.,-74.),(522.61030000000005,945.,-74.),(522.61030000000005,945.,-74.),(522.61030000000005,945.,-50.),(522.61030000000005,945.,-50.),(523.56970000000001,989.,55.),(476.19049999999999,1000.,55.),(476.19049999999999,1000.,-300.),(476.43029999999999,989.,-300.),(476.43029999999999,989.,-98.),(476.4323,988.90869999999995,-95.908299999999997),(476.43830000000003,988.6354,-93.832400000000007),(476.44819999999999,988.18219999999997,-91.788300000000007),(476.46190000000001,987.55259999999998,-89.791499999999999),(476.4794,986.75139999999999,-87.857200000000006),(476.50049999999999,985.78459999999995,-86.),(476.52499999999998,984.65959999999995,-84.234200000000001),(476.55279999999999,983.38509999999997,-82.573099999999997),(476.58359999999999,981.97059999999999,-81.029399999999995),(476.6173,980.42690000000005,-79.614900000000006),(476.65350000000001,978.76580000000001,-78.340400000000002),(476.69200000000001,977.,-77.215400000000002),(476.73250000000002,975.14279999999997,-76.248599999999996),(476.7747,973.20849999999996,-75.447400000000002),(476.81819999999999,971.21169999999995,-74.817800000000005),(476.86279999999999,969.16759999999999,-74.364599999999996),(476.90800000000002,967.09169999999995,-74.091300000000004),(476.95370000000003,965.,-74.),(477.3897,945.,-74.),(477.3897,945.,-74.),(477.3897,945.,-74.),(477.3897,945.,-50.),(477.3897,945.,-50.),(476.43029999999999,989.,55.),(434.68770000000001,998.18799999999999,55.),(434.68770000000001,998.18799999999999,-300.),(435.64780000000002,987.21950000000004,-300.),(435.64780000000002,987.21950000000004,-98.),(435.6558,987.12840000000006,-95.908299999999997),(435.67959999999999,986.85590000000002,-93.832400000000007),(435.7192,986.404,-91.788300000000007),(435.77409999999998,985.77620000000002,-89.791499999999999),(435.84410000000003,984.97730000000001,-87.857200000000006),(435.92849999999999,984.01329999999996,-86.),(436.02659999999997,982.89149999999995,-84.234200000000001),(436.1379,981.62059999999997,-82.573099999999997),(436.26130000000001,980.21019999999999,-81.029399999999995),(436.39609999999999,978.67089999999996,-79.614900000000006),(436.54109999999997,977.0145,-78.340400000000002),(436.6952,975.25379999999996,-77.215400000000002),(436.85730000000001,973.40189999999996,-76.248599999999996),(437.02609999999999,971.47310000000004,-75.447400000000002),(437.2004,969.48199999999997,-74.817800000000005),(437.37880000000001,967.44380000000001,-74.364599999999996),(437.56,965.37379999999996,-74.091300000000004),(437.74259999999998,963.28809999999999,-74.),(439.48820000000001,943.34529999999995,-74.),(439.48820000000001,943.34529999999995,-74.),(439.48820000000001,943.34529999999995,-74.),(439.48820000000001,943.34529999999995,-50.),(439.48820000000001,943.34529999999995,-50.),(435.64780000000002,987.21950000000004,55.),(393.5009,992.76559999999995,55.),(393.5009,992.76559999999995,-300.),(395.41230000000002,981.92229999999995,-300.),(395.41230000000002,981.92229999999995,-98.),(395.4282,981.83230000000003,-95.908299999999997),(395.47570000000002,981.56290000000001,-93.832400000000007),(395.55450000000002,981.11620000000005,-91.788300000000007),(395.66390000000001,980.49549999999999,-89.791499999999999),(395.80309999999997,979.70569999999998,-87.857200000000006),(395.97109999999998,978.7527,-86.),(396.16660000000002,977.64369999999997,-84.234200000000001),(396.38799999999998,976.38739999999996,-82.573099999999997),(396.63380000000001,974.99300000000005,-81.029399999999995),(396.90210000000002,973.47130000000004,-79.614900000000006),(397.19069999999999,971.83389999999997,-78.340400000000002),(397.49759999999998,970.0933,-77.215400000000002),(397.82029999999997,968.26250000000005,-76.248599999999996),(398.15640000000002,966.35580000000004,-75.447400000000002),(398.5034,964.38739999999996,-74.817800000000005),(398.85860000000002,962.37239999999997,-74.364599999999996),(399.21929999999998,960.3261,-74.091300000000004),(399.58280000000002,958.26419999999996,-74.),(403.05810000000002,938.54909999999995,-74.),(403.05810000000002,938.54909999999995,-74.),(403.05810000000002,938.54909999999995,-74.),(403.05810000000002,938.54909999999995,-50.),(403.05810000000002,938.54909999999995,-50.),(395.41230000000002,981.92229999999995,55.),(352.94330000000002,983.77419999999995,55.),(352.94330000000002,983.77419999999995,-300.),(355.79289999999997,973.13890000000004,-300.),(355.79289999999997,973.13890000000004,-98.),(355.81650000000002,973.05060000000003,-95.908299999999997),(355.88729999999998,972.78629999999998,-93.832400000000007),(356.00479999999999,972.34820000000002,-91.788300000000007),(356.16789999999997,971.73940000000005,-89.791499999999999),(356.37540000000001,970.96479999999997,-87.857200000000006),(356.6259,970.03009999999995,-86.),(356.91730000000001,968.94230000000005,-84.234200000000001),(357.2475,967.71010000000001,-82.573099999999997),(357.6139,966.34249999999997,-81.029399999999995),(358.0138,964.85000000000002,-79.614900000000006),(358.44409999999999,963.24390000000005,-78.340400000000002),(358.9015,961.5367,-77.215400000000002),(359.3827,959.74099999999999,-76.248599999999996),(359.88380000000001,957.87090000000001,-75.447400000000002),(360.40100000000001,955.94029999999998,-74.817800000000005),(360.93060000000003,953.96389999999997,-74.364599999999996),(361.4683,951.95680000000004,-74.091300000000004),(362.0102,949.93449999999996,-74.),(367.19130000000001,930.59749999999997,-74.),(367.19130000000001,930.59749999999997,-74.),(367.19130000000001,930.59749999999997,-74.),(367.19130000000001,930.59749999999997,-50.),(367.19130000000001,930.59749999999997,-50.),(355.79289999999997,973.13890000000004,55.),(313.32369999999997,971.28219999999999,55.),(313.32369999999997,971.28219999999999,-300.),(317.08929999999998,960.9357,-300.),(317.08929999999998,960.9357,-98.),(317.12049999999999,960.84979999999996,-95.908299999999997),(317.21409999999997,960.59270000000004,-93.832400000000007),(317.36919999999998,960.16639999999995,-91.788300000000007),(317.58479999999997,959.57420000000002,-89.791499999999999),(317.85899999999998,958.82060000000001,-87.857200000000006),(318.19,957.91129999999998,-86.),(318.57510000000002,956.85310000000004,-84.234200000000001),(319.01139999999998,955.65430000000003,-82.573099999999997),(319.49560000000002,954.32380000000001,-81.029399999999995),(320.02409999999998,952.87180000000001,-79.614900000000006),(320.59269999999998,951.30939999999998,-78.340400000000002),(321.19720000000001,949.64850000000001,-77.215400000000002),(321.83300000000003,947.90160000000003,-76.248599999999996),(322.49509999999998,946.08219999999994,-75.447400000000002),(323.17869999999999,944.20410000000004,-74.817800000000005),(323.8784,942.28139999999996,-74.364599999999996),(324.58909999999997,940.3288,-74.091300000000004),(325.30509999999998,938.3614,-74.),(332.15159999999997,919.54949999999997,-74.),(332.15159999999997,919.54949999999997,-74.),(332.15159999999997,919.54949999999997,-74.),(332.15159999999997,919.54949999999997,-50.),(332.15159999999997,919.54949999999997,-50.),(317.08929999999998,960.9357,55.),(274.94369999999998,955.38469999999995,55.),(274.94369999999998,955.38469999999995,-300.),(279.59679999999997,945.4058,-300.),(279.59679999999997,945.4058,-98.),(279.6354,945.3229,-95.908299999999997),(279.75099999999998,945.07500000000005,-93.832400000000007),(279.9427,944.66390000000001,-91.788300000000007),(280.20909999999998,944.09270000000004,-89.791499999999999),(280.548,943.36590000000001,-87.857200000000006),(280.95690000000002,942.48879999999997,-86.),(281.43279999999999,941.46820000000002,-84.234200000000001),(281.97190000000001,940.31200000000001,-82.573099999999997),(282.57029999999997,939.02880000000005,-81.029399999999995),(283.22329999999999,937.62840000000006,-79.614900000000006),(283.92599999999999,936.12149999999997,-78.340400000000002),(284.67290000000003,934.51959999999997,-77.215400000000002),(285.45850000000002,932.83479999999997,-76.248599999999996),(286.27670000000001,931.08010000000002,-75.447400000000002),(287.12139999999999,929.26859999999999,-74.817800000000005),(287.98610000000002,927.41430000000003,-74.364599999999996),(288.86419999999998,925.53110000000004,-74.091300000000004),(289.74900000000002,923.63350000000003,-74.),(298.20920000000001,905.49000000000001,-74.),(298.20920000000001,905.49000000000001,-74.),(298.20920000000001,905.49000000000001,-74.),(298.20920000000001,905.49000000000001,-50.),(298.20920000000001,905.49000000000001,-50.),(279.59679999999997,945.4058,55.),(238.09520000000001,936.20259999999996,55.),(238.09520000000001,936.20259999999996,-300.),(243.60059999999999,926.66729999999995,-300.),(243.60059999999999,926.66729999999995,-98.),(243.6463,926.58820000000003,-95.908299999999997),(243.78299999999999,926.35130000000004,-93.832400000000007),(244.00989999999999,925.95839999999998,-91.788300000000007),(244.32499999999999,925.4126,-89.791499999999999),(244.726,924.71810000000005,-87.857200000000006),(245.2098,923.88009999999997,-86.),(245.77289999999999,922.9049,-84.234200000000001),(246.41069999999999,921.80010000000004,-82.573099999999997),(247.11869999999999,920.57389999999998,-81.029399999999995),(247.8913,919.23580000000004,-79.614900000000006),(248.7226,917.79589999999996,-78.340400000000002),(249.60640000000001,916.26520000000005,-77.215400000000002),(250.5359,914.65530000000001,-76.248599999999996),(251.50399999999999,912.97850000000005,-75.447400000000002),(252.5034,911.24760000000003,-74.817800000000005),(253.5264,909.47569999999996,-74.364599999999996),(254.56540000000001,907.67619999999999,-74.091300000000004),(255.6123,905.86310000000003,-74.),(265.62200000000001,888.52620000000002,-74.),(265.62200000000001,888.52620000000002,-74.),(265.62200000000001,888.52620000000002,-74.),(265.62200000000001,888.52620000000002,-50.),(265.62200000000001,888.52620000000002,-50.),(243.60059999999999,926.66729999999995,55.),(203.05879999999999,913.88189999999997,55.),(203.05879999999999,913.88189999999997,-300.),(209.3741,904.86260000000004,-300.),(209.3741,904.86260000000004,-98.),(209.4265,904.78769999999997,-95.908299999999997),(209.58340000000001,904.56359999999995,-93.832400000000007),(209.84360000000001,904.19200000000001,-91.788300000000007),(210.20509999999999,903.67579999999998,-89.791499999999999),(210.66499999999999,903.01890000000003,-87.857200000000006),(211.2201,902.22619999999995,-86.),(211.86600000000001,901.30370000000005,-84.234200000000001),(212.5977,900.25869999999998,-82.573099999999997),(213.40979999999999,899.09889999999996,-81.029399999999995),(214.29599999999999,897.83320000000003,-79.614900000000006),(215.24969999999999,896.47119999999995,-78.340400000000002),(216.26349999999999,895.02329999999995,-77.215400000000002),(217.3297,893.50059999999996,-76.248599999999996),(218.4402,891.91459999999995,-75.447400000000002),(219.5866,890.27729999999997,-74.817800000000005),(220.7602,888.60130000000004,-74.364599999999996),(221.952,886.89919999999995,-74.091300000000004),(223.15289999999999,885.18409999999994,-74.),(234.6352,868.78539999999998,-74.),(234.6352,868.78539999999998,-74.),(234.6352,868.78539999999998,-74.),(234.6352,868.78539999999998,-50.),(234.6352,868.78539999999998,-50.),(209.3741,904.86260000000004,55.),(170.1011,888.59259999999995,55.),(170.1011,888.59259999999995,-300.),(177.1788,880.15840000000003,-300.),(177.1788,880.15840000000003,-98.),(177.23759999999999,880.0883,-95.908299999999997),(177.4134,879.87879999999996,-93.832400000000007),(177.70500000000001,879.53129999999999,-91.788300000000007),(178.11009999999999,879.04859999999996,-89.791499999999999),(178.62559999999999,878.43420000000003,-87.857200000000006),(179.24770000000001,877.69290000000001,-86.),(179.9716,876.83040000000005,-84.234200000000001),(180.79159999999999,875.85310000000004,-82.573099999999997),(181.70169999999999,874.76859999999999,-81.029399999999995),(182.69499999999999,873.58489999999995,-79.614900000000006),(183.7638,872.31129999999996,-78.340400000000002),(184.90000000000001,870.95740000000001,-77.215400000000002),(186.0949,869.53330000000005,-76.248599999999996),(187.33949999999999,868.05020000000002,-75.447400000000002),(188.62430000000001,866.51919999999996,-74.817800000000005),(189.93960000000001,864.95190000000002,-74.364599999999996),(191.27529999999999,863.36019999999996,-74.091300000000004),(192.62110000000001,861.75639999999999,-74.),(205.4897,846.42139999999995,-74.),(205.4897,846.42139999999995,-74.),(205.4897,846.42139999999995,-74.),(205.4897,846.42139999999995,-50.),(205.4897,846.42139999999995,-50.),(177.1788,880.15840000000003,55.),(139.47300000000001,860.52700000000004,55.),(139.47300000000001,860.52700000000004,-300.),(147.2586,852.7414,-300.),(147.2586,852.7414,-98.),(147.32320000000001,852.67679999999996,-95.908299999999997),(147.51660000000001,852.48339999999996,-93.832400000000007),(147.8374,852.1626,-91.788300000000007),(148.28299999999999,851.71699999999998,-89.791499999999999),(148.8501,851.1499,-87.857200000000006),(149.53440000000001,850.46559999999999,-86.),(150.3306,849.6694,-84.234200000000001),(151.23269999999999,848.76729999999998,-82.573099999999997),(152.23390000000001,847.76610000000005,-81.029399999999995),(153.32650000000001,846.67349999999999,-79.614900000000006),(154.50219999999999,845.49779999999998,-78.340400000000002),(155.75190000000001,844.24810000000002,-77.215400000000002),(157.06639999999999,842.93359999999996,-76.248599999999996),(158.43549999999999,841.56449999999995,-75.447400000000002),(159.84880000000001,840.15120000000002,-74.817800000000005),(161.29560000000001,838.70439999999996,-74.364599999999996),(162.76490000000001,837.23509999999999,-74.091300000000004),(164.24529999999999,835.75469999999996,-74.),(178.40090000000001,821.59910000000002,-74.),(178.40090000000001,821.59910000000002,-74.),(178.40090000000001,821.59910000000002,-74.),(178.40090000000001,821.59910000000002,-50.),(178.40090000000001,821.59910000000002,-50.),(147.2586,852.7414,55.),(111.4074,829.89890000000003,55.),(111.4074,829.89890000000003,-300.),(119.8416,822.82119999999998,-300.),(119.8416,822.82119999999998,-98.),(119.9117,822.76239999999996,-95.908299999999997),(120.1212,822.58659999999998,-93.832400000000007),(120.4687,822.29499999999996,-91.788300000000007),(120.95140000000001,821.88990000000001,-89.791499999999999),(121.5658,821.37440000000004,-87.857200000000006),(122.30710000000001,820.75229999999999,-86.),(123.1696,820.02840000000003,-84.234200000000001),(124.1469,819.20839999999998,-82.573099999999997),(125.23139999999999,818.29830000000004,-81.029399999999995),(126.4151,817.30499999999995,-79.614900000000006),(127.6887,816.23620000000005,-78.340400000000002),(129.04259999999999,815.10000000000002,-77.215400000000002),(130.4667,813.90509999999995,-76.248599999999996),(131.94980000000001,812.66049999999996,-75.447400000000002),(133.48079999999999,811.37570000000005,-74.817800000000005),(135.04810000000001,810.06039999999996,-74.364599999999996),(136.63980000000001,808.72469999999998,-74.091300000000004),(138.24359999999999,807.37890000000004,-74.),(153.57859999999999,794.51030000000003,-74.),(153.57859999999999,794.51030000000003,-74.),(153.57859999999999,794.51030000000003,-74.),(153.57859999999999,794.51030000000003,-50.),(153.57859999999999,794.51030000000003,-50.),(119.8416,822.82119999999998,55.),(86.118099999999998,796.94119999999998,55.),(86.118099999999998,796.94119999999998,-300.),(95.1374,790.6259,-300.),(95.1374,790.6259,-98.),(95.212299999999999,790.57349999999997,-95.908299999999997),(95.436400000000006,790.41660000000002,-93.832400000000007),(95.808000000000007,790.15639999999996,-91.788300000000007),(96.324200000000005,789.79489999999998,-89.791499999999999),(96.981099999999998,789.33500000000004,-87.857200000000006),(97.773799999999994,788.7799,-86.),(98.696299999999994,788.13400000000001,-84.234200000000001),(99.741299999999995,787.40229999999997,-82.573099999999997),(100.9011,786.59019999999998,-81.029399999999995),(102.16679999999999,785.70399999999995,-79.614900000000006),(103.5288,784.75030000000004,-78.340400000000002),(104.97669999999999,783.73649999999998,-77.215400000000002),(106.49939999999999,782.6703,-76.248599999999996),(108.08540000000001,781.5598,-75.447400000000002),(109.7227,780.41340000000002,-74.817800000000005),(111.39870000000001,779.23979999999995,-74.364599999999996),(113.10080000000001,778.048,-74.091300000000004),(114.8159,776.84709999999995,-74.),(131.21459999999999,765.36479999999995,-74.),(131.21459999999999,765.36479999999995,-74.),(131.21459999999999,765.36479999999995,-74.),(131.21459999999999,765.36479999999995,-50.),(131.21459999999999,765.36479999999995,-50.),(95.1374,790.6259,55.),(63.797400000000003,761.90480000000002,55.),(63.797400000000003,761.90480000000002,-300.),(73.332700000000003,756.39940000000001,-300.),(73.332700000000003,756.39940000000001,-98.),(73.411799999999999,756.3537,-95.908299999999997),(73.648700000000005,756.21699999999998,-93.832400000000007),(74.041600000000003,755.99009999999998,-91.788300000000007),(74.587400000000002,755.67499999999995,-89.791499999999999),(75.281899999999993,755.274,-87.857200000000006),(76.119900000000001,754.79020000000003,-86.),(77.095100000000002,754.22709999999995,-84.234200000000001),(78.1999,753.58929999999998,-82.573099999999997),(79.426100000000005,752.88130000000001,-81.029399999999995),(80.764200000000002,752.1087,-79.614900000000006),(82.204099999999997,751.27739999999994,-78.340400000000002),(83.734800000000007,750.39359999999999,-77.215400000000002),(85.344700000000003,749.46410000000003,-76.248599999999996),(87.021500000000003,748.49599999999998,-75.447400000000002),(88.752399999999994,747.49659999999994,-74.817800000000005),(90.524299999999997,746.47360000000003,-74.364599999999996),(92.323800000000006,745.43460000000005,-74.091300000000004),(94.136899999999997,744.3877,-74.),(111.4738,734.37800000000004,-74.),(111.4738,734.37800000000004,-74.),(111.4738,734.37800000000004,-74.),(111.4738,734.37800000000004,-50.),(111.4738,734.37800000000004,-50.),(73.332700000000003,756.39940000000001,55.),(44.615299999999998,725.05629999999996,55.),(44.615299999999998,725.05629999999996,-300.),(54.594200000000001,720.40319999999997,-300.),(54.594200000000001,720.40319999999997,-98.),(54.677100000000003,720.3646,-95.908299999999997),(54.924999999999997,720.24900000000002,-93.832400000000007),(55.336100000000002,720.05730000000005,-91.788300000000007),(55.907299999999999,719.79089999999997,-89.791499999999999),(56.634099999999997,719.452,-87.857200000000006),(57.511200000000002,719.04309999999998,-86.),(58.531799999999997,718.56719999999996,-84.234200000000001),(59.688000000000002,718.02809999999999,-82.573099999999997),(60.971200000000003,717.42970000000003,-81.029399999999995),(62.371600000000001,716.77670000000001,-79.614900000000006),(63.878500000000003,716.07399999999996,-78.340400000000002),(65.480400000000003,715.32709999999997,-77.215400000000002),(67.165199999999999,714.54150000000004,-76.248599999999996),(68.919899999999998,713.72329999999999,-75.447400000000002),(70.731399999999994,712.87860000000001,-74.817800000000005),(72.585700000000003,712.01390000000004,-74.364599999999996),(74.468900000000005,711.13580000000002,-74.091300000000004),(76.366500000000002,710.25099999999998,-74.),(94.510000000000005,701.79079999999999,-74.),(94.510000000000005,701.79079999999999,-74.),(94.510000000000005,701.79079999999999,-74.),(94.510000000000005,701.79079999999999,-50.),(94.510000000000005,701.79079999999999,-50.),(54.594200000000001,720.40319999999997,55.),(28.7178,686.67629999999997,55.),(28.7178,686.67629999999997,-300.),(39.064300000000003,682.91070000000002,-300.),(39.064300000000003,682.91070000000002,-98.),(39.150199999999998,682.87950000000001,-95.908299999999997),(39.407299999999999,682.78589999999997,-93.832400000000007),(39.833599999999997,682.63080000000002,-91.788300000000007),(40.425800000000002,682.41520000000003,-89.791499999999999),(41.179400000000001,682.14099999999996,-87.857200000000006),(42.088700000000003,681.80999999999995,-86.),(43.146900000000002,681.42489999999998,-84.234200000000001),(44.345700000000001,680.98860000000002,-82.573099999999997),(45.676200000000001,680.50440000000003,-81.029399999999995),(47.1282,679.97590000000002,-79.614900000000006),(48.690600000000003,679.40729999999996,-78.340400000000002),(50.351500000000001,678.80280000000005,-77.215400000000002),(52.098399999999998,678.16700000000003,-76.248599999999996),(53.9178,677.50490000000002,-75.447400000000002),(55.795900000000003,676.82129999999995,-74.817800000000005),(57.718600000000002,676.12159999999994,-74.364599999999996),(59.671199999999999,675.41089999999997,-74.091300000000004),(61.638599999999997,674.69489999999996,-74.),(80.450500000000005,667.84839999999997,-74.),(80.450500000000005,667.84839999999997,-74.),(80.450500000000005,667.84839999999997,-74.),(80.450500000000005,667.84839999999997,-50.),(80.450500000000005,667.84839999999997,-50.),(39.064300000000003,682.91070000000002,55.),(16.2258,647.05669999999998,55.),(16.2258,647.05669999999998,-300.),(26.8611,644.20709999999997,-300.),(26.8611,644.20709999999997,-98.),(26.949400000000001,644.18349999999998,-95.908299999999997),(27.213699999999999,644.11270000000002,-93.832400000000007),(27.651800000000001,643.99519999999995,-91.788300000000007),(28.2606,643.83209999999997,-89.791499999999999),(29.0352,643.62459999999999,-87.857200000000006),(29.969899999999999,643.3741,-86.),(31.057700000000001,643.08270000000005,-84.234200000000001),(32.289900000000003,642.75250000000005,-82.573099999999997),(33.657499999999999,642.38610000000006,-81.029399999999995),(35.149999999999999,641.98620000000005,-79.614900000000006),(36.756100000000004,641.55589999999995,-78.340400000000002),(38.463299999999997,641.09849999999994,-77.215400000000002),(40.259,640.6173,-76.248599999999996),(42.129100000000001,640.11620000000005,-75.447400000000002),(44.059699999999999,639.59900000000005,-74.817800000000005),(46.036099999999998,639.06939999999997,-74.364599999999996),(48.043199999999999,638.5317,-74.091300000000004),(50.0655,637.98979999999995,-74.),(69.402500000000003,632.80870000000004,-74.),(69.402500000000003,632.80870000000004,-74.),(69.402500000000003,632.80870000000004,-74.),(69.402500000000003,632.80870000000004,-50.),(69.402500000000003,632.80870000000004,-50.),(26.8611,644.20709999999997,55.),(7.2343999999999999,606.4991,55.),(7.2343999999999999,606.4991,-300.),(18.0777,604.58770000000004,-300.),(18.0777,604.58770000000004,-98.),(18.1677,604.57180000000005,-95.908299999999997),(18.437100000000001,604.52430000000004,-93.832400000000007),(18.883800000000001,604.44550000000004,-91.788300000000007),(19.5045,604.33609999999999,-89.791499999999999),(20.2943,604.19690000000003,-87.857200000000006),(21.247299999999999,604.02890000000002,-86.),(22.356300000000001,603.83339999999998,-84.234200000000001),(23.6126,603.61199999999997,-82.573099999999997),(25.007000000000001,603.36620000000005,-81.029399999999995),(26.528700000000001,603.09789999999998,-79.614900000000006),(28.1661,602.80930000000001,-78.340400000000002),(29.906700000000001,602.50239999999997,-77.215400000000002),(31.737500000000001,602.17970000000003,-76.248599999999996),(33.644199999999998,601.84360000000004,-75.447400000000002),(35.6126,601.49659999999994,-74.817800000000005),(37.627600000000001,601.14139999999998,-74.364599999999996),(39.673900000000003,600.78070000000002,-74.091300000000004),(41.735799999999998,600.41719999999998,-74.),(61.450899999999997,596.94190000000003,-74.),(61.450899999999997,596.94190000000003,-74.),(61.450899999999997,596.94190000000003,-74.),(61.450899999999997,596.94190000000003,-50.),(61.450899999999997,596.94190000000003,-50.),(18.0777,604.58770000000004,55.),(1.8120000000000001,565.31230000000005,55.),(1.8120000000000001,565.31230000000005,-300.),(12.7805,564.35220000000004,-300.),(12.7805,564.35220000000004,-98.),(12.871600000000001,564.3442,-95.908299999999997),(13.1441,564.32039999999995,-93.832400000000007),(13.596,564.2808,-91.788300000000007),(14.223800000000001,564.22590000000002,-89.791499999999999),(15.0227,564.15589999999997,-87.857200000000006),(15.986700000000001,564.07150000000001,-86.),(17.108499999999999,563.97339999999997,-84.234200000000001),(18.3794,563.86210000000005,-82.573099999999997),(19.7898,563.73869999999999,-81.029399999999995),(21.3291,563.60389999999995,-79.614900000000006),(22.985499999999998,563.45889999999997,-78.340400000000002),(24.746200000000002,563.3048,-77.215400000000002),(26.598099999999999,563.14269999999999,-76.248599999999996),(28.526900000000001,562.97389999999996,-75.447400000000002),(30.518000000000001,562.79960000000005,-74.817800000000005),(32.556199999999997,562.62120000000004,-74.364599999999996),(34.626199999999997,562.44000000000005,-74.091300000000004),(36.7119,562.25739999999996,-74.),(56.654699999999998,560.51179999999999,-74.),(56.654699999999998,560.51179999999999,-74.),(56.654699999999998,560.51179999999999,-74.),(56.654699999999998,560.51179999999999,-50.),(56.654699999999998,560.51179999999999,-50.),(12.7805,564.35220000000004,55.),(0.,523.80949999999996,55.),(0.,523.80949999999996,-300.),(11.,523.56970000000001,-300.),(11.,523.56970000000001,-98.),(11.0913,523.56769999999995,-95.908299999999997),(11.364599999999999,523.56169999999997,-93.832400000000007),(11.8178,523.55179999999996,-91.788300000000007),(12.4474,523.53809999999999,-89.791499999999999),(13.2486,523.52059999999994,-87.857200000000006),(14.215400000000001,523.49950000000001,-86.),(15.340400000000001,523.47500000000002,-84.234200000000001),(16.614899999999999,523.44719999999995,-82.573099999999997),(18.029399999999999,523.41639999999995,-81.029399999999995),(19.5731,523.3827,-79.614900000000006),(21.234200000000001,523.34649999999999,-78.340400000000002),(23.,523.30799999999999,-77.215400000000002),(24.857199999999999,523.26750000000004,-76.248599999999996),(26.791499999999999,523.22529999999995,-75.447400000000002),(28.7883,523.18179999999995,-74.817800000000005),(30.8324,523.13720000000001,-74.364599999999996),(32.908299999999997,523.09199999999998,-74.091300000000004),(35.,523.04629999999997,-74.),(55.,522.61030000000005,-74.),(55.,522.61030000000005,-74.),(55.,522.61030000000005,-74.),(55.,522.61030000000005,-50.),(55.,522.61030000000005,-50.),(11.,523.56970000000001,55.),(0.,476.19049999999999,55.),(0.,476.19049999999999,-300.),(11.,476.43029999999999,-300.),(11.,476.43029999999999,-98.),(11.0913,476.4323,-95.908299999999997),(11.364599999999999,476.43830000000003,-93.832400000000007),(11.8178,476.44819999999999,-91.788300000000007),(12.4474,476.46190000000001,-89.791499999999999),(13.2486,476.4794,-87.857200000000006),(14.215400000000001,476.50049999999999,-86.),(15.340400000000001,476.52499999999998,-84.234200000000001),(16.614899999999999,476.55279999999999,-82.573099999999997),(18.029399999999999,476.58359999999999,-81.029399999999995),(19.5731,476.6173,-79.614900000000006),(21.234200000000001,476.65350000000001,-78.340400000000002),(23.,476.69200000000001,-77.215400000000002),(24.857199999999999,476.73250000000002,-76.248599999999996),(26.791499999999999,476.7747,-75.447400000000002),(28.7883,476.81819999999999,-74.817800000000005),(30.8324,476.86279999999999,-74.364599999999996),(32.908299999999997,476.90800000000002,-74.091300000000004),(35.,476.95370000000003,-74.),(55.,477.3897,-74.),(55.,477.3897,-74.),(55.,477.3897,-74.),(55.,477.3897,-50.),(55.,477.3897,-50.),(11.,476.43029999999999,55.)));
#3653=IFCTRIANGULATEDFACESET(#3652,$,.T.,((1,2,30),(1,30,29),(2,3,31),(2,31,30),(3,4,32),(3,32,31),(4,5,33),(4,33,32),(5,6,34),(5,34,33),(6,7,35),(6,35,34),(7,8,36),(7,36,35),(8,9,37),(8,37,36),(9,10,38),(9,38,37),(10,11,39),(10,39,38),(11,12,40),(11,40,39),(12,13,41),(12,41,40),(13,14,42),(13,42,41),(14,15,43),(14,43,42),(15,16,44),(15,44,43),(16,17,45),(16,45,44),(17,18,46),(17,46,45),(18,19,47),(18,47,46),(19,20,48),(19,48,47),(20,21,49),(20,49,48),(21,22,50),(21,50,49),(22,23,51),(22,51,50),(23,24,52),(23,52,51),(24,25,53),(24,53,52),(25,26,54),(25,54,53),(26,27,55),(26,55,54),(27,28,56),(27,56,55),(28,1,29),(28,29,56),(29,30,58),(29,58,57),(30,31,59),(30,59,58),(31,32,60),(31,60,59),(32,33,61),(32,61,60),(33,34,62),(33,62,61),(34,35,63),(34,63,62),(35,36,64),(35,64,63),(36,37,65),(36,65,64),(37,38,66),(37,66,65),(38,39,67),(38,67,66),(39,40,68),(39,68,67),(40,41,69),(40,69,68),(41,42,70),(41,70,69),(42,43,71),(42,71,70),(43,44,72),(43,72,71),(44,45,73),(44,73,72),(45,46,74),(45,74,73),(46,47,75),(46,75,74),(47,48,76),(47,76,75),(48,49,77),(48,77,76),(49,50,78),(49,78,77),(50,51,79),(50,79,78),(51,52,80),(51,80,79),(52,53,81),(52,81,80),(53,54,82),(53,82,81),(54,55,83),(54,83,82),(55,56,84),(55,84,83),(56,29,57),(56,57,84),(57,58,86),(57,86,85),(58,59,87),(58,87,86),(59,60,88),(59,88,87),(60,61,89),(60,89,88),(61,62,90),(61,90,89),(62,63,91),(62,91,90),(63,64,92),(63,92,91),(64,65,93),(64,93,92),(65,66,94),(65,94,93),(66,67,95),(66,95,94),(67,68,96),(67,96,95),(68,69,97),(68,97,96),(69,70,98),(69,98,97),(70,71,99),(70,99,98),(71,72,100),(71,100,99),(72,73,101),(72,101,100),(73,74,102),(73,102,101),(74,75,103),(74,103,102),(75,76,104),(75,104,103),(76,77,105),(76,105,104),(77,78,106),(77,106,105),(78,79,107),(78,107,106),(79,80,108),(79,108,107),(80,81,109),(80,109,108),(81,82,110),(81,110,109),(82,83,111),(82,111,110),(83,84,112),(83,112,111),(84,57,85),(84,85,112),(85,86,114),(85,114,113),(86,87,115),(86,115,114),(87,88,116),(87,116,115),(88,89,117),(88,117,116),(89,90,118),(89,118,117),(90,91,119),(90,119,118),(91,92,120),(91,120,119),(92,93,121),(92,121,120),(93,94,122),(93,122,121),(94,95,123),(94,123,122),(95,96,124),(95,124,123),(96,97,125),(96,125,124),(97,98,126),(97,126,125),(98,99,127),(98,127,126),(99,100,128),(99,128,127),(100,101,129),(100,129,128),(101,102,130),(101,130,129),(102,103,131),(102,131,130),(103,104,132),(103,132,131),(104,105,133),(104,133,132),(105,106,134),(105,134,133),(106,107,135),(106,135,134),(107,108,136),(107,136,135),(108,109,137),(108,137,136),(109,110,138),(109,138,137),(110,111,139),(110,139,138),(111,112,140),(111,140,139),(112,85,113),(112,113,140),(113,114,142),(113,142,141),(114,115,143),(114,143,142),(115,116,144),(115,144,143),(116,117,145),(116,145,144),(117,118,146),(117,146,145),(118,119,147),(118,147,146),(119,120,148),(119,148,147),(120,121,149),(120,149,148),(121,122,150),(121,150,149),(122,123,151),(122,151,150),(123,124,152),(123,152,151),(124,125,153),(124,153,152),(125,126,154),(125,154,153),(126,127,155),(126,155,154),(127,128,156),(127,156,155),(128,129,157),(128,157,156),(129,130,158),(129,158,157),(130,131,159),(130,159,158),(131,132,160),(131,160,159),(132,133,161),(132,161,160),(133,134,162),(133,162,161),(134,135,163),(134,163,162),(135,136,164),(135,164,163),(136,137,165),(136,165,164),(137,138,166),(137,166,165),(138,139,167),(138,167,166),(139,140,168),(139,168,167),(140,113,141),(140,141,168),(141,142,170),(141,170,169),(142,143,171),(142,171,170),(143,144,172),(143,172,171),(144,145,173),(144,173,172),(145,146,174),(145,174,173),(146,147,175),(146,175,174),(147,148,176),(147,176,175),(148,149,177),(148,177,176),(149,150,178),(149,178,177),(150,151,179),(150,179,178),(151,152,180),(151,180,179),(152,153,181),(152,181,180),(153,154,182),(153,182,181),(154,155,183),(154,183,182),(155,156,184),(155,184,183),(156,157,185),(156,185,184),(157,158,186),(157,186,185),(158,159,187),(158,187,186),(159,160,188),(159,188,187),(160,161,189),(160,189,188),(161,162,190),(161,190,189),(162,163,191),(162,191,190),(163,164,192),(163,192,191),(164,165,193),(164,193,192),(165,166,194),(165,194,193),(166,167,195),(166,195,194),(167,168,196),(167,196,195),(168,141,169),(168,169,196),(169,170,198),(169,198,197),(170,171,199),(170,199,198),(171,172,200),(171,200,199),(172,173,201),(172,201,200),(173,174,202),(173,202,201),(174,175,203),(174,203,202),(175,176,204),(175,204,203),(176,177,205),(176,205,204),(177,178,206),(177,206,205),(178,179,207),(178,207,206),(179,180,208),(179,208,207),(180,181,209),(180,209,208),(181,182,210),(181,210,209),(182,183,211),(182,211,210),(183,184,212),(183,212,211),(184,185,213),(184,213,212),(185,186,214),(185,214,213),(186,187,215),(186,215,214),(187,188,216),(187,216,215),(188,189,217),(188,217,216),(189,190,218),(189,218,217),(190,191,219),(190,219,218),(191,192,220),(191,220,219),(192,193,221),(192,221,220),(193,194,222),(193,222,221),(194,195,223),(194,223,222),(195,196,224),(195,224,223),(196,169,197),(196,197,224),(197,198,226),(197,226,225),(198,199,227),(198,227,226),(199,200,228),(199,228,227),(200,201,229),(200,229,228),(201,202,230),(201,230,229),(202,203,231),(202,231,230),(203,204,232),(203,232,231),(204,205,233),(204,233,232),(205,206,234),(205,234,233),(206,207,235),(206,235,234),(207,208,236),(207,236,235),(208,209,237),(208,237,236),(209,210,238),(209,238,237),(210,211,239),(210,239,238),(211,212,240),(211,240,239),(212,213,241),(212,241,240),(213,214,242),(213,242,241),(214,215,243),(214,243,242),(215,216,244),(215,244,243),(216,217,245),(216,245,244),(217,218,246),(217,246,245),(218,219,247),(218,247,246),(219,220,248),(219,248,247),(220,221,249),(220,249,248),(221,222,250),(221,250,249),(222,223,251),(222,251,250),(223,224,252),(223,252,251),(224,197,225),(224,225,252),(225,226,254),(225,254,253),(226,227,255),(226,255,254),(227,228,256),(227,256,255),(228,229,257),(228,257,256),(229,230,258),(229,258,257),(230,231,259),(230,259,258),(231,232,260),(231,260,259),(232,233,261),(232,261,260),(233,234,262),(233,262,261),(234,235,263),(234,263,262),(235,236,264),(235,264,263),(236,237,265),(236,265,264),(237,238,266),(237,266,265),(238,239,267),(238,267,266),(239,240,268),(239,268,267),(240,241,269),(240,269,268),(241,242,270),(241,270,269),(242,243,271),(242,271,270),(243,244,272),(243,272,271),(244,245,273),(244,273,272),(245,246,274),(245,274,273),(246,247,275),(246,275,274),(247,248,276),(247,276,275),(248,249,277),(248,277,276),(249,250,278),(249,278,277),(250,251,279),(250,279,278),(251,252,280),(251,280,279),(252,225,253),(252,253,280),(253,254,282),(253,282,281),(254,255,283),(254,283,282),(255,256,284),(255,284,283),(256,257,285),(256,285,284),(257,258,286),(257,286,285),(258,259,287),(258,287,286),(259,260,288),(259,288,287),(260,261,289),(260,289,288),(261,262,290),(261,290,289),(262,263,291),(262,291,290),(263,264,292),(263,292,291),(264,265,293),(264,293,292),(265,266,294),(265,294,293),(266,267,295),(266,295,294),(267,268,296),(267,296,295),(268,269,297),(268,297,296),(269,270,298),(269,298,297),(270,271,299),(270,299,298),(271,272,300),(271,300,299),(272,273,301),(272,301,300),(273,274,302),(273,302,301),(274,275,303),(274,303,302),(275,276,304),(275,304,303),(276,277,305),(276,305,304),(277,278,306),(277,306,305),(278,279,307),(278,307,306),(279,280,308),(279,308,307),(280,253,281),(280,281,308),(281,282,310),(281,310,309),(282,283,311),(282,311,310),(283,284,312),(283,312,311),(284,285,313),(284,313,312),(285,286,314),(285,314,313),(286,287,315),(286,315,314),(287,288,316),(287,316,315),(288,289,317),(288,317,316),(289,290,318),(289,318,317),(290,291,319),(290,319,318),(291,292,320),(291,320,319),(292,293,321),(292,321,320),(293,294,322),(293,322,321),(294,295,323),(294,323,322),(295,296,324),(295,324,323),(296,297,325),(296,325,324),(297,298,326),(297,326,325),(298,299,327),(298,327,326),(299,300,328),(299,328,327),(300,301,329),(300,329,328),(301,302,330),(301,330,329),(302,303,331),(302,331,330),(303,304,332),(303,332,331),(304,305,333),(304,333,332),(305,306,334),(305,334,333),(306,307,335),(306,335,334),(307,308,336),(307,336,335),(308,281,309),(308,309,336),(309,310,338),(309,338,337),(310,311,339),(310,339,338),(311,312,340),(311,340,339),(312,313,341),(312,341,340),(313,314,342),(313,342,341),(314,315,343),(314,343,342),(315,316,344),(315,344,343),(316,317,345),(316,345,344),(317,318,346),(317,346,345),(318,319,347),(318,347,346),(319,320,348),(319,348,347),(320,321,349),(320,349,348),(321,322,350),(321,350,349),(322,323,351),(322,351,350),(323,324,352),(323,352,351),(324,325,353),(324,353,352),(325,326,354),(325,354,353),(326,327,355),(326,355,354),(327,328,356),(327,356,355),(328,329,357),(328,357,356),(329,330,358),(329,358,357),(330,331,359),(330,359,358),(331,332,360),(331,360,359),(332,333,361),(332,361,360),(333,334,362),(333,362,361),(334,335,363),(334,363,362),(335,336,364),(335,364,363),(336,309,337),(336,337,364),(337,338,366),(337,366,365),(338,339,367),(338,367,366),(339,340,368),(339,368,367),(340,341,369),(340,369,368),(341,342,370),(341,370,369),(342,343,371),(342,371,370),(343,344,372),(343,372,371),(344,345,373),(344,373,372),(345,346,374),(345,374,373),(346,347,375),(346,375,374),(347,348,376),(347,376,375),(348,349,377),(348,377,376),(349,350,378),(349,378,377),(350,351,379),(350,379,378),(351,352,380),(351,380,379),(352,353,381),(352,381,380),(353,354,382),(353,382,381),(354,355,383),(354,383,382),(355,356,384),(355,384,383),(356,357,385),(356,385,384),(357,358,386),(357,386,385),(358,359,387),(358,387,386),(359,360,388),(359,388,387),(360,361,389),(360,389,388),(361,362,390),(361,390,389),(362,363,391),(362,391,390),(363,364,392),(363,392,391),(364,337,365),(364,365,392),(365,366,394),(365,394,393),(366,367,395),(366,395,394),(367,368,396),(367,396,395),(368,369,397),(368,397,396),(369,370,398),(369,398,397),(370,371,399),(370,399,398),(371,372,400),(371,400,399),(372,373,401),(372,401,400),(373,374,402),(373,402,401),(374,375,403),(374,403,402),(375,376,404),(375,404,403),(376,377,405),(376,405,404),(377,378,406),(377,406,405),(378,379,407),(378,407,406),(379,380,408),(379,408,407),(380,381,409),(380,409,408),(381,382,410),(381,410,409),(382,383,411),(382,411,410),(383,384,412),(383,412,411),(384,385,413),(384,413,412),(385,386,414),(385,414,413),(386,387,415),(386,415,414),(387,388,416),(387,416,415),(388,389,417),(388,417,416),(389,390,418),(389,418,417),(390,391,419),(390,419,418),(391,392,420),(391,420,419),(392,365,393),(392,393,420),(393,394,422),(393,422,421),(394,395,423),(394,423,422),(395,396,424),(395,424,423),(396,397,425),(396,425,424),(397,398,426),(397,426,425),(398,399,427),(398,427,426),(399,400,428),(399,428,427),(400,401,429),(400,429,428),(401,402,430),(401,430,429),(402,403,431),(402,431,430),(403,404,432),(403,432,431),(404,405,433),(404,433,432),(405,406,434),(405,434,433),(406,407,435),(406,435,434),(407,408,436),(407,436,435),(408,409,437),(408,437,436),(409,410,438),(409,438,437),(410,411,439),(410,439,438),(411,412,440),(411,440,439),(412,413,441),(412,441,440),(413,414,442),(413,442,441),(414,415,443),(414,443,442),(415,416,444),(415,444,443),(416,417,445),(416,445,444),(417,418,446),(417,446,445),(418,419,447),(418,447,446),(419,420,448),(419,448,447),(420,393,421),(420,421,448),(421,422,450),(421,450,449),(422,423,451),(422,451,450),(423,424,452),(423,452,451),(424,425,453),(424,453,452),(425,426,454),(425,454,453),(426,427,455),(426,455,454),(427,428,456),(427,456,455),(428,429,457),(428,457,456),(429,430,458),(429,458,457),(430,431,459),(430,459,458),(431,432,460),(431,460,459),(432,433,461),(432,461,460),(433,434,462),(433,462,461),(434,435,463),(434,463,462),(435,436,464),(435,464,463),(436,437,465),(436,465,464),(437,438,466),(437,466,465),(438,439,467),(438,467,466),(439,440,468),(439,468,467),(440,441,469),(440,469,468),(441,442,470),(441,470,469),(442,443,471),(442,471,470),(443,444,472),(443,472,471),(444,445,473),(444,473,472),(445,446,474),(445,474,473),(446,447,475),(446,475,474),(447,448,476),(447,476,475),(448,421,449),(448,449,476),(449,450,478),(449,478,477),(450,451,479),(450,479,478),(451,452,480),(451,480,479),(452,453,481),(452,481,480),(453,454,482),(453,482,481),(454,455,483),(454,483,482),(455,456,484),(455,484,483),(456,457,485),(456,485,484),(457,458,486),(457,486,485),(458,459,487),(458,487,486),(459,460,488),(459,488,487),(460,461,489),(460,489,488),(461,462,490),(461,490,489),(462,463,491),(462,491,490),(463,464,492),(463,492,491),(464,465,493),(464,493,492),(465,466,494),(465,494,493),(466,467,495),(466,495,494),(467,468,496),(467,496,495),(468,469,497),(468,497,496),(469,470,498),(469,498,497),(470,471,499),(470,499,498),(471,472,500),(471,500,499),(472,473,501),(472,501,500),(473,474,502),(473,502,501),(474,475,503),(474,503,502),(475,476,504),(475,504,503),(476,449,477),(476,477,504),(477,478,506),(477,506,505),(478,479,507),(478,507,506),(479,480,508),(479,508,507),(480,481,509),(480,509,508),(481,482,510),(481,510,509),(482,483,511),(482,511,510),(483,484,512),(483,512,511),(484,485,513),(484,513,512),(485,486,514),(485,514,513),(486,487,515),(486,515,514),(487,488,516),(487,516,515),(488,489,517),(488,517,516),(489,490,518),(489,518,517),(490,491,519),(490,519,518),(491,492,520),(491,520,519),(492,493,521),(492,521,520),(493,494,522),(493,522,521),(494,495,523),(494,523,522),(495,496,524),(495,524,523),(496,497,525),(496,525,524),(497,498,526),(497,526,525),(498,499,527),(498,527,526),(499,500,528),(499,528,527),(500,501,529),(500,529,528),(501,502,530),(501,530,529),(502,503,531),(502,531,530),(503,504,532),(503,532,531),(504,477,505),(504,505,532),(505,506,534),(505,534,533),(506,507,535),(506,535,534),(507,508,536),(507,536,535),(508,509,537),(508,537,536),(509,510,538),(509,538,537),(510,511,539),(510,539,538),(511,512,540),(511,540,539),(512,513,541),(512,541,540),(513,514,542),(513,542,541),(514,515,543),(514,543,542),(515,516,544),(515,544,543),(516,517,545),(516,545,544),(517,518,546),(517,546,545),(518,519,547),(518,547,546),(519,520,548),(519,548,547),(520,521,549),(520,549,548),(521,522,550),(521,550,549),(522,523,551),(522,551,550),(523,524,552),(523,552,551),(524,525,553),(524,553,552),(525,526,554),(525,554,553),(526,527,555),(526,555,554),(527,528,556),(527,556,555),(528,529,557),(528,557,556),(529,530,558),(529,558,557),(530,531,559),(530,559,558),(531,532,560),(531,560,559),(532,505,533),(532,533,560),(533,534,562),(533,562,561),(534,535,563),(534,563,562),(535,536,564),(535,564,563),(536,537,565),(536,565,564),(537,538,566),(537,566,565),(538,539,567),(538,567,566),(539,540,568),(539,568,567),(540,541,569),(540,569,568),(541,542,570),(541,570,569),(542,543,571),(542,571,570),(543,544,572),(543,572,571),(544,545,573),(544,573,572),(545,546,574),(545,574,573),(546,547,575),(546,575,574),(547,548,576),(547,576,575),(548,549,577),(548,577,576),(549,550,578),(549,578,577),(550,551,579),(550,579,578),(551,552,580),(551,580,579),(552,553,581),(552,581,580),(553,554,582),(553,582,581),(554,555,583),(554,583,582),(555,556,584),(555,584,583),(556,557,585),(556,585,584),(557,558,586),(557,586,585),(558,559,587),(558,587,586),(559,560,588),(559,588,587),(560,533,561),(560,561,588),(561,562,590),(561,590,589),(562,563,591),(562,591,590),(563,564,592),(563,592,591),(564,565,593),(564,593,592),(565,566,594),(565,594,593),(566,567,595),(566,595,594),(567,568,596),(567,596,595),(568,569,597),(568,597,596),(569,570,598),(569,598,597),(570,571,599),(570,599,598),(571,572,600),(571,600,599),(572,573,601),(572,601,600),(573,574,602),(573,602,601),(574,575,603),(574,603,602),(575,576,604),(575,604,603),(576,577,605),(576,605,604),(577,578,606),(577,606,605),(578,579,607),(578,607,606),(579,580,608),(579,608,607),(580,581,609),(580,609,608),(581,582,610),(581,610,609),(582,583,611),(582,611,610),(583,584,612),(583,612,611),(584,585,613),(584,613,612),(585,586,614),(585,614,613),(586,587,615),(586,615,614),(587,588,616),(587,616,615),(588,561,589),(588,589,616),(589,590,618),(589,618,617),(590,591,619),(590,619,618),(591,592,620),(591,620,619),(592,593,621),(592,621,620),(593,594,622),(593,622,621),(594,595,623),(594,623,622),(595,596,624),(595,624,623),(596,597,625),(596,625,624),(597,598,626),(597,626,625),(598,599,627),(598,627,626),(599,600,628),(599,628,627),(600,601,629),(600,629,628),(601,602,630),(601,630,629),(602,603,631),(602,631,630),(603,604,632),(603,632,631),(604,605,633),(604,633,632),(605,606,634),(605,634,633),(606,607,635),(606,635,634),(607,608,636),(607,636,635),(608,609,637),(608,637,636),(609,610,638),(609,638,637),(610,611,639),(610,639,638),(611,612,640),(611,640,639),(612,613,641),(612,641,640),(613,614,642),(613,642,641),(614,615,643),(614,643,642),(615,616,644),(615,644,643),(616,589,617),(616,617,644),(617,618,646),(617,646,645),(618,619,647),(618,647,646),(619,620,648),(619,648,647),(620,621,649),(620,649,648),(621,622,650),(621,650,649),(622,623,651),(622,651,650),(623,624,652),(623,652,651),(624,625,653),(624,653,652),(625,626,654),(625,654,653),(626,627,655),(626,655,654),(627,628,656),(627,656,655),(628,629,657),(628,657,656),(629,630,658),(629,658,657),(630,631,659),(630,659,658),(631,632,660),(631,660,659),(632,633,661),(632,661,660),(633,634,662),(633,662,661),(634,635,663),(634,663,662),(635,636,664),(635,664,663),(636,637,665),(636,665,664),(637,638,666),(637,666,665),(638,639,667),(638,667,666),(639,640,668),(639,668,667),(640,641,669),(640,669,668),(641,642,670),(641,670,669),(642,643,671),(642,671,670),(643,644,672),(643,672,671),(644,617,645),(644,645,672),(645,646,674),(645,674,673),(646,647,675),(646,675,674),(647,648,676),(647,676,675),(648,649,677),(648,677,676),(649,650,678),(649,678,677),(650,651,679),(650,679,678),(651,652,680),(651,680,679),(652,653,681),(652,681,680),(653,654,682),(653,682,681),(654,655,683),(654,683,682),(655,656,684),(655,684,683),(656,657,685),(656,685,684),(657,658,686),(657,686,685),(658,659,687),(658,687,686),(659,660,688),(659,688,687),(660,661,689),(660,689,688),(661,662,690),(661,690,689),(662,663,691),(662,691,690),(663,664,692),(663,692,691),(664,665,693),(664,693,692),(665,666,694),(665,694,693),(666,667,695),(666,695,694),(667,668,696),(667,696,695),(668,669,697),(668,697,696),(669,670,698),(669,698,697),(670,671,699),(670,699,698),(671,672,700),(671,700,699),(672,645,673),(672,673,700),(673,674,702),(673,702,701),(674,675,703),(674,703,702),(675,676,704),(675,704,703),(676,677,705),(676,705,704),(677,678,706),(677,706,705),(678,679,707),(678,707,706),(679,680,708),(679,708,707),(680,681,709),(680,709,708),(681,682,710),(681,710,709),(682,683,711),(682,711,710),(683,684,712),(683,712,711),(684,685,713),(684,713,712),(685,686,714),(685,714,713),(686,687,715),(686,715,714),(687,688,716),(687,716,715),(688,689,717),(688,717,716),(689,690,718),(689,718,717),(690,691,719),(690,719,718),(691,692,720),(691,720,719),(692,693,721),(692,721,720),(693,694,722),(693,722,721),(694,695,723),(694,723,722),(695,696,724),(695,724,723),(696,697,725),(696,725,724),(697,698,726),(697,726,725),(698,699,727),(698,727,726),(699,700,728),(699,728,727),(700,673,701),(700,701,728),(701,702,730),(701,730,729),(702,703,731),(702,731,730),(703,704,732),(703,732,731),(704,705,733),(704,733,732),(705,706,734),(705,734,733),(706,707,735),(706,735,734),(707,708,736),(707,736,735),(708,709,737),(708,737,736),(709,710,738),(709,738,737),(710,711,739),(710,739,738),(711,712,740),(711,740,739),(712,713,741),(712,741,740),(713,714,742),(713,742,741),(714,715,743),(714,743,742),(715,716,744),(715,744,743),(716,717,745),(716,745,744),(717,718,746),(717,746,745),(718,719,747),(718,747,746),(719,720,748),(719,748,747),(720,721,749),(720,749,748),(721,722,750),(721,750,749),(722,723,751),(722,751,750),(723,724,752),(723,752,751),(724,725,753),(724,753,752),(725,726,754),(725,754,753),(726,727,755),(726,755,754),(727,728,756),(727,756,755),(728,701,729),(728,729,756),(729,730,758),(729,758,757),(730,731,759),(730,759,758),(731,732,760),(731,760,759),(732,733,761),(732,761,760),(733,734,762),(733,762,761),(734,735,763),(734,763,762),(735,736,764),(735,764,763),(736,737,765),(736,765,764),(737,738,766),(737,766,765),(738,739,767),(738,767,766),(739,740,768),(739,768,767),(740,741,769),(740,769,768),(741,742,770),(741,770,769),(742,743,771),(742,771,770),(743,744,772),(743,772,771),(744,745,773),(744,773,772),(745,746,774),(745,774,773),(746,747,775),(746,775,774),(747,748,776),(747,776,775),(748,749,777),(748,777,776),(749,750,778),(749,778,777),(750,751,779),(750,779,778),(751,752,780),(751,780,779),(752,753,781),(752,781,780),(753,754,782),(753,782,781),(754,755,783),(754,783,782),(755,756,784),(755,784,783),(756,729,757),(756,757,784),(757,758,786),(757,786,785),(758,759,787),(758,787,786),(759,760,788),(759,788,787),(760,761,789),(760,789,788),(761,762,790),(761,790,789),(762,763,791),(762,791,790),(763,764,792),(763,792,791),(764,765,793),(764,793,792),(765,766,794),(765,794,793),(766,767,795),(766,795,794),(767,768,796),(767,796,795),(768,769,797),(768,797,796),(769,770,798),(769,798,797),(770,771,799),(770,799,798),(771,772,800),(771,800,799),(772,773,801),(772,801,800),(773,774,802),(773,802,801),(774,775,803),(774,803,802),(775,776,804),(775,804,803),(776,777,805),(776,805,804),(777,778,806),(777,806,805),(778,779,807),(778,807,806),(779,780,808),(779,808,807),(780,781,809),(780,809,808),(781,782,810),(781,810,809),(782,783,811),(782,811,810),(783,784,812),(783,812,811),(784,757,785),(784,785,812),(785,786,814),(785,814,813),(786,787,815),(786,815,814),(787,788,816),(787,816,815),(788,789,817),(788,817,816),(789,790,818),(789,818,817),(790,791,819),(790,819,818),(791,792,820),(791,820,819),(792,793,821),(792,821,820),(793,794,822),(793,822,821),(794,795,823),(794,823,822),(795,796,824),(795,824,823),(796,797,825),(796,825,824),(797,798,826),(797,826,825),(798,799,827),(798,827,826),(799,800,828),(799,828,827),(800,801,829),(800,829,828),(801,802,830),(801,830,829),(802,803,831),(802,831,830),(803,804,832),(803,832,831),(804,805,833),(804,833,832),(805,806,834),(805,834,833),(806,807,835),(806,835,834),(807,808,836),(807,836,835),(808,809,837),(808,837,836),(809,810,838),(809,838,837),(810,811,839),(810,839,838),(811,812,840),(811,840,839),(812,785,813),(812,813,840),(813,814,842),(813,842,841),(814,815,843),(814,843,842),(815,816,844),(815,844,843),(816,817,845),(816,845,844),(817,818,846),(817,846,845),(818,819,847),(818,847,846),(819,820,848),(819,848,847),(820,821,849),(820,849,848),(821,822,850),(821,850,849),(822,823,851),(822,851,850),(823,824,852),(823,852,851),(824,825,853),(824,853,852),(825,826,854),(825,854,853),(826,827,855),(826,855,854),(827,828,856),(827,856,855),(828,829,857),(828,857,856),(829,830,858),(829,858,857),(830,831,859),(830,859,858),(831,832,860),(831,860,859),(832,833,861),(832,861,860),(833,834,862),(833,862,861),(834,835,863),(834,863,862),(835,836,864),(835,864,863),(836,837,865),(836,865,864),(837,838,866),(837,866,865),(838,839,867),(838,867,866),(839,840,868),(839,868,867),(840,813,841),(840,841,868),(841,842,870),(841,870,869),(842,843,871),(842,871,870),(843,844,872),(843,872,871),(844,845,873),(844,873,872),(845,846,874),(845,874,873),(846,847,875),(846,875,874),(847,848,876),(847,876,875),(848,849,877),(848,877,876),(849,850,878),(849,878,877),(850,851,879),(850,879,878),(851,852,880),(851,880,879),(852,853,881),(852,881,880),(853,854,882),(853,882,881),(854,855,883),(854,883,882),(855,856,884),(855,884,883),(856,857,885),(856,885,884),(857,858,886),(857,886,885),(858,859,887),(858,887,886),(859,860,888),(859,888,887),(860,861,889),(860,889,888),(861,862,890),(861,890,889),(862,863,891),(862,891,890),(863,864,892),(863,892,891),(864,865,893),(864,893,892),(865,866,894),(865,894,893),(866,867,895),(866,895,894),(867,868,896),(867,896,895),(868,841,869),(868,869,896),(869,870,898),(869,898,897),(870,871,899),(870,899,898),(871,872,900),(871,900,899),(872,873,901),(872,901,900),(873,874,902),(873,902,901),(874,875,903),(874,903,902),(875,876,904),(875,904,903),(876,877,905),(876,905,904),(877,878,906),(877,906,905),(878,879,907),(878,907,906),(879,880,908),(879,908,907),(880,881,909),(880,909,908),(881,882,910),(881,910,909),(882,883,911),(882,911,910),(883,884,912),(883,912,911),(884,885,913),(884,913,912),(885,886,914),(885,914,913),(886,887,915),(886,915,914),(887,888,916),(887,916,915),(888,889,917),(888,917,916),(889,890,918),(889,918,917),(890,891,919),(890,919,918),(891,892,920),(891,920,919),(892,893,921),(892,921,920),(893,894,922),(893,922,921),(894,895,923),(894,923,922),(895,896,924),(895,924,923),(896,869,897),(896,897,924),(897,898,926),(897,926,925),(898,899,927),(898,927,926),(899,900,928),(899,928,927),(900,901,929),(900,929,928),(901,902,930),(901,930,929),(902,903,931),(902,931,930),(903,904,932),(903,932,931),(904,905,933),(904,933,932),(905,906,934),(905,934,933),(906,907,935),(906,935,934),(907,908,936),(907,936,935),(908,909,937),(908,937,936),(909,910,938),(909,938,937),(910,911,939),(910,939,938),(911,912,940),(911,940,939),(912,913,941),(912,941,940),(913,914,942),(913,942,941),(914,915,943),(914,943,942),(915,916,944),(915,944,943),(916,917,945),(916,945,944),(917,918,946),(917,946,945),(918,919,947),(918,947,946),(919,920,948),(919,948,947),(920,921,949),(920,949,948),(921,922,950),(921,950,949),(922,923,951),(922,951,950),(923,924,952),(923,952,951),(924,897,925),(924,925,952),(925,926,954),(925,954,953),(926,927,955),(926,955,954),(927,928,956),(927,956,955),(928,929,957),(928,957,956),(929,930,958),(929,958,957),(930,931,959),(930,959,958),(931,932,960),(931,960,959),(932,933,961),(932,961,960),(933,934,962),(933,962,961),(934,935,963),(934,963,962),(935,936,964),(935,964,963),(936,937,965),(936,965,964),(937,938,966),(937,966,965),(938,939,967),(938,967,966),(939,940,968),(939,968,967),(940,941,969),(940,969,968),(941,942,970),(941,970,969),(942,943,971),(942,971,970),(943,944,972),(943,972,971),(944,945,973),(944,973,972),(945,946,974),(945,974,973),(946,947,975),(946,975,974),(947,948,976),(947,976,975),(948,949,977),(948,977,976),(949,950,978),(949,978,977),(950,951,979),(950,979,978),(951,952,980),(951,980,979),(952,925,953),(952,953,980),(953,954,982),(953,982,981),(954,955,983),(954,983,982),(955,956,984),(955,984,983),(956,957,985),(956,985,984),(957,958,986),(957,986,985),(958,959,987),(958,987,986),(959,960,988),(959,988,987),(960,961,989),(960,989,988),(961,962,990),(961,990,989),(962,963,991),(962,991,990),(963,964,992),(963,992,991),(964,965,993),(964,993,992),(965,966,994),(965,994,993),(966,967,995),(966,995,994),(967,968,996),(967,996,995),(968,969,997),(968,997,996),(969,970,998),(969,998,997),(970,971,999),(970,999,998),(971,972,1000),(971,1000,999),(972,973,1001),(972,1001,1000),(973,974,1002),(973,1002,1001),(974,975,1003),(974,1003,1002),(975,976,1004),(975,1004,1003),(976,977,1005),(976,1005,1004),(977,978,1006),(977,1006,1005),(978,979,1007),(978,1007,1006),(979,980,1008),(979,1008,1007),(980,953,981),(980,981,1008),(981,982,1010),(981,1010,1009),(982,983,1011),(982,1011,1010),(983,984,1012),(983,1012,1011),(984,985,1013),(984,1013,1012),(985,986,1014),(985,1014,1013),(986,987,1015),(986,1015,1014),(987,988,1016),(987,1016,1015),(988,989,1017),(988,1017,1016),(989,990,1018),(989,1018,1017),(990,991,1019),(990,1019,1018),(991,992,1020),(991,1020,1019),(992,993,1021),(992,1021,1020),(993,994,1022),(993,1022,1021),(994,995,1023),(994,1023,1022),(995,996,1024),(995,1024,1023),(996,997,1025),(996,1025,1024),(997,998,1026),(997,1026,1025),(998,999,1027),(998,1027,1026),(999,1000,1028),(999,1028,1027),(1000,1001,1029),(1000,1029,1028),(1001,1002,1030),(1001,1030,1029),(1002,1003,1031),(1002,1031,1030),(1003,1004,1032),(1003,1032,1031),(1004,1005,1033),(1004,1033,1032),(1005,1006,1034),(1005,1034,1033),(1006,1007,1035),(1006,1035,1034),(1007,1008,1036),(1007,1036,1035),(1008,981,1009),(1008,1009,1036),(1009,1010,1038),(1009,1038,1037),(1010,1011,1039),(1010,1039,1038),(1011,1012,1040),(1011,1040,1039),(1012,1013,1041),(1012,1041,1040),(1013,1014,1042),(1013,1042,1041),(1014,1015,1043),(1014,1043,1042),(1015,1016,1044),(1015,1044,1043),(1016,1017,1045),(1016,1045,1044),(1017,1018,1046),(1017,1046,1045),(1018,1019,1047),(1018,1047,1046),(1019,1020,1048),(1019,1048,1047),(1020,1021,1049),(1020,1049,1048),(1021,1022,1050),(1021,1050,1049),(1022,1023,1051),(1022,1051,1050),(1023,1024,1052),(1023,1052,1051),(1024,1025,1053),(1024,1053,1052),(1025,1026,1054),(1025,1054,1053),(1026,1027,1055),(1026,1055,1054),(1027,1028,1056),(1027,1056,1055),(1028,1029,1057),(1028,1057,1056),(1029,1030,1058),(1029,1058,1057),(1030,1031,1059),(1030,1059,1058),(1031,1032,1060),(1031,1060,1059),(1032,1033,1061),(1032,1061,1060),(1033,1034,1062),(1033,1062,1061),(1034,1035,1063),(1034,1063,1062),(1035,1036,1064),(1035,1064,1063),(1036,1009,1037),(1036,1037,1064),(1037,1038,1066),(1037,1066,1065),(1038,1039,1067),(1038,1067,1066),(1039,1040,1068),(1039,1068,1067),(1040,1041,1069),(1040,1069,1068),(1041,1042,1070),(1041,1070,1069),(1042,1043,1071),(1042,1071,1070),(1043,1044,1072),(1043,1072,1071),(1044,1045,1073),(1044,1073,1072),(1045,1046,1074),(1045,1074,1073),(1046,1047,1075),(1046,1075,1074),(1047,1048,1076),(1047,1076,1075),(1048,1049,1077),(1048,1077,1076),(1049,1050,1078),(1049,1078,1077),(1050,1051,1079),(1050,1079,1078),(1051,1052,1080),(1051,1080,1079),(1052,1053,1081),(1052,1081,1080),(1053,1054,1082),(1053,1082,1081),(1054,1055,1083),(1054,1083,1082),(1055,1056,1084),(1055,1084,1083),(1056,1057,1085),(1056,1085,1084),(1057,1058,1086),(1057,1086,1085),(1058,1059,1087),(1058,1087,1086),(1059,1060,1088),(1059,1088,1087),(1060,1061,1089),(1060,1089,1088),(1061,1062,1090),(1061,1090,1089),(1062,1063,1091),(1062,1091,1090),(1063,1064,1092),(1063,1092,1091),(1064,1037,1065),(1064,1065,1092),(1065,1066,1094),(1065,1094,1093),(1066,1067,1095),(1066,1095,1094),(1067,1068,1096),(1067,1096,1095),(1068,1069,1097),(1068,1097,1096),(1069,1070,1098),(1069,1098,1097),(1070,1071,1099),(1070,1099,1098),(1071,1072,1100),(1071,1100,1099),(1072,1073,1101),(1072,1101,1100),(1073,1074,1102),(1073,1102,1101),(1074,1075,1103),(1074,1103,1102),(1075,1076,1104),(1075,1104,1103),(1076,1077,1105),(1076,1105,1104),(1077,1078,1106),(1077,1106,1105),(1078,1079,1107),(1078,1107,1106),(1079,1080,1108),(1079,1108,1107),(1080,1081,1109),(1080,1109,1108),(1081,1082,1110),(1081,1110,1109),(1082,1083,1111),(1082,1111,1110),(1083,1084,1112),(1083,1112,1111),(1084,1085,1113),(1084,1113,1112),(1085,1086,1114),(1085,1114,1113),(1086,1087,1115),(1086,1115,1114),(1087,1088,1116),(1087,1116,1115),(1088,1089,1117),(1088,1117,1116),(1089,1090,1118),(1089,1118,1117),(1090,1091,1119),(1090,1119,1118),(1091,1092,1120),(1091,1120,1119),(1092,1065,1093),(1092,1093,1120),(1093,1094,1122),(1093,1122,1121),(1094,1095,1123),(1094,1123,1122),(1095,1096,1124),(1095,1124,1123),(1096,1097,1125),(1096,1125,1124),(1097,1098,1126),(1097,1126,1125),(1098,1099,1127),(1098,1127,1126),(1099,1100,1128),(1099,1128,1127),(1100,1101,1129),(1100,1129,1128),(1101,1102,1130),(1101,1130,1129),(1102,1103,1131),(1102,1131,1130),(1103,1104,1132),(1103,1132,1131),(1104,1105,1133),(1104,1133,1132),(1105,1106,1134),(1105,1134,1133),(1106,1107,1135),(1106,1135,1134),(1107,1108,1136),(1107,1136,1135),(1108,1109,1137),(1108,1137,1136),(1109,1110,1138),(1109,1138,1137),(1110,1111,1139),(1110,1139,1138),(1111,1112,1140),(1111,1140,1139),(1112,1113,1141),(1112,1141,1140),(1113,1114,1142),(1113,1142,1141),(1114,1115,1143),(1114,1143,1142),(1115,1116,1144),(1115,1144,1143),(1116,1117,1145),(1116,1145,1144),(1117,1118,1146),(1117,1146,1145),(1118,1119,1147),(1118,1147,1146),(1119,1120,1148),(1119,1148,1147),(1120,1093,1121),(1120,1121,1148),(1121,1122,1150),(1121,1150,1149),(1122,1123,1151),(1122,1151,1150),(1123,1124,1152),(1123,1152,1151),(1124,1125,1153),(1124,1153,1152),(1125,1126,1154),(1125,1154,1153),(1126,1127,1155),(1126,1155,1154),(1127,1128,1156),(1127,1156,1155),(1128,1129,1157),(1128,1157,1156),(1129,1130,1158),(1129,1158,1157),(1130,1131,1159),(1130,1159,1158),(1131,1132,1160),(1131,1160,1159),(1132,1133,1161),(1132,1161,1160),(1133,1134,1162),(1133,1162,1161),(1134,1135,1163),(1134,1163,1162),(1135,1136,1164),(1135,1164,1163),(1136,1137,1165),(1136,1165,1164),(1137,1138,1166),(1137,1166,1165),(1138,1139,1167),(1138,1167,1166),(1139,1140,1168),(1139,1168,1167),(1140,1141,1169),(1140,1169,1168),(1141,1142,1170),(1141,1170,1169),(1142,1143,1171),(1142,1171,1170),(1143,1144,1172),(1143,1172,1171),(1144,1145,1173),(1144,1173,1172),(1145,1146,1174),(1145,1174,1173),(1146,1147,1175),(1146,1175,1174),(1147,1148,1176),(1147,1176,1175),(1148,1121,1149),(1148,1149,1176),(1149,1150,1178),(1149,1178,1177),(1150,1151,1179),(1150,1179,1178),(1151,1152,1180),(1151,1180,1179),(1152,1153,1181),(1152,1181,1180),(1153,1154,1182),(1153,1182,1181),(1154,1155,1183),(1154,1183,1182),(1155,1156,1184),(1155,1184,1183),(1156,1157,1185),(1156,1185,1184),(1157,1158,1186),(1157,1186,1185),(1158,1159,1187),(1158,1187,1186),(1159,1160,1188),(1159,1188,1187),(1160,1161,1189),(1160,1189,1188),(1161,1162,1190),(1161,1190,1189),(1162,1163,1191),(1162,1191,1190),(1163,1164,1192),(1163,1192,1191),(1164,1165,1193),(1164,1193,1192),(1165,1166,1194),(1165,1194,1193),(1166,1167,1195),(1166,1195,1194),(1167,1168,1196),(1167,1196,1195),(1168,1169,1197),(1168,1197,1196),(1169,1170,1198),(1169,1198,1197),(1170,1171,1199),(1170,1199,1198),(1171,1172,1200),(1171,1200,1199),(1172,1173,1201),(1172,1201,1200),(1173,1174,1202),(1173,1202,1201),(1174,1175,1203),(1174,1203,1202),(1175,1176,1204),(1175,1204,1203),(1176,1149,1177),(1176,1177,1204),(1177,1178,1206),(1177,1206,1205),(1178,1179,1207),(1178,1207,1206),(1179,1180,1208),(1179,1208,1207),(1180,1181,1209),(1180,1209,1208),(1181,1182,1210),(1181,1210,1209),(1182,1183,1211),(1182,1211,1210),(1183,1184,1212),(1183,1212,1211),(1184,1185,1213),(1184,1213,1212),(1185,1186,1214),(1185,1214,1213),(1186,1187,1215),(1186,1215,1214),(1187,1188,1216),(1187,1216,1215),(1188,1189,1217),(1188,1217,1216),(1189,1190,1218),(1189,1218,1217),(1190,1191,1219),(1190,1219,1218),(1191,1192,1220),(1191,1220,1219),(1192,1193,1221),(1192,1221,1220),(1193,1194,1222),(1193,1222,1221),(1194,1195,1223),(1194,1223,1222),(1195,1196,1224),(1195,1224,1223),(1196,1197,1225),(1196,1225,1224),(1197,1198,1226),(1197,1226,1225),(1198,1199,1227),(1198,1227,1226),(1199,1200,1228),(1199,1228,1227),(1200,1201,1229),(1200,1229,1228),(1201,1202,1230),(1201,1230,1229),(1202,1203,1231),(1202,1231,1230),(1203,1204,1232),(1203,1232,1231),(1204,1177,1205),(1204,1205,1232),(1205,1206,1234),(1205,1234,1233),(1206,1207,1235),(1206,1235,1234),(1207,1208,1236),(1207,1236,1235),(1208,1209,1237),(1208,1237,1236),(1209,1210,1238),(1209,1238,1237),(1210,1211,1239),(1210,1239,1238),(1211,1212,1240),(1211,1240,1239),(1212,1213,1241),(1212,1241,1240),(1213,1214,1242),(1213,1242,1241),(1214,1215,1243),(1214,1243,1242),(1215,1216,1244),(1215,1244,1243),(1216,1217,1245),(1216,1245,1244),(1217,1218,1246),(1217,1246,1245),(1218,1219,1247),(1218,1247,1246),(1219,1220,1248),(1219,1248,1247),(1220,1221,1249),(1220,1249,1248),(1221,1222,1250),(1221,1250,1249),(1222,1223,1251),(1222,1251,1250),(1223,1224,1252),(1223,1252,1251),(1224,1225,1253),(1224,1253,1252),(1225,1226,1254),(1225,1254,1253),(1226,1227,1255),(1226,1255,1254),(1227,1228,1256),(1227,1256,1255),(1228,1229,1257),(1228,1257,1256),(1229,1230,1258),(1229,1258,1257),(1230,1231,1259),(1230,1259,1258),(1231,1232,1260),(1231,1260,1259),(1232,1205,1233),(1232,1233,1260),(1233,1234,1262),(1233,1262,1261),(1234,1235,1263),(1234,1263,1262),(1235,1236,1264),(1235,1264,1263),(1236,1237,1265),(1236,1265,1264),(1237,1238,1266),(1237,1266,1265),(1238,1239,1267),(1238,1267,1266),(1239,1240,1268),(1239,1268,1267),(1240,1241,1269),(1240,1269,1268),(1241,1242,1270),(1241,1270,1269),(1242,1243,1271),(1242,1271,1270),(1243,1244,1272),(1243,1272,1271),(1244,1245,1273),(1244,1273,1272),(1245,1246,1274),(1245,1274,1273),(1246,1247,1275),(1246,1275,1274),(1247,1248,1276),(1247,1276,1275),(1248,1249,1277),(1248,1277,1276),(1249,1250,1278),(1249,1278,1277),(1250,1251,1279),(1250,1279,1278),(1251,1252,1280),(1251,1280,1279),(1252,1253,1281),(1252,1281,1280),(1253,1254,1282),(1253,1282,1281),(1254,1255,1283),(1254,1283,1282),(1255,1256,1284),(1255,1284,1283),(1256,1257,1285),(1256,1285,1284),(1257,1258,1286),(1257,1286,1285),(1258,1259,1287),(1258,1287,1286),(1259,1260,1288),(1259,1288,1287),(1260,1233,1261),(1260,1261,1288),(1261,1262,1290),(1261,1290,1289),(1262,1263,1291),(1262,1291,1290),(1263,1264,1292),(1263,1292,1291),(1264,1265,1293),(1264,1293,1292),(1265,1266,1294),(1265,1294,1293),(1266,1267,1295),(1266,1295,1294),(1267,1268,1296),(1267,1296,1295),(1268,1269,1297),(1268,1297,1296),(1269,1270,1298),(1269,1298,1297),(1270,1271,1299),(1270,1299,1298),(1271,1272,1300),(1271,1300,1299),(1272,1273,1301),(1272,1301,1300),(1273,1274,1302),(1273,1302,1301),(1274,1275,1303),(1274,1303,1302),(1275,1276,1304),(1275,1304,1303),(1276,1277,1305),(1276,1305,1304),(1277,1278,1306),(1277,1306,1305),(1278,1279,1307),(1278,1307,1306),(1279,1280,1308),(1279,1308,1307),(1280,1281,1309),(1280,1309,1308),(1281,1282,1310),(1281,1310,1309),(1282,1283,1311),(1282,1311,1310),(1283,1284,1312),(1283,1312,1311),(1284,1285,1313),(1284,1313,1312),(1285,1286,1314),(1285,1314,1313),(1286,1287,1315),(1286,1315,1314),(1287,1288,1316),(1287,1316,1315),(1288,1261,1289),(1288,1289,1316),(1289,1290,1318),(1289,1318,1317),(1290,1291,1319),(1290,1319,1318),(1291,1292,1320),(1291,1320,1319),(1292,1293,1321),(1292,1321,1320),(1293,1294,1322),(1293,1322,1321),(1294,1295,1323),(1294,1323,1322),(1295,1296,1324),(1295,1324,1323),(1296,1297,1325),(1296,1325,1324),(1297,1298,1326),(1297,1326,1325),(1298,1299,1327),(1298,1327,1326),(1299,1300,1328),(1299,1328,1327),(1300,1301,1329),(1300,1329,1328),(1301,1302,1330),(1301,1330,1329),(1302,1303,1331),(1302,1331,1330),(1303,1304,1332),(1303,1332,1331),(1304,1305,1333),(1304,1333,1332),(1305,1306,1334),(1305,1334,1333),(1306,1307,1335),(1306,1335,1334),(1307,1308,1336),(1307,1336,1335),(1308,1309,1337),(1308,1337,1336),(1309,1310,1338),(1309,1338,1337),(1310,1311,1339),(1310,1339,1338),(1311,1312,1340),(1311,1340,1339),(1312,1313,1341),(1312,1341,1340),(1313,1314,1342),(1313,1342,1341),(1314,1315,1343),(1314,1343,1342),(1315,1316,1344),(1315,1344,1343),(1316,1289,1317),(1316,1317,1344),(1317,1318,1346),(1317,1346,1345),(1318,1319,1347),(1318,1347,1346),(1319,1320,1348),(1319,1348,1347),(1320,1321,1349),(1320,1349,1348),(1321,1322,1350),(1321,1350,1349),(1322,1323,1351),(1322,1351,1350),(1323,1324,1352),(1323,1352,1351),(1324,1325,1353),(1324,1353,1352),(1325,1326,1354),(1325,1354,1353),(1326,1327,1355),(1326,1355,1354),(1327,1328,1356),(1327,1356,1355),(1328,1329,1357),(1328,1357,1356),(1329,1330,1358),(1329,1358,1357),(1330,1331,1359),(1330,1359,1358),(1331,1332,1360),(1331,1360,1359),(1332,1333,1361),(1332,1361,1360),(1333,1334,1362),(1333,1362,1361),(1334,1335,1363),(1334,1363,1362),(1335,1336,1364),(1335,1364,1363),(1336,1337,1365),(1336,1365,1364),(1337,1338,1366),(1337,1366,1365),(1338,1339,1367),(1338,1367,1366),(1339,1340,1368),(1339,1368,1367),(1340,1341,1369),(1340,1369,1368),(1341,1342,1370),(1341,1370,1369),(1342,1343,1371),(1342,1371,1370),(1343,1344,1372),(1343,1372,1371),(1344,1317,1345),(1344,1345,1372),(1345,1346,1374),(1345,1374,1373),(1346,1347,1375),(1346,1375,1374),(1347,1348,1376),(1347,1376,1375),(1348,1349,1377),(1348,1377,1376),(1349,1350,1378),(1349,1378,1377),(1350,1351,1379),(1350,1379,1378),(1351,1352,1380),(1351,1380,1379),(1352,1353,1381),(1352,1381,1380),(1353,1354,1382),(1353,1382,1381),(1354,1355,1383),(1354,1383,1382),(1355,1356,1384),(1355,1384,1383),(1356,1357,1385),(1356,1385,1384),(1357,1358,1386),(1357,1386,1385),(1358,1359,1387),(1358,1387,1386),(1359,1360,1388),(1359,1388,1387),(1360,1361,1389),(1360,1389,1388),(1361,1362,1390),(1361,1390,1389),(1362,1363,1391),(1362,1391,1390),(1363,1364,1392),(1363,1392,1391),(1364,1365,1393),(1364,1393,1392),(1365,1366,1394),(1365,1394,1393),(1366,1367,1395),(1366,1395,1394),(1367,1368,1396),(1367,1396,1395),(1368,1369,1397),(1368,1397,1396),(1369,1370,1398),(1369,1398,1397),(1370,1371,1399),(1370,1399,1398),(1371,1372,1400),(1371,1400,1399),(1372,1345,1373),(1372,1373,1400),(1373,1374,1402),(1373,1402,1401),(1374,1375,1403),(1374,1403,1402),(1375,1376,1404),(1375,1404,1403),(1376,1377,1405),(1376,1405,1404),(1377,1378,1406),(1377,1406,1405),(1378,1379,1407),(1378,1407,1406),(1379,1380,1408),(1379,1408,1407),(1380,1381,1409),(1380,1409,1408),(1381,1382,1410),(1381,1410,1409),(1382,1383,1411),(1382,1411,1410),(1383,1384,1412),(1383,1412,1411),(1384,1385,1413),(1384,1413,1412),(1385,1386,1414),(1385,1414,1413),(1386,1387,1415),(1386,1415,1414),(1387,1388,1416),(1387,1416,1415),(1388,1389,1417),(1388,1417,1416),(1389,1390,1418),(1389,1418,1417),(1390,1391,1419),(1390,1419,1418),(1391,1392,1420),(1391,1420,1419),(1392,1393,1421),(1392,1421,1420),(1393,1394,1422),(1393,1422,1421),(1394,1395,1423),(1394,1423,1422),(1395,1396,1424),(1395,1424,1423),(1396,1397,1425),(1396,1425,1424),(1397,1398,1426),(1397,1426,1425),(1398,1399,1427),(1398,1427,1426),(1399,1400,1428),(1399,1428,1427),(1400,1373,1401),(1400,1401,1428),(1401,1402,1430),(1401,1430,1429),(1402,1403,1431),(1402,1431,1430),(1403,1404,1432),(1403,1432,1431),(1404,1405,1433),(1404,1433,1432),(1405,1406,1434),(1405,1434,1433),(1406,1407,1435),(1406,1435,1434),(1407,1408,1436),(1407,1436,1435),(1408,1409,1437),(1408,1437,1436),(1409,1410,1438),(1409,1438,1437),(1410,1411,1439),(1410,1439,1438),(1411,1412,1440),(1411,1440,1439),(1412,1413,1441),(1412,1441,1440),(1413,1414,1442),(1413,1442,1441),(1414,1415,1443),(1414,1443,1442),(1415,1416,1444),(1415,1444,1443),(1416,1417,1445),(1416,1445,1444),(1417,1418,1446),(1417,1446,1445),(1418,1419,1447),(1418,1447,1446),(1419,1420,1448),(1419,1448,1447),(1420,1421,1449),(1420,1449,1448),(1421,1422,1450),(1421,1450,1449),(1422,1423,1451),(1422,1451,1450),(1423,1424,1452),(1423,1452,1451),(1424,1425,1453),(1424,1453,1452),(1425,1426,1454),(1425,1454,1453),(1426,1427,1455),(1426,1455,1454),(1427,1428,1456),(1427,1456,1455),(1428,1401,1429),(1428,1429,1456),(1429,1430,1458),(1429,1458,1457),(1430,1431,1459),(1430,1459,1458),(1431,1432,1460),(1431,1460,1459),(1432,1433,1461),(1432,1461,1460),(1433,1434,1462),(1433,1462,1461),(1434,1435,1463),(1434,1463,1462),(1435,1436,1464),(1435,1464,1463),(1436,1437,1465),(1436,1465,1464),(1437,1438,1466),(1437,1466,1465),(1438,1439,1467),(1438,1467,1466),(1439,1440,1468),(1439,1468,1467),(1440,1441,1469),(1440,1469,1468),(1441,1442,1470),(1441,1470,1469),(1442,1443,1471),(1442,1471,1470),(1443,1444,1472),(1443,1472,1471),(1444,1445,1473),(1444,1473,1472),(1445,1446,1474),(1445,1474,1473),(1446,1447,1475),(1446,1475,1474),(1447,1448,1476),(1447,1476,1475),(1448,1449,1477),(1448,1477,1476),(1449,1450,1478),(1449,1478,1477),(1450,1451,1479),(1450,1479,1478),(1451,1452,1480),(1451,1480,1479),(1452,1453,1481),(1452,1481,1480),(1453,1454,1482),(1453,1482,1481),(1454,1455,1483),(1454,1483,1482),(1455,1456,1484),(1455,1484,1483),(1456,1429,1457),(1456,1457,1484),(1457,1458,1486),(1457,1486,1485),(1458,1459,1487),(1458,1487,1486),(1459,1460,1488),(1459,1488,1487),(1460,1461,1489),(1460,1489,1488),(1461,1462,1490),(1461,1490,1489),(1462,1463,1491),(1462,1491,1490),(1463,1464,1492),(1463,1492,1491),(1464,1465,1493),(1464,1493,1492),(1465,1466,1494),(1465,1494,1493),(1466,1467,1495),(1466,1495,1494),(1467,1468,1496),(1467,1496,1495),(1468,1469,1497),(1468,1497,1496),(1469,1470,1498),(1469,1498,1497),(1470,1471,1499),(1470,1499,1498),(1471,1472,1500),(1471,1500,1499),(1472,1473,1501),(1472,1501,1500),(1473,1474,1502),(1473,1502,1501),(1474,1475,1503),(1474,1503,1502),(1475,1476,1504),(1475,1504,1503),(1476,1477,1505),(1476,1505,1504),(1477,1478,1506),(1477,1506,1505),(1478,1479,1507),(1478,1507,1506),(1479,1480,1508),(1479,1508,1507),(1480,1481,1509),(1480,1509,1508),(1481,1482,1510),(1481,1510,1509),(1482,1483,1511),(1482,1511,1510),(1483,1484,1512),(1483,1512,1511),(1484,1457,1485),(1484,1485,1512),(1485,1486,1514),(1485,1514,1513),(1486,1487,1515),(1486,1515,1514),(1487,1488,1516),(1487,1516,1515),(1488,1489,1517),(1488,1517,1516),(1489,1490,1518),(1489,1518,1517),(1490,1491,1519),(1490,1519,1518),(1491,1492,1520),(1491,1520,1519),(1492,1493,1521),(1492,1521,1520),(1493,1494,1522),(1493,1522,1521),(1494,1495,1523),(1494,1523,1522),(1495,1496,1524),(1495,1524,1523),(1496,1497,1525),(1496,1525,1524),(1497,1498,1526),(1497,1526,1525),(1498,1499,1527),(1498,1527,1526),(1499,1500,1528),(1499,1528,1527),(1500,1501,1529),(1500,1529,1528),(1501,1502,1530),(1501,1530,1529),(1502,1503,1531),(1502,1531,1530),(1503,1504,1532),(1503,1532,1531),(1504,1505,1533),(1504,1533,1532),(1505,1506,1534),(1505,1534,1533),(1506,1507,1535),(1506,1535,1534),(1507,1508,1536),(1507,1536,1535),(1508,1509,1537),(1508,1537,1536),(1509,1510,1538),(1509,1538,1537),(1510,1511,1539),(1510,1539,1538),(1511,1512,1540),(1511,1540,1539),(1512,1485,1513),(1512,1513,1540),(1513,1514,1542),(1513,1542,1541),(1514,1515,1543),(1514,1543,1542),(1515,1516,1544),(1515,1544,1543),(1516,1517,1545),(1516,1545,1544),(1517,1518,1546),(1517,1546,1545),(1518,1519,1547),(1518,1547,1546),(1519,1520,1548),(1519,1548,1547),(1520,1521,1549),(1520,1549,1548),(1521,1522,1550),(1521,1550,1549),(1522,1523,1551),(1522,1551,1550),(1523,1524,1552),(1523,1552,1551),(1524,1525,1553),(1524,1553,1552),(1525,1526,1554),(1525,1554,1553),(1526,1527,1555),(1526,1555,1554),(1527,1528,1556),(1527,1556,1555),(1528,1529,1557),(1528,1557,1556),(1529,1530,1558),(1529,1558,1557),(1530,1531,1559),(1530,1559,1558),(1531,1532,1560),(1531,1560,1559),(1532,1533,1561),(1532,1561,1560),(1533,1534,1562),(1533,1562,1561),(1534,1535,1563),(1534,1563,1562),(1535,1536,1564),(1535,1564,1563),(1536,1537,1565),(1536,1565,1564),(1537,1538,1566),(1537,1566,1565),(1538,1539,1567),(1538,1567,1566),(1539,1540,1568),(1539,1568,1567),(1540,1513,1541),(1540,1541,1568),(1541,1542,1570),(1541,1570,1569),(1542,1543,1571),(1542,1571,1570),(1543,1544,1572),(1543,1572,1571),(1544,1545,1573),(1544,1573,1572),(1545,1546,1574),(1545,1574,1573),(1546,1547,1575),(1546,1575,1574),(1547,1548,1576),(1547,1576,1575),(1548,1549,1577),(1548,1577,1576),(1549,1550,1578),(1549,1578,1577),(1550,1551,1579),(1550,1579,1578),(1551,1552,1580),(1551,1580,1579),(1552,1553,1581),(1552,1581,1580),(1553,1554,1582),(1553,1582,1581),(1554,1555,1583),(1554,1583,1582),(1555,1556,1584),(1555,1584,1583),(1556,1557,1585),(1556,1585,1584),(1557,1558,1586),(1557,1586,1585),(1558,1559,1587),(1558,1587,1586),(1559,1560,1588),(1559,1588,1587),(1560,1561,1589),(1560,1589,1588),(1561,1562,1590),(1561,1590,1589),(1562,1563,1591),(1562,1591,1590),(1563,1564,1592),(1563,1592,1591),(1564,1565,1593),(1564,1593,1592),(1565,1566,1594),(1565,1594,1593),(1566,1567,1595),(1566,1595,1594),(1567,1568,1596),(1567,1596,1595),(1568,1541,1569),(1568,1569,1596),(1569,1570,1598),(1569,1598,1597),(1570,1571,1599),(1570,1599,1598),(1571,1572,1600),(1571,1600,1599),(1572,1573,1601),(1572,1601,1600),(1573,1574,1602),(1573,1602,1601),(1574,1575,1603),(1574,1603,1602),(1575,1576,1604),(1575,1604,1603),(1576,1577,1605),(1576,1605,1604),(1577,1578,1606),(1577,1606,1605),(1578,1579,1607),(1578,1607,1606),(1579,1580,1608),(1579,1608,1607),(1580,1581,1609),(1580,1609,1608),(1581,1582,1610),(1581,1610,1609),(1582,1583,1611),(1582,1611,1610),(1583,1584,1612),(1583,1612,1611),(1584,1585,1613),(1584,1613,1612),(1585,1586,1614),(1585,1614,1613),(1586,1587,1615),(1586,1615,1614),(1587,1588,1616),(1587,1616,1615),(1588,1589,1617),(1588,1617,1616),(1589,1590,1618),(1589,1618,1617),(1590,1591,1619),(1590,1619,1618),(1591,1592,1620),(1591,1620,1619),(1592,1593,1621),(1592,1621,1620),(1593,1594,1622),(1593,1622,1621),(1594,1595,1623),(1594,1623,1622),(1595,1596,1624),(1595,1624,1623),(1596,1569,1597),(1596,1597,1624),(1597,1598,1626),(1597,1626,1625),(1598,1599,1627),(1598,1627,1626),(1599,1600,1628),(1599,1628,1627),(1600,1601,1629),(1600,1629,1628),(1601,1602,1630),(1601,1630,1629),(1602,1603,1631),(1602,1631,1630),(1603,1604,1632),(1603,1632,1631),(1604,1605,1633),(1604,1633,1632),(1605,1606,1634),(1605,1634,1633),(1606,1607,1635),(1606,1635,1634),(1607,1608,1636),(1607,1636,1635),(1608,1609,1637),(1608,1637,1636),(1609,1610,1638),(1609,1638,1637),(1610,1611,1639),(1610,1639,1638),(1611,1612,1640),(1611,1640,1639),(1612,1613,1641),(1612,1641,1640),(1613,1614,1642),(1613,1642,1641),(1614,1615,1643),(1614,1643,1642),(1615,1616,1644),(1615,1644,1643),(1616,1617,1645),(1616,1645,1644),(1617,1618,1646),(1617,1646,1645),(1618,1619,1647),(1618,1647,1646),(1619,1620,1648),(1619,1648,1647),(1620,1621,1649),(1620,1649,1648),(1621,1622,1650),(1621,1650,1649),(1622,1623,1651),(1622,1651,1650),(1623,1624,1652),(1623,1652,1651),(1624,1597,1625),(1624,1625,1652),(1625,1626,1654),(1625,1654,1653),(1626,1627,1655),(1626,1655,1654),(1627,1628,1656),(1627,1656,1655),(1628,1629,1657),(1628,1657,1656),(1629,1630,1658),(1629,1658,1657),(1630,1631,1659),(1630,1659,1658),(1631,1632,1660),(1631,1660,1659),(1632,1633,1661),(1632,1661,1660),(1633,1634,1662),(1633,1662,1661),(1634,1635,1663),(1634,1663,1662),(1635,1636,1664),(1635,1664,1663),(1636,1637,1665),(1636,1665,1664),(1637,1638,1666),(1637,1666,1665),(1638,1639,1667),(1638,1667,1666),(1639,1640,1668),(1639,1668,1667),(1640,1641,1669),(1640,1669,1668),(1641,1642,1670),(1641,1670,1669),(1642,1643,1671),(1642,1671,1670),(1643,1644,1672),(1643,1672,1671),(1644,1645,1673),(1644,1673,1672),(1645,1646,1674),(1645,1674,1673),(1646,1647,1675),(1646,1675,1674),(1647,1648,1676),(1647,1676,1675),(1648,1649,1677),(1648,1677,1676),(1649,1650,1678),(1649,1678,1677),(1650,1651,1679),(1650,1679,1678),(1651,1652,1680),(1651,1680,1679),(1652,1625,1653),(1652,1653,1680),(1653,1654,1682),(1653,1682,1681),(1654,1655,1683),(1654,1683,1682),(1655,1656,1684),(1655,1684,1683),(1656,1657,1685),(1656,1685,1684),(1657,1658,1686),(1657,1686,1685),(1658,1659,1687),(1658,1687,1686),(1659,1660,1688),(1659,1688,1687),(1660,1661,1689),(1660,1689,1688),(1661,1662,1690),(1661,1690,1689),(1662,1663,1691),(1662,1691,1690),(1663,1664,1692),(1663,1692,1691),(1664,1665,1693),(1664,1693,1692),(1665,1666,1694),(1665,1694,1693),(1666,1667,1695),(1666,1695,1694),(1667,1668,1696),(1667,1696,1695),(1668,1669,1697),(1668,1697,1696),(1669,1670,1698),(1669,1698,1697),(1670,1671,1699),(1670,1699,1698),(1671,1672,1700),(1671,1700,1699),(1672,1673,1701),(1672,1701,1700),(1673,1674,1702),(1673,1702,1701),(1674,1675,1703),(1674,1703,1702),(1675,1676,1704),(1675,1704,1703),(1676,1677,1705),(1676,1705,1704),(1677,1678,1706),(1677,1706,1705),(1678,1679,1707),(1678,1707,1706),(1679,1680,1708),(1679,1708,1707),(1680,1653,1681),(1680,1681,1708),(1681,1682,1710),(1681,1710,1709),(1682,1683,1711),(1682,1711,1710),(1683,1684,1712),(1683,1712,1711),(1684,1685,1713),(1684,1713,1712),(1685,1686,1714),(1685,1714,1713),(1686,1687,1715),(1686,1715,1714),(1687,1688,1716),(1687,1716,1715),(1688,1689,1717),(1688,1717,1716),(1689,1690,1718),(1689,1718,1717),(1690,1691,1719),(1690,1719,1718),(1691,1692,1720),(1691,1720,1719),(1692,1693,1721),(1692,1721,1720),(1693,1694,1722),(1693,1722,1721),(1694,1695,1723),(1694,1723,1722),(1695,1696,1724),(1695,1724,1723),(1696,1697,1725),(1696,1725,1724),(1697,1698,1726),(1697,1726,1725),(1698,1699,1727),(1698,1727,1726),(1699,1700,1728),(1699,1728,1727),(1700,1701,1729),(1700,1729,1728),(1701,1702,1730),(1701,1730,1729),(1702,1703,1731),(1702,1731,1730),(1703,1704,1732),(1703,1732,1731),(1704,1705,1733),(1704,1733,1732),(1705,1706,1734),(1705,1734,1733),(1706,1707,1735),(1706,1735,1734),(1707,1708,1736),(1707,1736,1735),(1708,1681,1709),(1708,1709,1736),(1709,1710,1738),(1709,1738,1737),(1710,1711,1739),(1710,1739,1738),(1711,1712,1740),(1711,1740,1739),(1712,1713,1741),(1712,1741,1740),(1713,1714,1742),(1713,1742,1741),(1714,1715,1743),(1714,1743,1742),(1715,1716,1744),(1715,1744,1743),(1716,1717,1745),(1716,1745,1744),(1717,1718,1746),(1717,1746,1745),(1718,1719,1747),(1718,1747,1746),(1719,1720,1748),(1719,1748,1747),(1720,1721,1749),(1720,1749,1748),(1721,1722,1750),(1721,1750,1749),(1722,1723,1751),(1722,1751,1750),(1723,1724,1752),(1723,1752,1751),(1724,1725,1753),(1724,1753,1752),(1725,1726,1754),(1725,1754,1753),(1726,1727,1755),(1726,1755,1754),(1727,1728,1756),(1727,1756,1755),(1728,1729,1757),(1728,1757,1756),(1729,1730,1758),(1729,1758,1757),(1730,1731,1759),(1730,1759,1758),(1731,1732,1760),(1731,1760,1759),(1732,1733,1761),(1732,1761,1760),(1733,1734,1762),(1733,1762,1761),(1734,1735,1763),(1734,1763,1762),(1735,1736,1764),(1735,1764,1763),(1736,1709,1737),(1736,1737,1764),(1737,1738,1766),(1737,1766,1765),(1738,1739,1767),(1738,1767,1766),(1739,1740,1768),(1739,1768,1767),(1740,1741,1769),(1740,1769,1768),(1741,1742,1770),(1741,1770,1769),(1742,1743,1771),(1742,1771,1770),(1743,1744,1772),(1743,1772,1771),(1744,1745,1773),(1744,1773,1772),(1745,1746,1774),(1745,1774,1773),(1746,1747,1775),(1746,1775,1774),(1747,1748,1776),(1747,1776,1775),(1748,1749,1777),(1748,1777,1776),(1749,1750,1778),(1749,1778,1777),(1750,1751,1779),(1750,1779,1778),(1751,1752,1780),(1751,1780,1779),(1752,1753,1781),(1752,1781,1780),(1753,1754,1782),(1753,1782,1781),(1754,1755,1783),(1754,1783,1782),(1755,1756,1784),(1755,1784,1783),(1756,1757,1785),(1756,1785,1784),(1757,1758,1786),(1757,1786,1785),(1758,1759,1787),(1758,1787,1786),(1759,1760,1788),(1759,1788,1787),(1760,1761,1789),(1760,1789,1788),(1761,1762,1790),(1761,1790,1789),(1762,1763,1791),(1762,1791,1790),(1763,1764,1792),(1763,1792,1791),(1764,1737,1765),(1764,1765,1792),(1765,1766,1794),(1765,1794,1793),(1766,1767,1795),(1766,1795,1794),(1767,1768,1796),(1767,1796,1795),(1768,1769,1797),(1768,1797,1796),(1769,1770,1798),(1769,1798,1797),(1770,1771,1799),(1770,1799,1798),(1771,1772,1800),(1771,1800,1799),(1772,1773,1801),(1772,1801,1800),(1773,1774,1802),(1773,1802,1801),(1774,1775,1803),(1774,1803,1802),(1775,1776,1804),(1775,1804,1803),(1776,1777,1805),(1776,1805,1804),(1777,1778,1806),(1777,1806,1805),(1778,1779,1807),(1778,1807,1806),(1779,1780,1808),(1779,1808,1807),(1780,1781,1809),(1780,1809,1808),(1781,1782,1810),(1781,1810,1809),(1782,1783,1811),(1782,1811,1810),(1783,1784,1812),(1783,1812,1811),(1784,1785,1813),(1784,1813,1812),(1785,1786,1814),(1785,1814,1813),(1786,1787,1815),(1786,1815,1814),(1787,1788,1816),(1787,1816,1815),(1788,1789,1817),(1788,1817,1816),(1789,1790,1818),(1789,1818,1817),(1790,1791,1819),(1790,1819,1818),(1791,1792,1820),(1791,1820,1819),(1792,1765,1793),(1792,1793,1820),(1793,1794,1822),(1793,1822,1821),(1794,1795,1823),(1794,1823,1822),(1795,1796,1824),(1795,1824,1823),(1796,1797,1825),(1796,1825,1824),(1797,1798,1826),(1797,1826,1825),(1798,1799,1827),(1798,1827,1826),(1799,1800,1828),(1799,1828,1827),(1800,1801,1829),(1800,1829,1828),(1801,1802,1830),(1801,1830,1829),(1802,1803,1831),(1802,1831,1830),(1803,1804,1832),(1803,1832,1831),(1804,1805,1833),(1804,1833,1832),(1805,1806,1834),(1805,1834,1833),(1806,1807,1835),(1806,1835,1834),(1807,1808,1836),(1807,1836,1835),(1808,1809,1837),(1808,1837,1836),(1809,1810,1838),(1809,1838,1837),(1810,1811,1839),(1810,1839,1838),(1811,1812,1840),(1811,1840,1839),(1812,1813,1841),(1812,1841,1840),(1813,1814,1842),(1813,1842,1841),(1814,1815,1843),(1814,1843,1842),(1815,1816,1844),(1815,1844,1843),(1816,1817,1845),(1816,1845,1844),(1817,1818,1846),(1817,1846,1845),(1818,1819,1847),(1818,1847,1846),(1819,1820,1848),(1819,1848,1847),(1820,1793,1821),(1820,1821,1848),(1821,1822,1850),(1821,1850,1849),(1822,1823,1851),(1822,1851,1850),(1823,1824,1852),(1823,1852,1851),(1824,1825,1853),(1824,1853,1852),(1825,1826,1854),(1825,1854,1853),(1826,1827,1855),(1826,1855,1854),(1827,1828,1856),(1827,1856,1855),(1828,1829,1857),(1828,1857,1856),(1829,1830,1858),(1829,1858,1857),(1830,1831,1859),(1830,1859,1858),(1831,1832,1860),(1831,1860,1859),(1832,1833,1861),(1832,1861,1860),(1833,1834,1862),(1833,1862,1861),(1834,1835,1863),(1834,1863,1862),(1835,1836,1864),(1835,1864,1863),(1836,1837,1865),(1836,1865,1864),(1837,1838,1866),(1837,1866,1865),(1838,1839,1867),(1838,1867,1866),(1839,1840,1868),(1839,1868,1867),(1840,1841,1869),(1840,1869,1868),(1841,1842,1870),(1841,1870,1869),(1842,1843,1871),(1842,1871,1870),(1843,1844,1872),(1843,1872,1871),(1844,1845,1873),(1844,1873,1872),(1845,1846,1874),(1845,1874,1873),(1846,1847,1875),(1846,1875,1874),(1847,1848,1876),(1847,1876,1875),(1848,1821,1849),(1848,1849,1876),(1849,1850,1878),(1849,1878,1877),(1850,1851,1879),(1850,1879,1878),(1851,1852,1880),(1851,1880,1879),(1852,1853,1881),(1852,1881,1880),(1853,1854,1882),(1853,1882,1881),(1854,1855,1883),(1854,1883,1882),(1855,1856,1884),(1855,1884,1883),(1856,1857,1885),(1856,1885,1884),(1857,1858,1886),(1857,1886,1885),(1858,1859,1887),(1858,1887,1886),(1859,1860,1888),(1859,1888,1887),(1860,1861,1889),(1860,1889,1888),(1861,1862,1890),(1861,1890,1889),(1862,1863,1891),(1862,1891,1890),(1863,1864,1892),(1863,1892,1891),(1864,1865,1893),(1864,1893,1892),(1865,1866,1894),(1865,1894,1893),(1866,1867,1895),(1866,1895,1894),(1867,1868,1896),(1867,1896,1895),(1868,1869,1897),(1868,1897,1896),(1869,1870,1898),(1869,1898,1897),(1870,1871,1899),(1870,1899,1898),(1871,1872,1900),(1871,1900,1899),(1872,1873,1901),(1872,1901,1900),(1873,1874,1902),(1873,1902,1901),(1874,1875,1903),(1874,1903,1902),(1875,1876,1904),(1875,1904,1903),(1876,1849,1877),(1876,1877,1904),(1877,1878,1906),(1877,1906,1905),(1878,1879,1907),(1878,1907,1906),(1879,1880,1908),(1879,1908,1907),(1880,1881,1909),(1880,1909,1908),(1881,1882,1910),(1881,1910,1909),(1882,1883,1911),(1882,1911,1910),(1883,1884,1912),(1883,1912,1911),(1884,1885,1913),(1884,1913,1912),(1885,1886,1914),(1885,1914,1913),(1886,1887,1915),(1886,1915,1914),(1887,1888,1916),(1887,1916,1915),(1888,1889,1917),(1888,1917,1916),(1889,1890,1918),(1889,1918,1917),(1890,1891,1919),(1890,1919,1918),(1891,1892,1920),(1891,1920,1919),(1892,1893,1921),(1892,1921,1920),(1893,1894,1922),(1893,1922,1921),(1894,1895,1923),(1894,1923,1922),(1895,1896,1924),(1895,1924,1923),(1896,1897,1925),(1896,1925,1924),(1897,1898,1926),(1897,1926,1925),(1898,1899,1927),(1898,1927,1926),(1899,1900,1928),(1899,1928,1927),(1900,1901,1929),(1900,1929,1928),(1901,1902,1930),(1901,1930,1929),(1902,1903,1931),(1902,1931,1930),(1903,1904,1932),(1903,1932,1931),(1904,1877,1905),(1904,1905,1932),(1905,1906,1934),(1905,1934,1933),(1906,1907,1935),(1906,1935,1934),(1907,1908,1936),(1907,1936,1935),(1908,1909,1937),(1908,1937,1936),(1909,1910,1938),(1909,1938,1937),(1910,1911,1939),(1910,1939,1938),(1911,1912,1940),(1911,1940,1939),(1912,1913,1941),(1912,1941,1940),(1913,1914,1942),(1913,1942,1941),(1914,1915,1943),(1914,1943,1942),(1915,1916,1944),(1915,1944,1943),(1916,1917,1945),(1916,1945,1944),(1917,1918,1946),(1917,1946,1945),(1918,1919,1947),(1918,1947,1946),(1919,1920,1948),(1919,1948,1947),(1920,1921,1949),(1920,1949,1948),(1921,1922,1950),(1921,1950,1949),(1922,1923,1951),(1922,1951,1950),(1923,1924,1952),(1923,1952,1951),(1924,1925,1953),(1924,1953,1952),(1925,1926,1954),(1925,1954,1953),(1926,1927,1955),(1926,1955,1954),(1927,1928,1956),(1927,1956,1955),(1928,1929,1957),(1928,1957,1956),(1929,1930,1958),(1929,1958,1957),(1930,1931,1959),(1930,1959,1958),(1931,1932,1960),(1931,1960,1959),(1932,1905,1933),(1932,1933,1960),(1933,1934,1962),(1933,1962,1961),(1934,1935,1963),(1934,1963,1962),(1935,1936,1964),(1935,1964,1963),(1936,1937,1965),(1936,1965,1964),(1937,1938,1966),(1937,1966,1965),(1938,1939,1967),(1938,1967,1966),(1939,1940,1968),(1939,1968,1967),(1940,1941,1969),(1940,1969,1968),(1941,1942,1970),(1941,1970,1969),(1942,1943,1971),(1942,1971,1970),(1943,1944,1972),(1943,1972,1971),(1944,1945,1973),(1944,1973,1972),(1945,1946,1974),(1945,1974,1973),(1946,1947,1975),(1946,1975,1974),(1947,1948,1976),(1947,1976,1975),(1948,1949,1977),(1948,1977,1976),(1949,1950,1978),(1949,1978,1977),(1950,1951,1979),(1950,1979,1978),(1951,1952,1980),(1951,1980,1979),(1952,1953,1981),(1952,1981,1980),(1953,1954,1982),(1953,1982,1981),(1954,1955,1983),(1954,1983,1982),(1955,1956,1984),(1955,1984,1983),(1956,1957,1985),(1956,1985,1984),(1957,1958,1986),(1957,1986,1985),(1958,1959,1987),(1958,1987,1986),(1959,1960,1988),(1959,1988,1987),(1960,1933,1961),(1960,1961,1988),(1961,1962,1990),(1961,1990,1989),(1962,1963,1991),(1962,1991,1990),(1963,1964,1992),(1963,1992,1991),(1964,1965,1993),(1964,1993,1992),(1965,1966,1994),(1965,1994,1993),(1966,1967,1995),(1966,1995,1994),(1967,1968,1996),(1967,1996,1995),(1968,1969,1997),(1968,1997,1996),(1969,1970,1998),(1969,1998,1997),(1970,1971,1999),(1970,1999,1998),(1971,1972,2000),(1971,2000,1999),(1972,1973,2001),(1972,2001,2000),(1973,1974,2002),(1973,2002,2001),(1974,1975,2003),(1974,2003,2002),(1975,1976,2004),(1975,2004,2003),(1976,1977,2005),(1976,2005,2004),(1977,1978,2006),(1977,2006,2005),(1978,1979,2007),(1978,2007,2006),(1979,1980,2008),(1979,2008,2007),(1980,1981,2009),(1980,2009,2008),(1981,1982,2010),(1981,2010,2009),(1982,1983,2011),(1982,2011,2010),(1983,1984,2012),(1983,2012,2011),(1984,1985,2013),(1984,2013,2012),(1985,1986,2014),(1985,2014,2013),(1986,1987,2015),(1986,2015,2014),(1987,1988,2016),(1987,2016,2015),(1988,1961,1989),(1988,1989,2016),(1989,1990,2018),(1989,2018,2017),(1990,1991,2019),(1990,2019,2018),(1991,1992,2020),(1991,2020,2019),(1992,1993,2021),(1992,2021,2020),(1993,1994,2022),(1993,2022,2021),(1994,1995,2023),(1994,2023,2022),(1995,1996,2024),(1995,2024,2023),(1996,1997,2025),(1996,2025,2024),(1997,1998,2026),(1997,2026,2025),(1998,1999,2027),(1998,2027,2026),(1999,2000,2028),(1999,2028,2027),(2000,2001,2029),(2000,2029,2028),(2001,2002,2030),(2001,2030,2029),(2002,2003,2031),(2002,2031,2030),(2003,2004,2032),(2003,2032,2031),(2004,2005,2033),(2004,2033,2032),(2005,2006,2034),(2005,2034,2033),(2006,2007,2035),(2006,2035,2034),(2007,2008,2036),(2007,2036,2035),(2008,2009,2037),(2008,2037,2036),(2009,2010,2038),(2009,2038,2037),(2010,2011,2039),(2010,2039,2038),(2011,2012,2040),(2011,2040,2039),(2012,2013,2041),(2012,2041,2040),(2013,2014,2042),(2013,2042,2041),(2014,2015,2043),(2014,2043,2042),(2015,2016,2044),(2015,2044,2043),(2016,1989,2017),(2016,2017,2044),(2017,2018,2046),(2017,2046,2045),(2018,2019,2047),(2018,2047,2046),(2019,2020,2048),(2019,2048,2047),(2020,2021,2049),(2020,2049,2048),(2021,2022,2050),(2021,2050,2049),(2022,2023,2051),(2022,2051,2050),(2023,2024,2052),(2023,2052,2051),(2024,2025,2053),(2024,2053,2052),(2025,2026,2054),(2025,2054,2053),(2026,2027,2055),(2026,2055,2054),(2027,2028,2056),(2027,2056,2055),(2028,2029,2057),(2028,2057,2056),(2029,2030,2058),(2029,2058,2057),(2030,2031,2059),(2030,2059,2058),(2031,2032,2060),(2031,2060,2059),(2032,2033,2061),(2032,2061,2060),(2033,2034,2062),(2033,2062,2061),(2034,2035,2063),(2034,2063,2062),(2035,2036,2064),(2035,2064,2063),(2036,2037,2065),(2036,2065,2064),(2037,2038,2066),(2037,2066,2065),(2038,2039,2067),(2038,2067,2066),(2039,2040,2068),(2039,2068,2067),(2040,2041,2069),(2040,2069,2068),(2041,2042,2070),(2041,2070,2069),(2042,2043,2071),(2042,2071,2070),(2043,2044,2072),(2043,2072,2071),(2044,2017,2045),(2044,2045,2072),(2045,2046,2074),(2045,2074,2073),(2046,2047,2075),(2046,2075,2074),(2047,2048,2076),(2047,2076,2075),(2048,2049,2077),(2048,2077,2076),(2049,2050,2078),(2049,2078,2077),(2050,2051,2079),(2050,2079,2078),(2051,2052,2080),(2051,2080,2079),(2052,2053,2081),(2052,2081,2080),(2053,2054,2082),(2053,2082,2081),(2054,2055,2083),(2054,2083,2082),(2055,2056,2084),(2055,2084,2083),(2056,2057,2085),(2056,2085,2084),(2057,2058,2086),(2057,2086,2085),(2058,2059,2087),(2058,2087,2086),(2059,2060,2088),(2059,2088,2087),(2060,2061,2089),(2060,2089,2088),(2061,2062,2090),(2061,2090,2089),(2062,2063,2091),(2062,2091,2090),(2063,2064,2092),(2063,2092,2091),(2064,2065,2093),(2064,2093,2092),(2065,2066,2094),(2065,2094,2093),(2066,2067,2095),(2066,2095,2094),(2067,2068,2096),(2067,2096,2095),(2068,2069,2097),(2068,2097,2096),(2069,2070,2098),(2069,2098,2097),(2070,2071,2099),(2070,2099,2098),(2071,2072,2100),(2071,2100,2099),(2072,2045,2073),(2072,2073,2100),(2073,2074,2102),(2073,2102,2101),(2074,2075,2103),(2074,2103,2102),(2075,2076,2104),(2075,2104,2103),(2076,2077,2105),(2076,2105,2104),(2077,2078,2106),(2077,2106,2105),(2078,2079,2107),(2078,2107,2106),(2079,2080,2108),(2079,2108,2107),(2080,2081,2109),(2080,2109,2108),(2081,2082,2110),(2081,2110,2109),(2082,2083,2111),(2082,2111,2110),(2083,2084,2112),(2083,2112,2111),(2084,2085,2113),(2084,2113,2112),(2085,2086,2114),(2085,2114,2113),(2086,2087,2115),(2086,2115,2114),(2087,2088,2116),(2087,2116,2115),(2088,2089,2117),(2088,2117,2116),(2089,2090,2118),(2089,2118,2117),(2090,2091,2119),(2090,2119,2118),(2091,2092,2120),(2091,2120,2119),(2092,2093,2121),(2092,2121,2120),(2093,2094,2122),(2093,2122,2121),(2094,2095,2123),(2094,2123,2122),(2095,2096,2124),(2095,2124,2123),(2096,2097,2125),(2096,2125,2124),(2097,2098,2126),(2097,2126,2125),(2098,2099,2127),(2098,2127,2126),(2099,2100,2128),(2099,2128,2127),(2100,2073,2101),(2100,2101,2128),(2101,2102,2),(2101,2,1),(2102,2103,3),(2102,3,2),(2103,2104,4),(2103,4,3),(2104,2105,5),(2104,5,4),(2105,2106,6),(2105,6,5),(2106,2107,7),(2106,7,6),(2107,2108,8),(2107,8,7),(2108,2109,9),(2108,9,8),(2109,2110,10),(2109,10,9),(2110,2111,11),(2110,11,10),(2111,2112,12),(2111,12,11),(2112,2113,13),(2112,13,12),(2113,2114,14),(2113,14,13),(2114,2115,15),(2114,15,14),(2115,2116,16),(2115,16,15),(2116,2117,17),(2116,17,16),(2117,2118,18),(2117,18,17),(2118,2119,19),(2118,19,18),(2119,2120,20),(2119,20,19),(2120,2121,21),(2120,21,20),(2121,2122,22),(2121,22,21),(2122,2123,23),(2122,23,22),(2123,2124,24),(2123,24,23),(2124,2125,25),(2124,25,24),(2125,2126,26),(2125,26,25),(2126,2127,27),(2126,27,26),(2127,2128,28),(2127,28,27),(2128,2101,1),(2128,1,28)),$);
#3654=IFCCARTESIANPOINT((55.,476.19049999999999,0.));
#3655=IFCCARTESIANPOINT((56.602800000000002,439.48129999999998,0.));
#3656=IFCPOLYLINE((#3654,#3655));
#3657=IFCCOMPOSITECURVESEGMENT(.CONTINUOUS.,.T.,#3656);
#3658=IFCCARTESIANPOINT((56.602800000000002,439.48129999999998,0.));
#3659=IFCCARTESIANPOINT((61.398800000000001,403.05149999999998,0.));
#3660=IFCPOLYLINE((#3658,#3659));
#3661=IFCCOMPOSITECURVESEGMENT(.CONTINUOUS.,.T.,#3660);
#3662=IFCCARTESIANPOINT((61.398800000000001,403.05149999999998,0.));
#3663=IFCCARTESIANPOINT((69.351699999999994,367.17840000000001,0.));
#3664=IFCPOLYLINE((#3662,#3663));
#3665=IFCCOMPOSITECURVESEGMENT(.CONTINUOUS.,.T.,#3664);
#3666=IFCCARTESIANPOINT((69.351699999999994,367.17840000000001,0.));
#3667=IFCCARTESIANPOINT((80.400899999999993,332.13479999999998,0.));
#3668=IFCPOLYLINE((#3666,#3667));
#3669=IFCCOMPOSITECURVESEGMENT(.CONTINUOUS.,.T.,#3668);
#3670=IFCCARTESIANPOINT((80.400899999999993,332.13479999999998,0.));
#3671=IFCCARTESIANPOINT((94.462299999999999,298.18770000000001,0.));
#3672=IFCPOLYLINE((#3670,#3671));
#3673=IFCCOMPOSITECURVESEGMENT(.CONTINUOUS.,.T.,#3672);
#3674=IFCCARTESIANPOINT((94.462299999999999,298.18770000000001,0.));
#3675=IFCCARTESIANPOINT((111.4288,265.59519999999998,0.));
#3676=IFCPOLYLINE((#3674,#3675));
#3677=IFCCOMPOSITECURVESEGMENT(.CONTINUOUS.,.T.,#3676);
#3678=IFCCARTESIANPOINT((111.4288,265.59519999999998,0.));
#3679=IFCCARTESIANPOINT((131.17140000000001,234.60550000000001,0.));
#3680=IFCPOLYLINE((#3678,#3679));
#3681=IFCCOMPOSITECURVESEGMENT(.CONTINUOUS.,.T.,#3680);
#3682=IFCCARTESIANPOINT((131.17140000000001,234.60550000000001,0.));
#3683=IFCCARTESIANPOINT((153.53989999999999,205.4545,0.));
#3684=IFCPOLYLINE((#3682,#3683));
#3685=IFCCOMPOSITECURVESEGMENT(.CONTINUOUS.,.T.,#3684);
#3686=IFCCARTESIANPOINT((153.53989999999999,205.4545,0.));
#3687=IFCCARTESIANPOINT((178.3638,178.3638,0.));
#3688=IFCPOLYLINE((#3686,#3687));
#3689=IFCCOMPOSITECURVESEGMENT(.CONTINUOUS.,.T.,#3688);
#3690=IFCCARTESIANPOINT((178.3638,178.3638,0.));
#3691=IFCCARTESIANPOINT((205.4545,153.53989999999999,0.));
#3692=IFCPOLYLINE((#3690,#3691));
#3693=IFCCOMPOSITECURVESEGMENT(.CONTINUOUS.,.T.,#3692);
#3694=IFCCARTESIANPOINT((205.4545,153.53989999999999,0.));
#3695=IFCCARTESIANPOINT((234.60550000000001,131.17140000000001,0.));
#3696=IFCPOLYLINE((#3694,#3695));
#3697=IFCCOMPOSITECURVESEGMENT(.CONTINUOUS.,.T.,#3696);
#3698=IFCCARTESIANPOINT((234.60550000000001,131.17140000000001,0.));
#3699=IFCCARTESIANPOINT((265.59519999999998,111.4288,0.));
#3700=IFCPOLYLINE((#3698,#3699));
#3701=IFCCOMPOSITECURVESEGMENT(.CONTINUOUS.,.T.,#3700);
#3702=IFCCARTESIANPOINT((265.59519999999998,111.4288,0.));
#3703=IFCCARTESIANPOINT((298.18770000000001,94.462299999999999,0.));
#3704=IFCPOLYLINE((#3702,#3703));
#3705=IFCCOMPOSITECURVESEGMENT(.CONTINUOUS.,.T.,#3704);
#3706=IFCCARTESIANPOINT((298.18770000000001,94.462299999999999,0.));
#3707=IFCCARTESIANPOINT((332.13479999999998,80.400899999999993,0.));
#3708=IFCPOLYLINE((#3706,#3707));
#3709=IFCCOMPOSITECURVESEGMENT(.CONTINUOUS.,.T.,#3708);
#3710=IFCCARTESIANPOINT((332.13479999999998,80.400899999999993,0.));
#3711=IFCCARTESIANPOINT((367.17840000000001,69.351699999999994,0.));
#3712=IFCPOLYLINE((#3710,#3711));
#3713=IFCCOMPOSITECURVESEGMENT(.CONTINUOUS.,.T.,#3712);
#3714=IFCCARTESIANPOINT((367.17840000000001,69.351699999999994,0.));
#3715=IFCCARTESIANPOINT((403.05149999999998,61.398800000000001,0.));
#3716=IFCPOLYLINE((#3714,#3715));
#3717=IFCCOMPOSITECURVESEGMENT(.CONTINUOUS.,.T.,#3716);
#3718=IFCCARTESIANPOINT((403.05149999999998,61.398800000000001,0.));
#3719=IFCCARTESIANPOINT((439.48129999999998,56.602800000000002,0.));
#3720=IFCPOLYLINE((#3718,#3719));
#3721=IFCCOMPOSITECURVESEGMENT(.CONTINUOUS.,.T.,#3720);
#3722=IFCCARTESIANPOINT((439.48129999999998,56.602800000000002,0.));
#3723=IFCCARTESIANPOINT((476.19049999999999,55.,0.));
#3724=IFCPOLYLINE((#3722,#3723));
#3725=IFCCOMPOSITECURVESEGMENT(.CONTINUOUS.,.T.,#3724);
#3726=IFCCARTESIANPOINT((476.19049999999999,55.,0.));
#3727=IFCCARTESIANPOINT((523.80949999999996,55.,0.));
#3728=IFCPOLYLINE((#3726,#3727));
#3729=IFCCOMPOSITECURVESEGMENT(.CONTINUOUS.,.T.,#3728);
#3730=IFCCARTESIANPOINT((523.80949999999996,55.,0.));
#3731=IFCCARTESIANPOINT((560.51869999999997,56.602800000000002,0.));
#3732=IFCPOLYLINE((#3730,#3731));
#3733=IFCCOMPOSITECURVESEGMENT(.CONTINUOUS.,.T.,#3732);
#3734=IFCCARTESIANPOINT((560.51869999999997,56.602800000000002,0.));
#3735=IFCCARTESIANPOINT((596.94849999999997,61.398800000000001,0.));
#3736=IFCPOLYLINE((#3734,#3735));
#3737=IFCCOMPOSITECURVESEGMENT(.CONTINUOUS.,.T.,#3736);
#3738=IFCCARTESIANPOINT((596.94849999999997,61.398800000000001,0.));
#3739=IFCCARTESIANPOINT((632.82159999999999,69.351699999999994,0.));
#3740=IFCPOLYLINE((#3738,#3739));
#3741=IFCCOMPOSITECURVESEGMENT(.CONTINUOUS.,.T.,#3740);
#3742=IFCCARTESIANPOINT((632.82159999999999,69.351699999999994,0.));
#3743=IFCCARTESIANPOINT((667.86519999999996,80.400899999999993,0.));
#3744=IFCPOLYLINE((#3742,#3743));
#3745=IFCCOMPOSITECURVESEGMENT(.CONTINUOUS.,.T.,#3744);
#3746=IFCCARTESIANPOINT((667.86519999999996,80.400899999999993,0.));
#3747=IFCCARTESIANPOINT((701.81230000000005,94.462299999999999,0.));
#3748=IFCPOLYLINE((#3746,#3747));
#3749=IFCCOMPOSITECURVESEGMENT(.CONTINUOUS.,.T.,#3748);
#3750=IFCCARTESIANPOINT((701.81230000000005,94.462299999999999,0.));
#3751=IFCCARTESIANPOINT((734.40480000000002,111.4288,0.));
#3752=IFCPOLYLINE((#3750,#3751));
#3753=IFCCOMPOSITECURVESEGMENT(.CONTINUOUS.,.T.,#3752);
#3754=IFCCARTESIANPOINT((734.40480000000002,111.4288,0.));
#3755=IFCCARTESIANPOINT((765.39449999999999,131.17140000000001,0.));
#3756=IFCPOLYLINE((#3754,#3755));
#3757=IFCCOMPOSITECURVESEGMENT(.CONTINUOUS.,.T.,#3756);
#3758=IFCCARTESIANPOINT((765.39449999999999,131.17140000000001,0.));
#3759=IFCCARTESIANPOINT((794.54549999999995,153.53989999999999,0.));
#3760=IFCPOLYLINE((#3758,#3759));
#3761=IFCCOMPOSITECURVESEGMENT(.CONTINUOUS.,.T.,#3760);
#3762=IFCCARTESIANPOINT((794.54549999999995,153.53989999999999,0.));
#3763=IFCCARTESIANPOINT((821.63620000000003,178.3638,0.));
#3764=IFCPOLYLINE((#3762,#3763));
#3765=IFCCOMPOSITECURVESEGMENT(.CONTINUOUS.,.T.,#3764);
#3766=IFCCARTESIANPOINT((821.63620000000003,178.3638,0.));
#3767=IFCCARTESIANPOINT((846.46010000000001,205.4545,0.));
#3768=IFCPOLYLINE((#3766,#3767));
#3769=IFCCOMPOSITECURVESEGMENT(.CONTINUOUS.,.T.,#3768);
#3770=IFCCARTESIANPOINT((846.46010000000001,205.4545,0.));
#3771=IFCCARTESIANPOINT((868.82860000000005,234.60550000000001,0.));
#3772=IFCPOLYLINE((#3770,#3771));
#3773=IFCCOMPOSITECURVESEGMENT(.CONTINUOUS.,.T.,#3772);
#3774=IFCCARTESIANPOINT((868.82860000000005,234.60550000000001,0.));
#3775=IFCCARTESIANPOINT((888.57119999999998,265.59519999999998,0.));
#3776=IFCPOLYLINE((#3774,#3775));
#3777=IFCCOMPOSITECURVESEGMENT(.CONTINUOUS.,.T.,#3776);
#3778=IFCCARTESIANPOINT((888.57119999999998,265.59519999999998,0.));
#3779=IFCCARTESIANPOINT((905.53769999999997,298.18770000000001,0.));
#3780=IFCPOLYLINE((#3778,#3779));
#3781=IFCCOMPOSITECURVESEGMENT(.CONTINUOUS.,.T.,#3780);
#3782=IFCCARTESIANPOINT((905.53769999999997,298.18770000000001,0.));
#3783=IFCCARTESIANPOINT((919.59910000000002,332.13479999999998,0.));
#3784=IFCPOLYLINE((#3782,#3783));
#3785=IFCCOMPOSITECURVESEGMENT(.CONTINUOUS.,.T.,#3784);
#3786=IFCCARTESIANPOINT((919.59910000000002,332.13479999999998,0.));
#3787=IFCCARTESIANPOINT((930.64829999999995,367.17840000000001,0.));
#3788=IFCPOLYLINE((#3786,#3787));
#3789=IFCCOMPOSITECURVESEGMENT(.CONTINUOUS.,.T.,#3788);
#3790=IFCCARTESIANPOINT((930.64829999999995,367.17840000000001,0.));
#3791=IFCCARTESIANPOINT((938.60119999999995,403.05149999999998,0.));
#3792=IFCPOLYLINE((#3790,#3791));
#3793=IFCCOMPOSITECURVESEGMENT(.CONTINUOUS.,.T.,#3792);
#3794=IFCCARTESIANPOINT((938.60119999999995,403.05149999999998,0.));
#3795=IFCCARTESIANPOINT((943.3972,439.48129999999998,0.));
#3796=IFCPOLYLINE((#3794,#3795));
#3797=IFCCOMPOSITECURVESEGMENT(.CONTINUOUS.,.T.,#3796);
#3798=IFCCARTESIANPOINT((943.3972,439.48129999999998,0.));
#3799=IFCCARTESIANPOINT((945.,476.19049999999999,0.));
#3800=IFCPOLYLINE((#3798,#3799));
#3801=IFCCOMPOSITECURVESEGMENT(.CONTINUOUS.,.T.,#3800);
#3802=IFCCARTESIANPOINT((945.,476.19049999999999,0.));
#3803=IFCCARTESIANPOINT((945.,523.80949999999996,0.));
#3804=IFCPOLYLINE((#3802,#3803));
#3805=IFCCOMPOSITECURVESEGMENT(.CONTINUOUS.,.T.,#3804);
#3806=IFCCARTESIANPOINT((945.,523.80949999999996,0.));
#3807=IFCCARTESIANPOINT((943.3972,560.51869999999997,0.));
#3808=IFCPOLYLINE((#3806,#3807));
#3809=IFCCOMPOSITECURVESEGMENT(.CONTINUOUS.,.T.,#3808);
#3810=IFCCARTESIANPOINT((943.3972,560.51869999999997,0.));
#3811=IFCCARTESIANPOINT((938.60119999999995,596.94849999999997,0.));
#3812=IFCPOLYLINE((#3810,#3811));
#3813=IFCCOMPOSITECURVESEGMENT(.CONTINUOUS.,.T.,#3812);
#3814=IFCCARTESIANPOINT((938.60119999999995,596.94849999999997,0.));
#3815=IFCCARTESIANPOINT((930.64829999999995,632.82159999999999,0.));
#3816=IFCPOLYLINE((#3814,#3815));
#3817=IFCCOMPOSITECURVESEGMENT(.CONTINUOUS.,.T.,#3816);
#3818=IFCCARTESIANPOINT((930.64829999999995,632.82159999999999,0.));
#3819=IFCCARTESIANPOINT((919.59910000000002,667.86519999999996,0.));
#3820=IFCPOLYLINE((#3818,#3819));
#3821=IFCCOMPOSITECURVESEGMENT(.CONTINUOUS.,.T.,#3820);
#3822=IFCCARTESIANPOINT((919.59910000000002,667.86519999999996,0.));
#3823=IFCCARTESIANPOINT((905.53769999999997,701.81230000000005,0.));
#3824=IFCPOLYLINE((#3822,#3823));
#3825=IFCCOMPOSITECURVESEGMENT(.CONTINUOUS.,.T.,#3824);
#3826=IFCCARTESIANPOINT((905.53769999999997,701.81230000000005,0.));
#3827=IFCCARTESIANPOINT((888.57119999999998,734.40480000000002,0.));
#3828=IFCPOLYLINE((#3826,#3827));
#3829=IFCCOMPOSITECURVESEGMENT(.CONTINUOUS.,.T.,#3828);
#3830=IFCCARTESIANPOINT((888.57119999999998,734.40480000000002,0.));
#3831=IFCCARTESIANPOINT((868.82860000000005,765.39449999999999,0.));
#3832=IFCPOLYLINE((#3830,#3831));
#3833=IFCCOMPOSITECURVESEGMENT(.CONTINUOUS.,.T.,#3832);
#3834=IFCCARTESIANPOINT((868.82860000000005,765.39449999999999,0.));
#3835=IFCCARTESIANPOINT((846.46010000000001,794.54549999999995,0.));
#3836=IFCPOLYLINE((#3834,#3835));
#3837=IFCCOMPOSITECURVESEGMENT(.CONTINUOUS.,.T.,#3836);
#3838=IFCCARTESIANPOINT((846.46010000000001,794.54549999999995,0.));
#3839=IFCCARTESIANPOINT((821.63620000000003,821.63620000000003,0.));
#3840=IFCPOLYLINE((#3838,#3839));
#3841=IFCCOMPOSITECURVESEGMENT(.CONTINUOUS.,.T.,#3840);
#3842=IFCCARTESIANPOINT((821.63620000000003,821.63620000000003,0.));
#3843=IFCCARTESIANPOINT((794.54549999999995,846.46010000000001,0.));
#3844=IFCPOLYLINE((#3842,#3843));
#3845=IFCCOMPOSITECURVESEGMENT(.CONTINUOUS.,.T.,#3844);
#3846=IFCCARTESIANPOINT((794.54549999999995,846.46010000000001,0.));
#3847=IFCCARTESIANPOINT((765.39449999999999,868.82860000000005,0.));
#3848=IFCPOLYLINE((#3846,#3847));
#3849=IFCCOMPOSITECURVESEGMENT(.CONTINUOUS.,.T.,#3848);
#3850=IFCCARTESIANPOINT((765.39449999999999,868.82860000000005,0.));
#3851=IFCCARTESIANPOINT((734.40480000000002,888.57119999999998,0.));
#3852=IFCPOLYLINE((#3850,#3851));
#3853=IFCCOMPOSITECURVESEGMENT(.CONTINUOUS.,.T.,#3852);
#3854=IFCCARTESIANPOINT((734.40480000000002,888.57119999999998,0.));
#3855=IFCCARTESIANPOINT((701.81230000000005,905.53769999999997,0.));
#3856=IFCPOLYLINE((#3854,#3855));
#3857=IFCCOMPOSITECURVESEGMENT(.CONTINUOUS.,.T.,#3856);
#3858=IFCCARTESIANPOINT((701.81230000000005,905.53769999999997,0.));
#3859=IFCCARTESIANPOINT((667.86519999999996,919.59910000000002,0.));
#3860=IFCPOLYLINE((#3858,#3859));
#3861=IFCCOMPOSITECURVESEGMENT(.CONTINUOUS.,.T.,#3860);
#3862=IFCCARTESIANPOINT((667.86519999999996,919.59910000000002,0.));
#3863=IFCCARTESIANPOINT((632.82159999999999,930.64829999999995,0.));
#3864=IFCPOLYLINE((#3862,#3863));
#3865=IFCCOMPOSITECURVESEGMENT(.CONTINUOUS.,.T.,#3864);
#3866=IFCCARTESIANPOINT((632.82159999999999,930.64829999999995,0.));
#3867=IFCCARTESIANPOINT((596.94849999999997,938.60119999999995,0.));
#3868=IFCPOLYLINE((#3866,#3867));
#3869=IFCCOMPOSITECURVESEGMENT(.CONTINUOUS.,.T.,#3868);
#3870=IFCCARTESIANPOINT((596.94849999999997,938.60119999999995,0.));
#3871=IFCCARTESIANPOINT((560.51869999999997,943.3972,0.));
#3872=IFCPOLYLINE((#3870,#3871));
#3873=IFCCOMPOSITECURVESEGMENT(.CONTINUOUS.,.T.,#3872);
#3874=IFCCARTESIANPOINT((560.51869999999997,943.3972,0.));
#3875=IFCCARTESIANPOINT((523.80949999999996,945.,0.));
#3876=IFCPOLYLINE((#3874,#3875));
#3877=IFCCOMPOSITECURVESEGMENT(.CONTINUOUS.,.T.,#3876);
#3878=IFCCARTESIANPOINT((523.80949999999996,945.,0.));
#3879=IFCCARTESIANPOINT((476.19049999999999,945.,0.));
#3880=IFCPOLYLINE((#3878,#3879));
#3881=IFCCOMPOSITECURVESEGMENT(.CONTINUOUS.,.T.,#3880);
#3882=IFCCARTESIANPOINT((476.19049999999999,945.,0.));
#3883=IFCCARTESIANPOINT((439.48129999999998,943.3972,0.));
#3884=IFCPOLYLINE((#3882,#3883));
#3885=IFCCOMPOSITECURVESEGMENT(.CONTINUOUS.,.T.,#3884);
#3886=IFCCARTESIANPOINT((439.48129999999998,943.3972,0.));
#3887=IFCCARTESIANPOINT((403.05149999999998,938.60119999999995,0.));
#3888=IFCPOLYLINE((#3886,#3887));
#3889=IFCCOMPOSITECURVESEGMENT(.CONTINUOUS.,.T.,#3888);
#3890=IFCCARTESIANPOINT((403.05149999999998,938.60119999999995,0.));
#3891=IFCCARTESIANPOINT((367.17840000000001,930.64829999999995,0.));
#3892=IFCPOLYLINE((#3890,#3891));
#3893=IFCCOMPOSITECURVESEGMENT(.CONTINUOUS.,.T.,#3892);
#3894=IFCCARTESIANPOINT((367.17840000000001,930.64829999999995,0.));
#3895=IFCCARTESIANPOINT((332.13479999999998,919.59910000000002,0.));
#3896=IFCPOLYLINE((#3894,#3895));
#3897=IFCCOMPOSITECURVESEGMENT(.CONTINUOUS.,.T.,#3896);
#3898=IFCCARTESIANPOINT((332.13479999999998,919.59910000000002,0.));
#3899=IFCCARTESIANPOINT((298.18770000000001,905.53769999999997,0.));
#3900=IFCPOLYLINE((#3898,#3899));
#3901=IFCCOMPOSITECURVESEGMENT(.CONTINUOUS.,.T.,#3900);
#3902=IFCCARTESIANPOINT((298.18770000000001,905.53769999999997,0.));
#3903=IFCCARTESIANPOINT((265.59519999999998,888.57119999999998,0.));
#3904=IFCPOLYLINE((#3902,#3903));
#3905=IFCCOMPOSITECURVESEGMENT(.CONTINUOUS.,.T.,#3904);
#3906=IFCCARTESIANPOINT((265.59519999999998,888.57119999999998,0.));
#3907=IFCCARTESIANPOINT((234.60550000000001,868.82860000000005,0.));
#3908=IFCPOLYLINE((#3906,#3907));
#3909=IFCCOMPOSITECURVESEGMENT(.CONTINUOUS.,.T.,#3908);
#3910=IFCCARTESIANPOINT((234.60550000000001,868.82860000000005,0.));
#3911=IFCCARTESIANPOINT((205.4545,846.46010000000001,0.));
#3912=IFCPOLYLINE((#3910,#3911));
#3913=IFCCOMPOSITECURVESEGMENT(.CONTINUOUS.,.T.,#3912);
#3914=IFCCARTESIANPOINT((205.4545,846.46010000000001,0.));
#3915=IFCCARTESIANPOINT((178.3638,821.63620000000003,0.));
#3916=IFCPOLYLINE((#3914,#3915));
#3917=IFCCOMPOSITECURVESEGMENT(.CONTINUOUS.,.T.,#3916);
#3918=IFCCARTESIANPOINT((178.3638,821.63620000000003,0.));
#3919=IFCCARTESIANPOINT((153.53989999999999,794.54549999999995,0.));
#3920=IFCPOLYLINE((#3918,#3919));
#3921=IFCCOMPOSITECURVESEGMENT(.CONTINUOUS.,.T.,#3920);
#3922=IFCCARTESIANPOINT((153.53989999999999,794.54549999999995,0.));
#3923=IFCCARTESIANPOINT((131.17140000000001,765.39449999999999,0.));
#3924=IFCPOLYLINE((#3922,#3923));
#3925=IFCCOMPOSITECURVESEGMENT(.CONTINUOUS.,.T.,#3924);
#3926=IFCCARTESIANPOINT((131.17140000000001,765.39449999999999,0.));
#3927=IFCCARTESIANPOINT((111.4288,734.40480000000002,0.));
#3928=IFCPOLYLINE((#3926,#3927));
#3929=IFCCOMPOSITECURVESEGMENT(.CONTINUOUS.,.T.,#3928);
#3930=IFCCARTESIANPOINT((111.4288,734.40480000000002,0.));
#3931=IFCCARTESIANPOINT((94.462299999999999,701.81230000000005,0.));
#3932=IFCPOLYLINE((#3930,#3931));
#3933=IFCCOMPOSITECURVESEGMENT(.CONTINUOUS.,.T.,#3932);
#3934=IFCCARTESIANPOINT((94.462299999999999,701.81230000000005,0.));
#3935=IFCCARTESIANPOINT((80.400899999999993,667.86519999999996,0.));
#3936=IFCPOLYLINE((#3934,#3935));
#3937=IFCCOMPOSITECURVESEGMENT(.CONTINUOUS.,.T.,#3936);
#3938=IFCCARTESIANPOINT((80.400899999999993,667.86519999999996,0.));
#3939=IFCCARTESIANPOINT((69.351699999999994,632.82159999999999,0.));
#3940=IFCPOLYLINE((#3938,#3939));
#3941=IFCCOMPOSITECURVESEGMENT(.CONTINUOUS.,.T.,#3940);
#3942=IFCCARTESIANPOINT((69.351699999999994,632.82159999999999,0.));
#3943=IFCCARTESIANPOINT((61.398800000000001,596.94849999999997,0.));
#3944=IFCPOLYLINE((#3942,#3943));
#3945=IFCCOMPOSITECURVESEGMENT(.CONTINUOUS.,.T.,#3944);
#3946=IFCCARTESIANPOINT((61.398800000000001,596.94849999999997,0.));
#3947=IFCCARTESIANPOINT((56.602800000000002,560.51869999999997,0.));
#3948=IFCPOLYLINE((#3946,#3947));
#3949=IFCCOMPOSITECURVESEGMENT(.CONTINUOUS.,.T.,#3948);
#3950=IFCCARTESIANPOINT((56.602800000000002,560.51869999999997,0.));
#3951=IFCCARTESIANPOINT((55.,523.80949999999996,0.));
#3952=IFCPOLYLINE((#3950,#3951));
#3953=IFCCOMPOSITECURVESEGMENT(.CONTINUOUS.,.T.,#3952);
#3954=IFCCARTESIANPOINT((55.,523.80949999999996,0.));
#3955=IFCCARTESIANPOINT((55.,476.19049999999999,0.));
#3956=IFCPOLYLINE((#3954,#3955));
#3957=IFCCOMPOSITECURVESEGMENT(.DISCONTINUOUS.,.T.,#3956);
#3958=IFCCOMPOSITECURVE((#3657,#3661,#3665,#3669,#3673,#3677,#3681,#3685,#3689,#3693,#3697,#3701,#3705,#3709,#3713,#3717,#3721,#3725,#3729,#3733,#3737,#3741,#3745,#3749,#3753,#3757,#3761,#3765,#3769,#3773,#3777,#3781,#3785,#3789,#3793,#3797,#3801,#3805,#3809,#3813,#3817,#3821,#3825,#3829,#3833,#3837,#3841,#3845,#3849,#3853,#3857,#3861,#3865,#3869,#3873,#3877,#3881,#3885,#3889,#3893,#3897,#3901,#3905,#3909,#3913,#3917,#3921,#3925,#3929,#3933,#3937,#3941,#3945,#3949,#3953,#3957),$);
#3959=IFCARBITRARYCLOSEDPROFILEDEF(.AREA.,$,#3958);
#3960=IFCCARTESIANPOINT((0.,0.,-50.));
#3961=IFCDIRECTION((0.,0.,1.));
#3962=IFCDIRECTION((1.,0.,0.));
#3963=IFCAXIS2PLACEMENT3D(#3960,#3961,#3962);
#3964=IFCDIRECTION((0.,0.,-1.));
#3965=IFCEXTRUDEDAREASOLID(#3959,#3963,#3964,24.);
#3966=IFCSHAPEREPRESENTATION(#13,'Body','SweptSolid',(#642));
#3967=IFCPRODUCTDEFINITIONSHAPE($,$,(#3966));
#3968=IFCOPENINGELEMENT('0n8YUkGfz7yQtB0fcDWLnb',$,'Opening-W-PYTHON2',$,$,#3973,#3967,$,$);
#3969=IFCCARTESIANPOINT((4000.,0.,1500.));
#3970=IFCDIRECTION((0.,-1.,0.));
#3971=IFCDIRECTION((1.,0.,0.));
#3972=IFCAXIS2PLACEMENT3D(#3969,#3970,#3971);
#3973=IFCLOCALPLACEMENT(#56,#3972);
#3974=IFCRELVOIDSELEMENT('1_v7xBL71ATPCqCEKmalt2',$,$,$,#45,#3968);
#3975=IFCCOLOURRGB($,0.80000000000000004,0.80000000000000004,0.80000000000000004);
#3976=IFCSURFACESTYLERENDERING(#3975,0.,$,$,$,$,$,$,.FLAT.);
#3977=IFCSURFACESTYLE('Aluminum',.BOTH.,(#3976));
#3978=IFCSTYLEDITEM(#3653,(#3977),$);
#3979=IFCCOLOURRGB($,0.90000000000000002,0.94999999999999996,1.);
#3980=IFCSURFACESTYLERENDERING(#3979,0.5,$,$,$,$,$,$,.FLAT.);
#3981=IFCSURFACESTYLE('Clear glass',.BOTH.,(#3980));
#3982=IFCSTYLEDITEM(#3965,(#3981),$);
#3983=IFCSHAPEREPRESENTATION(#13,'Body','SweptSolid',(#3653,#3965));
#3984=IFCPRODUCTDEFINITIONSHAPE($,$,(#3983));
#3985=IFCCARTESIANPOINT((0.,0.,0.));
#3986=IFCDIRECTION((0.,0.,1.));
#3987=IFCDIRECTION((1.,0.,0.));
#3988=IFCAXIS2PLACEMENT3D(#3985,#3986,#3987);
#3989=IFCLOCALPLACEMENT(#3973,#3988);
#3990=IFCWINDOW('1iA6o_LkbFQBXtFD2K0OGk',$,'W-PYTHON2',$,'fill',#3989,#3984,$,1000.,1000.,.NOTDEFINED.,$,$);
#3991=IFCRELFILLSELEMENT('0Yj2UL73D2TOgn2tZMbdLZ',$,$,$,#3968,#3990);
#3992=IFCPROPERTYSINGLEVALUE('Name',$,IFCLABEL('W-PYTHON2'),$);
#3993=IFCPROPERTYSET('0tEjy$JDT3sehMYHwt4Cl8',$,'EPset_IfcKit_Geometry',$,(#3992));
#3994=IFCRELDEFINESBYPROPERTIES('0hwCgmjRj9Y8gvFmXmZLDv',$,$,$,(#3990),#3993);
#3995=IFCCARTESIANPOINT((0.,238.09520000000001,0.));
#3996=IFCCARTESIANPOINT((0.90600000000000003,217.34389999999999,0.));
#3997=IFCPOLYLINE((#3995,#3996));
#3998=IFCCOMPOSITECURVESEGMENT(.CONTINUOUS.,.T.,#3997);
#3999=IFCCARTESIANPOINT((0.90600000000000003,217.34389999999999,0.));
#4000=IFCCARTESIANPOINT((3.6172,196.75040000000001,0.));
#4001=IFCPOLYLINE((#3999,#4000));
#4002=IFCCOMPOSITECURVESEGMENT(.CONTINUOUS.,.T.,#4001);
#4003=IFCCARTESIANPOINT((3.6172,196.75040000000001,0.));
#4004=IFCCARTESIANPOINT((8.1128999999999998,176.4717,0.));
#4005=IFCPOLYLINE((#4003,#4004));
#4006=IFCCOMPOSITECURVESEGMENT(.CONTINUOUS.,.T.,#4005);
#4007=IFCCARTESIANPOINT((8.1128999999999998,176.4717,0.));
#4008=IFCCARTESIANPOINT((14.3589,156.6619,0.));
#4009=IFCPOLYLINE((#4007,#4008));
#4010=IFCCOMPOSITECURVESEGMENT(.CONTINUOUS.,.T.,#4009);
#4011=IFCCARTESIANPOINT((14.3589,156.6619,0.));
#4012=IFCCARTESIANPOINT((22.307700000000001,137.4718,0.));
#4013=IFCPOLYLINE((#4011,#4012));
#4014=IFCCOMPOSITECURVESEGMENT(.CONTINUOUS.,.T.,#4013);
#4015=IFCCARTESIANPOINT((22.307700000000001,137.4718,0.));
#4016=IFCCARTESIANPOINT((31.898700000000002,119.0476,0.));
#4017=IFCPOLYLINE((#4015,#4016));
#4018=IFCCOMPOSITECURVESEGMENT(.CONTINUOUS.,.T.,#4017);
#4019=IFCCARTESIANPOINT((31.898700000000002,119.0476,0.));
#4020=IFCCARTESIANPOINT((43.058999999999997,101.5294,0.));
#4021=IFCPOLYLINE((#4019,#4020));
#4022=IFCCOMPOSITECURVESEGMENT(.CONTINUOUS.,.T.,#4021);
#4023=IFCCARTESIANPOINT((43.058999999999997,101.5294,0.));
#4024=IFCCARTESIANPOINT((55.703699999999998,85.050600000000003,0.));
#4025=IFCPOLYLINE((#4023,#4024));
#4026=IFCCOMPOSITECURVESEGMENT(.CONTINUOUS.,.T.,#4025);
#4027=IFCCARTESIANPOINT((55.703699999999998,85.050600000000003,0.));
#4028=IFCCARTESIANPOINT((69.736500000000007,69.736500000000007,0.));
#4029=IFCPOLYLINE((#4027,#4028));
#4030=IFCCOMPOSITECURVESEGMENT(.CONTINUOUS.,.T.,#4029);
#4031=IFCCARTESIANPOINT((69.736500000000007,69.736500000000007,0.));
#4032=IFCCARTESIANPOINT((85.050600000000003,55.703699999999998,0.));
#4033=IFCPOLYLINE((#4031,#4032));
#4034=IFCCOMPOSITECURVESEGMENT(.CONTINUOUS.,.T.,#4033);
#4035=IFCCARTESIANPOINT((85.050600000000003,55.703699999999998,0.));
#4036=IFCCARTESIANPOINT((101.5294,43.058999999999997,0.));
#4037=IFCPOLYLINE((#4035,#4036));
#4038=IFCCOMPOSITECURVESEGMENT(.CONTINUOUS.,.T.,#4037);
#4039=IFCCARTESIANPOINT((101.5294,43.058999999999997,0.));
#4040=IFCCARTESIANPOINT((119.0476,31.898700000000002,0.));
#4041=IFCPOLYLINE((#4039,#4040));
#4042=IFCCOMPOSITECURVESEGMENT(.CONTINUOUS.,.T.,#4041);
#4043=IFCCARTESIANPOINT((119.0476,31.898700000000002,0.));
#4044=IFCCARTESIANPOINT((137.4718,22.307700000000001,0.));
#4045=IFCPOLYLINE((#4043,#4044));
#4046=IFCCOMPOSITECURVESEGMENT(.CONTINUOUS.,.T.,#4045);
#4047=IFCCARTESIANPOINT((137.4718,22.307700000000001,0.));
#4048=IFCCARTESIANPOINT((156.6619,14.3589,0.));
#4049=IFCPOLYLINE((#4047,#4048));
#4050=IFCCOMPOSITECURVESEGMENT(.CONTINUOUS.,.T.,#4049);
#4051=IFCCARTESIANPOINT((156.6619,14.3589,0.));
#4052=IFCCARTESIANPOINT((176.4717,8.1128999999999998,0.));
#4053=IFCPOLYLINE((#4051,#4052));
#4054=IFCCOMPOSITECURVESEGMENT(.CONTINUOUS.,.T.,#4053);
#4055=IFCCARTESIANPOINT((176.4717,8.1128999999999998,0.));
#4056=IFCCARTESIANPOINT((196.75040000000001,3.6172,0.));
#4057=IFCPOLYLINE((#4055,#4056));
#4058=IFCCOMPOSITECURVESEGMENT(.CONTINUOUS.,.T.,#4057);
#4059=IFCCARTESIANPOINT((196.75040000000001,3.6172,0.));
#4060=IFCCARTESIANPOINT((217.34389999999999,0.90600000000000003,0.));
#4061=IFCPOLYLINE((#4059,#4060));
#4062=IFCCOMPOSITECURVESEGMENT(.CONTINUOUS.,.T.,#4061);
#4063=IFCCARTESIANPOINT((217.34389999999999,0.90600000000000003,0.));
#4064=IFCCARTESIANPOINT((238.09520000000001,0.,0.));
#4065=IFCPOLYLINE((#4063,#4064));
#4066=IFCCOMPOSITECURVESEGMENT(.CONTINUOUS.,.T.,#4065);
#4067=IFCCARTESIANPOINT((238.09520000000001,0.,0.));
#4068=IFCCARTESIANPOINT((1761.9048,0.,0.));
#4069=IFCPOLYLINE((#4067,#4068));
#4070=IFCCOMPOSITECURVESEGMENT(.CONTINUOUS.,.T.,#4069);
#4071=IFCCARTESIANPOINT((1761.9048,0.,0.));
#4072=IFCCARTESIANPOINT((1782.6560999999999,0.90600000000000003,0.));
#4073=IFCPOLYLINE((#4071,#4072));
#4074=IFCCOMPOSITECURVESEGMENT(.CONTINUOUS.,.T.,#4073);
#4075=IFCCARTESIANPOINT((1782.6560999999999,0.90600000000000003,0.));
#4076=IFCCARTESIANPOINT((1803.2496000000001,3.6172,0.));
#4077=IFCPOLYLINE((#4075,#4076));
#4078=IFCCOMPOSITECURVESEGMENT(.CONTINUOUS.,.T.,#4077);
#4079=IFCCARTESIANPOINT((1803.2496000000001,3.6172,0.));
#4080=IFCCARTESIANPOINT((1823.5282999999999,8.1128999999999998,0.));
#4081=IFCPOLYLINE((#4079,#4080));
#4082=IFCCOMPOSITECURVESEGMENT(.CONTINUOUS.,.T.,#4081);
#4083=IFCCARTESIANPOINT((1823.5282999999999,8.1128999999999998,0.));
#4084=IFCCARTESIANPOINT((1843.3380999999999,14.3589,0.));
#4085=IFCPOLYLINE((#4083,#4084));
#4086=IFCCOMPOSITECURVESEGMENT(.CONTINUOUS.,.T.,#4085);
#4087=IFCCARTESIANPOINT((1843.3380999999999,14.3589,0.));
#4088=IFCCARTESIANPOINT((1862.5282,22.307700000000001,0.));
#4089=IFCPOLYLINE((#4087,#4088));
#4090=IFCCOMPOSITECURVESEGMENT(.CONTINUOUS.,.T.,#4089);
#4091=IFCCARTESIANPOINT((1862.5282,22.307700000000001,0.));
#4092=IFCCARTESIANPOINT((1880.9523999999999,31.898700000000002,0.));
#4093=IFCPOLYLINE((#4091,#4092));
#4094=IFCCOMPOSITECURVESEGMENT(.CONTINUOUS.,.T.,#4093);
#4095=IFCCARTESIANPOINT((1880.9523999999999,31.898700000000002,0.));
#4096=IFCCARTESIANPOINT((1898.4706000000001,43.058999999999997,0.));
#4097=IFCPOLYLINE((#4095,#4096));
#4098=IFCCOMPOSITECURVESEGMENT(.CONTINUOUS.,.T.,#4097);
#4099=IFCCARTESIANPOINT((1898.4706000000001,43.058999999999997,0.));
#4100=IFCCARTESIANPOINT((1914.9494,55.703699999999998,0.));
#4101=IFCPOLYLINE((#4099,#4100));
#4102=IFCCOMPOSITECURVESEGMENT(.CONTINUOUS.,.T.,#4101);
#4103=IFCCARTESIANPOINT((1914.9494,55.703699999999998,0.));
#4104=IFCCARTESIANPOINT((1930.2635,69.736500000000007,0.));
#4105=IFCPOLYLINE((#4103,#4104));
#4106=IFCCOMPOSITECURVESEGMENT(.CONTINUOUS.,.T.,#4105);
#4107=IFCCARTESIANPOINT((1930.2635,69.736500000000007,0.));
#4108=IFCCARTESIANPOINT((1944.2963,85.050600000000003,0.));
#4109=IFCPOLYLINE((#4107,#4108));
#4110=IFCCOMPOSITECURVESEGMENT(.CONTINUOUS.,.T.,#4109);
#4111=IFCCARTESIANPOINT((1944.2963,85.050600000000003,0.));
#4112=IFCCARTESIANPOINT((1956.941,101.5294,0.));
#4113=IFCPOLYLINE((#4111,#4112));
#4114=IFCCOMPOSITECURVESEGMENT(.CONTINUOUS.,.T.,#4113);
#4115=IFCCARTESIANPOINT((1956.941,101.5294,0.));
#4116=IFCCARTESIANPOINT((1968.1013,119.0476,0.));
#4117=IFCPOLYLINE((#4115,#4116));
#4118=IFCCOMPOSITECURVESEGMENT(.CONTINUOUS.,.T.,#4117);
#4119=IFCCARTESIANPOINT((1968.1013,119.0476,0.));
#4120=IFCCARTESIANPOINT((1977.6922999999999,137.4718,0.));
#4121=IFCPOLYLINE((#4119,#4120));
#4122=IFCCOMPOSITECURVESEGMENT(.CONTINUOUS.,.T.,#4121);
#4123=IFCCARTESIANPOINT((1977.6922999999999,137.4718,0.));
#4124=IFCCARTESIANPOINT((1985.6411000000001,156.6619,0.));
#4125=IFCPOLYLINE((#4123,#4124));
#4126=IFCCOMPOSITECURVESEGMENT(.CONTINUOUS.,.T.,#4125);
#4127=IFCCARTESIANPOINT((1985.6411000000001,156.6619,0.));
#4128=IFCCARTESIANPOINT((1991.8870999999999,176.4717,0.));
#4129=IFCPOLYLINE((#4127,#4128));
#4130=IFCCOMPOSITECURVESEGMENT(.CONTINUOUS.,.T.,#4129);
#4131=IFCCARTESIANPOINT((1991.8870999999999,176.4717,0.));
#4132=IFCCARTESIANPOINT((1996.3828000000001,196.75040000000001,0.));
#4133=IFCPOLYLINE((#4131,#4132));
#4134=IFCCOMPOSITECURVESEGMENT(.CONTINUOUS.,.T.,#4133);
#4135=IFCCARTESIANPOINT((1996.3828000000001,196.75040000000001,0.));
#4136=IFCCARTESIANPOINT((1999.0940000000001,217.34389999999999,0.));
#4137=IFCPOLYLINE((#4135,#4136));
#4138=IFCCOMPOSITECURVESEGMENT(.CONTINUOUS.,.T.,#4137);
#4139=IFCCARTESIANPOINT((1999.0940000000001,217.34389999999999,0.));
#4140=IFCCARTESIANPOINT((2000.,238.09520000000001,0.));
#4141=IFCPOLYLINE((#4139,#4140));
#4142=IFCCOMPOSITECURVESEGMENT(.CONTINUOUS.,.T.,#4141);
#4143=IFCCARTESIANPOINT((2000.,238.09520000000001,0.));
#4144=IFCCARTESIANPOINT((2000.,261.90480000000002,0.));
#4145=IFCPOLYLINE((#4143,#4144));
#4146=IFCCOMPOSITECURVESEGMENT(.CONTINUOUS.,.T.,#4145);
#4147=IFCCARTESIANPOINT((2000.,261.90480000000002,0.));
#4148=IFCCARTESIANPOINT((1999.0940000000001,282.65609999999998,0.));
#4149=IFCPOLYLINE((#4147,#4148));
#4150=IFCCOMPOSITECURVESEGMENT(.CONTINUOUS.,.T.,#4149);
#4151=IFCCARTESIANPOINT((1999.0940000000001,282.65609999999998,0.));
#4152=IFCCARTESIANPOINT((1996.3828000000001,303.24959999999999,0.));
#4153=IFCPOLYLINE((#4151,#4152));
#4154=IFCCOMPOSITECURVESEGMENT(.CONTINUOUS.,.T.,#4153);
#4155=IFCCARTESIANPOINT((1996.3828000000001,303.24959999999999,0.));
#4156=IFCCARTESIANPOINT((1991.8870999999999,323.5283,0.));
#4157=IFCPOLYLINE((#4155,#4156));
#4158=IFCCOMPOSITECURVESEGMENT(.CONTINUOUS.,.T.,#4157);
#4159=IFCCARTESIANPOINT((1991.8870999999999,323.5283,0.));
#4160=IFCCARTESIANPOINT((1985.6411000000001,343.3381,0.));
#4161=IFCPOLYLINE((#4159,#4160));
#4162=IFCCOMPOSITECURVESEGMENT(.CONTINUOUS.,.T.,#4161);
#4163=IFCCARTESIANPOINT((1985.6411000000001,343.3381,0.));
#4164=IFCCARTESIANPOINT((1977.6922999999999,362.52820000000003,0.));
#4165=IFCPOLYLINE((#4163,#4164));
#4166=IFCCOMPOSITECURVESEGMENT(.CONTINUOUS.,.T.,#4165);
#4167=IFCCARTESIANPOINT((1977.6922999999999,362.52820000000003,0.));
#4168=IFCCARTESIANPOINT((1968.1013,380.95240000000001,0.));
#4169=IFCPOLYLINE((#4167,#4168));
#4170=IFCCOMPOSITECURVESEGMENT(.CONTINUOUS.,.T.,#4169);
#4171=IFCCARTESIANPOINT((1968.1013,380.95240000000001,0.));
#4172=IFCCARTESIANPOINT((1956.941,398.47059999999999,0.));
#4173=IFCPOLYLINE((#4171,#4172));
#4174=IFCCOMPOSITECURVESEGMENT(.CONTINUOUS.,.T.,#4173);
#4175=IFCCARTESIANPOINT((1956.941,398.47059999999999,0.));
#4176=IFCCARTESIANPOINT((1944.2963,414.94940000000003,0.));
#4177=IFCPOLYLINE((#4175,#4176));
#4178=IFCCOMPOSITECURVESEGMENT(.CONTINUOUS.,.T.,#4177);
#4179=IFCCARTESIANPOINT((1944.2963,414.94940000000003,0.));
#4180=IFCCARTESIANPOINT((1930.2635,430.26350000000002,0.));
#4181=IFCPOLYLINE((#4179,#4180));
#4182=IFCCOMPOSITECURVESEGMENT(.CONTINUOUS.,.T.,#4181);
#4183=IFCCARTESIANPOINT((1930.2635,430.26350000000002,0.));
#4184=IFCCARTESIANPOINT((1914.9494,444.29629999999997,0.));
#4185=IFCPOLYLINE((#4183,#4184));
#4186=IFCCOMPOSITECURVESEGMENT(.CONTINUOUS.,.T.,#4185);
#4187=IFCCARTESIANPOINT((1914.9494,444.29629999999997,0.));
#4188=IFCCARTESIANPOINT((1898.4706000000001,456.94099999999997,0.));
#4189=IFCPOLYLINE((#4187,#4188));
#4190=IFCCOMPOSITECURVESEGMENT(.CONTINUOUS.,.T.,#4189);
#4191=IFCCARTESIANPOINT((1898.4706000000001,456.94099999999997,0.));
#4192=IFCCARTESIANPOINT((1880.9523999999999,468.10129999999998,0.));
#4193=IFCPOLYLINE((#4191,#4192));
#4194=IFCCOMPOSITECURVESEGMENT(.CONTINUOUS.,.T.,#4193);
#4195=IFCCARTESIANPOINT((1880.9523999999999,468.10129999999998,0.));
#4196=IFCCARTESIANPOINT((1862.5282,477.69229999999999,0.));
#4197=IFCPOLYLINE((#4195,#4196));
#4198=IFCCOMPOSITECURVESEGMENT(.CONTINUOUS.,.T.,#4197);
#4199=IFCCARTESIANPOINT((1862.5282,477.69229999999999,0.));
#4200=IFCCARTESIANPOINT((1843.3380999999999,485.64109999999999,0.));
#4201=IFCPOLYLINE((#4199,#4200));
#4202=IFCCOMPOSITECURVESEGMENT(.CONTINUOUS.,.T.,#4201);
#4203=IFCCARTESIANPOINT((1843.3380999999999,485.64109999999999,0.));
#4204=IFCCARTESIANPOINT((1823.5282999999999,491.88709999999998,0.));
#4205=IFCPOLYLINE((#4203,#4204));
#4206=IFCCOMPOSITECURVESEGMENT(.CONTINUOUS.,.T.,#4205);
#4207=IFCCARTESIANPOINT((1823.5282999999999,491.88709999999998,0.));
#4208=IFCCARTESIANPOINT((1803.2496000000001,496.38279999999997,0.));
#4209=IFCPOLYLINE((#4207,#4208));
#4210=IFCCOMPOSITECURVESEGMENT(.CONTINUOUS.,.T.,#4209);
#4211=IFCCARTESIANPOINT((1803.2496000000001,496.38279999999997,0.));
#4212=IFCCARTESIANPOINT((1782.6560999999999,499.09399999999999,0.));
#4213=IFCPOLYLINE((#4211,#4212));
#4214=IFCCOMPOSITECURVESEGMENT(.CONTINUOUS.,.T.,#4213);
#4215=IFCCARTESIANPOINT((1782.6560999999999,499.09399999999999,0.));
#4216=IFCCARTESIANPOINT((1761.9048,500.,0.));
#4217=IFCPOLYLINE((#4215,#4216));
#4218=IFCCOMPOSITECURVESEGMENT(.CONTINUOUS.,.T.,#4217);
#4219=IFCCARTESIANPOINT((1761.9048,500.,0.));
#4220=IFCCARTESIANPOINT((238.09520000000001,500.,0.));
#4221=IFCPOLYLINE((#4219,#4220));
#4222=IFCCOMPOSITECURVESEGMENT(.CONTINUOUS.,.T.,#4221);
#4223=IFCCARTESIANPOINT((238.09520000000001,500.,0.));
#4224=IFCCARTESIANPOINT((217.34389999999999,499.09399999999999,0.));
#4225=IFCPOLYLINE((#4223,#4224));
#4226=IFCCOMPOSITECURVESEGMENT(.CONTINUOUS.,.T.,#4225);
#4227=IFCCARTESIANPOINT((217.34389999999999,499.09399999999999,0.));
#4228=IFCCARTESIANPOINT((196.75040000000001,496.38279999999997,0.));
#4229=IFCPOLYLINE((#4227,#4228));
#4230=IFCCOMPOSITECURVESEGMENT(.CONTINUOUS.,.T.,#4229);
#4231=IFCCARTESIANPOINT((196.75040000000001,496.38279999999997,0.));
#4232=IFCCARTESIANPOINT((176.4717,491.88709999999998,0.));
#4233=IFCPOLYLINE((#4231,#4232));
#4234=IFCCOMPOSITECURVESEGMENT(.CONTINUOUS.,.T.,#4233);
#4235=IFCCARTESIANPOINT((176.4717,491.88709999999998,0.));
#4236=IFCCARTESIANPOINT((156.6619,485.64109999999999,0.));
#4237=IFCPOLYLINE((#4235,#4236));
#4238=IFCCOMPOSITECURVESEGMENT(.CONTINUOUS.,.T.,#4237);
#4239=IFCCARTESIANPOINT((156.6619,485.64109999999999,0.));
#4240=IFCCARTESIANPOINT((137.4718,477.69229999999999,0.));
#4241=IFCPOLYLINE((#4239,#4240));
#4242=IFCCOMPOSITECURVESEGMENT(.CONTINUOUS.,.T.,#4241);
#4243=IFCCARTESIANPOINT((137.4718,477.69229999999999,0.));
#4244=IFCCARTESIANPOINT((119.0476,468.10129999999998,0.));
#4245=IFCPOLYLINE((#4243,#4244));
#4246=IFCCOMPOSITECURVESEGMENT(.CONTINUOUS.,.T.,#4245);
#4247=IFCCARTESIANPOINT((119.0476,468.10129999999998,0.));
#4248=IFCCARTESIANPOINT((101.5294,456.94099999999997,0.));
#4249=IFCPOLYLINE((#4247,#4248));
#4250=IFCCOMPOSITECURVESEGMENT(.CONTINUOUS.,.T.,#4249);
#4251=IFCCARTESIANPOINT((101.5294,456.94099999999997,0.));
#4252=IFCCARTESIANPOINT((85.050600000000003,444.29629999999997,0.));
#4253=IFCPOLYLINE((#4251,#4252));
#4254=IFCCOMPOSITECURVESEGMENT(.CONTINUOUS.,.T.,#4253);
#4255=IFCCARTESIANPOINT((85.050600000000003,444.29629999999997,0.));
#4256=IFCCARTESIANPOINT((69.736500000000007,430.26350000000002,0.));
#4257=IFCPOLYLINE((#4255,#4256));
#4258=IFCCOMPOSITECURVESEGMENT(.CONTINUOUS.,.T.,#4257);
#4259=IFCCARTESIANPOINT((69.736500000000007,430.26350000000002,0.));
#4260=IFCCARTESIANPOINT((55.703699999999998,414.94940000000003,0.));
#4261=IFCPOLYLINE((#4259,#4260));
#4262=IFCCOMPOSITECURVESEGMENT(.CONTINUOUS.,.T.,#4261);
#4263=IFCCARTESIANPOINT((55.703699999999998,414.94940000000003,0.));
#4264=IFCCARTESIANPOINT((43.058999999999997,398.47059999999999,0.));
#4265=IFCPOLYLINE((#4263,#4264));
#4266=IFCCOMPOSITECURVESEGMENT(.CONTINUOUS.,.T.,#4265);
#4267=IFCCARTESIANPOINT((43.058999999999997,398.47059999999999,0.));
#4268=IFCCARTESIANPOINT((31.898700000000002,380.95240000000001,0.));
#4269=IFCPOLYLINE((#4267,#4268));
#4270=IFCCOMPOSITECURVESEGMENT(.CONTINUOUS.,.T.,#4269);
#4271=IFCCARTESIANPOINT((31.898700000000002,380.95240000000001,0.));
#4272=IFCCARTESIANPOINT((22.307700000000001,362.52820000000003,0.));
#4273=IFCPOLYLINE((#4271,#4272));
#4274=IFCCOMPOSITECURVESEGMENT(.CONTINUOUS.,.T.,#4273);
#4275=IFCCARTESIANPOINT((22.307700000000001,362.52820000000003,0.));
#4276=IFCCARTESIANPOINT((14.3589,343.3381,0.));
#4277=IFCPOLYLINE((#4275,#4276));
#4278=IFCCOMPOSITECURVESEGMENT(.CONTINUOUS.,.T.,#4277);
#4279=IFCCARTESIANPOINT((14.3589,343.3381,0.));
#4280=IFCCARTESIANPOINT((8.1128999999999998,323.5283,0.));
#4281=IFCPOLYLINE((#4279,#4280));
#4282=IFCCOMPOSITECURVESEGMENT(.CONTINUOUS.,.T.,#4281);
#4283=IFCCARTESIANPOINT((8.1128999999999998,323.5283,0.));
#4284=IFCCARTESIANPOINT((3.6172,303.24959999999999,0.));
#4285=IFCPOLYLINE((#4283,#4284));
#4286=IFCCOMPOSITECURVESEGMENT(.CONTINUOUS.,.T.,#4285);
#4287=IFCCARTESIANPOINT((3.6172,303.24959999999999,0.));
#4288=IFCCARTESIANPOINT((0.90600000000000003,282.65609999999998,0.));
#4289=IFCPOLYLINE((#4287,#4288));
#4290=IFCCOMPOSITECURVESEGMENT(.CONTINUOUS.,.T.,#4289);
#4291=IFCCARTESIANPOINT((0.90600000000000003,282.65609999999998,0.));
#4292=IFCCARTESIANPOINT((0.,261.90480000000002,0.));
#4293=IFCPOLYLINE((#4291,#4292));
#4294=IFCCOMPOSITECURVESEGMENT(.CONTINUOUS.,.T.,#4293);
#4295=IFCCARTESIANPOINT((0.,261.90480000000002,0.));
#4296=IFCCARTESIANPOINT((0.,238.09520000000001,0.));
#4297=IFCPOLYLINE((#4295,#4296));
#4298=IFCCOMPOSITECURVESEGMENT(.DISCONTINUOUS.,.T.,#4297);
#4299=IFCCOMPOSITECURVE((#3998,#4002,#4006,#4010,#4014,#4018,#4022,#4026,#4030,#4034,#4038,#4042,#4046,#4050,#4054,#4058,#4062,#4066,#4070,#4074,#4078,#4082,#4086,#4090,#4094,#4098,#4102,#4106,#4110,#4114,#4118,#4122,#4126,#4130,#4134,#4138,#4142,#4146,#4150,#4154,#4158,#4162,#4166,#4170,#4174,#4178,#4182,#4186,#4190,#4194,#4198,#4202,#4206,#4210,#4214,#4218,#4222,#4226,#4230,#4234,#4238,#4242,#4246,#4250,#4254,#4258,#4262,#4266,#4270,#4274,#4278,#4282,#4286,#4290,#4294,#4298),$);
#4300=IFCARBITRARYCLOSEDPROFILEDEF(.AREA.,$,#4299);
#4301=IFCCARTESIANPOINT((0.,0.,300.));
#4302=IFCDIRECTION((0.,0.,1.));
#4303=IFCDIRECTION((1.,0.,0.));
#4304=IFCAXIS2PLACEMENT3D(#4301,#4302,#4303);
#4305=IFCDIRECTION((0.,0.,-1.));
#4306=IFCEXTRUDEDAREASOLID(#4300,#4304,#4305,900.);
#4307=IFCCARTESIANPOINT((238.09520000000001,238.09520000000001,0.));
#4308=IFCDIRECTION((-0.,0.,1.));
#4309=IFCDIRECTION((-1.,0.,0.));
#4310=IFCAXIS2PLACEMENT3D(#4307,#4308,#4309);
#4311=IFCCIRCLE(#4310,238.09523809523807);
#4312=IFCTRIMMEDCURVE(#4311,(IFCPARAMETERVALUE(0.)),(IFCPARAMETERVALUE(90.000000000000014)),.T.,.PARAMETER.);
#4313=IFCCOMPOSITECURVESEGMENT(.CONTSAMEGRADIENT.,.T.,#4312);
#4314=IFCCARTESIANPOINT((238.09520000000001,0.,0.));
#4315=IFCCARTESIANPOINT((1761.9048,0.,0.));
#4316=IFCPOLYLINE((#4314,#4315));
#4317=IFCCOMPOSITECURVESEGMENT(.CONTSAMEGRADIENT.,.T.,#4316);
#4318=IFCCARTESIANPOINT((1761.9048,238.09520000000001,0.));
#4319=IFCDIRECTION((0.,0.,1.));
#4320=IFCDIRECTION((0.,-1.,0.));
#4321=IFCAXIS2PLACEMENT3D(#4318,#4319,#4320);
#4322=IFCCIRCLE(#4321,238.09523809523807);
#4323=IFCTRIMMEDCURVE(#4322,(IFCPARAMETERVALUE(0.)),(IFCPARAMETERVALUE(90.000000000000014)),.T.,.PARAMETER.);
#4324=IFCCOMPOSITECURVESEGMENT(.CONTSAMEGRADIENT.,.T.,#4323);
#4325=IFCCARTESIANPOINT((2000.,238.09520000000001,0.));
#4326=IFCCARTESIANPOINT((2000.,261.90480000000002,0.));
#4327=IFCPOLYLINE((#4325,#4326));
#4328=IFCCOMPOSITECURVESEGMENT(.CONTSAMEGRADIENT.,.T.,#4327);
#4329=IFCCARTESIANPOINT((1761.9048,261.90480000000002,0.));
#4330=IFCDIRECTION((0.,-0.,1.));
#4331=IFCDIRECTION((1.,0.,0.));
#4332=IFCAXIS2PLACEMENT3D(#4329,#4330,#4331);
#4333=IFCCIRCLE(#4332,238.09523809523807);
#4334=IFCTRIMMEDCURVE(#4333,(IFCPARAMETERVALUE(0.)),(IFCPARAMETERVALUE(90.)),.T.,.PARAMETER.);
#4335=IFCCOMPOSITECURVESEGMENT(.CONTSAMEGRADIENT.,.T.,#4334);
#4336=IFCCARTESIANPOINT((1761.9048,500.,0.));
#4337=IFCCARTESIANPOINT((238.09520000000001,500.,0.));
#4338=IFCPOLYLINE((#4336,#4337));
#4339=IFCCOMPOSITECURVESEGMENT(.CONTSAMEGRADIENT.,.T.,#4338);
#4340=IFCCARTESIANPOINT((238.09520000000001,261.90480000000002,0.));
#4341=IFCDIRECTION((0.,0.,1.));
#4342=IFCDIRECTION((0.,1.,0.));
#4343=IFCAXIS2PLACEMENT3D(#4340,#4341,#4342);
#4344=IFCCIRCLE(#4343,238.09523809523807);
#4345=IFCTRIMMEDCURVE(#4344,(IFCPARAMETERVALUE(0.)),(IFCPARAMETERVALUE(90.000000000000014)),.T.,.PARAMETER.);
#4346=IFCCOMPOSITECURVESEGMENT(.CONTSAMEGRADIENT.,.T.,#4345);
#4347=IFCCARTESIANPOINT((0.,261.90480000000002,0.));
#4348=IFCCARTESIANPOINT((0.,238.09520000000001,0.));
#4349=IFCPOLYLINE((#4347,#4348));
#4350=IFCCOMPOSITECURVESEGMENT(.DISCONTINUOUS.,.T.,#4349);
#4351=IFCCOMPOSITECURVE((#4313,#4317,#4324,#4328,#4335,#4339,#4346,#4350),.F.);
#4352=IFCCARTESIANPOINT((-55.,0.));
#4353=IFCCARTESIANPOINT((300.,0.));
#4354=IFCCARTESIANPOINT((300.,11.));
#4355=IFCCARTESIANPOINT((98.,11.));
#4356=IFCCARTESIANPOINT((95.908299999999997,11.0913));
#4357=IFCCARTESIANPOINT((93.832400000000007,11.364599999999999));
#4358=IFCCARTESIANPOINT((91.788300000000007,11.8178));
#4359=IFCCARTESIANPOINT((89.791499999999999,12.4474));
#4360=IFCCARTESIANPOINT((87.857200000000006,13.2486));
#4361=IFCCARTESIANPOINT((86.,14.215400000000001));
#4362=IFCCARTESIANPOINT((84.234200000000001,15.340400000000001));
#4363=IFCCARTESIANPOINT((82.573099999999997,16.614899999999999));
#4364=IFCCARTESIANPOINT((81.029399999999995,18.029399999999999));
#4365=IFCCARTESIANPOINT((79.614900000000006,19.5731));
#4366=IFCCARTESIANPOINT((78.340400000000002,21.234200000000001));
#4367=IFCCARTESIANPOINT((77.215400000000002,23.));
#4368=IFCCARTESIANPOINT((76.248599999999996,24.857199999999999));
#4369=IFCCARTESIANPOINT((75.447400000000002,26.791499999999999));
#4370=IFCCARTESIANPOINT((74.817800000000005,28.7883));
#4371=IFCCARTESIANPOINT((74.364599999999996,30.8324));
#4372=IFCCARTESIANPOINT((74.091300000000004,32.908299999999997));
#4373=IFCCARTESIANPOINT((74.,35.));
#4374=IFCCARTESIANPOINT((74.,55.));
#4375=IFCCARTESIANPOINT((74.,55.));
#4376=IFCCARTESIANPOINT((74.,55.));
#4377=IFCCARTESIANPOINT((50.,55.));
#4378=IFCCARTESIANPOINT((50.,55.));
#4379=IFCCARTESIANPOINT((-55.,11.));
#4380=IFCCARTESIANPOINT((-55.,0.));
#4381=IFCPOLYLINE((#4352,#4353,#4354,#4355,#4356,#4357,#4358,#4359,#4360,#4361,#4362,#4363,#4364,#4365,#4366,#4367,#4368,#4369,#4370,#4371,#4372,#4373,#4374,#4375,#4376,#4377,#4378,#4379,#4380));
#4382=IFCARBITRARYCLOSEDPROFILEDEF(.AREA.,'section',#4381);
#4383=IFCCARTESIANPOINT((0.,0.));
#4384=IFCCARTESIANTRANSFORMATIONOPERATOR2D($,$,#4383,$);
#4385=IFCCARTESIANTRANSFORMATIONOPERATOR2DNONUNIFORM($,$,#4383,1.,1.0009526851633199);
#4386=IFCDERIVEDPROFILEDEF($,$,#4382,#4385,$);
#4387=IFCCARTESIANPOINT((-55.,0.));
#4388=IFCCARTESIANPOINT((300.,0.));
#4389=IFCCARTESIANPOINT((300.,11.));
#4390=IFCCARTESIANPOINT((98.,11.));
#4391=IFCCARTESIANPOINT((95.908299999999997,11.0913));
#4392=IFCCARTESIANPOINT((93.832400000000007,11.364599999999999));
#4393=IFCCARTESIANPOINT((91.788300000000007,11.8178));
#4394=IFCCARTESIANPOINT((89.791499999999999,12.4474));
#4395=IFCCARTESIANPOINT((87.857200000000006,13.2486));
#4396=IFCCARTESIANPOINT((86.,14.215400000000001));
#4397=IFCCARTESIANPOINT((84.234200000000001,15.340400000000001));
#4398=IFCCARTESIANPOINT((82.573099999999997,16.614899999999999));
#4399=IFCCARTESIANPOINT((81.029399999999995,18.029399999999999));
#4400=IFCCARTESIANPOINT((79.614900000000006,19.5731));
#4401=IFCCARTESIANPOINT((78.340400000000002,21.234200000000001));
#4402=IFCCARTESIANPOINT((77.215400000000002,23.));
#4403=IFCCARTESIANPOINT((76.248599999999996,24.857199999999999));
#4404=IFCCARTESIANPOINT((75.447400000000002,26.791499999999999));
#4405=IFCCARTESIANPOINT((74.817800000000005,28.7883));
#4406=IFCCARTESIANPOINT((74.364599999999996,30.8324));
#4407=IFCCARTESIANPOINT((74.091300000000004,32.908299999999997));
#4408=IFCCARTESIANPOINT((74.,35.));
#4409=IFCCARTESIANPOINT((74.,55.));
#4410=IFCCARTESIANPOINT((74.,55.));
#4411=IFCCARTESIANPOINT((74.,55.));
#4412=IFCCARTESIANPOINT((50.,55.));
#4413=IFCCARTESIANPOINT((50.,55.));
#4414=IFCCARTESIANPOINT((-55.,11.));
#4415=IFCCARTESIANPOINT((-55.,0.));
#4416=IFCPOLYLINE((#4387,#4388,#4389,#4390,#4391,#4392,#4393,#4394,#4395,#4396,#4397,#4398,#4399,#4400,#4401,#4402,#4403,#4404,#4405,#4406,#4407,#4408,#4409,#4410,#4411,#4412,#4413,#4414,#4415));
#4417=IFCARBITRARYCLOSEDPROFILEDEF(.AREA.,'section',#4416);
#4418=IFCCARTESIANPOINT((0.,0.));
#4419=IFCCARTESIANTRANSFORMATIONOPERATOR2D($,$,#4418,$);
#4420=IFCCARTESIANTRANSFORMATIONOPERATOR2DNONUNIFORM($,$,#4418,1.,1.0009526851633199);
#4421=IFCDERIVEDPROFILEDEF($,$,#4417,#4420,$);
#4422=IFCCARTESIANPOINT((-55.,0.));
#4423=IFCCARTESIANPOINT((300.,0.));
#4424=IFCCARTESIANPOINT((300.,11.));
#4425=IFCCARTESIANPOINT((98.,11.));
#4426=IFCCARTESIANPOINT((95.908299999999997,11.0913));
#4427=IFCCARTESIANPOINT((93.832400000000007,11.364599999999999));
#4428=IFCCARTESIANPOINT((91.788300000000007,11.8178));
#4429=IFCCARTESIANPOINT((89.791499999999999,12.4474));
#4430=IFCCARTESIANPOINT((87.857200000000006,13.2486));
#4431=IFCCARTESIANPOINT((86.,14.215400000000001));
#4432=IFCCARTESIANPOINT((84.234200000000001,15.340400000000001));
#4433=IFCCARTESIANPOINT((82.573099999999997,16.614899999999999));
#4434=IFCCARTESIANPOINT((81.029399999999995,18.029399999999999));
#4435=IFCCARTESIANPOINT((79.614900000000006,19.5731));
#4436=IFCCARTESIANPOINT((78.340400000000002,21.234200000000001));
#4437=IFCCARTESIANPOINT((77.215400000000002,23.));
#4438=IFCCARTESIANPOINT((76.248599999999996,24.857199999999999));
#4439=IFCCARTESIANPOINT((75.447400000000002,26.791499999999999));
#4440=IFCCARTESIANPOINT((74.817800000000005,28.7883));
#4441=IFCCARTESIANPOINT((74.364599999999996,30.8324));
#4442=IFCCARTESIANPOINT((74.091300000000004,32.908299999999997));
#4443=IFCCARTESIANPOINT((74.,35.));
#4444=IFCCARTESIANPOINT((74.,55.));
#4445=IFCCARTESIANPOINT((74.,55.));
#4446=IFCCARTESIANPOINT((74.,55.));
#4447=IFCCARTESIANPOINT((50.,55.));
#4448=IFCCARTESIANPOINT((50.,55.));
#4449=IFCCARTESIANPOINT((-55.,11.));
#4450=IFCCARTESIANPOINT((-55.,0.));
#4451=IFCPOLYLINE((#4422,#4423,#4424,#4425,#4426,#4427,#4428,#4429,#4430,#4431,#4432,#4433,#4434,#4435,#4436,#4437,#4438,#4439,#4440,#4441,#4442,#4443,#4444,#4445,#4446,#4447,#4448,#4449,#4450));
#4452=IFCARBITRARYCLOSEDPROFILEDEF(.AREA.,'section',#4451);
#4453=IFCCARTESIANPOINT((0.,0.));
#4454=IFCCARTESIANTRANSFORMATIONOPERATOR2D($,$,#4453,$);
#4455=IFCCARTESIANTRANSFORMATIONOPERATOR2DNONUNIFORM($,$,#4453,1.,1.0009526851633201);
#4456=IFCDERIVEDPROFILEDEF($,$,#4452,#4455,$);
#4457=IFCCARTESIANPOINT((-55.,0.));
#4458=IFCCARTESIANPOINT((300.,0.));
#4459=IFCCARTESIANPOINT((300.,11.));
#4460=IFCCARTESIANPOINT((98.,11.));
#4461=IFCCARTESIANPOINT((95.908299999999997,11.0913));
#4462=IFCCARTESIANPOINT((93.832400000000007,11.364599999999999));
#4463=IFCCARTESIANPOINT((91.788300000000007,11.8178));
#4464=IFCCARTESIANPOINT((89.791499999999999,12.4474));
#4465=IFCCARTESIANPOINT((87.857200000000006,13.2486));
#4466=IFCCARTESIANPOINT((86.,14.215400000000001));
#4467=IFCCARTESIANPOINT((84.234200000000001,15.340400000000001));
#4468=IFCCARTESIANPOINT((82.573099999999997,16.614899999999999));
#4469=IFCCARTESIANPOINT((81.029399999999995,18.029399999999999));
#4470=IFCCARTESIANPOINT((79.614900000000006,19.5731));
#4471=IFCCARTESIANPOINT((78.340400000000002,21.234200000000001));
#4472=IFCCARTESIANPOINT((77.215400000000002,23.));
#4473=IFCCARTESIANPOINT((76.248599999999996,24.857199999999999));
#4474=IFCCARTESIANPOINT((75.447400000000002,26.791499999999999));
#4475=IFCCARTESIANPOINT((74.817800000000005,28.7883));
#4476=IFCCARTESIANPOINT((74.364599999999996,30.8324));
#4477=IFCCARTESIANPOINT((74.091300000000004,32.908299999999997));
#4478=IFCCARTESIANPOINT((74.,35.));
#4479=IFCCARTESIANPOINT((74.,55.));
#4480=IFCCARTESIANPOINT((74.,55.));
#4481=IFCCARTESIANPOINT((74.,55.));
#4482=IFCCARTESIANPOINT((50.,55.));
#4483=IFCCARTESIANPOINT((50.,55.));
#4484=IFCCARTESIANPOINT((-55.,11.));
#4485=IFCCARTESIANPOINT((-55.,0.));
#4486=IFCPOLYLINE((#4457,#4458,#4459,#4460,#4461,#4462,#4463,#4464,#4465,#4466,#4467,#4468,#4469,#4470,#4471,#4472,#4473,#4474,#4475,#4476,#4477,#4478,#4479,#4480,#4481,#4482,#4483,#4484,#4485));
#4487=IFCARBITRARYCLOSEDPROFILEDEF(.AREA.,'section',#4486);
#4488=IFCCARTESIANPOINT((0.,0.));
#4489=IFCCARTESIANTRANSFORMATIONOPERATOR2D($,$,#4488,$);
#4490=IFCCARTESIANTRANSFORMATIONOPERATOR2DNONUNIFORM($,$,#4488,1.,1.0009526851633199);
#4491=IFCDERIVEDPROFILEDEF($,$,#4487,#4490,$);
#4492=IFCCARTESIANPOINT((-55.,0.));
#4493=IFCCARTESIANPOINT((300.,0.));
#4494=IFCCARTESIANPOINT((300.,11.));
#4495=IFCCARTESIANPOINT((98.,11.));
#4496=IFCCARTESIANPOINT((95.908299999999997,11.0913));
#4497=IFCCARTESIANPOINT((93.832400000000007,11.364599999999999));
#4498=IFCCARTESIANPOINT((91.788300000000007,11.8178));
#4499=IFCCARTESIANPOINT((89.791499999999999,12.4474));
#4500=IFCCARTESIANPOINT((87.857200000000006,13.2486));
#4501=IFCCARTESIANPOINT((86.,14.215400000000001));
#4502=IFCCARTESIANPOINT((84.234200000000001,15.340400000000001));
#4503=IFCCARTESIANPOINT((82.573099999999997,16.614899999999999));
#4504=IFCCARTESIANPOINT((81.029399999999995,18.029399999999999));
#4505=IFCCARTESIANPOINT((79.614900000000006,19.5731));
#4506=IFCCARTESIANPOINT((78.340400000000002,21.234200000000001));
#4507=IFCCARTESIANPOINT((77.215400000000002,23.));
#4508=IFCCARTESIANPOINT((76.248599999999996,24.857199999999999));
#4509=IFCCARTESIANPOINT((75.447400000000002,26.791499999999999));
#4510=IFCCARTESIANPOINT((74.817800000000005,28.7883));
#4511=IFCCARTESIANPOINT((74.364599999999996,30.8324));
#4512=IFCCARTESIANPOINT((74.091300000000004,32.908299999999997));
#4513=IFCCARTESIANPOINT((74.,35.));
#4514=IFCCARTESIANPOINT((74.,55.));
#4515=IFCCARTESIANPOINT((74.,55.));
#4516=IFCCARTESIANPOINT((74.,55.));
#4517=IFCCARTESIANPOINT((50.,55.));
#4518=IFCCARTESIANPOINT((50.,55.));
#4519=IFCCARTESIANPOINT((-55.,11.));
#4520=IFCCARTESIANPOINT((-55.,0.));
#4521=IFCPOLYLINE((#4492,#4493,#4494,#4495,#4496,#4497,#4498,#4499,#4500,#4501,#4502,#4503,#4504,#4505,#4506,#4507,#4508,#4509,#4510,#4511,#4512,#4513,#4514,#4515,#4516,#4517,#4518,#4519,#4520));
#4522=IFCARBITRARYCLOSEDPROFILEDEF(.AREA.,'section',#4521);
#4523=IFCCARTESIANPOINT((0.,0.));
#4524=IFCCARTESIANTRANSFORMATIONOPERATOR2D($,$,#4523,$);
#4525=IFCCARTESIANTRANSFORMATIONOPERATOR2DNONUNIFORM($,$,#4523,1.,1.0009526851633201);
#4526=IFCDERIVEDPROFILEDEF($,$,#4522,#4525,$);
#4527=IFCCARTESIANPOINT((-55.,0.));
#4528=IFCCARTESIANPOINT((300.,0.));
#4529=IFCCARTESIANPOINT((300.,11.));
#4530=IFCCARTESIANPOINT((98.,11.));
#4531=IFCCARTESIANPOINT((95.908299999999997,11.0913));
#4532=IFCCARTESIANPOINT((93.832400000000007,11.364599999999999));
#4533=IFCCARTESIANPOINT((91.788300000000007,11.8178));
#4534=IFCCARTESIANPOINT((89.791499999999999,12.4474));
#4535=IFCCARTESIANPOINT((87.857200000000006,13.2486));
#4536=IFCCARTESIANPOINT((86.,14.215400000000001));
#4537=IFCCARTESIANPOINT((84.234200000000001,15.340400000000001));
#4538=IFCCARTESIANPOINT((82.573099999999997,16.614899999999999));
#4539=IFCCARTESIANPOINT((81.029399999999995,18.029399999999999));
#4540=IFCCARTESIANPOINT((79.614900000000006,19.5731));
#4541=IFCCARTESIANPOINT((78.340400000000002,21.234200000000001));
#4542=IFCCARTESIANPOINT((77.215400000000002,23.));
#4543=IFCCARTESIANPOINT((76.248599999999996,24.857199999999999));
#4544=IFCCARTESIANPOINT((75.447400000000002,26.791499999999999));
#4545=IFCCARTESIANPOINT((74.817800000000005,28.7883));
#4546=IFCCARTESIANPOINT((74.364599999999996,30.8324));
#4547=IFCCARTESIANPOINT((74.091300000000004,32.908299999999997));
#4548=IFCCARTESIANPOINT((74.,35.));
#4549=IFCCARTESIANPOINT((74.,55.));
#4550=IFCCARTESIANPOINT((74.,55.));
#4551=IFCCARTESIANPOINT((74.,55.));
#4552=IFCCARTESIANPOINT((50.,55.));
#4553=IFCCARTESIANPOINT((50.,55.));
#4554=IFCCARTESIANPOINT((-55.,11.));
#4555=IFCCARTESIANPOINT((-55.,0.));
#4556=IFCPOLYLINE((#4527,#4528,#4529,#4530,#4531,#4532,#4533,#4534,#4535,#4536,#4537,#4538,#4539,#4540,#4541,#4542,#4543,#4544,#4545,#4546,#4547,#4548,#4549,#4550,#4551,#4552,#4553,#4554,#4555));
#4557=IFCARBITRARYCLOSEDPROFILEDEF(.AREA.,'section',#4556);
#4558=IFCCARTESIANPOINT((0.,0.));
#4559=IFCCARTESIANTRANSFORMATIONOPERATOR2D($,$,#4558,$);
#4560=IFCCARTESIANTRANSFORMATIONOPERATOR2DNONUNIFORM($,$,#4558,1.,1.0009526851633199);
#4561=IFCDERIVEDPROFILEDEF($,$,#4557,#4560,$);
#4562=IFCCARTESIANPOINT((-55.,0.));
#4563=IFCCARTESIANPOINT((300.,0.));
#4564=IFCCARTESIANPOINT((300.,11.));
#4565=IFCCARTESIANPOINT((98.,11.));
#4566=IFCCARTESIANPOINT((95.908299999999997,11.0913));
#4567=IFCCARTESIANPOINT((93.832400000000007,11.364599999999999));
#4568=IFCCARTESIANPOINT((91.788300000000007,11.8178));
#4569=IFCCARTESIANPOINT((89.791499999999999,12.4474));
#4570=IFCCARTESIANPOINT((87.857200000000006,13.2486));
#4571=IFCCARTESIANPOINT((86.,14.215400000000001));
#4572=IFCCARTESIANPOINT((84.234200000000001,15.340400000000001));
#4573=IFCCARTESIANPOINT((82.573099999999997,16.614899999999999));
#4574=IFCCARTESIANPOINT((81.029399999999995,18.029399999999999));
#4575=IFCCARTESIANPOINT((79.614900000000006,19.5731));
#4576=IFCCARTESIANPOINT((78.340400000000002,21.234200000000001));
#4577=IFCCARTESIANPOINT((77.215400000000002,23.));
#4578=IFCCARTESIANPOINT((76.248599999999996,24.857199999999999));
#4579=IFCCARTESIANPOINT((75.447400000000002,26.791499999999999));
#4580=IFCCARTESIANPOINT((74.817800000000005,28.7883));
#4581=IFCCARTESIANPOINT((74.364599999999996,30.8324));
#4582=IFCCARTESIANPOINT((74.091300000000004,32.908299999999997));
#4583=IFCCARTESIANPOINT((74.,35.));
#4584=IFCCARTESIANPOINT((74.,55.));
#4585=IFCCARTESIANPOINT((74.,55.));
#4586=IFCCARTESIANPOINT((74.,55.));
#4587=IFCCARTESIANPOINT((50.,55.));
#4588=IFCCARTESIANPOINT((50.,55.));
#4589=IFCCARTESIANPOINT((-55.,11.));
#4590=IFCCARTESIANPOINT((-55.,0.));
#4591=IFCPOLYLINE((#4562,#4563,#4564,#4565,#4566,#4567,#4568,#4569,#4570,#4571,#4572,#4573,#4574,#4575,#4576,#4577,#4578,#4579,#4580,#4581,#4582,#4583,#4584,#4585,#4586,#4587,#4588,#4589,#4590));
#4592=IFCARBITRARYCLOSEDPROFILEDEF(.AREA.,'section',#4591);
#4593=IFCCARTESIANPOINT((0.,0.));
#4594=IFCCARTESIANTRANSFORMATIONOPERATOR2D($,$,#4593,$);
#4595=IFCCARTESIANTRANSFORMATIONOPERATOR2DNONUNIFORM($,$,#4593,1.,1.0009526851633201);
#4596=IFCDERIVEDPROFILEDEF($,$,#4592,#4595,$);
#4597=IFCCARTESIANPOINT((-55.,0.));
#4598=IFCCARTESIANPOINT((300.,0.));
#4599=IFCCARTESIANPOINT((300.,11.));
#4600=IFCCARTESIANPOINT((98.,11.));
#4601=IFCCARTESIANPOINT((95.908299999999997,11.0913));
#4602=IFCCARTESIANPOINT((93.832400000000007,11.364599999999999));
#4603=IFCCARTESIANPOINT((91.788300000000007,11.8178));
#4604=IFCCARTESIANPOINT((89.791499999999999,12.4474));
#4605=IFCCARTESIANPOINT((87.857200000000006,13.2486));
#4606=IFCCARTESIANPOINT((86.,14.215400000000001));
#4607=IFCCARTESIANPOINT((84.234200000000001,15.340400000000001));
#4608=IFCCARTESIANPOINT((82.573099999999997,16.614899999999999));
#4609=IFCCARTESIANPOINT((81.029399999999995,18.029399999999999));
#4610=IFCCARTESIANPOINT((79.614900000000006,19.5731));
#4611=IFCCARTESIANPOINT((78.340400000000002,21.234200000000001));
#4612=IFCCARTESIANPOINT((77.215400000000002,23.));
#4613=IFCCARTESIANPOINT((76.248599999999996,24.857199999999999));
#4614=IFCCARTESIANPOINT((75.447400000000002,26.791499999999999));
#4615=IFCCARTESIANPOINT((74.817800000000005,28.7883));
#4616=IFCCARTESIANPOINT((74.364599999999996,30.8324));
#4617=IFCCARTESIANPOINT((74.091300000000004,32.908299999999997));
#4618=IFCCARTESIANPOINT((74.,35.));
#4619=IFCCARTESIANPOINT((74.,55.));
#4620=IFCCARTESIANPOINT((74.,55.));
#4621=IFCCARTESIANPOINT((74.,55.));
#4622=IFCCARTESIANPOINT((50.,55.));
#4623=IFCCARTESIANPOINT((50.,55.));
#4624=IFCCARTESIANPOINT((-55.,11.));
#4625=IFCCARTESIANPOINT((-55.,0.));
#4626=IFCPOLYLINE((#4597,#4598,#4599,#4600,#4601,#4602,#4603,#4604,#4605,#4606,#4607,#4608,#4609,#4610,#4611,#4612,#4613,#4614,#4615,#4616,#4617,#4618,#4619,#4620,#4621,#4622,#4623,#4624,#4625));
#4627=IFCARBITRARYCLOSEDPROFILEDEF(.AREA.,'section',#4626);
#4628=IFCCARTESIANPOINT((0.,0.));
#4629=IFCCARTESIANTRANSFORMATIONOPERATOR2D($,$,#4628,$);
#4630=IFCCARTESIANTRANSFORMATIONOPERATOR2DNONUNIFORM($,$,#4628,1.,1.0009526851633199);
#4631=IFCDERIVEDPROFILEDEF($,$,#4627,#4630,$);
#4632=IFCCARTESIANPOINT((-55.,0.));
#4633=IFCCARTESIANPOINT((300.,0.));
#4634=IFCCARTESIANPOINT((300.,11.));
#4635=IFCCARTESIANPOINT((98.,11.));
#4636=IFCCARTESIANPOINT((95.908299999999997,11.0913));
#4637=IFCCARTESIANPOINT((93.832400000000007,11.364599999999999));
#4638=IFCCARTESIANPOINT((91.788300000000007,11.8178));
#4639=IFCCARTESIANPOINT((89.791499999999999,12.4474));
#4640=IFCCARTESIANPOINT((87.857200000000006,13.2486));
#4641=IFCCARTESIANPOINT((86.,14.215400000000001));
#4642=IFCCARTESIANPOINT((84.234200000000001,15.340400000000001));
#4643=IFCCARTESIANPOINT((82.573099999999997,16.614899999999999));
#4644=IFCCARTESIANPOINT((81.029399999999995,18.029399999999999));
#4645=IFCCARTESIANPOINT((79.614900000000006,19.5731));
#4646=IFCCARTESIANPOINT((78.340400000000002,21.234200000000001));
#4647=IFCCARTESIANPOINT((77.215400000000002,23.));
#4648=IFCCARTESIANPOINT((76.248599999999996,24.857199999999999));
#4649=IFCCARTESIANPOINT((75.447400000000002,26.791499999999999));
#4650=IFCCARTESIANPOINT((74.817800000000005,28.7883));
#4651=IFCCARTESIANPOINT((74.364599999999996,30.8324));
#4652=IFCCARTESIANPOINT((74.091300000000004,32.908299999999997));
#4653=IFCCARTESIANPOINT((74.,35.));
#4654=IFCCARTESIANPOINT((74.,55.));
#4655=IFCCARTESIANPOINT((74.,55.));
#4656=IFCCARTESIANPOINT((74.,55.));
#4657=IFCCARTESIANPOINT((50.,55.));
#4658=IFCCARTESIANPOINT((50.,55.));
#4659=IFCCARTESIANPOINT((-55.,11.));
#4660=IFCCARTESIANPOINT((-55.,0.));
#4661=IFCPOLYLINE((#4632,#4633,#4634,#4635,#4636,#4637,#4638,#4639,#4640,#4641,#4642,#4643,#4644,#4645,#4646,#4647,#4648,#4649,#4650,#4651,#4652,#4653,#4654,#4655,#4656,#4657,#4658,#4659,#4660));
#4662=IFCARBITRARYCLOSEDPROFILEDEF(.AREA.,'section',#4661);
#4663=IFCCARTESIANPOINT((0.,0.));
#4664=IFCCARTESIANTRANSFORMATIONOPERATOR2D($,$,#4663,$);
#4665=IFCCARTESIANTRANSFORMATIONOPERATOR2DNONUNIFORM($,$,#4663,1.,1.0009526851633199);
#4666=IFCDERIVEDPROFILEDEF($,$,#4662,#4665,$);
#4667=IFCCARTESIANPOINT((-55.,0.));
#4668=IFCCARTESIANPOINT((300.,0.));
#4669=IFCCARTESIANPOINT((300.,11.));
#4670=IFCCARTESIANPOINT((98.,11.));
#4671=IFCCARTESIANPOINT((95.908299999999997,11.0913));
#4672=IFCCARTESIANPOINT((93.832400000000007,11.364599999999999));
#4673=IFCCARTESIANPOINT((91.788300000000007,11.8178));
#4674=IFCCARTESIANPOINT((89.791499999999999,12.4474));
#4675=IFCCARTESIANPOINT((87.857200000000006,13.2486));
#4676=IFCCARTESIANPOINT((86.,14.215400000000001));
#4677=IFCCARTESIANPOINT((84.234200000000001,15.340400000000001));
#4678=IFCCARTESIANPOINT((82.573099999999997,16.614899999999999));
#4679=IFCCARTESIANPOINT((81.029399999999995,18.029399999999999));
#4680=IFCCARTESIANPOINT((79.614900000000006,19.5731));
#4681=IFCCARTESIANPOINT((78.340400000000002,21.234200000000001));
#4682=IFCCARTESIANPOINT((77.215400000000002,23.));
#4683=IFCCARTESIANPOINT((76.248599999999996,24.857199999999999));
#4684=IFCCARTESIANPOINT((75.447400000000002,26.791499999999999));
#4685=IFCCARTESIANPOINT((74.817800000000005,28.7883));
#4686=IFCCARTESIANPOINT((74.364599999999996,30.8324));
#4687=IFCCARTESIANPOINT((74.091300000000004,32.908299999999997));
#4688=IFCCARTESIANPOINT((74.,35.));
#4689=IFCCARTESIANPOINT((74.,55.));
#4690=IFCCARTESIANPOINT((74.,55.));
#4691=IFCCARTESIANPOINT((74.,55.));
#4692=IFCCARTESIANPOINT((50.,55.));
#4693=IFCCARTESIANPOINT((50.,55.));
#4694=IFCCARTESIANPOINT((-55.,11.));
#4695=IFCCARTESIANPOINT((-55.,0.));
#4696=IFCPOLYLINE((#4667,#4668,#4669,#4670,#4671,#4672,#4673,#4674,#4675,#4676,#4677,#4678,#4679,#4680,#4681,#4682,#4683,#4684,#4685,#4686,#4687,#4688,#4689,#4690,#4691,#4692,#4693,#4694,#4695));
#4697=IFCARBITRARYCLOSEDPROFILEDEF(.AREA.,'section',#4696);
#4698=IFCCARTESIANPOINT((0.,0.));
#4699=IFCCARTESIANTRANSFORMATIONOPERATOR2D($,$,#4698,$);
#4700=IFCCARTESIANTRANSFORMATIONOPERATOR2DNONUNIFORM($,$,#4698,1.,1.0009526851633201);
#4701=IFCDERIVEDPROFILEDEF($,$,#4697,#4700,$);
#4702=IFCCARTESIANPOINT((-55.,0.));
#4703=IFCCARTESIANPOINT((300.,0.));
#4704=IFCCARTESIANPOINT((300.,11.));
#4705=IFCCARTESIANPOINT((98.,11.));
#4706=IFCCARTESIANPOINT((95.908299999999997,11.0913));
#4707=IFCCARTESIANPOINT((93.832400000000007,11.364599999999999));
#4708=IFCCARTESIANPOINT((91.788300000000007,11.8178));
#4709=IFCCARTESIANPOINT((89.791499999999999,12.4474));
#4710=IFCCARTESIANPOINT((87.857200000000006,13.2486));
#4711=IFCCARTESIANPOINT((86.,14.215400000000001));
#4712=IFCCARTESIANPOINT((84.234200000000001,15.340400000000001));
#4713=IFCCARTESIANPOINT((82.573099999999997,16.614899999999999));
#4714=IFCCARTESIANPOINT((81.029399999999995,18.029399999999999));
#4715=IFCCARTESIANPOINT((79.614900000000006,19.5731));
#4716=IFCCARTESIANPOINT((78.340400000000002,21.234200000000001));
#4717=IFCCARTESIANPOINT((77.215400000000002,23.));
#4718=IFCCARTESIANPOINT((76.248599999999996,24.857199999999999));
#4719=IFCCARTESIANPOINT((75.447400000000002,26.791499999999999));
#4720=IFCCARTESIANPOINT((74.817800000000005,28.7883));
#4721=IFCCARTESIANPOINT((74.364599999999996,30.8324));
#4722=IFCCARTESIANPOINT((74.091300000000004,32.908299999999997));
#4723=IFCCARTESIANPOINT((74.,35.));
#4724=IFCCARTESIANPOINT((74.,55.));
#4725=IFCCARTESIANPOINT((74.,55.));
#4726=IFCCARTESIANPOINT((74.,55.));
#4727=IFCCARTESIANPOINT((50.,55.));
#4728=IFCCARTESIANPOINT((50.,55.));
#4729=IFCCARTESIANPOINT((-55.,11.));
#4730=IFCCARTESIANPOINT((-55.,0.));
#4731=IFCPOLYLINE((#4702,#4703,#4704,#4705,#4706,#4707,#4708,#4709,#4710,#4711,#4712,#4713,#4714,#4715,#4716,#4717,#4718,#4719,#4720,#4721,#4722,#4723,#4724,#4725,#4726,#4727,#4728,#4729,#4730));
#4732=IFCARBITRARYCLOSEDPROFILEDEF(.AREA.,'section',#4731);
#4733=IFCCARTESIANPOINT((0.,0.));
#4734=IFCCARTESIANTRANSFORMATIONOPERATOR2D($,$,#4733,$);
#4735=IFCCARTESIANTRANSFORMATIONOPERATOR2DNONUNIFORM($,$,#4733,1.,1.0009526851633199);
#4736=IFCDERIVEDPROFILEDEF($,$,#4732,#4735,$);
#4737=IFCCARTESIANPOINT((-55.,0.));
#4738=IFCCARTESIANPOINT((300.,0.));
#4739=IFCCARTESIANPOINT((300.,11.));
#4740=IFCCARTESIANPOINT((98.,11.));
#4741=IFCCARTESIANPOINT((95.908299999999997,11.0913));
#4742=IFCCARTESIANPOINT((93.832400000000007,11.364599999999999));
#4743=IFCCARTESIANPOINT((91.788300000000007,11.8178));
#4744=IFCCARTESIANPOINT((89.791499999999999,12.4474));
#4745=IFCCARTESIANPOINT((87.857200000000006,13.2486));
#4746=IFCCARTESIANPOINT((86.,14.215400000000001));
#4747=IFCCARTESIANPOINT((84.234200000000001,15.340400000000001));
#4748=IFCCARTESIANPOINT((82.573099999999997,16.614899999999999));
#4749=IFCCARTESIANPOINT((81.029399999999995,18.029399999999999));
#4750=IFCCARTESIANPOINT((79.614900000000006,19.5731));
#4751=IFCCARTESIANPOINT((78.340400000000002,21.234200000000001));
#4752=IFCCARTESIANPOINT((77.215400000000002,23.));
#4753=IFCCARTESIANPOINT((76.248599999999996,24.857199999999999));
#4754=IFCCARTESIANPOINT((75.447400000000002,26.791499999999999));
#4755=IFCCARTESIANPOINT((74.817800000000005,28.7883));
#4756=IFCCARTESIANPOINT((74.364599999999996,30.8324));
#4757=IFCCARTESIANPOINT((74.091300000000004,32.908299999999997));
#4758=IFCCARTESIANPOINT((74.,35.));
#4759=IFCCARTESIANPOINT((74.,55.));
#4760=IFCCARTESIANPOINT((74.,55.));
#4761=IFCCARTESIANPOINT((74.,55.));
#4762=IFCCARTESIANPOINT((50.,55.));
#4763=IFCCARTESIANPOINT((50.,55.));
#4764=IFCCARTESIANPOINT((-55.,11.));
#4765=IFCCARTESIANPOINT((-55.,0.));
#4766=IFCPOLYLINE((#4737,#4738,#4739,#4740,#4741,#4742,#4743,#4744,#4745,#4746,#4747,#4748,#4749,#4750,#4751,#4752,#4753,#4754,#4755,#4756,#4757,#4758,#4759,#4760,#4761,#4762,#4763,#4764,#4765));
#4767=IFCARBITRARYCLOSEDPROFILEDEF(.AREA.,'section',#4766);
#4768=IFCCARTESIANPOINT((0.,0.));
#4769=IFCCARTESIANTRANSFORMATIONOPERATOR2D($,$,#4768,$);
#4770=IFCCARTESIANTRANSFORMATIONOPERATOR2DNONUNIFORM($,$,#4768,1.,1.0009526851633199);
#4771=IFCDERIVEDPROFILEDEF($,$,#4767,#4770,$);
#4772=IFCCARTESIANPOINT((-55.,0.));
#4773=IFCCARTESIANPOINT((300.,0.));
#4774=IFCCARTESIANPOINT((300.,11.));
#4775=IFCCARTESIANPOINT((98.,11.));
#4776=IFCCARTESIANPOINT((95.908299999999997,11.0913));
#4777=IFCCARTESIANPOINT((93.832400000000007,11.364599999999999));
#4778=IFCCARTESIANPOINT((91.788300000000007,11.8178));
#4779=IFCCARTESIANPOINT((89.791499999999999,12.4474));
#4780=IFCCARTESIANPOINT((87.857200000000006,13.2486));
#4781=IFCCARTESIANPOINT((86.,14.215400000000001));
#4782=IFCCARTESIANPOINT((84.234200000000001,15.340400000000001));
#4783=IFCCARTESIANPOINT((82.573099999999997,16.614899999999999));
#4784=IFCCARTESIANPOINT((81.029399999999995,18.029399999999999));
#4785=IFCCARTESIANPOINT((79.614900000000006,19.5731));
#4786=IFCCARTESIANPOINT((78.340400000000002,21.234200000000001));
#4787=IFCCARTESIANPOINT((77.215400000000002,23.));
#4788=IFCCARTESIANPOINT((76.248599999999996,24.857199999999999));
#4789=IFCCARTESIANPOINT((75.447400000000002,26.791499999999999));
#4790=IFCCARTESIANPOINT((74.817800000000005,28.7883));
#4791=IFCCARTESIANPOINT((74.364599999999996,30.8324));
#4792=IFCCARTESIANPOINT((74.091300000000004,32.908299999999997));
#4793=IFCCARTESIANPOINT((74.,35.));
#4794=IFCCARTESIANPOINT((74.,55.));
#4795=IFCCARTESIANPOINT((74.,55.));
#4796=IFCCARTESIANPOINT((74.,55.));
#4797=IFCCARTESIANPOINT((50.,55.));
#4798=IFCCARTESIANPOINT((50.,55.));
#4799=IFCCARTESIANPOINT((-55.,11.));
#4800=IFCCARTESIANPOINT((-55.,0.));
#4801=IFCPOLYLINE((#4772,#4773,#4774,#4775,#4776,#4777,#4778,#4779,#4780,#4781,#4782,#4783,#4784,#4785,#4786,#4787,#4788,#4789,#4790,#4791,#4792,#4793,#4794,#4795,#4796,#4797,#4798,#4799,#4800));
#4802=IFCARBITRARYCLOSEDPROFILEDEF(.AREA.,'section',#4801);
#4803=IFCCARTESIANPOINT((0.,0.));
#4804=IFCCARTESIANTRANSFORMATIONOPERATOR2D($,$,#4803,$);
#4805=IFCCARTESIANTRANSFORMATIONOPERATOR2DNONUNIFORM($,$,#4803,1.,1.0009526851633201);
#4806=IFCDERIVEDPROFILEDEF($,$,#4802,#4805,$);
#4807=IFCCARTESIANPOINT((-55.,0.));
#4808=IFCCARTESIANPOINT((300.,0.));
#4809=IFCCARTESIANPOINT((300.,11.));
#4810=IFCCARTESIANPOINT((98.,11.));
#4811=IFCCARTESIANPOINT((95.908299999999997,11.0913));
#4812=IFCCARTESIANPOINT((93.832400000000007,11.364599999999999));
#4813=IFCCARTESIANPOINT((91.788300000000007,11.8178));
#4814=IFCCARTESIANPOINT((89.791499999999999,12.4474));
#4815=IFCCARTESIANPOINT((87.857200000000006,13.2486));
#4816=IFCCARTESIANPOINT((86.,14.215400000000001));
#4817=IFCCARTESIANPOINT((84.234200000000001,15.340400000000001));
#4818=IFCCARTESIANPOINT((82.573099999999997,16.614899999999999));
#4819=IFCCARTESIANPOINT((81.029399999999995,18.029399999999999));
#4820=IFCCARTESIANPOINT((79.614900000000006,19.5731));
#4821=IFCCARTESIANPOINT((78.340400000000002,21.234200000000001));
#4822=IFCCARTESIANPOINT((77.215400000000002,23.));
#4823=IFCCARTESIANPOINT((76.248599999999996,24.857199999999999));
#4824=IFCCARTESIANPOINT((75.447400000000002,26.791499999999999));
#4825=IFCCARTESIANPOINT((74.817800000000005,28.7883));
#4826=IFCCARTESIANPOINT((74.364599999999996,30.8324));
#4827=IFCCARTESIANPOINT((74.091300000000004,32.908299999999997));
#4828=IFCCARTESIANPOINT((74.,35.));
#4829=IFCCARTESIANPOINT((74.,55.));
#4830=IFCCARTESIANPOINT((74.,55.));
#4831=IFCCARTESIANPOINT((74.,55.));
#4832=IFCCARTESIANPOINT((50.,55.));
#4833=IFCCARTESIANPOINT((50.,55.));
#4834=IFCCARTESIANPOINT((-55.,11.));
#4835=IFCCARTESIANPOINT((-55.,0.));
#4836=IFCPOLYLINE((#4807,#4808,#4809,#4810,#4811,#4812,#4813,#4814,#4815,#4816,#4817,#4818,#4819,#4820,#4821,#4822,#4823,#4824,#4825,#4826,#4827,#4828,#4829,#4830,#4831,#4832,#4833,#4834,#4835));
#4837=IFCARBITRARYCLOSEDPROFILEDEF(.AREA.,'section',#4836);
#4838=IFCCARTESIANPOINT((0.,0.));
#4839=IFCCARTESIANTRANSFORMATIONOPERATOR2D($,$,#4838,$);
#4840=IFCCARTESIANTRANSFORMATIONOPERATOR2DNONUNIFORM($,$,#4838,1.,1.0009526851633201);
#4841=IFCDERIVEDPROFILEDEF($,$,#4837,#4840,$);
#4842=IFCCARTESIANPOINT((-55.,0.));
#4843=IFCCARTESIANPOINT((300.,0.));
#4844=IFCCARTESIANPOINT((300.,11.));
#4845=IFCCARTESIANPOINT((98.,11.));
#4846=IFCCARTESIANPOINT((95.908299999999997,11.0913));
#4847=IFCCARTESIANPOINT((93.832400000000007,11.364599999999999));
#4848=IFCCARTESIANPOINT((91.788300000000007,11.8178));
#4849=IFCCARTESIANPOINT((89.791499999999999,12.4474));
#4850=IFCCARTESIANPOINT((87.857200000000006,13.2486));
#4851=IFCCARTESIANPOINT((86.,14.215400000000001));
#4852=IFCCARTESIANPOINT((84.234200000000001,15.340400000000001));
#4853=IFCCARTESIANPOINT((82.573099999999997,16.614899999999999));
#4854=IFCCARTESIANPOINT((81.029399999999995,18.029399999999999));
#4855=IFCCARTESIANPOINT((79.614900000000006,19.5731));
#4856=IFCCARTESIANPOINT((78.340400000000002,21.234200000000001));
#4857=IFCCARTESIANPOINT((77.215400000000002,23.));
#4858=IFCCARTESIANPOINT((76.248599999999996,24.857199999999999));
#4859=IFCCARTESIANPOINT((75.447400000000002,26.791499999999999));
#4860=IFCCARTESIANPOINT((74.817800000000005,28.7883));
#4861=IFCCARTESIANPOINT((74.364599999999996,30.8324));
#4862=IFCCARTESIANPOINT((74.091300000000004,32.908299999999997));
#4863=IFCCARTESIANPOINT((74.,35.));
#4864=IFCCARTESIANPOINT((74.,55.));
#4865=IFCCARTESIANPOINT((74.,55.));
#4866=IFCCARTESIANPOINT((74.,55.));
#4867=IFCCARTESIANPOINT((50.,55.));
#4868=IFCCARTESIANPOINT((50.,55.));
#4869=IFCCARTESIANPOINT((-55.,11.));
#4870=IFCCARTESIANPOINT((-55.,0.));
#4871=IFCPOLYLINE((#4842,#4843,#4844,#4845,#4846,#4847,#4848,#4849,#4850,#4851,#4852,#4853,#4854,#4855,#4856,#4857,#4858,#4859,#4860,#4861,#4862,#4863,#4864,#4865,#4866,#4867,#4868,#4869,#4870));
#4872=IFCARBITRARYCLOSEDPROFILEDEF(.AREA.,'section',#4871);
#4873=IFCCARTESIANPOINT((0.,0.));
#4874=IFCCARTESIANTRANSFORMATIONOPERATOR2D($,$,#4873,$);
#4875=IFCCARTESIANTRANSFORMATIONOPERATOR2DNONUNIFORM($,$,#4873,1.,1.0009526851633199);
#4876=IFCDERIVEDPROFILEDEF($,$,#4872,#4875,$);
#4877=IFCCARTESIANPOINT((-55.,0.));
#4878=IFCCARTESIANPOINT((300.,0.));
#4879=IFCCARTESIANPOINT((300.,11.));
#4880=IFCCARTESIANPOINT((98.,11.));
#4881=IFCCARTESIANPOINT((95.908299999999997,11.0913));
#4882=IFCCARTESIANPOINT((93.832400000000007,11.364599999999999));
#4883=IFCCARTESIANPOINT((91.788300000000007,11.8178));
#4884=IFCCARTESIANPOINT((89.791499999999999,12.4474));
#4885=IFCCARTESIANPOINT((87.857200000000006,13.2486));
#4886=IFCCARTESIANPOINT((86.,14.215400000000001));
#4887=IFCCARTESIANPOINT((84.234200000000001,15.340400000000001));
#4888=IFCCARTESIANPOINT((82.573099999999997,16.614899999999999));
#4889=IFCCARTESIANPOINT((81.029399999999995,18.029399999999999));
#4890=IFCCARTESIANPOINT((79.614900000000006,19.5731));
#4891=IFCCARTESIANPOINT((78.340400000000002,21.234200000000001));
#4892=IFCCARTESIANPOINT((77.215400000000002,23.));
#4893=IFCCARTESIANPOINT((76.248599999999996,24.857199999999999));
#4894=IFCCARTESIANPOINT((75.447400000000002,26.791499999999999));
#4895=IFCCARTESIANPOINT((74.817800000000005,28.7883));
#4896=IFCCARTESIANPOINT((74.364599999999996,30.8324));
#4897=IFCCARTESIANPOINT((74.091300000000004,32.908299999999997));
#4898=IFCCARTESIANPOINT((74.,35.));
#4899=IFCCARTESIANPOINT((74.,55.));
#4900=IFCCARTESIANPOINT((74.,55.));
#4901=IFCCARTESIANPOINT((74.,55.));
#4902=IFCCARTESIANPOINT((50.,55.));
#4903=IFCCARTESIANPOINT((50.,55.));
#4904=IFCCARTESIANPOINT((-55.,11.));
#4905=IFCCARTESIANPOINT((-55.,0.));
#4906=IFCPOLYLINE((#4877,#4878,#4879,#4880,#4881,#4882,#4883,#4884,#4885,#4886,#4887,#4888,#4889,#4890,#4891,#4892,#4893,#4894,#4895,#4896,#4897,#4898,#4899,#4900,#4901,#4902,#4903,#4904,#4905));
#4907=IFCARBITRARYCLOSEDPROFILEDEF(.AREA.,'section',#4906);
#4908=IFCCARTESIANPOINT((0.,0.));
#4909=IFCCARTESIANTRANSFORMATIONOPERATOR2D($,$,#4908,$);
#4910=IFCCARTESIANTRANSFORMATIONOPERATOR2DNONUNIFORM($,$,#4908,1.,1.0009526851633199);
#4911=IFCDERIVEDPROFILEDEF($,$,#4907,#4910,$);
#4912=IFCCARTESIANPOINT((-55.,0.));
#4913=IFCCARTESIANPOINT((300.,0.));
#4914=IFCCARTESIANPOINT((300.,11.));
#4915=IFCCARTESIANPOINT((98.,11.));
#4916=IFCCARTESIANPOINT((95.908299999999997,11.0913));
#4917=IFCCARTESIANPOINT((93.832400000000007,11.364599999999999));
#4918=IFCCARTESIANPOINT((91.788300000000007,11.8178));
#4919=IFCCARTESIANPOINT((89.791499999999999,12.4474));
#4920=IFCCARTESIANPOINT((87.857200000000006,13.2486));
#4921=IFCCARTESIANPOINT((86.,14.215400000000001));
#4922=IFCCARTESIANPOINT((84.234200000000001,15.340400000000001));
#4923=IFCCARTESIANPOINT((82.573099999999997,16.614899999999999));
#4924=IFCCARTESIANPOINT((81.029399999999995,18.029399999999999));
#4925=IFCCARTESIANPOINT((79.614900000000006,19.5731));
#4926=IFCCARTESIANPOINT((78.340400000000002,21.234200000000001));
#4927=IFCCARTESIANPOINT((77.215400000000002,23.));
#4928=IFCCARTESIANPOINT((76.248599999999996,24.857199999999999));
#4929=IFCCARTESIANPOINT((75.447400000000002,26.791499999999999));
#4930=IFCCARTESIANPOINT((74.817800000000005,28.7883));
#4931=IFCCARTESIANPOINT((74.364599999999996,30.8324));
#4932=IFCCARTESIANPOINT((74.091300000000004,32.908299999999997));
#4933=IFCCARTESIANPOINT((74.,35.));
#4934=IFCCARTESIANPOINT((74.,55.));
#4935=IFCCARTESIANPOINT((74.,55.));
#4936=IFCCARTESIANPOINT((74.,55.));
#4937=IFCCARTESIANPOINT((50.,55.));
#4938=IFCCARTESIANPOINT((50.,55.));
#4939=IFCCARTESIANPOINT((-55.,11.));
#4940=IFCCARTESIANPOINT((-55.,0.));
#4941=IFCPOLYLINE((#4912,#4913,#4914,#4915,#4916,#4917,#4918,#4919,#4920,#4921,#4922,#4923,#4924,#4925,#4926,#4927,#4928,#4929,#4930,#4931,#4932,#4933,#4934,#4935,#4936,#4937,#4938,#4939,#4940));
#4942=IFCARBITRARYCLOSEDPROFILEDEF(.AREA.,'section',#4941);
#4943=IFCCARTESIANPOINT((0.,0.));
#4944=IFCCARTESIANTRANSFORMATIONOPERATOR2D($,$,#4943,$);
#4945=IFCCARTESIANTRANSFORMATIONOPERATOR2DNONUNIFORM($,$,#4943,1.,1.0009526851633199);
#4946=IFCDERIVEDPROFILEDEF($,$,#4942,#4945,$);
#4947=IFCCARTESIANPOINT((-55.,0.));
#4948=IFCCARTESIANPOINT((300.,0.));
#4949=IFCCARTESIANPOINT((300.,11.));
#4950=IFCCARTESIANPOINT((98.,11.));
#4951=IFCCARTESIANPOINT((95.908299999999997,11.0913));
#4952=IFCCARTESIANPOINT((93.832400000000007,11.364599999999999));
#4953=IFCCARTESIANPOINT((91.788300000000007,11.8178));
#4954=IFCCARTESIANPOINT((89.791499999999999,12.4474));
#4955=IFCCARTESIANPOINT((87.857200000000006,13.2486));
#4956=IFCCARTESIANPOINT((86.,14.215400000000001));
#4957=IFCCARTESIANPOINT((84.234200000000001,15.340400000000001));
#4958=IFCCARTESIANPOINT((82.573099999999997,16.614899999999999));
#4959=IFCCARTESIANPOINT((81.029399999999995,18.029399999999999));
#4960=IFCCARTESIANPOINT((79.614900000000006,19.5731));
#4961=IFCCARTESIANPOINT((78.340400000000002,21.234200000000001));
#4962=IFCCARTESIANPOINT((77.215400000000002,23.));
#4963=IFCCARTESIANPOINT((76.248599999999996,24.857199999999999));
#4964=IFCCARTESIANPOINT((75.447400000000002,26.791499999999999));
#4965=IFCCARTESIANPOINT((74.817800000000005,28.7883));
#4966=IFCCARTESIANPOINT((74.364599999999996,30.8324));
#4967=IFCCARTESIANPOINT((74.091300000000004,32.908299999999997));
#4968=IFCCARTESIANPOINT((74.,35.));
#4969=IFCCARTESIANPOINT((74.,55.));
#4970=IFCCARTESIANPOINT((74.,55.));
#4971=IFCCARTESIANPOINT((74.,55.));
#4972=IFCCARTESIANPOINT((50.,55.));
#4973=IFCCARTESIANPOINT((50.,55.));
#4974=IFCCARTESIANPOINT((-55.,11.));
#4975=IFCCARTESIANPOINT((-55.,0.));
#4976=IFCPOLYLINE((#4947,#4948,#4949,#4950,#4951,#4952,#4953,#4954,#4955,#4956,#4957,#4958,#4959,#4960,#4961,#4962,#4963,#4964,#4965,#4966,#4967,#4968,#4969,#4970,#4971,#4972,#4973,#4974,#4975));
#4977=IFCARBITRARYCLOSEDPROFILEDEF(.AREA.,'section',#4976);
#4978=IFCCARTESIANPOINT((0.,0.));
#4979=IFCCARTESIANTRANSFORMATIONOPERATOR2D($,$,#4978,$);
#4980=IFCCARTESIANTRANSFORMATIONOPERATOR2DNONUNIFORM($,$,#4978,1.,1.0002380295646816);
#4981=IFCDERIVEDPROFILEDEF($,$,#4977,#4980,$);
#4982=IFCCARTESIANPOINT((-55.,0.));
#4983=IFCCARTESIANPOINT((300.,0.));
#4984=IFCCARTESIANPOINT((300.,11.));
#4985=IFCCARTESIANPOINT((98.,11.));
#4986=IFCCARTESIANPOINT((95.908299999999997,11.0913));
#4987=IFCCARTESIANPOINT((93.832400000000007,11.364599999999999));
#4988=IFCCARTESIANPOINT((91.788300000000007,11.8178));
#4989=IFCCARTESIANPOINT((89.791499999999999,12.4474));
#4990=IFCCARTESIANPOINT((87.857200000000006,13.2486));
#4991=IFCCARTESIANPOINT((86.,14.215400000000001));
#4992=IFCCARTESIANPOINT((84.234200000000001,15.340400000000001));
#4993=IFCCARTESIANPOINT((82.573099999999997,16.614899999999999));
#4994=IFCCARTESIANPOINT((81.029399999999995,18.029399999999999));
#4995=IFCCARTESIANPOINT((79.614900000000006,19.5731));
#4996=IFCCARTESIANPOINT((78.340400000000002,21.234200000000001));
#4997=IFCCARTESIANPOINT((77.215400000000002,23.));
#4998=IFCCARTESIANPOINT((76.248599999999996,24.857199999999999));
#4999=IFCCARTESIANPOINT((75.447400000000002,26.791499999999999));
#5000=IFCCARTESIANPOINT((74.817800000000005,28.7883));
#5001=IFCCARTESIANPOINT((74.364599999999996,30.8324));
#5002=IFCCARTESIANPOINT((74.091300000000004,32.908299999999997));
#5003=IFCCARTESIANPOINT((74.,35.));
#5004=IFCCARTESIANPOINT((74.,55.));
#5005=IFCCARTESIANPOINT((74.,55.));
#5006=IFCCARTESIANPOINT((74.,55.));
#5007=IFCCARTESIANPOINT((50.,55.));
#5008=IFCCARTESIANPOINT((50.,55.));
#5009=IFCCARTESIANPOINT((-55.,11.));
#5010=IFCCARTESIANPOINT((-55.,0.));
#5011=IFCPOLYLINE((#4982,#4983,#4984,#4985,#4986,#4987,#4988,#4989,#4990,#4991,#4992,#4993,#4994,#4995,#4996,#4997,#4998,#4999,#5000,#5001,#5002,#5003,#5004,#5005,#5006,#5007,#5008,#5009,#5010));
#5012=IFCARBITRARYCLOSEDPROFILEDEF(.AREA.,'section',#5011);
#5013=IFCCARTESIANPOINT((0.,0.));
#5014=IFCCARTESIANTRANSFORMATIONOPERATOR2D($,$,#5013,$);
#5015=IFCCARTESIANTRANSFORMATIONOPERATOR2DNONUNIFORM($,$,#5013,1.,1.0002380295646816);
#5016=IFCDERIVEDPROFILEDEF($,$,#5012,#5015,$);
#5017=IFCCARTESIANPOINT((-55.,0.));
#5018=IFCCARTESIANPOINT((300.,0.));
#5019=IFCCARTESIANPOINT((300.,11.));
#5020=IFCCARTESIANPOINT((98.,11.));
#5021=IFCCARTESIANPOINT((95.908299999999997,11.0913));
#5022=IFCCARTESIANPOINT((93.832400000000007,11.364599999999999));
#5023=IFCCARTESIANPOINT((91.788300000000007,11.8178));
#5024=IFCCARTESIANPOINT((89.791499999999999,12.4474));
#5025=IFCCARTESIANPOINT((87.857200000000006,13.2486));
#5026=IFCCARTESIANPOINT((86.,14.215400000000001));
#5027=IFCCARTESIANPOINT((84.234200000000001,15.340400000000001));
#5028=IFCCARTESIANPOINT((82.573099999999997,16.614899999999999));
#5029=IFCCARTESIANPOINT((81.029399999999995,18.029399999999999));
#5030=IFCCARTESIANPOINT((79.614900000000006,19.5731));
#5031=IFCCARTESIANPOINT((78.340400000000002,21.234200000000001));
#5032=IFCCARTESIANPOINT((77.215400000000002,23.));
#5033=IFCCARTESIANPOINT((76.248599999999996,24.857199999999999));
#5034=IFCCARTESIANPOINT((75.447400000000002,26.791499999999999));
#5035=IFCCARTESIANPOINT((74.817800000000005,28.7883));
#5036=IFCCARTESIANPOINT((74.364599999999996,30.8324));
#5037=IFCCARTESIANPOINT((74.091300000000004,32.908299999999997));
#5038=IFCCARTESIANPOINT((74.,35.));
#5039=IFCCARTESIANPOINT((74.,55.));
#5040=IFCCARTESIANPOINT((74.,55.));
#5041=IFCCARTESIANPOINT((74.,55.));
#5042=IFCCARTESIANPOINT((50.,55.));
#5043=IFCCARTESIANPOINT((50.,55.));
#5044=IFCCARTESIANPOINT((-55.,11.));
#5045=IFCCARTESIANPOINT((-55.,0.));
#5046=IFCPOLYLINE((#5017,#5018,#5019,#5020,#5021,#5022,#5023,#5024,#5025,#5026,#5027,#5028,#5029,#5030,#5031,#5032,#5033,#5034,#5035,#5036,#5037,#5038,#5039,#5040,#5041,#5042,#5043,#5044,#5045));
#5047=IFCARBITRARYCLOSEDPROFILEDEF(.AREA.,'section',#5046);
#5048=IFCCARTESIANPOINT((0.,0.));
#5049=IFCCARTESIANTRANSFORMATIONOPERATOR2D($,$,#5048,$);
#5050=IFCCARTESIANTRANSFORMATIONOPERATOR2DNONUNIFORM($,$,#5048,1.,1.0009526851633199);
#5051=IFCDERIVEDPROFILEDEF($,$,#5047,#5050,$);
#5052=IFCCARTESIANPOINT((-55.,0.));
#5053=IFCCARTESIANPOINT((300.,0.));
#5054=IFCCARTESIANPOINT((300.,11.));
#5055=IFCCARTESIANPOINT((98.,11.));
#5056=IFCCARTESIANPOINT((95.908299999999997,11.0913));
#5057=IFCCARTESIANPOINT((93.832400000000007,11.364599999999999));
#5058=IFCCARTESIANPOINT((91.788300000000007,11.8178));
#5059=IFCCARTESIANPOINT((89.791499999999999,12.4474));
#5060=IFCCARTESIANPOINT((87.857200000000006,13.2486));
#5061=IFCCARTESIANPOINT((86.,14.215400000000001));
#5062=IFCCARTESIANPOINT((84.234200000000001,15.340400000000001));
#5063=IFCCARTESIANPOINT((82.573099999999997,16.614899999999999));
#5064=IFCCARTESIANPOINT((81.029399999999995,18.029399999999999));
#5065=IFCCARTESIANPOINT((79.614900000000006,19.5731));
#5066=IFCCARTESIANPOINT((78.340400000000002,21.234200000000001));
#5067=IFCCARTESIANPOINT((77.215400000000002,23.));
#5068=IFCCARTESIANPOINT((76.248599999999996,24.857199999999999));
#5069=IFCCARTESIANPOINT((75.447400000000002,26.791499999999999));
#5070=IFCCARTESIANPOINT((74.817800000000005,28.7883));
#5071=IFCCARTESIANPOINT((74.364599999999996,30.8324));
#5072=IFCCARTESIANPOINT((74.091300000000004,32.908299999999997));
#5073=IFCCARTESIANPOINT((74.,35.));
#5074=IFCCARTESIANPOINT((74.,55.));
#5075=IFCCARTESIANPOINT((74.,55.));
#5076=IFCCARTESIANPOINT((74.,55.));
#5077=IFCCARTESIANPOINT((50.,55.));
#5078=IFCCARTESIANPOINT((50.,55.));
#5079=IFCCARTESIANPOINT((-55.,11.));
#5080=IFCCARTESIANPOINT((-55.,0.));
#5081=IFCPOLYLINE((#5052,#5053,#5054,#5055,#5056,#5057,#5058,#5059,#5060,#5061,#5062,#5063,#5064,#5065,#5066,#5067,#5068,#5069,#5070,#5071,#5072,#5073,#5074,#5075,#5076,#5077,#5078,#5079,#5080));
#5082=IFCARBITRARYCLOSEDPROFILEDEF(.AREA.,'section',#5081);
#5083=IFCCARTESIANPOINT((0.,0.));
#5084=IFCCARTESIANTRANSFORMATIONOPERATOR2D($,$,#5083,$);
#5085=IFCCARTESIANTRANSFORMATIONOPERATOR2DNONUNIFORM($,$,#5083,1.,1.0009526851633199);
#5086=IFCDERIVEDPROFILEDEF($,$,#5082,#5085,$);
#5087=IFCCARTESIANPOINT((-55.,0.));
#5088=IFCCARTESIANPOINT((300.,0.));
#5089=IFCCARTESIANPOINT((300.,11.));
#5090=IFCCARTESIANPOINT((98.,11.));
#5091=IFCCARTESIANPOINT((95.908299999999997,11.0913));
#5092=IFCCARTESIANPOINT((93.832400000000007,11.364599999999999));
#5093=IFCCARTESIANPOINT((91.788300000000007,11.8178));
#5094=IFCCARTESIANPOINT((89.791499999999999,12.4474));
#5095=IFCCARTESIANPOINT((87.857200000000006,13.2486));
#5096=IFCCARTESIANPOINT((86.,14.215400000000001));
#5097=IFCCARTESIANPOINT((84.234200000000001,15.340400000000001));
#5098=IFCCARTESIANPOINT((82.573099999999997,16.614899999999999));
#5099=IFCCARTESIANPOINT((81.029399999999995,18.029399999999999));
#5100=IFCCARTESIANPOINT((79.614900000000006,19.5731));
#5101=IFCCARTESIANPOINT((78.340400000000002,21.234200000000001));
#5102=IFCCARTESIANPOINT((77.215400000000002,23.));
#5103=IFCCARTESIANPOINT((76.248599999999996,24.857199999999999));
#5104=IFCCARTESIANPOINT((75.447400000000002,26.791499999999999));
#5105=IFCCARTESIANPOINT((74.817800000000005,28.7883));
#5106=IFCCARTESIANPOINT((74.364599999999996,30.8324));
#5107=IFCCARTESIANPOINT((74.091300000000004,32.908299999999997));
#5108=IFCCARTESIANPOINT((74.,35.));
#5109=IFCCARTESIANPOINT((74.,55.));
#5110=IFCCARTESIANPOINT((74.,55.));
#5111=IFCCARTESIANPOINT((74.,55.));
#5112=IFCCARTESIANPOINT((50.,55.));
#5113=IFCCARTESIANPOINT((50.,55.));
#5114=IFCCARTESIANPOINT((-55.,11.));
#5115=IFCCARTESIANPOINT((-55.,0.));
#5116=IFCPOLYLINE((#5087,#5088,#5089,#5090,#5091,#5092,#5093,#5094,#5095,#5096,#5097,#5098,#5099,#5100,#5101,#5102,#5103,#5104,#5105,#5106,#5107,#5108,#5109,#5110,#5111,#5112,#5113,#5114,#5115));
#5117=IFCARBITRARYCLOSEDPROFILEDEF(.AREA.,'section',#5116);
#5118=IFCCARTESIANPOINT((0.,0.));
#5119=IFCCARTESIANTRANSFORMATIONOPERATOR2D($,$,#5118,$);
#5120=IFCCARTESIANTRANSFORMATIONOPERATOR2DNONUNIFORM($,$,#5118,1.,1.0009526851633201);
#5121=IFCDERIVEDPROFILEDEF($,$,#5117,#5120,$);
#5122=IFCCARTESIANPOINT((-55.,0.));
#5123=IFCCARTESIANPOINT((300.,0.));
#5124=IFCCARTESIANPOINT((300.,11.));
#5125=IFCCARTESIANPOINT((98.,11.));
#5126=IFCCARTESIANPOINT((95.908299999999997,11.0913));
#5127=IFCCARTESIANPOINT((93.832400000000007,11.364599999999999));
#5128=IFCCARTESIANPOINT((91.788300000000007,11.8178));
#5129=IFCCARTESIANPOINT((89.791499999999999,12.4474));
#5130=IFCCARTESIANPOINT((87.857200000000006,13.2486));
#5131=IFCCARTESIANPOINT((86.,14.215400000000001));
#5132=IFCCARTESIANPOINT((84.234200000000001,15.340400000000001));
#5133=IFCCARTESIANPOINT((82.573099999999997,16.614899999999999));
#5134=IFCCARTESIANPOINT((81.029399999999995,18.029399999999999));
#5135=IFCCARTESIANPOINT((79.614900000000006,19.5731));
#5136=IFCCARTESIANPOINT((78.340400000000002,21.234200000000001));
#5137=IFCCARTESIANPOINT((77.215400000000002,23.));
#5138=IFCCARTESIANPOINT((76.248599999999996,24.857199999999999));
#5139=IFCCARTESIANPOINT((75.447400000000002,26.791499999999999));
#5140=IFCCARTESIANPOINT((74.817800000000005,28.7883));
#5141=IFCCARTESIANPOINT((74.364599999999996,30.8324));
#5142=IFCCARTESIANPOINT((74.091300000000004,32.908299999999997));
#5143=IFCCARTESIANPOINT((74.,35.));
#5144=IFCCARTESIANPOINT((74.,55.));
#5145=IFCCARTESIANPOINT((74.,55.));
#5146=IFCCARTESIANPOINT((74.,55.));
#5147=IFCCARTESIANPOINT((50.,55.));
#5148=IFCCARTESIANPOINT((50.,55.));
#5149=IFCCARTESIANPOINT((-55.,11.));
#5150=IFCCARTESIANPOINT((-55.,0.));
#5151=IFCPOLYLINE((#5122,#5123,#5124,#5125,#5126,#5127,#5128,#5129,#5130,#5131,#5132,#5133,#5134,#5135,#5136,#5137,#5138,#5139,#5140,#5141,#5142,#5143,#5144,#5145,#5146,#5147,#5148,#5149,#5150));
#5152=IFCARBITRARYCLOSEDPROFILEDEF(.AREA.,'section',#5151);
#5153=IFCCARTESIANPOINT((0.,0.));
#5154=IFCCARTESIANTRANSFORMATIONOPERATOR2D($,$,#5153,$);
#5155=IFCCARTESIANTRANSFORMATIONOPERATOR2DNONUNIFORM($,$,#5153,1.,1.0009526851633199);
#5156=IFCDERIVEDPROFILEDEF($,$,#5152,#5155,$);
#5157=IFCCARTESIANPOINT((-55.,0.));
#5158=IFCCARTESIANPOINT((300.,0.));
#5159=IFCCARTESIANPOINT((300.,11.));
#5160=IFCCARTESIANPOINT((98.,11.));
#5161=IFCCARTESIANPOINT((95.908299999999997,11.0913));
#5162=IFCCARTESIANPOINT((93.832400000000007,11.364599999999999));
#5163=IFCCARTESIANPOINT((91.788300000000007,11.8178));
#5164=IFCCARTESIANPOINT((89.791499999999999,12.4474));
#5165=IFCCARTESIANPOINT((87.857200000000006,13.2486));
#5166=IFCCARTESIANPOINT((86.,14.215400000000001));
#5167=IFCCARTESIANPOINT((84.234200000000001,15.340400000000001));
#5168=IFCCARTESIANPOINT((82.573099999999997,16.614899999999999));
#5169=IFCCARTESIANPOINT((81.029399999999995,18.029399999999999));
#5170=IFCCARTESIANPOINT((79.614900000000006,19.5731));
#5171=IFCCARTESIANPOINT((78.340400000000002,21.234200000000001));
#5172=IFCCARTESIANPOINT((77.215400000000002,23.));
#5173=IFCCARTESIANPOINT((76.248599999999996,24.857199999999999));
#5174=IFCCARTESIANPOINT((75.447400000000002,26.791499999999999));
#5175=IFCCARTESIANPOINT((74.817800000000005,28.7883));
#5176=IFCCARTESIANPOINT((74.364599999999996,30.8324));
#5177=IFCCARTESIANPOINT((74.091300000000004,32.908299999999997));
#5178=IFCCARTESIANPOINT((74.,35.));
#5179=IFCCARTESIANPOINT((74.,55.));
#5180=IFCCARTESIANPOINT((74.,55.));
#5181=IFCCARTESIANPOINT((74.,55.));
#5182=IFCCARTESIANPOINT((50.,55.));
#5183=IFCCARTESIANPOINT((50.,55.));
#5184=IFCCARTESIANPOINT((-55.,11.));
#5185=IFCCARTESIANPOINT((-55.,0.));
#5186=IFCPOLYLINE((#5157,#5158,#5159,#5160,#5161,#5162,#5163,#5164,#5165,#5166,#5167,#5168,#5169,#5170,#5171,#5172,#5173,#5174,#5175,#5176,#5177,#5178,#5179,#5180,#5181,#5182,#5183,#5184,#5185));
#5187=IFCARBITRARYCLOSEDPROFILEDEF(.AREA.,'section',#5186);
#5188=IFCCARTESIANPOINT((0.,0.));
#5189=IFCCARTESIANTRANSFORMATIONOPERATOR2D($,$,#5188,$);
#5190=IFCCARTESIANTRANSFORMATIONOPERATOR2DNONUNIFORM($,$,#5188,1.,1.0009526851633201);
#5191=IFCDERIVEDPROFILEDEF($,$,#5187,#5190,$);
#5192=IFCCARTESIANPOINT((-55.,0.));
#5193=IFCCARTESIANPOINT((300.,0.));
#5194=IFCCARTESIANPOINT((300.,11.));
#5195=IFCCARTESIANPOINT((98.,11.));
#5196=IFCCARTESIANPOINT((95.908299999999997,11.0913));
#5197=IFCCARTESIANPOINT((93.832400000000007,11.364599999999999));
#5198=IFCCARTESIANPOINT((91.788300000000007,11.8178));
#5199=IFCCARTESIANPOINT((89.791499999999999,12.4474));
#5200=IFCCARTESIANPOINT((87.857200000000006,13.2486));
#5201=IFCCARTESIANPOINT((86.,14.215400000000001));
#5202=IFCCARTESIANPOINT((84.234200000000001,15.340400000000001));
#5203=IFCCARTESIANPOINT((82.573099999999997,16.614899999999999));
#5204=IFCCARTESIANPOINT((81.029399999999995,18.029399999999999));
#5205=IFCCARTESIANPOINT((79.614900000000006,19.5731));
#5206=IFCCARTESIANPOINT((78.340400000000002,21.234200000000001));
#5207=IFCCARTESIANPOINT((77.215400000000002,23.));
#5208=IFCCARTESIANPOINT((76.248599999999996,24.857199999999999));
#5209=IFCCARTESIANPOINT((75.447400000000002,26.791499999999999));
#5210=IFCCARTESIANPOINT((74.817800000000005,28.7883));
#5211=IFCCARTESIANPOINT((74.364599999999996,30.8324));
#5212=IFCCARTESIANPOINT((74.091300000000004,32.908299999999997));
#5213=IFCCARTESIANPOINT((74.,35.));
#5214=IFCCARTESIANPOINT((74.,55.));
#5215=IFCCARTESIANPOINT((74.,55.));
#5216=IFCCARTESIANPOINT((74.,55.));
#5217=IFCCARTESIANPOINT((50.,55.));
#5218=IFCCARTESIANPOINT((50.,55.));
#5219=IFCCARTESIANPOINT((-55.,11.));
#5220=IFCCARTESIANPOINT((-55.,0.));
#5221=IFCPOLYLINE((#5192,#5193,#5194,#5195,#5196,#5197,#5198,#5199,#5200,#5201,#5202,#5203,#5204,#5205,#5206,#5207,#5208,#5209,#5210,#5211,#5212,#5213,#5214,#5215,#5216,#5217,#5218,#5219,#5220));
#5222=IFCARBITRARYCLOSEDPROFILEDEF(.AREA.,'section',#5221);
#5223=IFCCARTESIANPOINT((0.,0.));
#5224=IFCCARTESIANTRANSFORMATIONOPERATOR2D($,$,#5223,$);
#5225=IFCCARTESIANTRANSFORMATIONOPERATOR2DNONUNIFORM($,$,#5223,1.,1.0009526851633199);
#5226=IFCDERIVEDPROFILEDEF($,$,#5222,#5225,$);
#5227=IFCCARTESIANPOINT((-55.,0.));
#5228=IFCCARTESIANPOINT((300.,0.));
#5229=IFCCARTESIANPOINT((300.,11.));
#5230=IFCCARTESIANPOINT((98.,11.));
#5231=IFCCARTESIANPOINT((95.908299999999997,11.0913));
#5232=IFCCARTESIANPOINT((93.832400000000007,11.364599999999999));
#5233=IFCCARTESIANPOINT((91.788300000000007,11.8178));
#5234=IFCCARTESIANPOINT((89.791499999999999,12.4474));
#5235=IFCCARTESIANPOINT((87.857200000000006,13.2486));
#5236=IFCCARTESIANPOINT((86.,14.215400000000001));
#5237=IFCCARTESIANPOINT((84.234200000000001,15.340400000000001));
#5238=IFCCARTESIANPOINT((82.573099999999997,16.614899999999999));
#5239=IFCCARTESIANPOINT((81.029399999999995,18.029399999999999));
#5240=IFCCARTESIANPOINT((79.614900000000006,19.5731));
#5241=IFCCARTESIANPOINT((78.340400000000002,21.234200000000001));
#5242=IFCCARTESIANPOINT((77.215400000000002,23.));
#5243=IFCCARTESIANPOINT((76.248599999999996,24.857199999999999));
#5244=IFCCARTESIANPOINT((75.447400000000002,26.791499999999999));
#5245=IFCCARTESIANPOINT((74.817800000000005,28.7883));
#5246=IFCCARTESIANPOINT((74.364599999999996,30.8324));
#5247=IFCCARTESIANPOINT((74.091300000000004,32.908299999999997));
#5248=IFCCARTESIANPOINT((74.,35.));
#5249=IFCCARTESIANPOINT((74.,55.));
#5250=IFCCARTESIANPOINT((74.,55.));
#5251=IFCCARTESIANPOINT((74.,55.));
#5252=IFCCARTESIANPOINT((50.,55.));
#5253=IFCCARTESIANPOINT((50.,55.));
#5254=IFCCARTESIANPOINT((-55.,11.));
#5255=IFCCARTESIANPOINT((-55.,0.));
#5256=IFCPOLYLINE((#5227,#5228,#5229,#5230,#5231,#5232,#5233,#5234,#5235,#5236,#5237,#5238,#5239,#5240,#5241,#5242,#5243,#5244,#5245,#5246,#5247,#5248,#5249,#5250,#5251,#5252,#5253,#5254,#5255));
#5257=IFCARBITRARYCLOSEDPROFILEDEF(.AREA.,'section',#5256);
#5258=IFCCARTESIANPOINT((0.,0.));
#5259=IFCCARTESIANTRANSFORMATIONOPERATOR2D($,$,#5258,$);
#5260=IFCCARTESIANTRANSFORMATIONOPERATOR2DNONUNIFORM($,$,#5258,1.,1.0009526851633201);
#5261=IFCDERIVEDPROFILEDEF($,$,#5257,#5260,$);
#5262=IFCCARTESIANPOINT((-55.,0.));
#5263=IFCCARTESIANPOINT((300.,0.));
#5264=IFCCARTESIANPOINT((300.,11.));
#5265=IFCCARTESIANPOINT((98.,11.));
#5266=IFCCARTESIANPOINT((95.908299999999997,11.0913));
#5267=IFCCARTESIANPOINT((93.832400000000007,11.364599999999999));
#5268=IFCCARTESIANPOINT((91.788300000000007,11.8178));
#5269=IFCCARTESIANPOINT((89.791499999999999,12.4474));
#5270=IFCCARTESIANPOINT((87.857200000000006,13.2486));
#5271=IFCCARTESIANPOINT((86.,14.215400000000001));
#5272=IFCCARTESIANPOINT((84.234200000000001,15.340400000000001));
#5273=IFCCARTESIANPOINT((82.573099999999997,16.614899999999999));
#5274=IFCCARTESIANPOINT((81.029399999999995,18.029399999999999));
#5275=IFCCARTESIANPOINT((79.614900000000006,19.5731));
#5276=IFCCARTESIANPOINT((78.340400000000002,21.234200000000001));
#5277=IFCCARTESIANPOINT((77.215400000000002,23.));
#5278=IFCCARTESIANPOINT((76.248599999999996,24.857199999999999));
#5279=IFCCARTESIANPOINT((75.447400000000002,26.791499999999999));
#5280=IFCCARTESIANPOINT((74.817800000000005,28.7883));
#5281=IFCCARTESIANPOINT((74.364599999999996,30.8324));
#5282=IFCCARTESIANPOINT((74.091300000000004,32.908299999999997));
#5283=IFCCARTESIANPOINT((74.,35.));
#5284=IFCCARTESIANPOINT((74.,55.));
#5285=IFCCARTESIANPOINT((74.,55.));
#5286=IFCCARTESIANPOINT((74.,55.));
#5287=IFCCARTESIANPOINT((50.,55.));
#5288=IFCCARTESIANPOINT((50.,55.));
#5289=IFCCARTESIANPOINT((-55.,11.));
#5290=IFCCARTESIANPOINT((-55.,0.));
#5291=IFCPOLYLINE((#5262,#5263,#5264,#5265,#5266,#5267,#5268,#5269,#5270,#5271,#5272,#5273,#5274,#5275,#5276,#5277,#5278,#5279,#5280,#5281,#5282,#5283,#5284,#5285,#5286,#5287,#5288,#5289,#5290));
#5292=IFCARBITRARYCLOSEDPROFILEDEF(.AREA.,'section',#5291);
#5293=IFCCARTESIANPOINT((0.,0.));
#5294=IFCCARTESIANTRANSFORMATIONOPERATOR2D($,$,#5293,$);
#5295=IFCCARTESIANTRANSFORMATIONOPERATOR2DNONUNIFORM($,$,#5293,1.,1.0009526851633201);
#5296=IFCDERIVEDPROFILEDEF($,$,#5292,#5295,$);
#5297=IFCCARTESIANPOINT((-55.,0.));
#5298=IFCCARTESIANPOINT((300.,0.));
#5299=IFCCARTESIANPOINT((300.,11.));
#5300=IFCCARTESIANPOINT((98.,11.));
#5301=IFCCARTESIANPOINT((95.908299999999997,11.0913));
#5302=IFCCARTESIANPOINT((93.832400000000007,11.364599999999999));
#5303=IFCCARTESIANPOINT((91.788300000000007,11.8178));
#5304=IFCCARTESIANPOINT((89.791499999999999,12.4474));
#5305=IFCCARTESIANPOINT((87.857200000000006,13.2486));
#5306=IFCCARTESIANPOINT((86.,14.215400000000001));
#5307=IFCCARTESIANPOINT((84.234200000000001,15.340400000000001));
#5308=IFCCARTESIANPOINT((82.573099999999997,16.614899999999999));
#5309=IFCCARTESIANPOINT((81.029399999999995,18.029399999999999));
#5310=IFCCARTESIANPOINT((79.614900000000006,19.5731));
#5311=IFCCARTESIANPOINT((78.340400000000002,21.234200000000001));
#5312=IFCCARTESIANPOINT((77.215400000000002,23.));
#5313=IFCCARTESIANPOINT((76.248599999999996,24.857199999999999));
#5314=IFCCARTESIANPOINT((75.447400000000002,26.791499999999999));
#5315=IFCCARTESIANPOINT((74.817800000000005,28.7883));
#5316=IFCCARTESIANPOINT((74.364599999999996,30.8324));
#5317=IFCCARTESIANPOINT((74.091300000000004,32.908299999999997));
#5318=IFCCARTESIANPOINT((74.,35.));
#5319=IFCCARTESIANPOINT((74.,55.));
#5320=IFCCARTESIANPOINT((74.,55.));
#5321=IFCCARTESIANPOINT((74.,55.));
#5322=IFCCARTESIANPOINT((50.,55.));
#5323=IFCCARTESIANPOINT((50.,55.));
#5324=IFCCARTESIANPOINT((-55.,11.));
#5325=IFCCARTESIANPOINT((-55.,0.));
#5326=IFCPOLYLINE((#5297,#5298,#5299,#5300,#5301,#5302,#5303,#5304,#5305,#5306,#5307,#5308,#5309,#5310,#5311,#5312,#5313,#5314,#5315,#5316,#5317,#5318,#5319,#5320,#5321,#5322,#5323,#5324,#5325));
#5327=IFCARBITRARYCLOSEDPROFILEDEF(.AREA.,'section',#5326);
#5328=IFCCARTESIANPOINT((0.,0.));
#5329=IFCCARTESIANTRANSFORMATIONOPERATOR2D($,$,#5328,$);
#5330=IFCCARTESIANTRANSFORMATIONOPERATOR2DNONUNIFORM($,$,#5328,1.,1.0009526851633197);
#5331=IFCDERIVEDPROFILEDEF($,$,#5327,#5330,$);
#5332=IFCCARTESIANPOINT((-55.,0.));
#5333=IFCCARTESIANPOINT((300.,0.));
#5334=IFCCARTESIANPOINT((300.,11.));
#5335=IFCCARTESIANPOINT((98.,11.));
#5336=IFCCARTESIANPOINT((95.908299999999997,11.0913));
#5337=IFCCARTESIANPOINT((93.832400000000007,11.364599999999999));
#5338=IFCCARTESIANPOINT((91.788300000000007,11.8178));
#5339=IFCCARTESIANPOINT((89.791499999999999,12.4474));
#5340=IFCCARTESIANPOINT((87.857200000000006,13.2486));
#5341=IFCCARTESIANPOINT((86.,14.215400000000001));
#5342=IFCCARTESIANPOINT((84.234200000000001,15.340400000000001));
#5343=IFCCARTESIANPOINT((82.573099999999997,16.614899999999999));
#5344=IFCCARTESIANPOINT((81.029399999999995,18.029399999999999));
#5345=IFCCARTESIANPOINT((79.614900000000006,19.5731));
#5346=IFCCARTESIANPOINT((78.340400000000002,21.234200000000001));
#5347=IFCCARTESIANPOINT((77.215400000000002,23.));
#5348=IFCCARTESIANPOINT((76.248599999999996,24.857199999999999));
#5349=IFCCARTESIANPOINT((75.447400000000002,26.791499999999999));
#5350=IFCCARTESIANPOINT((74.817800000000005,28.7883));
#5351=IFCCARTESIANPOINT((74.364599999999996,30.8324));
#5352=IFCCARTESIANPOINT((74.091300000000004,32.908299999999997));
#5353=IFCCARTESIANPOINT((74.,35.));
#5354=IFCCARTESIANPOINT((74.,55.));
#5355=IFCCARTESIANPOINT((74.,55.));
#5356=IFCCARTESIANPOINT((74.,55.));
#5357=IFCCARTESIANPOINT((50.,55.));
#5358=IFCCARTESIANPOINT((50.,55.));
#5359=IFCCARTESIANPOINT((-55.,11.));
#5360=IFCCARTESIANPOINT((-55.,0.));
#5361=IFCPOLYLINE((#5332,#5333,#5334,#5335,#5336,#5337,#5338,#5339,#5340,#5341,#5342,#5343,#5344,#5345,#5346,#5347,#5348,#5349,#5350,#5351,#5352,#5353,#5354,#5355,#5356,#5357,#5358,#5359,#5360));
#5362=IFCARBITRARYCLOSEDPROFILEDEF(.AREA.,'section',#5361);
#5363=IFCCARTESIANPOINT((0.,0.));
#5364=IFCCARTESIANTRANSFORMATIONOPERATOR2D($,$,#5363,$);
#5365=IFCCARTESIANTRANSFORMATIONOPERATOR2DNONUNIFORM($,$,#5363,1.,1.0009526851633201);
#5366=IFCDERIVEDPROFILEDEF($,$,#5362,#5365,$);
#5367=IFCCARTESIANPOINT((-55.,0.));
#5368=IFCCARTESIANPOINT((300.,0.));
#5369=IFCCARTESIANPOINT((300.,11.));
#5370=IFCCARTESIANPOINT((98.,11.));
#5371=IFCCARTESIANPOINT((95.908299999999997,11.0913));
#5372=IFCCARTESIANPOINT((93.832400000000007,11.364599999999999));
#5373=IFCCARTESIANPOINT((91.788300000000007,11.8178));
#5374=IFCCARTESIANPOINT((89.791499999999999,12.4474));
#5375=IFCCARTESIANPOINT((87.857200000000006,13.2486));
#5376=IFCCARTESIANPOINT((86.,14.215400000000001));
#5377=IFCCARTESIANPOINT((84.234200000000001,15.340400000000001));
#5378=IFCCARTESIANPOINT((82.573099999999997,16.614899999999999));
#5379=IFCCARTESIANPOINT((81.029399999999995,18.029399999999999));
#5380=IFCCARTESIANPOINT((79.614900000000006,19.5731));
#5381=IFCCARTESIANPOINT((78.340400000000002,21.234200000000001));
#5382=IFCCARTESIANPOINT((77.215400000000002,23.));
#5383=IFCCARTESIANPOINT((76.248599999999996,24.857199999999999));
#5384=IFCCARTESIANPOINT((75.447400000000002,26.791499999999999));
#5385=IFCCARTESIANPOINT((74.817800000000005,28.7883));
#5386=IFCCARTESIANPOINT((74.364599999999996,30.8324));
#5387=IFCCARTESIANPOINT((74.091300000000004,32.908299999999997));
#5388=IFCCARTESIANPOINT((74.,35.));
#5389=IFCCARTESIANPOINT((74.,55.));
#5390=IFCCARTESIANPOINT((74.,55.));
#5391=IFCCARTESIANPOINT((74.,55.));
#5392=IFCCARTESIANPOINT((50.,55.));
#5393=IFCCARTESIANPOINT((50.,55.));
#5394=IFCCARTESIANPOINT((-55.,11.));
#5395=IFCCARTESIANPOINT((-55.,0.));
#5396=IFCPOLYLINE((#5367,#5368,#5369,#5370,#5371,#5372,#5373,#5374,#5375,#5376,#5377,#5378,#5379,#5380,#5381,#5382,#5383,#5384,#5385,#5386,#5387,#5388,#5389,#5390,#5391,#5392,#5393,#5394,#5395));
#5397=IFCARBITRARYCLOSEDPROFILEDEF(.AREA.,'section',#5396);
#5398=IFCCARTESIANPOINT((0.,0.));
#5399=IFCCARTESIANTRANSFORMATIONOPERATOR2D($,$,#5398,$);
#5400=IFCCARTESIANTRANSFORMATIONOPERATOR2DNONUNIFORM($,$,#5398,1.,1.0009526851633201);
#5401=IFCDERIVEDPROFILEDEF($,$,#5397,#5400,$);
#5402=IFCCARTESIANPOINT((-55.,0.));
#5403=IFCCARTESIANPOINT((300.,0.));
#5404=IFCCARTESIANPOINT((300.,11.));
#5405=IFCCARTESIANPOINT((98.,11.));
#5406=IFCCARTESIANPOINT((95.908299999999997,11.0913));
#5407=IFCCARTESIANPOINT((93.832400000000007,11.364599999999999));
#5408=IFCCARTESIANPOINT((91.788300000000007,11.8178));
#5409=IFCCARTESIANPOINT((89.791499999999999,12.4474));
#5410=IFCCARTESIANPOINT((87.857200000000006,13.2486));
#5411=IFCCARTESIANPOINT((86.,14.215400000000001));
#5412=IFCCARTESIANPOINT((84.234200000000001,15.340400000000001));
#5413=IFCCARTESIANPOINT((82.573099999999997,16.614899999999999));
#5414=IFCCARTESIANPOINT((81.029399999999995,18.029399999999999));
#5415=IFCCARTESIANPOINT((79.614900000000006,19.5731));
#5416=IFCCARTESIANPOINT((78.340400000000002,21.234200000000001));
#5417=IFCCARTESIANPOINT((77.215400000000002,23.));
#5418=IFCCARTESIANPOINT((76.248599999999996,24.857199999999999));
#5419=IFCCARTESIANPOINT((75.447400000000002,26.791499999999999));
#5420=IFCCARTESIANPOINT((74.817800000000005,28.7883));
#5421=IFCCARTESIANPOINT((74.364599999999996,30.8324));
#5422=IFCCARTESIANPOINT((74.091300000000004,32.908299999999997));
#5423=IFCCARTESIANPOINT((74.,35.));
#5424=IFCCARTESIANPOINT((74.,55.));
#5425=IFCCARTESIANPOINT((74.,55.));
#5426=IFCCARTESIANPOINT((74.,55.));
#5427=IFCCARTESIANPOINT((50.,55.));
#5428=IFCCARTESIANPOINT((50.,55.));
#5429=IFCCARTESIANPOINT((-55.,11.));
#5430=IFCCARTESIANPOINT((-55.,0.));
#5431=IFCPOLYLINE((#5402,#5403,#5404,#5405,#5406,#5407,#5408,#5409,#5410,#5411,#5412,#5413,#5414,#5415,#5416,#5417,#5418,#5419,#5420,#5421,#5422,#5423,#5424,#5425,#5426,#5427,#5428,#5429,#5430));
#5432=IFCARBITRARYCLOSEDPROFILEDEF(.AREA.,'section',#5431);
#5433=IFCCARTESIANPOINT((0.,0.));
#5434=IFCCARTESIANTRANSFORMATIONOPERATOR2D($,$,#5433,$);
#5435=IFCCARTESIANTRANSFORMATIONOPERATOR2DNONUNIFORM($,$,#5433,1.,1.0009526851633199);
#5436=IFCDERIVEDPROFILEDEF($,$,#5432,#5435,$);
#5437=IFCCARTESIANPOINT((-55.,0.));
#5438=IFCCARTESIANPOINT((300.,0.));
#5439=IFCCARTESIANPOINT((300.,11.));
#5440=IFCCARTESIANPOINT((98.,11.));
#5441=IFCCARTESIANPOINT((95.908299999999997,11.0913));
#5442=IFCCARTESIANPOINT((93.832400000000007,11.364599999999999));
#5443=IFCCARTESIANPOINT((91.788300000000007,11.8178));
#5444=IFCCARTESIANPOINT((89.791499999999999,12.4474));
#5445=IFCCARTESIANPOINT((87.857200000000006,13.2486));
#5446=IFCCARTESIANPOINT((86.,14.215400000000001));
#5447=IFCCARTESIANPOINT((84.234200000000001,15.340400000000001));
#5448=IFCCARTESIANPOINT((82.573099999999997,16.614899999999999));
#5449=IFCCARTESIANPOINT((81.029399999999995,18.029399999999999));
#5450=IFCCARTESIANPOINT((79.614900000000006,19.5731));
#5451=IFCCARTESIANPOINT((78.340400000000002,21.234200000000001));
#5452=IFCCARTESIANPOINT((77.215400000000002,23.));
#5453=IFCCARTESIANPOINT((76.248599999999996,24.857199999999999));
#5454=IFCCARTESIANPOINT((75.447400000000002,26.791499999999999));
#5455=IFCCARTESIANPOINT((74.817800000000005,28.7883));
#5456=IFCCARTESIANPOINT((74.364599999999996,30.8324));
#5457=IFCCARTESIANPOINT((74.091300000000004,32.908299999999997));
#5458=IFCCARTESIANPOINT((74.,35.));
#5459=IFCCARTESIANPOINT((74.,55.));
#5460=IFCCARTESIANPOINT((74.,55.));
#5461=IFCCARTESIANPOINT((74.,55.));
#5462=IFCCARTESIANPOINT((50.,55.));
#5463=IFCCARTESIANPOINT((50.,55.));
#5464=IFCCARTESIANPOINT((-55.,11.));
#5465=IFCCARTESIANPOINT((-55.,0.));
#5466=IFCPOLYLINE((#5437,#5438,#5439,#5440,#5441,#5442,#5443,#5444,#5445,#5446,#5447,#5448,#5449,#5450,#5451,#5452,#5453,#5454,#5455,#5456,#5457,#5458,#5459,#5460,#5461,#5462,#5463,#5464,#5465));
#5467=IFCARBITRARYCLOSEDPROFILEDEF(.AREA.,'section',#5466);
#5468=IFCCARTESIANPOINT((0.,0.));
#5469=IFCCARTESIANTRANSFORMATIONOPERATOR2D($,$,#5468,$);
#5470=IFCCARTESIANTRANSFORMATIONOPERATOR2DNONUNIFORM($,$,#5468,1.,1.0009526851633201);
#5471=IFCDERIVEDPROFILEDEF($,$,#5467,#5470,$);
#5472=IFCCARTESIANPOINT((-55.,0.));
#5473=IFCCARTESIANPOINT((300.,0.));
#5474=IFCCARTESIANPOINT((300.,11.));
#5475=IFCCARTESIANPOINT((98.,11.));
#5476=IFCCARTESIANPOINT((95.908299999999997,11.0913));
#5477=IFCCARTESIANPOINT((93.832400000000007,11.364599999999999));
#5478=IFCCARTESIANPOINT((91.788300000000007,11.8178));
#5479=IFCCARTESIANPOINT((89.791499999999999,12.4474));
#5480=IFCCARTESIANPOINT((87.857200000000006,13.2486));
#5481=IFCCARTESIANPOINT((86.,14.215400000000001));
#5482=IFCCARTESIANPOINT((84.234200000000001,15.340400000000001));
#5483=IFCCARTESIANPOINT((82.573099999999997,16.614899999999999));
#5484=IFCCARTESIANPOINT((81.029399999999995,18.029399999999999));
#5485=IFCCARTESIANPOINT((79.614900000000006,19.5731));
#5486=IFCCARTESIANPOINT((78.340400000000002,21.234200000000001));
#5487=IFCCARTESIANPOINT((77.215400000000002,23.));
#5488=IFCCARTESIANPOINT((76.248599999999996,24.857199999999999));
#5489=IFCCARTESIANPOINT((75.447400000000002,26.791499999999999));
#5490=IFCCARTESIANPOINT((74.817800000000005,28.7883));
#5491=IFCCARTESIANPOINT((74.364599999999996,30.8324));
#5492=IFCCARTESIANPOINT((74.091300000000004,32.908299999999997));
#5493=IFCCARTESIANPOINT((74.,35.));
#5494=IFCCARTESIANPOINT((74.,55.));
#5495=IFCCARTESIANPOINT((74.,55.));
#5496=IFCCARTESIANPOINT((74.,55.));
#5497=IFCCARTESIANPOINT((50.,55.));
#5498=IFCCARTESIANPOINT((50.,55.));
#5499=IFCCARTESIANPOINT((-55.,11.));
#5500=IFCCARTESIANPOINT((-55.,0.));
#5501=IFCPOLYLINE((#5472,#5473,#5474,#5475,#5476,#5477,#5478,#5479,#5480,#5481,#5482,#5483,#5484,#5485,#5486,#5487,#5488,#5489,#5490,#5491,#5492,#5493,#5494,#5495,#5496,#5497,#5498,#5499,#5500));
#5502=IFCARBITRARYCLOSEDPROFILEDEF(.AREA.,'section',#5501);
#5503=IFCCARTESIANPOINT((0.,0.));
#5504=IFCCARTESIANTRANSFORMATIONOPERATOR2D($,$,#5503,$);
#5505=IFCCARTESIANTRANSFORMATIONOPERATOR2DNONUNIFORM($,$,#5503,1.,1.0009526851633201);
#5506=IFCDERIVEDPROFILEDEF($,$,#5502,#5505,$);
#5507=IFCCARTESIANPOINT((-55.,0.));
#5508=IFCCARTESIANPOINT((300.,0.));
#5509=IFCCARTESIANPOINT((300.,11.));
#5510=IFCCARTESIANPOINT((98.,11.));
#5511=IFCCARTESIANPOINT((95.908299999999997,11.0913));
#5512=IFCCARTESIANPOINT((93.832400000000007,11.364599999999999));
#5513=IFCCARTESIANPOINT((91.788300000000007,11.8178));
#5514=IFCCARTESIANPOINT((89.791499999999999,12.4474));
#5515=IFCCARTESIANPOINT((87.857200000000006,13.2486));
#5516=IFCCARTESIANPOINT((86.,14.215400000000001));
#5517=IFCCARTESIANPOINT((84.234200000000001,15.340400000000001));
#5518=IFCCARTESIANPOINT((82.573099999999997,16.614899999999999));
#5519=IFCCARTESIANPOINT((81.029399999999995,18.029399999999999));
#5520=IFCCARTESIANPOINT((79.614900000000006,19.5731));
#5521=IFCCARTESIANPOINT((78.340400000000002,21.234200000000001));
#5522=IFCCARTESIANPOINT((77.215400000000002,23.));
#5523=IFCCARTESIANPOINT((76.248599999999996,24.857199999999999));
#5524=IFCCARTESIANPOINT((75.447400000000002,26.791499999999999));
#5525=IFCCARTESIANPOINT((74.817800000000005,28.7883));
#5526=IFCCARTESIANPOINT((74.364599999999996,30.8324));
#5527=IFCCARTESIANPOINT((74.091300000000004,32.908299999999997));
#5528=IFCCARTESIANPOINT((74.,35.));
#5529=IFCCARTESIANPOINT((74.,55.));
#5530=IFCCARTESIANPOINT((74.,55.));
#5531=IFCCARTESIANPOINT((74.,55.));
#5532=IFCCARTESIANPOINT((50.,55.));
#5533=IFCCARTESIANPOINT((50.,55.));
#5534=IFCCARTESIANPOINT((-55.,11.));
#5535=IFCCARTESIANPOINT((-55.,0.));
#5536=IFCPOLYLINE((#5507,#5508,#5509,#5510,#5511,#5512,#5513,#5514,#5515,#5516,#5517,#5518,#5519,#5520,#5521,#5522,#5523,#5524,#5525,#5526,#5527,#5528,#5529,#5530,#5531,#5532,#5533,#5534,#5535));
#5537=IFCARBITRARYCLOSEDPROFILEDEF(.AREA.,'section',#5536);
#5538=IFCCARTESIANPOINT((0.,0.));
#5539=IFCCARTESIANTRANSFORMATIONOPERATOR2D($,$,#5538,$);
#5540=IFCCARTESIANTRANSFORMATIONOPERATOR2DNONUNIFORM($,$,#5538,1.,1.0009526851633199);
#5541=IFCDERIVEDPROFILEDEF($,$,#5537,#5540,$);
#5542=IFCCARTESIANPOINT((-55.,0.));
#5543=IFCCARTESIANPOINT((300.,0.));
#5544=IFCCARTESIANPOINT((300.,11.));
#5545=IFCCARTESIANPOINT((98.,11.));
#5546=IFCCARTESIANPOINT((95.908299999999997,11.0913));
#5547=IFCCARTESIANPOINT((93.832400000000007,11.364599999999999));
#5548=IFCCARTESIANPOINT((91.788300000000007,11.8178));
#5549=IFCCARTESIANPOINT((89.791499999999999,12.4474));
#5550=IFCCARTESIANPOINT((87.857200000000006,13.2486));
#5551=IFCCARTESIANPOINT((86.,14.215400000000001));
#5552=IFCCARTESIANPOINT((84.234200000000001,15.340400000000001));
#5553=IFCCARTESIANPOINT((82.573099999999997,16.614899999999999));
#5554=IFCCARTESIANPOINT((81.029399999999995,18.029399999999999));
#5555=IFCCARTESIANPOINT((79.614900000000006,19.5731));
#5556=IFCCARTESIANPOINT((78.340400000000002,21.234200000000001));
#5557=IFCCARTESIANPOINT((77.215400000000002,23.));
#5558=IFCCARTESIANPOINT((76.248599999999996,24.857199999999999));
#5559=IFCCARTESIANPOINT((75.447400000000002,26.791499999999999));
#5560=IFCCARTESIANPOINT((74.817800000000005,28.7883));
#5561=IFCCARTESIANPOINT((74.364599999999996,30.8324));
#5562=IFCCARTESIANPOINT((74.091300000000004,32.908299999999997));
#5563=IFCCARTESIANPOINT((74.,35.));
#5564=IFCCARTESIANPOINT((74.,55.));
#5565=IFCCARTESIANPOINT((74.,55.));
#5566=IFCCARTESIANPOINT((74.,55.));
#5567=IFCCARTESIANPOINT((50.,55.));
#5568=IFCCARTESIANPOINT((50.,55.));
#5569=IFCCARTESIANPOINT((-55.,11.));
#5570=IFCCARTESIANPOINT((-55.,0.));
#5571=IFCPOLYLINE((#5542,#5543,#5544,#5545,#5546,#5547,#5548,#5549,#5550,#5551,#5552,#5553,#5554,#5555,#5556,#5557,#5558,#5559,#5560,#5561,#5562,#5563,#5564,#5565,#5566,#5567,#5568,#5569,#5570));
#5572=IFCARBITRARYCLOSEDPROFILEDEF(.AREA.,'section',#5571);
#5573=IFCCARTESIANPOINT((0.,0.));
#5574=IFCCARTESIANTRANSFORMATIONOPERATOR2D($,$,#5573,$);
#5575=IFCCARTESIANTRANSFORMATIONOPERATOR2DNONUNIFORM($,$,#5573,1.,1.0009526851633201);
#5576=IFCDERIVEDPROFILEDEF($,$,#5572,#5575,$);
#5577=IFCCARTESIANPOINT((-55.,0.));
#5578=IFCCARTESIANPOINT((300.,0.));
#5579=IFCCARTESIANPOINT((300.,11.));
#5580=IFCCARTESIANPOINT((98.,11.));
#5581=IFCCARTESIANPOINT((95.908299999999997,11.0913));
#5582=IFCCARTESIANPOINT((93.832400000000007,11.364599999999999));
#5583=IFCCARTESIANPOINT((91.788300000000007,11.8178));
#5584=IFCCARTESIANPOINT((89.791499999999999,12.4474));
#5585=IFCCARTESIANPOINT((87.857200000000006,13.2486));
#5586=IFCCARTESIANPOINT((86.,14.215400000000001));
#5587=IFCCARTESIANPOINT((84.234200000000001,15.340400000000001));
#5588=IFCCARTESIANPOINT((82.573099999999997,16.614899999999999));
#5589=IFCCARTESIANPOINT((81.029399999999995,18.029399999999999));
#5590=IFCCARTESIANPOINT((79.614900000000006,19.5731));
#5591=IFCCARTESIANPOINT((78.340400000000002,21.234200000000001));
#5592=IFCCARTESIANPOINT((77.215400000000002,23.));
#5593=IFCCARTESIANPOINT((76.248599999999996,24.857199999999999));
#5594=IFCCARTESIANPOINT((75.447400000000002,26.791499999999999));
#5595=IFCCARTESIANPOINT((74.817800000000005,28.7883));
#5596=IFCCARTESIANPOINT((74.364599999999996,30.8324));
#5597=IFCCARTESIANPOINT((74.091300000000004,32.908299999999997));
#5598=IFCCARTESIANPOINT((74.,35.));
#5599=IFCCARTESIANPOINT((74.,55.));
#5600=IFCCARTESIANPOINT((74.,55.));
#5601=IFCCARTESIANPOINT((74.,55.));
#5602=IFCCARTESIANPOINT((50.,55.));
#5603=IFCCARTESIANPOINT((50.,55.));
#5604=IFCCARTESIANPOINT((-55.,11.));
#5605=IFCCARTESIANPOINT((-55.,0.));
#5606=IFCPOLYLINE((#5577,#5578,#5579,#5580,#5581,#5582,#5583,#5584,#5585,#5586,#5587,#5588,#5589,#5590,#5591,#5592,#5593,#5594,#5595,#5596,#5597,#5598,#5599,#5600,#5601,#5602,#5603,#5604,#5605));
#5607=IFCARBITRARYCLOSEDPROFILEDEF(.AREA.,'section',#5606);
#5608=IFCCARTESIANPOINT((0.,0.));
#5609=IFCCARTESIANTRANSFORMATIONOPERATOR2D($,$,#5608,$);
#5610=IFCCARTESIANTRANSFORMATIONOPERATOR2DNONUNIFORM($,$,#5608,1.,1.0009526851633197);
#5611=IFCDERIVEDPROFILEDEF($,$,#5607,#5610,$);
#5612=IFCCARTESIANPOINT((-55.,0.));
#5613=IFCCARTESIANPOINT((300.,0.));
#5614=IFCCARTESIANPOINT((300.,11.));
#5615=IFCCARTESIANPOINT((98.,11.));
#5616=IFCCARTESIANPOINT((95.908299999999997,11.0913));
#5617=IFCCARTESIANPOINT((93.832400000000007,11.364599999999999));
#5618=IFCCARTESIANPOINT((91.788300000000007,11.8178));
#5619=IFCCARTESIANPOINT((89.791499999999999,12.4474));
#5620=IFCCARTESIANPOINT((87.857200000000006,13.2486));
#5621=IFCCARTESIANPOINT((86.,14.215400000000001));
#5622=IFCCARTESIANPOINT((84.234200000000001,15.340400000000001));
#5623=IFCCARTESIANPOINT((82.573099999999997,16.614899999999999));
#5624=IFCCARTESIANPOINT((81.029399999999995,18.029399999999999));
#5625=IFCCARTESIANPOINT((79.614900000000006,19.5731));
#5626=IFCCARTESIANPOINT((78.340400000000002,21.234200000000001));
#5627=IFCCARTESIANPOINT((77.215400000000002,23.));
#5628=IFCCARTESIANPOINT((76.248599999999996,24.857199999999999));
#5629=IFCCARTESIANPOINT((75.447400000000002,26.791499999999999));
#5630=IFCCARTESIANPOINT((74.817800000000005,28.7883));
#5631=IFCCARTESIANPOINT((74.364599999999996,30.8324));
#5632=IFCCARTESIANPOINT((74.091300000000004,32.908299999999997));
#5633=IFCCARTESIANPOINT((74.,35.));
#5634=IFCCARTESIANPOINT((74.,55.));
#5635=IFCCARTESIANPOINT((74.,55.));
#5636=IFCCARTESIANPOINT((74.,55.));
#5637=IFCCARTESIANPOINT((50.,55.));
#5638=IFCCARTESIANPOINT((50.,55.));
#5639=IFCCARTESIANPOINT((-55.,11.));
#5640=IFCCARTESIANPOINT((-55.,0.));
#5641=IFCPOLYLINE((#5612,#5613,#5614,#5615,#5616,#5617,#5618,#5619,#5620,#5621,#5622,#5623,#5624,#5625,#5626,#5627,#5628,#5629,#5630,#5631,#5632,#5633,#5634,#5635,#5636,#5637,#5638,#5639,#5640));
#5642=IFCARBITRARYCLOSEDPROFILEDEF(.AREA.,'section',#5641);
#5643=IFCCARTESIANPOINT((0.,0.));
#5644=IFCCARTESIANTRANSFORMATIONOPERATOR2D($,$,#5643,$);
#5645=IFCCARTESIANTRANSFORMATIONOPERATOR2DNONUNIFORM($,$,#5643,1.,1.0002380295646816);
#5646=IFCDERIVEDPROFILEDEF($,$,#5642,#5645,$);
#5647=IFCCARTESIANPOINT((-55.,0.));
#5648=IFCCARTESIANPOINT((300.,0.));
#5649=IFCCARTESIANPOINT((300.,11.));
#5650=IFCCARTESIANPOINT((98.,11.));
#5651=IFCCARTESIANPOINT((95.908299999999997,11.0913));
#5652=IFCCARTESIANPOINT((93.832400000000007,11.364599999999999));
#5653=IFCCARTESIANPOINT((91.788300000000007,11.8178));
#5654=IFCCARTESIANPOINT((89.791499999999999,12.4474));
#5655=IFCCARTESIANPOINT((87.857200000000006,13.2486));
#5656=IFCCARTESIANPOINT((86.,14.215400000000001));
#5657=IFCCARTESIANPOINT((84.234200000000001,15.340400000000001));
#5658=IFCCARTESIANPOINT((82.573099999999997,16.614899999999999));
#5659=IFCCARTESIANPOINT((81.029399999999995,18.029399999999999));
#5660=IFCCARTESIANPOINT((79.614900000000006,19.5731));
#5661=IFCCARTESIANPOINT((78.340400000000002,21.234200000000001));
#5662=IFCCARTESIANPOINT((77.215400000000002,23.));
#5663=IFCCARTESIANPOINT((76.248599999999996,24.857199999999999));
#5664=IFCCARTESIANPOINT((75.447400000000002,26.791499999999999));
#5665=IFCCARTESIANPOINT((74.817800000000005,28.7883));
#5666=IFCCARTESIANPOINT((74.364599999999996,30.8324));
#5667=IFCCARTESIANPOINT((74.091300000000004,32.908299999999997));
#5668=IFCCARTESIANPOINT((74.,35.));
#5669=IFCCARTESIANPOINT((74.,55.));
#5670=IFCCARTESIANPOINT((74.,55.));
#5671=IFCCARTESIANPOINT((74.,55.));
#5672=IFCCARTESIANPOINT((50.,55.));
#5673=IFCCARTESIANPOINT((50.,55.));
#5674=IFCCARTESIANPOINT((-55.,11.));
#5675=IFCCARTESIANPOINT((-55.,0.));
#5676=IFCPOLYLINE((#5647,#5648,#5649,#5650,#5651,#5652,#5653,#5654,#5655,#5656,#5657,#5658,#5659,#5660,#5661,#5662,#5663,#5664,#5665,#5666,#5667,#5668,#5669,#5670,#5671,#5672,#5673,#5674,#5675));
#5677=IFCARBITRARYCLOSEDPROFILEDEF(.AREA.,'section',#5676);
#5678=IFCCARTESIANPOINT((0.,0.));
#5679=IFCCARTESIANTRANSFORMATIONOPERATOR2D($,$,#5678,$);
#5680=IFCCARTESIANTRANSFORMATIONOPERATOR2DNONUNIFORM($,$,#5678,1.,1.0002380295646816);
#5681=IFCDERIVEDPROFILEDEF($,$,#5677,#5680,$);
#5682=IFCCARTESIANPOINT((-55.,0.));
#5683=IFCCARTESIANPOINT((300.,0.));
#5684=IFCCARTESIANPOINT((300.,11.));
#5685=IFCCARTESIANPOINT((98.,11.));
#5686=IFCCARTESIANPOINT((95.908299999999997,11.0913));
#5687=IFCCARTESIANPOINT((93.832400000000007,11.364599999999999));
#5688=IFCCARTESIANPOINT((91.788300000000007,11.8178));
#5689=IFCCARTESIANPOINT((89.791499999999999,12.4474));
#5690=IFCCARTESIANPOINT((87.857200000000006,13.2486));
#5691=IFCCARTESIANPOINT((86.,14.215400000000001));
#5692=IFCCARTESIANPOINT((84.234200000000001,15.340400000000001));
#5693=IFCCARTESIANPOINT((82.573099999999997,16.614899999999999));
#5694=IFCCARTESIANPOINT((81.029399999999995,18.029399999999999));
#5695=IFCCARTESIANPOINT((79.614900000000006,19.5731));
#5696=IFCCARTESIANPOINT((78.340400000000002,21.234200000000001));
#5697=IFCCARTESIANPOINT((77.215400000000002,23.));
#5698=IFCCARTESIANPOINT((76.248599999999996,24.857199999999999));
#5699=IFCCARTESIANPOINT((75.447400000000002,26.791499999999999));
#5700=IFCCARTESIANPOINT((74.817800000000005,28.7883));
#5701=IFCCARTESIANPOINT((74.364599999999996,30.8324));
#5702=IFCCARTESIANPOINT((74.091300000000004,32.908299999999997));
#5703=IFCCARTESIANPOINT((74.,35.));
#5704=IFCCARTESIANPOINT((74.,55.));
#5705=IFCCARTESIANPOINT((74.,55.));
#5706=IFCCARTESIANPOINT((74.,55.));
#5707=IFCCARTESIANPOINT((50.,55.));
#5708=IFCCARTESIANPOINT((50.,55.));
#5709=IFCCARTESIANPOINT((-55.,11.));
#5710=IFCCARTESIANPOINT((-55.,0.));
#5711=IFCPOLYLINE((#5682,#5683,#5684,#5685,#5686,#5687,#5688,#5689,#5690,#5691,#5692,#5693,#5694,#5695,#5696,#5697,#5698,#5699,#5700,#5701,#5702,#5703,#5704,#5705,#5706,#5707,#5708,#5709,#5710));
#5712=IFCARBITRARYCLOSEDPROFILEDEF(.AREA.,'section',#5711);
#5713=IFCCARTESIANPOINT((0.,0.));
#5714=IFCCARTESIANTRANSFORMATIONOPERATOR2D($,$,#5713,$);
#5715=IFCCARTESIANTRANSFORMATIONOPERATOR2DNONUNIFORM($,$,#5713,1.,1.0009526851633197);
#5716=IFCDERIVEDPROFILEDEF($,$,#5712,#5715,$);
#5717=IFCCARTESIANPOINT((-55.,0.));
#5718=IFCCARTESIANPOINT((300.,0.));
#5719=IFCCARTESIANPOINT((300.,11.));
#5720=IFCCARTESIANPOINT((98.,11.));
#5721=IFCCARTESIANPOINT((95.908299999999997,11.0913));
#5722=IFCCARTESIANPOINT((93.832400000000007,11.364599999999999));
#5723=IFCCARTESIANPOINT((91.788300000000007,11.8178));
#5724=IFCCARTESIANPOINT((89.791499999999999,12.4474));
#5725=IFCCARTESIANPOINT((87.857200000000006,13.2486));
#5726=IFCCARTESIANPOINT((86.,14.215400000000001));
#5727=IFCCARTESIANPOINT((84.234200000000001,15.340400000000001));
#5728=IFCCARTESIANPOINT((82.573099999999997,16.614899999999999));
#5729=IFCCARTESIANPOINT((81.029399999999995,18.029399999999999));
#5730=IFCCARTESIANPOINT((79.614900000000006,19.5731));
#5731=IFCCARTESIANPOINT((78.340400000000002,21.234200000000001));
#5732=IFCCARTESIANPOINT((77.215400000000002,23.));
#5733=IFCCARTESIANPOINT((76.248599999999996,24.857199999999999));
#5734=IFCCARTESIANPOINT((75.447400000000002,26.791499999999999));
#5735=IFCCARTESIANPOINT((74.817800000000005,28.7883));
#5736=IFCCARTESIANPOINT((74.364599999999996,30.8324));
#5737=IFCCARTESIANPOINT((74.091300000000004,32.908299999999997));
#5738=IFCCARTESIANPOINT((74.,35.));
#5739=IFCCARTESIANPOINT((74.,55.));
#5740=IFCCARTESIANPOINT((74.,55.));
#5741=IFCCARTESIANPOINT((74.,55.));
#5742=IFCCARTESIANPOINT((50.,55.));
#5743=IFCCARTESIANPOINT((50.,55.));
#5744=IFCCARTESIANPOINT((-55.,11.));
#5745=IFCCARTESIANPOINT((-55.,0.));
#5746=IFCPOLYLINE((#5717,#5718,#5719,#5720,#5721,#5722,#5723,#5724,#5725,#5726,#5727,#5728,#5729,#5730,#5731,#5732,#5733,#5734,#5735,#5736,#5737,#5738,#5739,#5740,#5741,#5742,#5743,#5744,#5745));
#5747=IFCARBITRARYCLOSEDPROFILEDEF(.AREA.,'section',#5746);
#5748=IFCCARTESIANPOINT((0.,0.));
#5749=IFCCARTESIANTRANSFORMATIONOPERATOR2D($,$,#5748,$);
#5750=IFCCARTESIANTRANSFORMATIONOPERATOR2DNONUNIFORM($,$,#5748,1.,1.0009526851633201);
#5751=IFCDERIVEDPROFILEDEF($,$,#5747,#5750,$);
#5752=IFCCARTESIANPOINT((-55.,0.));
#5753=IFCCARTESIANPOINT((300.,0.));
#5754=IFCCARTESIANPOINT((300.,11.));
#5755=IFCCARTESIANPOINT((98.,11.));
#5756=IFCCARTESIANPOINT((95.908299999999997,11.0913));
#5757=IFCCARTESIANPOINT((93.832400000000007,11.364599999999999));
#5758=IFCCARTESIANPOINT((91.788300000000007,11.8178));
#5759=IFCCARTESIANPOINT((89.791499999999999,12.4474));
#5760=IFCCARTESIANPOINT((87.857200000000006,13.2486));
#5761=IFCCARTESIANPOINT((86.,14.215400000000001));
#5762=IFCCARTESIANPOINT((84.234200000000001,15.340400000000001));
#5763=IFCCARTESIANPOINT((82.573099999999997,16.614899999999999));
#5764=IFCCARTESIANPOINT((81.029399999999995,18.029399999999999));
#5765=IFCCARTESIANPOINT((79.614900000000006,19.5731));
#5766=IFCCARTESIANPOINT((78.340400000000002,21.234200000000001));
#5767=IFCCARTESIANPOINT((77.215400000000002,23.));
#5768=IFCCARTESIANPOINT((76.248599999999996,24.857199999999999));
#5769=IFCCARTESIANPOINT((75.447400000000002,26.791499999999999));
#5770=IFCCARTESIANPOINT((74.817800000000005,28.7883));
#5771=IFCCARTESIANPOINT((74.364599999999996,30.8324));
#5772=IFCCARTESIANPOINT((74.091300000000004,32.908299999999997));
#5773=IFCCARTESIANPOINT((74.,35.));
#5774=IFCCARTESIANPOINT((74.,55.));
#5775=IFCCARTESIANPOINT((74.,55.));
#5776=IFCCARTESIANPOINT((74.,55.));
#5777=IFCCARTESIANPOINT((50.,55.));
#5778=IFCCARTESIANPOINT((50.,55.));
#5779=IFCCARTESIANPOINT((-55.,11.));
#5780=IFCCARTESIANPOINT((-55.,0.));
#5781=IFCPOLYLINE((#5752,#5753,#5754,#5755,#5756,#5757,#5758,#5759,#5760,#5761,#5762,#5763,#5764,#5765,#5766,#5767,#5768,#5769,#5770,#5771,#5772,#5773,#5774,#5775,#5776,#5777,#5778,#5779,#5780));
#5782=IFCARBITRARYCLOSEDPROFILEDEF(.AREA.,'section',#5781);
#5783=IFCCARTESIANPOINT((0.,0.));
#5784=IFCCARTESIANTRANSFORMATIONOPERATOR2D($,$,#5783,$);
#5785=IFCCARTESIANTRANSFORMATIONOPERATOR2DNONUNIFORM($,$,#5783,1.,1.0009526851633199);
#5786=IFCDERIVEDPROFILEDEF($,$,#5782,#5785,$);
#5787=IFCCARTESIANPOINT((-55.,0.));
#5788=IFCCARTESIANPOINT((300.,0.));
#5789=IFCCARTESIANPOINT((300.,11.));
#5790=IFCCARTESIANPOINT((98.,11.));
#5791=IFCCARTESIANPOINT((95.908299999999997,11.0913));
#5792=IFCCARTESIANPOINT((93.832400000000007,11.364599999999999));
#5793=IFCCARTESIANPOINT((91.788300000000007,11.8178));
#5794=IFCCARTESIANPOINT((89.791499999999999,12.4474));
#5795=IFCCARTESIANPOINT((87.857200000000006,13.2486));
#5796=IFCCARTESIANPOINT((86.,14.215400000000001));
#5797=IFCCARTESIANPOINT((84.234200000000001,15.340400000000001));
#5798=IFCCARTESIANPOINT((82.573099999999997,16.614899999999999));
#5799=IFCCARTESIANPOINT((81.029399999999995,18.029399999999999));
#5800=IFCCARTESIANPOINT((79.614900000000006,19.5731));
#5801=IFCCARTESIANPOINT((78.340400000000002,21.234200000000001));
#5802=IFCCARTESIANPOINT((77.215400000000002,23.));
#5803=IFCCARTESIANPOINT((76.248599999999996,24.857199999999999));
#5804=IFCCARTESIANPOINT((75.447400000000002,26.791499999999999));
#5805=IFCCARTESIANPOINT((74.817800000000005,28.7883));
#5806=IFCCARTESIANPOINT((74.364599999999996,30.8324));
#5807=IFCCARTESIANPOINT((74.091300000000004,32.908299999999997));
#5808=IFCCARTESIANPOINT((74.,35.));
#5809=IFCCARTESIANPOINT((74.,55.));
#5810=IFCCARTESIANPOINT((74.,55.));
#5811=IFCCARTESIANPOINT((74.,55.));
#5812=IFCCARTESIANPOINT((50.,55.));
#5813=IFCCARTESIANPOINT((50.,55.));
#5814=IFCCARTESIANPOINT((-55.,11.));
#5815=IFCCARTESIANPOINT((-55.,0.));
#5816=IFCPOLYLINE((#5787,#5788,#5789,#5790,#5791,#5792,#5793,#5794,#5795,#5796,#5797,#5798,#5799,#5800,#5801,#5802,#5803,#5804,#5805,#5806,#5807,#5808,#5809,#5810,#5811,#5812,#5813,#5814,#5815));
#5817=IFCARBITRARYCLOSEDPROFILEDEF(.AREA.,'section',#5816);
#5818=IFCCARTESIANPOINT((0.,0.));
#5819=IFCCARTESIANTRANSFORMATIONOPERATOR2D($,$,#5818,$);
#5820=IFCCARTESIANTRANSFORMATIONOPERATOR2DNONUNIFORM($,$,#5818,1.,1.0009526851633199);
#5821=IFCDERIVEDPROFILEDEF($,$,#5817,#5820,$);
#5822=IFCCARTESIANPOINT((-55.,0.));
#5823=IFCCARTESIANPOINT((300.,0.));
#5824=IFCCARTESIANPOINT((300.,11.));
#5825=IFCCARTESIANPOINT((98.,11.));
#5826=IFCCARTESIANPOINT((95.908299999999997,11.0913));
#5827=IFCCARTESIANPOINT((93.832400000000007,11.364599999999999));
#5828=IFCCARTESIANPOINT((91.788300000000007,11.8178));
#5829=IFCCARTESIANPOINT((89.791499999999999,12.4474));
#5830=IFCCARTESIANPOINT((87.857200000000006,13.2486));
#5831=IFCCARTESIANPOINT((86.,14.215400000000001));
#5832=IFCCARTESIANPOINT((84.234200000000001,15.340400000000001));
#5833=IFCCARTESIANPOINT((82.573099999999997,16.614899999999999));
#5834=IFCCARTESIANPOINT((81.029399999999995,18.029399999999999));
#5835=IFCCARTESIANPOINT((79.614900000000006,19.5731));
#5836=IFCCARTESIANPOINT((78.340400000000002,21.234200000000001));
#5837=IFCCARTESIANPOINT((77.215400000000002,23.));
#5838=IFCCARTESIANPOINT((76.248599999999996,24.857199999999999));
#5839=IFCCARTESIANPOINT((75.447400000000002,26.791499999999999));
#5840=IFCCARTESIANPOINT((74.817800000000005,28.7883));
#5841=IFCCARTESIANPOINT((74.364599999999996,30.8324));
#5842=IFCCARTESIANPOINT((74.091300000000004,32.908299999999997));
#5843=IFCCARTESIANPOINT((74.,35.));
#5844=IFCCARTESIANPOINT((74.,55.));
#5845=IFCCARTESIANPOINT((74.,55.));
#5846=IFCCARTESIANPOINT((74.,55.));
#5847=IFCCARTESIANPOINT((50.,55.));
#5848=IFCCARTESIANPOINT((50.,55.));
#5849=IFCCARTESIANPOINT((-55.,11.));
#5850=IFCCARTESIANPOINT((-55.,0.));
#5851=IFCPOLYLINE((#5822,#5823,#5824,#5825,#5826,#5827,#5828,#5829,#5830,#5831,#5832,#5833,#5834,#5835,#5836,#5837,#5838,#5839,#5840,#5841,#5842,#5843,#5844,#5845,#5846,#5847,#5848,#5849,#5850));
#5852=IFCARBITRARYCLOSEDPROFILEDEF(.AREA.,'section',#5851);
#5853=IFCCARTESIANPOINT((0.,0.));
#5854=IFCCARTESIANTRANSFORMATIONOPERATOR2D($,$,#5853,$);
#5855=IFCCARTESIANTRANSFORMATIONOPERATOR2DNONUNIFORM($,$,#5853,1.,1.0009526851633201);
#5856=IFCDERIVEDPROFILEDEF($,$,#5852,#5855,$);
#5857=IFCCARTESIANPOINT((-55.,0.));
#5858=IFCCARTESIANPOINT((300.,0.));
#5859=IFCCARTESIANPOINT((300.,11.));
#5860=IFCCARTESIANPOINT((98.,11.));
#5861=IFCCARTESIANPOINT((95.908299999999997,11.0913));
#5862=IFCCARTESIANPOINT((93.832400000000007,11.364599999999999));
#5863=IFCCARTESIANPOINT((91.788300000000007,11.8178));
#5864=IFCCARTESIANPOINT((89.791499999999999,12.4474));
#5865=IFCCARTESIANPOINT((87.857200000000006,13.2486));
#5866=IFCCARTESIANPOINT((86.,14.215400000000001));
#5867=IFCCARTESIANPOINT((84.234200000000001,15.340400000000001));
#5868=IFCCARTESIANPOINT((82.573099999999997,16.614899999999999));
#5869=IFCCARTESIANPOINT((81.029399999999995,18.029399999999999));
#5870=IFCCARTESIANPOINT((79.614900000000006,19.5731));
#5871=IFCCARTESIANPOINT((78.340400000000002,21.234200000000001));
#5872=IFCCARTESIANPOINT((77.215400000000002,23.));
#5873=IFCCARTESIANPOINT((76.248599999999996,24.857199999999999));
#5874=IFCCARTESIANPOINT((75.447400000000002,26.791499999999999));
#5875=IFCCARTESIANPOINT((74.817800000000005,28.7883));
#5876=IFCCARTESIANPOINT((74.364599999999996,30.8324));
#5877=IFCCARTESIANPOINT((74.091300000000004,32.908299999999997));
#5878=IFCCARTESIANPOINT((74.,35.));
#5879=IFCCARTESIANPOINT((74.,55.));
#5880=IFCCARTESIANPOINT((74.,55.));
#5881=IFCCARTESIANPOINT((74.,55.));
#5882=IFCCARTESIANPOINT((50.,55.));
#5883=IFCCARTESIANPOINT((50.,55.));
#5884=IFCCARTESIANPOINT((-55.,11.));
#5885=IFCCARTESIANPOINT((-55.,0.));
#5886=IFCPOLYLINE((#5857,#5858,#5859,#5860,#5861,#5862,#5863,#5864,#5865,#5866,#5867,#5868,#5869,#5870,#5871,#5872,#5873,#5874,#5875,#5876,#5877,#5878,#5879,#5880,#5881,#5882,#5883,#5884,#5885));
#5887=IFCARBITRARYCLOSEDPROFILEDEF(.AREA.,'section',#5886);
#5888=IFCCARTESIANPOINT((0.,0.));
#5889=IFCCARTESIANTRANSFORMATIONOPERATOR2D($,$,#5888,$);
#5890=IFCCARTESIANTRANSFORMATIONOPERATOR2DNONUNIFORM($,$,#5888,1.,1.0009526851633201);
#5891=IFCDERIVEDPROFILEDEF($,$,#5887,#5890,$);
#5892=IFCCARTESIANPOINT((-55.,0.));
#5893=IFCCARTESIANPOINT((300.,0.));
#5894=IFCCARTESIANPOINT((300.,11.));
#5895=IFCCARTESIANPOINT((98.,11.));
#5896=IFCCARTESIANPOINT((95.908299999999997,11.0913));
#5897=IFCCARTESIANPOINT((93.832400000000007,11.364599999999999));
#5898=IFCCARTESIANPOINT((91.788300000000007,11.8178));
#5899=IFCCARTESIANPOINT((89.791499999999999,12.4474));
#5900=IFCCARTESIANPOINT((87.857200000000006,13.2486));
#5901=IFCCARTESIANPOINT((86.,14.215400000000001));
#5902=IFCCARTESIANPOINT((84.234200000000001,15.340400000000001));
#5903=IFCCARTESIANPOINT((82.573099999999997,16.614899999999999));
#5904=IFCCARTESIANPOINT((81.029399999999995,18.029399999999999));
#5905=IFCCARTESIANPOINT((79.614900000000006,19.5731));
#5906=IFCCARTESIANPOINT((78.340400000000002,21.234200000000001));
#5907=IFCCARTESIANPOINT((77.215400000000002,23.));
#5908=IFCCARTESIANPOINT((76.248599999999996,24.857199999999999));
#5909=IFCCARTESIANPOINT((75.447400000000002,26.791499999999999));
#5910=IFCCARTESIANPOINT((74.817800000000005,28.7883));
#5911=IFCCARTESIANPOINT((74.364599999999996,30.8324));
#5912=IFCCARTESIANPOINT((74.091300000000004,32.908299999999997));
#5913=IFCCARTESIANPOINT((74.,35.));
#5914=IFCCARTESIANPOINT((74.,55.));
#5915=IFCCARTESIANPOINT((74.,55.));
#5916=IFCCARTESIANPOINT((74.,55.));
#5917=IFCCARTESIANPOINT((50.,55.));
#5918=IFCCARTESIANPOINT((50.,55.));
#5919=IFCCARTESIANPOINT((-55.,11.));
#5920=IFCCARTESIANPOINT((-55.,0.));
#5921=IFCPOLYLINE((#5892,#5893,#5894,#5895,#5896,#5897,#5898,#5899,#5900,#5901,#5902,#5903,#5904,#5905,#5906,#5907,#5908,#5909,#5910,#5911,#5912,#5913,#5914,#5915,#5916,#5917,#5918,#5919,#5920));
#5922=IFCARBITRARYCLOSEDPROFILEDEF(.AREA.,'section',#5921);
#5923=IFCCARTESIANPOINT((0.,0.));
#5924=IFCCARTESIANTRANSFORMATIONOPERATOR2D($,$,#5923,$);
#5925=IFCCARTESIANTRANSFORMATIONOPERATOR2DNONUNIFORM($,$,#5923,1.,1.0009526851633197);
#5926=IFCDERIVEDPROFILEDEF($,$,#5922,#5925,$);
#5927=IFCCARTESIANPOINT((-55.,0.));
#5928=IFCCARTESIANPOINT((300.,0.));
#5929=IFCCARTESIANPOINT((300.,11.));
#5930=IFCCARTESIANPOINT((98.,11.));
#5931=IFCCARTESIANPOINT((95.908299999999997,11.0913));
#5932=IFCCARTESIANPOINT((93.832400000000007,11.364599999999999));
#5933=IFCCARTESIANPOINT((91.788300000000007,11.8178));
#5934=IFCCARTESIANPOINT((89.791499999999999,12.4474));
#5935=IFCCARTESIANPOINT((87.857200000000006,13.2486));
#5936=IFCCARTESIANPOINT((86.,14.215400000000001));
#5937=IFCCARTESIANPOINT((84.234200000000001,15.340400000000001));
#5938=IFCCARTESIANPOINT((82.573099999999997,16.614899999999999));
#5939=IFCCARTESIANPOINT((81.029399999999995,18.029399999999999));
#5940=IFCCARTESIANPOINT((79.614900000000006,19.5731));
#5941=IFCCARTESIANPOINT((78.340400000000002,21.234200000000001));
#5942=IFCCARTESIANPOINT((77.215400000000002,23.));
#5943=IFCCARTESIANPOINT((76.248599999999996,24.857199999999999));
#5944=IFCCARTESIANPOINT((75.447400000000002,26.791499999999999));
#5945=IFCCARTESIANPOINT((74.817800000000005,28.7883));
#5946=IFCCARTESIANPOINT((74.364599999999996,30.8324));
#5947=IFCCARTESIANPOINT((74.091300000000004,32.908299999999997));
#5948=IFCCARTESIANPOINT((74.,35.));
#5949=IFCCARTESIANPOINT((74.,55.));
#5950=IFCCARTESIANPOINT((74.,55.));
#5951=IFCCARTESIANPOINT((74.,55.));
#5952=IFCCARTESIANPOINT((50.,55.));
#5953=IFCCARTESIANPOINT((50.,55.));
#5954=IFCCARTESIANPOINT((-55.,11.));
#5955=IFCCARTESIANPOINT((-55.,0.));
#5956=IFCPOLYLINE((#5927,#5928,#5929,#5930,#5931,#5932,#5933,#5934,#5935,#5936,#5937,#5938,#5939,#5940,#5941,#5942,#5943,#5944,#5945,#5946,#5947,#5948,#5949,#5950,#5951,#5952,#5953,#5954,#5955));
#5957=IFCARBITRARYCLOSEDPROFILEDEF(.AREA.,'section',#5956);
#5958=IFCCARTESIANPOINT((0.,0.));
#5959=IFCCARTESIANTRANSFORMATIONOPERATOR2D($,$,#5958,$);
#5960=IFCCARTESIANTRANSFORMATIONOPERATOR2DNONUNIFORM($,$,#5958,1.,1.0009526851633204);
#5961=IFCDERIVEDPROFILEDEF($,$,#5957,#5960,$);
#5962=IFCCARTESIANPOINT((-55.,0.));
#5963=IFCCARTESIANPOINT((300.,0.));
#5964=IFCCARTESIANPOINT((300.,11.));
#5965=IFCCARTESIANPOINT((98.,11.));
#5966=IFCCARTESIANPOINT((95.908299999999997,11.0913));
#5967=IFCCARTESIANPOINT((93.832400000000007,11.364599999999999));
#5968=IFCCARTESIANPOINT((91.788300000000007,11.8178));
#5969=IFCCARTESIANPOINT((89.791499999999999,12.4474));
#5970=IFCCARTESIANPOINT((87.857200000000006,13.2486));
#5971=IFCCARTESIANPOINT((86.,14.215400000000001));
#5972=IFCCARTESIANPOINT((84.234200000000001,15.340400000000001));
#5973=IFCCARTESIANPOINT((82.573099999999997,16.614899999999999));
#5974=IFCCARTESIANPOINT((81.029399999999995,18.029399999999999));
#5975=IFCCARTESIANPOINT((79.614900000000006,19.5731));
#5976=IFCCARTESIANPOINT((78.340400000000002,21.234200000000001));
#5977=IFCCARTESIANPOINT((77.215400000000002,23.));
#5978=IFCCARTESIANPOINT((76.248599999999996,24.857199999999999));
#5979=IFCCARTESIANPOINT((75.447400000000002,26.791499999999999));
#5980=IFCCARTESIANPOINT((74.817800000000005,28.7883));
#5981=IFCCARTESIANPOINT((74.364599999999996,30.8324));
#5982=IFCCARTESIANPOINT((74.091300000000004,32.908299999999997));
#5983=IFCCARTESIANPOINT((74.,35.));
#5984=IFCCARTESIANPOINT((74.,55.));
#5985=IFCCARTESIANPOINT((74.,55.));
#5986=IFCCARTESIANPOINT((74.,55.));
#5987=IFCCARTESIANPOINT((50.,55.));
#5988=IFCCARTESIANPOINT((50.,55.));
#5989=IFCCARTESIANPOINT((-55.,11.));
#5990=IFCCARTESIANPOINT((-55.,0.));
#5991=IFCPOLYLINE((#5962,#5963,#5964,#5965,#5966,#5967,#5968,#5969,#5970,#5971,#5972,#5973,#5974,#5975,#5976,#5977,#5978,#5979,#5980,#5981,#5982,#5983,#5984,#5985,#5986,#5987,#5988,#5989,#5990));
#5992=IFCARBITRARYCLOSEDPROFILEDEF(.AREA.,'section',#5991);
#5993=IFCCARTESIANPOINT((0.,0.));
#5994=IFCCARTESIANTRANSFORMATIONOPERATOR2D($,$,#5993,$);
#5995=IFCCARTESIANTRANSFORMATIONOPERATOR2DNONUNIFORM($,$,#5993,1.,1.0009526851633197);
#5996=IFCDERIVEDPROFILEDEF($,$,#5992,#5995,$);
#5997=IFCCARTESIANPOINT((-55.,0.));
#5998=IFCCARTESIANPOINT((300.,0.));
#5999=IFCCARTESIANPOINT((300.,11.));
#6000=IFCCARTESIANPOINT((98.,11.));
#6001=IFCCARTESIANPOINT((95.908299999999997,11.0913));
#6002=IFCCARTESIANPOINT((93.832400000000007,11.364599999999999));
#6003=IFCCARTESIANPOINT((91.788300000000007,11.8178));
#6004=IFCCARTESIANPOINT((89.791499999999999,12.4474));
#6005=IFCCARTESIANPOINT((87.857200000000006,13.2486));
#6006=IFCCARTESIANPOINT((86.,14.215400000000001));
#6007=IFCCARTESIANPOINT((84.234200000000001,15.340400000000001));
#6008=IFCCARTESIANPOINT((82.573099999999997,16.614899999999999));
#6009=IFCCARTESIANPOINT((81.029399999999995,18.029399999999999));
#6010=IFCCARTESIANPOINT((79.614900000000006,19.5731));
#6011=IFCCARTESIANPOINT((78.340400000000002,21.234200000000001));
#6012=IFCCARTESIANPOINT((77.215400000000002,23.));
#6013=IFCCARTESIANPOINT((76.248599999999996,24.857199999999999));
#6014=IFCCARTESIANPOINT((75.447400000000002,26.791499999999999));
#6015=IFCCARTESIANPOINT((74.817800000000005,28.7883));
#6016=IFCCARTESIANPOINT((74.364599999999996,30.8324));
#6017=IFCCARTESIANPOINT((74.091300000000004,32.908299999999997));
#6018=IFCCARTESIANPOINT((74.,35.));
#6019=IFCCARTESIANPOINT((74.,55.));
#6020=IFCCARTESIANPOINT((74.,55.));
#6021=IFCCARTESIANPOINT((74.,55.));
#6022=IFCCARTESIANPOINT((50.,55.));
#6023=IFCCARTESIANPOINT((50.,55.));
#6024=IFCCARTESIANPOINT((-55.,11.));
#6025=IFCCARTESIANPOINT((-55.,0.));
#6026=IFCPOLYLINE((#5997,#5998,#5999,#6000,#6001,#6002,#6003,#6004,#6005,#6006,#6007,#6008,#6009,#6010,#6011,#6012,#6013,#6014,#6015,#6016,#6017,#6018,#6019,#6020,#6021,#6022,#6023,#6024,#6025));
#6027=IFCARBITRARYCLOSEDPROFILEDEF(.AREA.,'section',#6026);
#6028=IFCCARTESIANPOINT((0.,0.));
#6029=IFCCARTESIANTRANSFORMATIONOPERATOR2D($,$,#6028,$);
#6030=IFCCARTESIANTRANSFORMATIONOPERATOR2DNONUNIFORM($,$,#6028,1.,1.0009526851633201);
#6031=IFCDERIVEDPROFILEDEF($,$,#6027,#6030,$);
#6032=IFCCARTESIANPOINT((-55.,0.));
#6033=IFCCARTESIANPOINT((300.,0.));
#6034=IFCCARTESIANPOINT((300.,11.));
#6035=IFCCARTESIANPOINT((98.,11.));
#6036=IFCCARTESIANPOINT((95.908299999999997,11.0913));
#6037=IFCCARTESIANPOINT((93.832400000000007,11.364599999999999));
#6038=IFCCARTESIANPOINT((91.788300000000007,11.8178));
#6039=IFCCARTESIANPOINT((89.791499999999999,12.4474));
#6040=IFCCARTESIANPOINT((87.857200000000006,13.2486));
#6041=IFCCARTESIANPOINT((86.,14.215400000000001));
#6042=IFCCARTESIANPOINT((84.234200000000001,15.340400000000001));
#6043=IFCCARTESIANPOINT((82.573099999999997,16.614899999999999));
#6044=IFCCARTESIANPOINT((81.029399999999995,18.029399999999999));
#6045=IFCCARTESIANPOINT((79.614900000000006,19.5731));
#6046=IFCCARTESIANPOINT((78.340400000000002,21.234200000000001));
#6047=IFCCARTESIANPOINT((77.215400000000002,23.));
#6048=IFCCARTESIANPOINT((76.248599999999996,24.857199999999999));
#6049=IFCCARTESIANPOINT((75.447400000000002,26.791499999999999));
#6050=IFCCARTESIANPOINT((74.817800000000005,28.7883));
#6051=IFCCARTESIANPOINT((74.364599999999996,30.8324));
#6052=IFCCARTESIANPOINT((74.091300000000004,32.908299999999997));
#6053=IFCCARTESIANPOINT((74.,35.));
#6054=IFCCARTESIANPOINT((74.,55.));
#6055=IFCCARTESIANPOINT((74.,55.));
#6056=IFCCARTESIANPOINT((74.,55.));
#6057=IFCCARTESIANPOINT((50.,55.));
#6058=IFCCARTESIANPOINT((50.,55.));
#6059=IFCCARTESIANPOINT((-55.,11.));
#6060=IFCCARTESIANPOINT((-55.,0.));
#6061=IFCPOLYLINE((#6032,#6033,#6034,#6035,#6036,#6037,#6038,#6039,#6040,#6041,#6042,#6043,#6044,#6045,#6046,#6047,#6048,#6049,#6050,#6051,#6052,#6053,#6054,#6055,#6056,#6057,#6058,#6059,#6060));
#6062=IFCARBITRARYCLOSEDPROFILEDEF(.AREA.,'section',#6061);
#6063=IFCCARTESIANPOINT((0.,0.));
#6064=IFCCARTESIANTRANSFORMATIONOPERATOR2D($,$,#6063,$);
#6065=IFCCARTESIANTRANSFORMATIONOPERATOR2DNONUNIFORM($,$,#6063,1.,1.0009526851633201);
#6066=IFCDERIVEDPROFILEDEF($,$,#6062,#6065,$);
#6067=IFCCARTESIANPOINT((-55.,0.));
#6068=IFCCARTESIANPOINT((300.,0.));
#6069=IFCCARTESIANPOINT((300.,11.));
#6070=IFCCARTESIANPOINT((98.,11.));
#6071=IFCCARTESIANPOINT((95.908299999999997,11.0913));
#6072=IFCCARTESIANPOINT((93.832400000000007,11.364599999999999));
#6073=IFCCARTESIANPOINT((91.788300000000007,11.8178));
#6074=IFCCARTESIANPOINT((89.791499999999999,12.4474));
#6075=IFCCARTESIANPOINT((87.857200000000006,13.2486));
#6076=IFCCARTESIANPOINT((86.,14.215400000000001));
#6077=IFCCARTESIANPOINT((84.234200000000001,15.340400000000001));
#6078=IFCCARTESIANPOINT((82.573099999999997,16.614899999999999));
#6079=IFCCARTESIANPOINT((81.029399999999995,18.029399999999999));
#6080=IFCCARTESIANPOINT((79.614900000000006,19.5731));
#6081=IFCCARTESIANPOINT((78.340400000000002,21.234200000000001));
#6082=IFCCARTESIANPOINT((77.215400000000002,23.));
#6083=IFCCARTESIANPOINT((76.248599999999996,24.857199999999999));
#6084=IFCCARTESIANPOINT((75.447400000000002,26.791499999999999));
#6085=IFCCARTESIANPOINT((74.817800000000005,28.7883));
#6086=IFCCARTESIANPOINT((74.364599999999996,30.8324));
#6087=IFCCARTESIANPOINT((74.091300000000004,32.908299999999997));
#6088=IFCCARTESIANPOINT((74.,35.));
#6089=IFCCARTESIANPOINT((74.,55.));
#6090=IFCCARTESIANPOINT((74.,55.));
#6091=IFCCARTESIANPOINT((74.,55.));
#6092=IFCCARTESIANPOINT((50.,55.));
#6093=IFCCARTESIANPOINT((50.,55.));
#6094=IFCCARTESIANPOINT((-55.,11.));
#6095=IFCCARTESIANPOINT((-55.,0.));
#6096=IFCPOLYLINE((#6067,#6068,#6069,#6070,#6071,#6072,#6073,#6074,#6075,#6076,#6077,#6078,#6079,#6080,#6081,#6082,#6083,#6084,#6085,#6086,#6087,#6088,#6089,#6090,#6091,#6092,#6093,#6094,#6095));
#6097=IFCARBITRARYCLOSEDPROFILEDEF(.AREA.,'section',#6096);
#6098=IFCCARTESIANPOINT((0.,0.));
#6099=IFCCARTESIANTRANSFORMATIONOPERATOR2D($,$,#6098,$);
#6100=IFCCARTESIANTRANSFORMATIONOPERATOR2DNONUNIFORM($,$,#6098,1.,1.0009526851633199);
#6101=IFCDERIVEDPROFILEDEF($,$,#6097,#6100,$);
#6102=IFCCARTESIANPOINT((-55.,0.));
#6103=IFCCARTESIANPOINT((300.,0.));
#6104=IFCCARTESIANPOINT((300.,11.));
#6105=IFCCARTESIANPOINT((98.,11.));
#6106=IFCCARTESIANPOINT((95.908299999999997,11.0913));
#6107=IFCCARTESIANPOINT((93.832400000000007,11.364599999999999));
#6108=IFCCARTESIANPOINT((91.788300000000007,11.8178));
#6109=IFCCARTESIANPOINT((89.791499999999999,12.4474));
#6110=IFCCARTESIANPOINT((87.857200000000006,13.2486));
#6111=IFCCARTESIANPOINT((86.,14.215400000000001));
#6112=IFCCARTESIANPOINT((84.234200000000001,15.340400000000001));
#6113=IFCCARTESIANPOINT((82.573099999999997,16.614899999999999));
#6114=IFCCARTESIANPOINT((81.029399999999995,18.029399999999999));
#6115=IFCCARTESIANPOINT((79.614900000000006,19.5731));
#6116=IFCCARTESIANPOINT((78.340400000000002,21.234200000000001));
#6117=IFCCARTESIANPOINT((77.215400000000002,23.));
#6118=IFCCARTESIANPOINT((76.248599999999996,24.857199999999999));
#6119=IFCCARTESIANPOINT((75.447400000000002,26.791499999999999));
#6120=IFCCARTESIANPOINT((74.817800000000005,28.7883));
#6121=IFCCARTESIANPOINT((74.364599999999996,30.8324));
#6122=IFCCARTESIANPOINT((74.091300000000004,32.908299999999997));
#6123=IFCCARTESIANPOINT((74.,35.));
#6124=IFCCARTESIANPOINT((74.,55.));
#6125=IFCCARTESIANPOINT((74.,55.));
#6126=IFCCARTESIANPOINT((74.,55.));
#6127=IFCCARTESIANPOINT((50.,55.));
#6128=IFCCARTESIANPOINT((50.,55.));
#6129=IFCCARTESIANPOINT((-55.,11.));
#6130=IFCCARTESIANPOINT((-55.,0.));
#6131=IFCPOLYLINE((#6102,#6103,#6104,#6105,#6106,#6107,#6108,#6109,#6110,#6111,#6112,#6113,#6114,#6115,#6116,#6117,#6118,#6119,#6120,#6121,#6122,#6123,#6124,#6125,#6126,#6127,#6128,#6129,#6130));
#6132=IFCARBITRARYCLOSEDPROFILEDEF(.AREA.,'section',#6131);
#6133=IFCCARTESIANPOINT((0.,0.));
#6134=IFCCARTESIANTRANSFORMATIONOPERATOR2D($,$,#6133,$);
#6135=IFCCARTESIANTRANSFORMATIONOPERATOR2DNONUNIFORM($,$,#6133,1.,1.0009526851633201);
#6136=IFCDERIVEDPROFILEDEF($,$,#6132,#6135,$);
#6137=IFCCARTESIANPOINT((-55.,0.));
#6138=IFCCARTESIANPOINT((300.,0.));
#6139=IFCCARTESIANPOINT((300.,11.));
#6140=IFCCARTESIANPOINT((98.,11.));
#6141=IFCCARTESIANPOINT((95.908299999999997,11.0913));
#6142=IFCCARTESIANPOINT((93.832400000000007,11.364599999999999));
#6143=IFCCARTESIANPOINT((91.788300000000007,11.8178));
#6144=IFCCARTESIANPOINT((89.791499999999999,12.4474));
#6145=IFCCARTESIANPOINT((87.857200000000006,13.2486));
#6146=IFCCARTESIANPOINT((86.,14.215400000000001));
#6147=IFCCARTESIANPOINT((84.234200000000001,15.340400000000001));
#6148=IFCCARTESIANPOINT((82.573099999999997,16.614899999999999));
#6149=IFCCARTESIANPOINT((81.029399999999995,18.029399999999999));
#6150=IFCCARTESIANPOINT((79.614900000000006,19.5731));
#6151=IFCCARTESIANPOINT((78.340400000000002,21.234200000000001));
#6152=IFCCARTESIANPOINT((77.215400000000002,23.));
#6153=IFCCARTESIANPOINT((76.248599999999996,24.857199999999999));
#6154=IFCCARTESIANPOINT((75.447400000000002,26.791499999999999));
#6155=IFCCARTESIANPOINT((74.817800000000005,28.7883));
#6156=IFCCARTESIANPOINT((74.364599999999996,30.8324));
#6157=IFCCARTESIANPOINT((74.091300000000004,32.908299999999997));
#6158=IFCCARTESIANPOINT((74.,35.));
#6159=IFCCARTESIANPOINT((74.,55.));
#6160=IFCCARTESIANPOINT((74.,55.));
#6161=IFCCARTESIANPOINT((74.,55.));
#6162=IFCCARTESIANPOINT((50.,55.));
#6163=IFCCARTESIANPOINT((50.,55.));
#6164=IFCCARTESIANPOINT((-55.,11.));
#6165=IFCCARTESIANPOINT((-55.,0.));
#6166=IFCPOLYLINE((#6137,#6138,#6139,#6140,#6141,#6142,#6143,#6144,#6145,#6146,#6147,#6148,#6149,#6150,#6151,#6152,#6153,#6154,#6155,#6156,#6157,#6158,#6159,#6160,#6161,#6162,#6163,#6164,#6165));
#6167=IFCARBITRARYCLOSEDPROFILEDEF(.AREA.,'section',#6166);
#6168=IFCCARTESIANPOINT((0.,0.));
#6169=IFCCARTESIANTRANSFORMATIONOPERATOR2D($,$,#6168,$);
#6170=IFCCARTESIANTRANSFORMATIONOPERATOR2DNONUNIFORM($,$,#6168,1.,1.0009526851633199);
#6171=IFCDERIVEDPROFILEDEF($,$,#6167,#6170,$);
#6172=IFCCARTESIANPOINT((-55.,0.));
#6173=IFCCARTESIANPOINT((300.,0.));
#6174=IFCCARTESIANPOINT((300.,11.));
#6175=IFCCARTESIANPOINT((98.,11.));
#6176=IFCCARTESIANPOINT((95.908299999999997,11.0913));
#6177=IFCCARTESIANPOINT((93.832400000000007,11.364599999999999));
#6178=IFCCARTESIANPOINT((91.788300000000007,11.8178));
#6179=IFCCARTESIANPOINT((89.791499999999999,12.4474));
#6180=IFCCARTESIANPOINT((87.857200000000006,13.2486));
#6181=IFCCARTESIANPOINT((86.,14.215400000000001));
#6182=IFCCARTESIANPOINT((84.234200000000001,15.340400000000001));
#6183=IFCCARTESIANPOINT((82.573099999999997,16.614899999999999));
#6184=IFCCARTESIANPOINT((81.029399999999995,18.029399999999999));
#6185=IFCCARTESIANPOINT((79.614900000000006,19.5731));
#6186=IFCCARTESIANPOINT((78.340400000000002,21.234200000000001));
#6187=IFCCARTESIANPOINT((77.215400000000002,23.));
#6188=IFCCARTESIANPOINT((76.248599999999996,24.857199999999999));
#6189=IFCCARTESIANPOINT((75.447400000000002,26.791499999999999));
#6190=IFCCARTESIANPOINT((74.817800000000005,28.7883));
#6191=IFCCARTESIANPOINT((74.364599999999996,30.8324));
#6192=IFCCARTESIANPOINT((74.091300000000004,32.908299999999997));
#6193=IFCCARTESIANPOINT((74.,35.));
#6194=IFCCARTESIANPOINT((74.,55.));
#6195=IFCCARTESIANPOINT((74.,55.));
#6196=IFCCARTESIANPOINT((74.,55.));
#6197=IFCCARTESIANPOINT((50.,55.));
#6198=IFCCARTESIANPOINT((50.,55.));
#6199=IFCCARTESIANPOINT((-55.,11.));
#6200=IFCCARTESIANPOINT((-55.,0.));
#6201=IFCPOLYLINE((#6172,#6173,#6174,#6175,#6176,#6177,#6178,#6179,#6180,#6181,#6182,#6183,#6184,#6185,#6186,#6187,#6188,#6189,#6190,#6191,#6192,#6193,#6194,#6195,#6196,#6197,#6198,#6199,#6200));
#6202=IFCARBITRARYCLOSEDPROFILEDEF(.AREA.,'section',#6201);
#6203=IFCCARTESIANPOINT((0.,0.));
#6204=IFCCARTESIANTRANSFORMATIONOPERATOR2D($,$,#6203,$);
#6205=IFCCARTESIANTRANSFORMATIONOPERATOR2DNONUNIFORM($,$,#6203,1.,1.0009526851633201);
#6206=IFCDERIVEDPROFILEDEF($,$,#6202,#6205,$);
#6207=IFCCARTESIANPOINT((-55.,0.));
#6208=IFCCARTESIANPOINT((300.,0.));
#6209=IFCCARTESIANPOINT((300.,11.));
#6210=IFCCARTESIANPOINT((98.,11.));
#6211=IFCCARTESIANPOINT((95.908299999999997,11.0913));
#6212=IFCCARTESIANPOINT((93.832400000000007,11.364599999999999));
#6213=IFCCARTESIANPOINT((91.788300000000007,11.8178));
#6214=IFCCARTESIANPOINT((89.791499999999999,12.4474));
#6215=IFCCARTESIANPOINT((87.857200000000006,13.2486));
#6216=IFCCARTESIANPOINT((86.,14.215400000000001));
#6217=IFCCARTESIANPOINT((84.234200000000001,15.340400000000001));
#6218=IFCCARTESIANPOINT((82.573099999999997,16.614899999999999));
#6219=IFCCARTESIANPOINT((81.029399999999995,18.029399999999999));
#6220=IFCCARTESIANPOINT((79.614900000000006,19.5731));
#6221=IFCCARTESIANPOINT((78.340400000000002,21.234200000000001));
#6222=IFCCARTESIANPOINT((77.215400000000002,23.));
#6223=IFCCARTESIANPOINT((76.248599999999996,24.857199999999999));
#6224=IFCCARTESIANPOINT((75.447400000000002,26.791499999999999));
#6225=IFCCARTESIANPOINT((74.817800000000005,28.7883));
#6226=IFCCARTESIANPOINT((74.364599999999996,30.8324));
#6227=IFCCARTESIANPOINT((74.091300000000004,32.908299999999997));
#6228=IFCCARTESIANPOINT((74.,35.));
#6229=IFCCARTESIANPOINT((74.,55.));
#6230=IFCCARTESIANPOINT((74.,55.));
#6231=IFCCARTESIANPOINT((74.,55.));
#6232=IFCCARTESIANPOINT((50.,55.));
#6233=IFCCARTESIANPOINT((50.,55.));
#6234=IFCCARTESIANPOINT((-55.,11.));
#6235=IFCCARTESIANPOINT((-55.,0.));
#6236=IFCPOLYLINE((#6207,#6208,#6209,#6210,#6211,#6212,#6213,#6214,#6215,#6216,#6217,#6218,#6219,#6220,#6221,#6222,#6223,#6224,#6225,#6226,#6227,#6228,#6229,#6230,#6231,#6232,#6233,#6234,#6235));
#6237=IFCARBITRARYCLOSEDPROFILEDEF(.AREA.,'section',#6236);
#6238=IFCCARTESIANPOINT((0.,0.));
#6239=IFCCARTESIANTRANSFORMATIONOPERATOR2D($,$,#6238,$);
#6240=IFCCARTESIANTRANSFORMATIONOPERATOR2DNONUNIFORM($,$,#6238,1.,1.0009526851633199);
#6241=IFCDERIVEDPROFILEDEF($,$,#6237,#6240,$);
#6242=IFCCARTESIANPOINT((-55.,0.));
#6243=IFCCARTESIANPOINT((300.,0.));
#6244=IFCCARTESIANPOINT((300.,11.));
#6245=IFCCARTESIANPOINT((98.,11.));
#6246=IFCCARTESIANPOINT((95.908299999999997,11.0913));
#6247=IFCCARTESIANPOINT((93.832400000000007,11.364599999999999));
#6248=IFCCARTESIANPOINT((91.788300000000007,11.8178));
#6249=IFCCARTESIANPOINT((89.791499999999999,12.4474));
#6250=IFCCARTESIANPOINT((87.857200000000006,13.2486));
#6251=IFCCARTESIANPOINT((86.,14.215400000000001));
#6252=IFCCARTESIANPOINT((84.234200000000001,15.340400000000001));
#6253=IFCCARTESIANPOINT((82.573099999999997,16.614899999999999));
#6254=IFCCARTESIANPOINT((81.029399999999995,18.029399999999999));
#6255=IFCCARTESIANPOINT((79.614900000000006,19.5731));
#6256=IFCCARTESIANPOINT((78.340400000000002,21.234200000000001));
#6257=IFCCARTESIANPOINT((77.215400000000002,23.));
#6258=IFCCARTESIANPOINT((76.248599999999996,24.857199999999999));
#6259=IFCCARTESIANPOINT((75.447400000000002,26.791499999999999));
#6260=IFCCARTESIANPOINT((74.817800000000005,28.7883));
#6261=IFCCARTESIANPOINT((74.364599999999996,30.8324));
#6262=IFCCARTESIANPOINT((74.091300000000004,32.908299999999997));
#6263=IFCCARTESIANPOINT((74.,35.));
#6264=IFCCARTESIANPOINT((74.,55.));
#6265=IFCCARTESIANPOINT((74.,55.));
#6266=IFCCARTESIANPOINT((74.,55.));
#6267=IFCCARTESIANPOINT((50.,55.));
#6268=IFCCARTESIANPOINT((50.,55.));
#6269=IFCCARTESIANPOINT((-55.,11.));
#6270=IFCCARTESIANPOINT((-55.,0.));
#6271=IFCPOLYLINE((#6242,#6243,#6244,#6245,#6246,#6247,#6248,#6249,#6250,#6251,#6252,#6253,#6254,#6255,#6256,#6257,#6258,#6259,#6260,#6261,#6262,#6263,#6264,#6265,#6266,#6267,#6268,#6269,#6270));
#6272=IFCARBITRARYCLOSEDPROFILEDEF(.AREA.,'section',#6271);
#6273=IFCCARTESIANPOINT((0.,0.));
#6274=IFCCARTESIANTRANSFORMATIONOPERATOR2D($,$,#6273,$);
#6275=IFCCARTESIANTRANSFORMATIONOPERATOR2DNONUNIFORM($,$,#6273,1.,1.0009526851633199);
#6276=IFCDERIVEDPROFILEDEF($,$,#6272,#6275,$);
#6277=IFCCARTESIANPOINT((-55.,0.));
#6278=IFCCARTESIANPOINT((300.,0.));
#6279=IFCCARTESIANPOINT((300.,11.));
#6280=IFCCARTESIANPOINT((98.,11.));
#6281=IFCCARTESIANPOINT((95.908299999999997,11.0913));
#6282=IFCCARTESIANPOINT((93.832400000000007,11.364599999999999));
#6283=IFCCARTESIANPOINT((91.788300000000007,11.8178));
#6284=IFCCARTESIANPOINT((89.791499999999999,12.4474));
#6285=IFCCARTESIANPOINT((87.857200000000006,13.2486));
#6286=IFCCARTESIANPOINT((86.,14.215400000000001));
#6287=IFCCARTESIANPOINT((84.234200000000001,15.340400000000001));
#6288=IFCCARTESIANPOINT((82.573099999999997,16.614899999999999));
#6289=IFCCARTESIANPOINT((81.029399999999995,18.029399999999999));
#6290=IFCCARTESIANPOINT((79.614900000000006,19.5731));
#6291=IFCCARTESIANPOINT((78.340400000000002,21.234200000000001));
#6292=IFCCARTESIANPOINT((77.215400000000002,23.));
#6293=IFCCARTESIANPOINT((76.248599999999996,24.857199999999999));
#6294=IFCCARTESIANPOINT((75.447400000000002,26.791499999999999));
#6295=IFCCARTESIANPOINT((74.817800000000005,28.7883));
#6296=IFCCARTESIANPOINT((74.364599999999996,30.8324));
#6297=IFCCARTESIANPOINT((74.091300000000004,32.908299999999997));
#6298=IFCCARTESIANPOINT((74.,35.));
#6299=IFCCARTESIANPOINT((74.,55.));
#6300=IFCCARTESIANPOINT((74.,55.));
#6301=IFCCARTESIANPOINT((74.,55.));
#6302=IFCCARTESIANPOINT((50.,55.));
#6303=IFCCARTESIANPOINT((50.,55.));
#6304=IFCCARTESIANPOINT((-55.,11.));
#6305=IFCCARTESIANPOINT((-55.,0.));
#6306=IFCPOLYLINE((#6277,#6278,#6279,#6280,#6281,#6282,#6283,#6284,#6285,#6286,#6287,#6288,#6289,#6290,#6291,#6292,#6293,#6294,#6295,#6296,#6297,#6298,#6299,#6300,#6301,#6302,#6303,#6304,#6305));
#6307=IFCARBITRARYCLOSEDPROFILEDEF(.AREA.,'section',#6306);
#6308=IFCCARTESIANPOINT((0.,0.));
#6309=IFCCARTESIANTRANSFORMATIONOPERATOR2D($,$,#6308,$);
#6310=IFCCARTESIANTRANSFORMATIONOPERATOR2DNONUNIFORM($,$,#6308,1.,1.0002380295646816);
#6311=IFCDERIVEDPROFILEDEF($,$,#6307,#6310,$);
#6312=IFCCARTESIANPOINT((-55.,0.));
#6313=IFCCARTESIANPOINT((300.,0.));
#6314=IFCCARTESIANPOINT((300.,11.));
#6315=IFCCARTESIANPOINT((98.,11.));
#6316=IFCCARTESIANPOINT((95.908299999999997,11.0913));
#6317=IFCCARTESIANPOINT((93.832400000000007,11.364599999999999));
#6318=IFCCARTESIANPOINT((91.788300000000007,11.8178));
#6319=IFCCARTESIANPOINT((89.791499999999999,12.4474));
#6320=IFCCARTESIANPOINT((87.857200000000006,13.2486));
#6321=IFCCARTESIANPOINT((86.,14.215400000000001));
#6322=IFCCARTESIANPOINT((84.234200000000001,15.340400000000001));
#6323=IFCCARTESIANPOINT((82.573099999999997,16.614899999999999));
#6324=IFCCARTESIANPOINT((81.029399999999995,18.029399999999999));
#6325=IFCCARTESIANPOINT((79.614900000000006,19.5731));
#6326=IFCCARTESIANPOINT((78.340400000000002,21.234200000000001));
#6327=IFCCARTESIANPOINT((77.215400000000002,23.));
#6328=IFCCARTESIANPOINT((76.248599999999996,24.857199999999999));
#6329=IFCCARTESIANPOINT((75.447400000000002,26.791499999999999));
#6330=IFCCARTESIANPOINT((74.817800000000005,28.7883));
#6331=IFCCARTESIANPOINT((74.364599999999996,30.8324));
#6332=IFCCARTESIANPOINT((74.091300000000004,32.908299999999997));
#6333=IFCCARTESIANPOINT((74.,35.));
#6334=IFCCARTESIANPOINT((74.,55.));
#6335=IFCCARTESIANPOINT((74.,55.));
#6336=IFCCARTESIANPOINT((74.,55.));
#6337=IFCCARTESIANPOINT((50.,55.));
#6338=IFCCARTESIANPOINT((50.,55.));
#6339=IFCCARTESIANPOINT((-55.,11.));
#6340=IFCCARTESIANPOINT((-55.,0.));
#6341=IFCPOLYLINE((#6312,#6313,#6314,#6315,#6316,#6317,#6318,#6319,#6320,#6321,#6322,#6323,#6324,#6325,#6326,#6327,#6328,#6329,#6330,#6331,#6332,#6333,#6334,#6335,#6336,#6337,#6338,#6339,#6340));
#6342=IFCARBITRARYCLOSEDPROFILEDEF(.AREA.,'section',#6341);
#6343=IFCCARTESIANPOINT((0.,0.));
#6344=IFCCARTESIANTRANSFORMATIONOPERATOR2D($,$,#6343,$);
#6345=IFCCARTESIANTRANSFORMATIONOPERATOR2DNONUNIFORM($,$,#6343,1.,1.0002380295646816);
#6346=IFCDERIVEDPROFILEDEF($,$,#6342,#6345,$);
#6347=IFCCARTESIANPOINT((-55.,0.));
#6348=IFCCARTESIANPOINT((300.,0.));
#6349=IFCCARTESIANPOINT((300.,11.));
#6350=IFCCARTESIANPOINT((98.,11.));
#6351=IFCCARTESIANPOINT((95.908299999999997,11.0913));
#6352=IFCCARTESIANPOINT((93.832400000000007,11.364599999999999));
#6353=IFCCARTESIANPOINT((91.788300000000007,11.8178));
#6354=IFCCARTESIANPOINT((89.791499999999999,12.4474));
#6355=IFCCARTESIANPOINT((87.857200000000006,13.2486));
#6356=IFCCARTESIANPOINT((86.,14.215400000000001));
#6357=IFCCARTESIANPOINT((84.234200000000001,15.340400000000001));
#6358=IFCCARTESIANPOINT((82.573099999999997,16.614899999999999));
#6359=IFCCARTESIANPOINT((81.029399999999995,18.029399999999999));
#6360=IFCCARTESIANPOINT((79.614900000000006,19.5731));
#6361=IFCCARTESIANPOINT((78.340400000000002,21.234200000000001));
#6362=IFCCARTESIANPOINT((77.215400000000002,23.));
#6363=IFCCARTESIANPOINT((76.248599999999996,24.857199999999999));
#6364=IFCCARTESIANPOINT((75.447400000000002,26.791499999999999));
#6365=IFCCARTESIANPOINT((74.817800000000005,28.7883));
#6366=IFCCARTESIANPOINT((74.364599999999996,30.8324));
#6367=IFCCARTESIANPOINT((74.091300000000004,32.908299999999997));
#6368=IFCCARTESIANPOINT((74.,35.));
#6369=IFCCARTESIANPOINT((74.,55.));
#6370=IFCCARTESIANPOINT((74.,55.));
#6371=IFCCARTESIANPOINT((74.,55.));
#6372=IFCCARTESIANPOINT((50.,55.));
#6373=IFCCARTESIANPOINT((50.,55.));
#6374=IFCCARTESIANPOINT((-55.,11.));
#6375=IFCCARTESIANPOINT((-55.,0.));
#6376=IFCPOLYLINE((#6347,#6348,#6349,#6350,#6351,#6352,#6353,#6354,#6355,#6356,#6357,#6358,#6359,#6360,#6361,#6362,#6363,#6364,#6365,#6366,#6367,#6368,#6369,#6370,#6371,#6372,#6373,#6374,#6375));
#6377=IFCARBITRARYCLOSEDPROFILEDEF(.AREA.,'section',#6376);
#6378=IFCCARTESIANPOINT((0.,0.));
#6379=IFCCARTESIANTRANSFORMATIONOPERATOR2D($,$,#6378,$);
#6380=IFCCARTESIANTRANSFORMATIONOPERATOR2DNONUNIFORM($,$,#6378,1.,1.0009526851633199);
#6381=IFCDERIVEDPROFILEDEF($,$,#6377,#6380,$);
#6382=IFCCARTESIANPOINT((-55.,0.));
#6383=IFCCARTESIANPOINT((300.,0.));
#6384=IFCCARTESIANPOINT((300.,11.));
#6385=IFCCARTESIANPOINT((98.,11.));
#6386=IFCCARTESIANPOINT((95.908299999999997,11.0913));
#6387=IFCCARTESIANPOINT((93.832400000000007,11.364599999999999));
#6388=IFCCARTESIANPOINT((91.788300000000007,11.8178));
#6389=IFCCARTESIANPOINT((89.791499999999999,12.4474));
#6390=IFCCARTESIANPOINT((87.857200000000006,13.2486));
#6391=IFCCARTESIANPOINT((86.,14.215400000000001));
#6392=IFCCARTESIANPOINT((84.234200000000001,15.340400000000001));
#6393=IFCCARTESIANPOINT((82.573099999999997,16.614899999999999));
#6394=IFCCARTESIANPOINT((81.029399999999995,18.029399999999999));
#6395=IFCCARTESIANPOINT((79.614900000000006,19.5731));
#6396=IFCCARTESIANPOINT((78.340400000000002,21.234200000000001));
#6397=IFCCARTESIANPOINT((77.215400000000002,23.));
#6398=IFCCARTESIANPOINT((76.248599999999996,24.857199999999999));
#6399=IFCCARTESIANPOINT((75.447400000000002,26.791499999999999));
#6400=IFCCARTESIANPOINT((74.817800000000005,28.7883));
#6401=IFCCARTESIANPOINT((74.364599999999996,30.8324));
#6402=IFCCARTESIANPOINT((74.091300000000004,32.908299999999997));
#6403=IFCCARTESIANPOINT((74.,35.));
#6404=IFCCARTESIANPOINT((74.,55.));
#6405=IFCCARTESIANPOINT((74.,55.));
#6406=IFCCARTESIANPOINT((74.,55.));
#6407=IFCCARTESIANPOINT((50.,55.));
#6408=IFCCARTESIANPOINT((50.,55.));
#6409=IFCCARTESIANPOINT((-55.,11.));
#6410=IFCCARTESIANPOINT((-55.,0.));
#6411=IFCPOLYLINE((#6382,#6383,#6384,#6385,#6386,#6387,#6388,#6389,#6390,#6391,#6392,#6393,#6394,#6395,#6396,#6397,#6398,#6399,#6400,#6401,#6402,#6403,#6404,#6405,#6406,#6407,#6408,#6409,#6410));
#6412=IFCARBITRARYCLOSEDPROFILEDEF(.AREA.,'section',#6411);
#6413=IFCCARTESIANPOINT((0.,0.));
#6414=IFCCARTESIANTRANSFORMATIONOPERATOR2D($,$,#6413,$);
#6415=IFCCARTESIANTRANSFORMATIONOPERATOR2DNONUNIFORM($,$,#6413,1.,1.0009526851633199);
#6416=IFCDERIVEDPROFILEDEF($,$,#6412,#6415,$);
#6417=IFCCARTESIANPOINT((-55.,0.));
#6418=IFCCARTESIANPOINT((300.,0.));
#6419=IFCCARTESIANPOINT((300.,11.));
#6420=IFCCARTESIANPOINT((98.,11.));
#6421=IFCCARTESIANPOINT((95.908299999999997,11.0913));
#6422=IFCCARTESIANPOINT((93.832400000000007,11.364599999999999));
#6423=IFCCARTESIANPOINT((91.788300000000007,11.8178));
#6424=IFCCARTESIANPOINT((89.791499999999999,12.4474));
#6425=IFCCARTESIANPOINT((87.857200000000006,13.2486));
#6426=IFCCARTESIANPOINT((86.,14.215400000000001));
#6427=IFCCARTESIANPOINT((84.234200000000001,15.340400000000001));
#6428=IFCCARTESIANPOINT((82.573099999999997,16.614899999999999));
#6429=IFCCARTESIANPOINT((81.029399999999995,18.029399999999999));
#6430=IFCCARTESIANPOINT((79.614900000000006,19.5731));
#6431=IFCCARTESIANPOINT((78.340400000000002,21.234200000000001));
#6432=IFCCARTESIANPOINT((77.215400000000002,23.));
#6433=IFCCARTESIANPOINT((76.248599999999996,24.857199999999999));
#6434=IFCCARTESIANPOINT((75.447400000000002,26.791499999999999));
#6435=IFCCARTESIANPOINT((74.817800000000005,28.7883));
#6436=IFCCARTESIANPOINT((74.364599999999996,30.8324));
#6437=IFCCARTESIANPOINT((74.091300000000004,32.908299999999997));
#6438=IFCCARTESIANPOINT((74.,35.));
#6439=IFCCARTESIANPOINT((74.,55.));
#6440=IFCCARTESIANPOINT((74.,55.));
#6441=IFCCARTESIANPOINT((74.,55.));
#6442=IFCCARTESIANPOINT((50.,55.));
#6443=IFCCARTESIANPOINT((50.,55.));
#6444=IFCCARTESIANPOINT((-55.,11.));
#6445=IFCCARTESIANPOINT((-55.,0.));
#6446=IFCPOLYLINE((#6417,#6418,#6419,#6420,#6421,#6422,#6423,#6424,#6425,#6426,#6427,#6428,#6429,#6430,#6431,#6432,#6433,#6434,#6435,#6436,#6437,#6438,#6439,#6440,#6441,#6442,#6443,#6444,#6445));
#6447=IFCARBITRARYCLOSEDPROFILEDEF(.AREA.,'section',#6446);
#6448=IFCCARTESIANPOINT((0.,0.));
#6449=IFCCARTESIANTRANSFORMATIONOPERATOR2D($,$,#6448,$);
#6450=IFCCARTESIANTRANSFORMATIONOPERATOR2DNONUNIFORM($,$,#6448,1.,1.0009526851633201);
#6451=IFCDERIVEDPROFILEDEF($,$,#6447,#6450,$);
#6452=IFCCARTESIANPOINT((-55.,0.));
#6453=IFCCARTESIANPOINT((300.,0.));
#6454=IFCCARTESIANPOINT((300.,11.));
#6455=IFCCARTESIANPOINT((98.,11.));
#6456=IFCCARTESIANPOINT((95.908299999999997,11.0913));
#6457=IFCCARTESIANPOINT((93.832400000000007,11.364599999999999));
#6458=IFCCARTESIANPOINT((91.788300000000007,11.8178));
#6459=IFCCARTESIANPOINT((89.791499999999999,12.4474));
#6460=IFCCARTESIANPOINT((87.857200000000006,13.2486));
#6461=IFCCARTESIANPOINT((86.,14.215400000000001));
#6462=IFCCARTESIANPOINT((84.234200000000001,15.340400000000001));
#6463=IFCCARTESIANPOINT((82.573099999999997,16.614899999999999));
#6464=IFCCARTESIANPOINT((81.029399999999995,18.029399999999999));
#6465=IFCCARTESIANPOINT((79.614900000000006,19.5731));
#6466=IFCCARTESIANPOINT((78.340400000000002,21.234200000000001));
#6467=IFCCARTESIANPOINT((77.215400000000002,23.));
#6468=IFCCARTESIANPOINT((76.248599999999996,24.857199999999999));
#6469=IFCCARTESIANPOINT((75.447400000000002,26.791499999999999));
#6470=IFCCARTESIANPOINT((74.817800000000005,28.7883));
#6471=IFCCARTESIANPOINT((74.364599999999996,30.8324));
#6472=IFCCARTESIANPOINT((74.091300000000004,32.908299999999997));
#6473=IFCCARTESIANPOINT((74.,35.));
#6474=IFCCARTESIANPOINT((74.,55.));
#6475=IFCCARTESIANPOINT((74.,55.));
#6476=IFCCARTESIANPOINT((74.,55.));
#6477=IFCCARTESIANPOINT((50.,55.));
#6478=IFCCARTESIANPOINT((50.,55.));
#6479=IFCCARTESIANPOINT((-55.,11.));
#6480=IFCCARTESIANPOINT((-55.,0.));
#6481=IFCPOLYLINE((#6452,#6453,#6454,#6455,#6456,#6457,#6458,#6459,#6460,#6461,#6462,#6463,#6464,#6465,#6466,#6467,#6468,#6469,#6470,#6471,#6472,#6473,#6474,#6475,#6476,#6477,#6478,#6479,#6480));
#6482=IFCARBITRARYCLOSEDPROFILEDEF(.AREA.,'section',#6481);
#6483=IFCCARTESIANPOINT((0.,0.));
#6484=IFCCARTESIANTRANSFORMATIONOPERATOR2D($,$,#6483,$);
#6485=IFCCARTESIANTRANSFORMATIONOPERATOR2DNONUNIFORM($,$,#6483,1.,1.0009526851633199);
#6486=IFCDERIVEDPROFILEDEF($,$,#6482,#6485,$);
#6487=IFCCARTESIANPOINT((-55.,0.));
#6488=IFCCARTESIANPOINT((300.,0.));
#6489=IFCCARTESIANPOINT((300.,11.));
#6490=IFCCARTESIANPOINT((98.,11.));
#6491=IFCCARTESIANPOINT((95.908299999999997,11.0913));
#6492=IFCCARTESIANPOINT((93.832400000000007,11.364599999999999));
#6493=IFCCARTESIANPOINT((91.788300000000007,11.8178));
#6494=IFCCARTESIANPOINT((89.791499999999999,12.4474));
#6495=IFCCARTESIANPOINT((87.857200000000006,13.2486));
#6496=IFCCARTESIANPOINT((86.,14.215400000000001));
#6497=IFCCARTESIANPOINT((84.234200000000001,15.340400000000001));
#6498=IFCCARTESIANPOINT((82.573099999999997,16.614899999999999));
#6499=IFCCARTESIANPOINT((81.029399999999995,18.029399999999999));
#6500=IFCCARTESIANPOINT((79.614900000000006,19.5731));
#6501=IFCCARTESIANPOINT((78.340400000000002,21.234200000000001));
#6502=IFCCARTESIANPOINT((77.215400000000002,23.));
#6503=IFCCARTESIANPOINT((76.248599999999996,24.857199999999999));
#6504=IFCCARTESIANPOINT((75.447400000000002,26.791499999999999));
#6505=IFCCARTESIANPOINT((74.817800000000005,28.7883));
#6506=IFCCARTESIANPOINT((74.364599999999996,30.8324));
#6507=IFCCARTESIANPOINT((74.091300000000004,32.908299999999997));
#6508=IFCCARTESIANPOINT((74.,35.));
#6509=IFCCARTESIANPOINT((74.,55.));
#6510=IFCCARTESIANPOINT((74.,55.));
#6511=IFCCARTESIANPOINT((74.,55.));
#6512=IFCCARTESIANPOINT((50.,55.));
#6513=IFCCARTESIANPOINT((50.,55.));
#6514=IFCCARTESIANPOINT((-55.,11.));
#6515=IFCCARTESIANPOINT((-55.,0.));
#6516=IFCPOLYLINE((#6487,#6488,#6489,#6490,#6491,#6492,#6493,#6494,#6495,#6496,#6497,#6498,#6499,#6500,#6501,#6502,#6503,#6504,#6505,#6506,#6507,#6508,#6509,#6510,#6511,#6512,#6513,#6514,#6515));
#6517=IFCARBITRARYCLOSEDPROFILEDEF(.AREA.,'section',#6516);
#6518=IFCCARTESIANPOINT((0.,0.));
#6519=IFCCARTESIANTRANSFORMATIONOPERATOR2D($,$,#6518,$);
#6520=IFCCARTESIANTRANSFORMATIONOPERATOR2DNONUNIFORM($,$,#6518,1.,1.0009526851633201);
#6521=IFCDERIVEDPROFILEDEF($,$,#6517,#6520,$);
#6522=IFCCARTESIANPOINT((-55.,0.));
#6523=IFCCARTESIANPOINT((300.,0.));
#6524=IFCCARTESIANPOINT((300.,11.));
#6525=IFCCARTESIANPOINT((98.,11.));
#6526=IFCCARTESIANPOINT((95.908299999999997,11.0913));
#6527=IFCCARTESIANPOINT((93.832400000000007,11.364599999999999));
#6528=IFCCARTESIANPOINT((91.788300000000007,11.8178));
#6529=IFCCARTESIANPOINT((89.791499999999999,12.4474));
#6530=IFCCARTESIANPOINT((87.857200000000006,13.2486));
#6531=IFCCARTESIANPOINT((86.,14.215400000000001));
#6532=IFCCARTESIANPOINT((84.234200000000001,15.340400000000001));
#6533=IFCCARTESIANPOINT((82.573099999999997,16.614899999999999));
#6534=IFCCARTESIANPOINT((81.029399999999995,18.029399999999999));
#6535=IFCCARTESIANPOINT((79.614900000000006,19.5731));
#6536=IFCCARTESIANPOINT((78.340400000000002,21.234200000000001));
#6537=IFCCARTESIANPOINT((77.215400000000002,23.));
#6538=IFCCARTESIANPOINT((76.248599999999996,24.857199999999999));
#6539=IFCCARTESIANPOINT((75.447400000000002,26.791499999999999));
#6540=IFCCARTESIANPOINT((74.817800000000005,28.7883));
#6541=IFCCARTESIANPOINT((74.364599999999996,30.8324));
#6542=IFCCARTESIANPOINT((74.091300000000004,32.908299999999997));
#6543=IFCCARTESIANPOINT((74.,35.));
#6544=IFCCARTESIANPOINT((74.,55.));
#6545=IFCCARTESIANPOINT((74.,55.));
#6546=IFCCARTESIANPOINT((74.,55.));
#6547=IFCCARTESIANPOINT((50.,55.));
#6548=IFCCARTESIANPOINT((50.,55.));
#6549=IFCCARTESIANPOINT((-55.,11.));
#6550=IFCCARTESIANPOINT((-55.,0.));
#6551=IFCPOLYLINE((#6522,#6523,#6524,#6525,#6526,#6527,#6528,#6529,#6530,#6531,#6532,#6533,#6534,#6535,#6536,#6537,#6538,#6539,#6540,#6541,#6542,#6543,#6544,#6545,#6546,#6547,#6548,#6549,#6550));
#6552=IFCARBITRARYCLOSEDPROFILEDEF(.AREA.,'section',#6551);
#6553=IFCCARTESIANPOINT((0.,0.));
#6554=IFCCARTESIANTRANSFORMATIONOPERATOR2D($,$,#6553,$);
#6555=IFCCARTESIANTRANSFORMATIONOPERATOR2DNONUNIFORM($,$,#6553,1.,1.0009526851633201);
#6556=IFCDERIVEDPROFILEDEF($,$,#6552,#6555,$);
#6557=IFCCARTESIANPOINT((-55.,0.));
#6558=IFCCARTESIANPOINT((300.,0.));
#6559=IFCCARTESIANPOINT((300.,11.));
#6560=IFCCARTESIANPOINT((98.,11.));
#6561=IFCCARTESIANPOINT((95.908299999999997,11.0913));
#6562=IFCCARTESIANPOINT((93.832400000000007,11.364599999999999));
#6563=IFCCARTESIANPOINT((91.788300000000007,11.8178));
#6564=IFCCARTESIANPOINT((89.791499999999999,12.4474));
#6565=IFCCARTESIANPOINT((87.857200000000006,13.2486));
#6566=IFCCARTESIANPOINT((86.,14.215400000000001));
#6567=IFCCARTESIANPOINT((84.234200000000001,15.340400000000001));
#6568=IFCCARTESIANPOINT((82.573099999999997,16.614899999999999));
#6569=IFCCARTESIANPOINT((81.029399999999995,18.029399999999999));
#6570=IFCCARTESIANPOINT((79.614900000000006,19.5731));
#6571=IFCCARTESIANPOINT((78.340400000000002,21.234200000000001));
#6572=IFCCARTESIANPOINT((77.215400000000002,23.));
#6573=IFCCARTESIANPOINT((76.248599999999996,24.857199999999999));
#6574=IFCCARTESIANPOINT((75.447400000000002,26.791499999999999));
#6575=IFCCARTESIANPOINT((74.817800000000005,28.7883));
#6576=IFCCARTESIANPOINT((74.364599999999996,30.8324));
#6577=IFCCARTESIANPOINT((74.091300000000004,32.908299999999997));
#6578=IFCCARTESIANPOINT((74.,35.));
#6579=IFCCARTESIANPOINT((74.,55.));
#6580=IFCCARTESIANPOINT((74.,55.));
#6581=IFCCARTESIANPOINT((74.,55.));
#6582=IFCCARTESIANPOINT((50.,55.));
#6583=IFCCARTESIANPOINT((50.,55.));
#6584=IFCCARTESIANPOINT((-55.,11.));
#6585=IFCCARTESIANPOINT((-55.,0.));
#6586=IFCPOLYLINE((#6557,#6558,#6559,#6560,#6561,#6562,#6563,#6564,#6565,#6566,#6567,#6568,#6569,#6570,#6571,#6572,#6573,#6574,#6575,#6576,#6577,#6578,#6579,#6580,#6581,#6582,#6583,#6584,#6585));
#6587=IFCARBITRARYCLOSEDPROFILEDEF(.AREA.,'section',#6586);
#6588=IFCCARTESIANPOINT((0.,0.));
#6589=IFCCARTESIANTRANSFORMATIONOPERATOR2D($,$,#6588,$);
#6590=IFCCARTESIANTRANSFORMATIONOPERATOR2DNONUNIFORM($,$,#6588,1.,1.0009526851633199);
#6591=IFCDERIVEDPROFILEDEF($,$,#6587,#6590,$);
#6592=IFCCARTESIANPOINT((-55.,0.));
#6593=IFCCARTESIANPOINT((300.,0.));
#6594=IFCCARTESIANPOINT((300.,11.));
#6595=IFCCARTESIANPOINT((98.,11.));
#6596=IFCCARTESIANPOINT((95.908299999999997,11.0913));
#6597=IFCCARTESIANPOINT((93.832400000000007,11.364599999999999));
#6598=IFCCARTESIANPOINT((91.788300000000007,11.8178));
#6599=IFCCARTESIANPOINT((89.791499999999999,12.4474));
#6600=IFCCARTESIANPOINT((87.857200000000006,13.2486));
#6601=IFCCARTESIANPOINT((86.,14.215400000000001));
#6602=IFCCARTESIANPOINT((84.234200000000001,15.340400000000001));
#6603=IFCCARTESIANPOINT((82.573099999999997,16.614899999999999));
#6604=IFCCARTESIANPOINT((81.029399999999995,18.029399999999999));
#6605=IFCCARTESIANPOINT((79.614900000000006,19.5731));
#6606=IFCCARTESIANPOINT((78.340400000000002,21.234200000000001));
#6607=IFCCARTESIANPOINT((77.215400000000002,23.));
#6608=IFCCARTESIANPOINT((76.248599999999996,24.857199999999999));
#6609=IFCCARTESIANPOINT((75.447400000000002,26.791499999999999));
#6610=IFCCARTESIANPOINT((74.817800000000005,28.7883));
#6611=IFCCARTESIANPOINT((74.364599999999996,30.8324));
#6612=IFCCARTESIANPOINT((74.091300000000004,32.908299999999997));
#6613=IFCCARTESIANPOINT((74.,35.));
#6614=IFCCARTESIANPOINT((74.,55.));
#6615=IFCCARTESIANPOINT((74.,55.));
#6616=IFCCARTESIANPOINT((74.,55.));
#6617=IFCCARTESIANPOINT((50.,55.));
#6618=IFCCARTESIANPOINT((50.,55.));
#6619=IFCCARTESIANPOINT((-55.,11.));
#6620=IFCCARTESIANPOINT((-55.,0.));
#6621=IFCPOLYLINE((#6592,#6593,#6594,#6595,#6596,#6597,#6598,#6599,#6600,#6601,#6602,#6603,#6604,#6605,#6606,#6607,#6608,#6609,#6610,#6611,#6612,#6613,#6614,#6615,#6616,#6617,#6618,#6619,#6620));
#6622=IFCARBITRARYCLOSEDPROFILEDEF(.AREA.,'section',#6621);
#6623=IFCCARTESIANPOINT((0.,0.));
#6624=IFCCARTESIANTRANSFORMATIONOPERATOR2D($,$,#6623,$);
#6625=IFCCARTESIANTRANSFORMATIONOPERATOR2DNONUNIFORM($,$,#6623,1.,1.0009526851633199);
#6626=IFCDERIVEDPROFILEDEF($,$,#6622,#6625,$);
#6627=IFCCARTESIANPOINT((-55.,0.));
#6628=IFCCARTESIANPOINT((300.,0.));
#6629=IFCCARTESIANPOINT((300.,11.));
#6630=IFCCARTESIANPOINT((98.,11.));
#6631=IFCCARTESIANPOINT((95.908299999999997,11.0913));
#6632=IFCCARTESIANPOINT((93.832400000000007,11.364599999999999));
#6633=IFCCARTESIANPOINT((91.788300000000007,11.8178));
#6634=IFCCARTESIANPOINT((89.791499999999999,12.4474));
#6635=IFCCARTESIANPOINT((87.857200000000006,13.2486));
#6636=IFCCARTESIANPOINT((86.,14.215400000000001));
#6637=IFCCARTESIANPOINT((84.234200000000001,15.340400000000001));
#6638=IFCCARTESIANPOINT((82.573099999999997,16.614899999999999));
#6639=IFCCARTESIANPOINT((81.029399999999995,18.029399999999999));
#6640=IFCCARTESIANPOINT((79.614900000000006,19.5731));
#6641=IFCCARTESIANPOINT((78.340400000000002,21.234200000000001));
#6642=IFCCARTESIANPOINT((77.215400000000002,23.));
#6643=IFCCARTESIANPOINT((76.248599999999996,24.857199999999999));
#6644=IFCCARTESIANPOINT((75.447400000000002,26.791499999999999));
#6645=IFCCARTESIANPOINT((74.817800000000005,28.7883));
#6646=IFCCARTESIANPOINT((74.364599999999996,30.8324));
#6647=IFCCARTESIANPOINT((74.091300000000004,32.908299999999997));
#6648=IFCCARTESIANPOINT((74.,35.));
#6649=IFCCARTESIANPOINT((74.,55.));
#6650=IFCCARTESIANPOINT((74.,55.));
#6651=IFCCARTESIANPOINT((74.,55.));
#6652=IFCCARTESIANPOINT((50.,55.));
#6653=IFCCARTESIANPOINT((50.,55.));
#6654=IFCCARTESIANPOINT((-55.,11.));
#6655=IFCCARTESIANPOINT((-55.,0.));
#6656=IFCPOLYLINE((#6627,#6628,#6629,#6630,#6631,#6632,#6633,#6634,#6635,#6636,#6637,#6638,#6639,#6640,#6641,#6642,#6643,#6644,#6645,#6646,#6647,#6648,#6649,#6650,#6651,#6652,#6653,#6654,#6655));
#6657=IFCARBITRARYCLOSEDPROFILEDEF(.AREA.,'section',#6656);
#6658=IFCCARTESIANPOINT((0.,0.));
#6659=IFCCARTESIANTRANSFORMATIONOPERATOR2D($,$,#6658,$);
#6660=IFCCARTESIANTRANSFORMATIONOPERATOR2DNONUNIFORM($,$,#6658,1.,1.0009526851633199);
#6661=IFCDERIVEDPROFILEDEF($,$,#6657,#6660,$);
#6662=IFCCARTESIANPOINT((-55.,0.));
#6663=IFCCARTESIANPOINT((300.,0.));
#6664=IFCCARTESIANPOINT((300.,11.));
#6665=IFCCARTESIANPOINT((98.,11.));
#6666=IFCCARTESIANPOINT((95.908299999999997,11.0913));
#6667=IFCCARTESIANPOINT((93.832400000000007,11.364599999999999));
#6668=IFCCARTESIANPOINT((91.788300000000007,11.8178));
#6669=IFCCARTESIANPOINT((89.791499999999999,12.4474));
#6670=IFCCARTESIANPOINT((87.857200000000006,13.2486));
#6671=IFCCARTESIANPOINT((86.,14.215400000000001));
#6672=IFCCARTESIANPOINT((84.234200000000001,15.340400000000001));
#6673=IFCCARTESIANPOINT((82.573099999999997,16.614899999999999));
#6674=IFCCARTESIANPOINT((81.029399999999995,18.029399999999999));
#6675=IFCCARTESIANPOINT((79.614900000000006,19.5731));
#6676=IFCCARTESIANPOINT((78.340400000000002,21.234200000000001));
#6677=IFCCARTESIANPOINT((77.215400000000002,23.));
#6678=IFCCARTESIANPOINT((76.248599999999996,24.857199999999999));
#6679=IFCCARTESIANPOINT((75.447400000000002,26.791499999999999));
#6680=IFCCARTESIANPOINT((74.817800000000005,28.7883));
#6681=IFCCARTESIANPOINT((74.364599999999996,30.8324));
#6682=IFCCARTESIANPOINT((74.091300000000004,32.908299999999997));
#6683=IFCCARTESIANPOINT((74.,35.));
#6684=IFCCARTESIANPOINT((74.,55.));
#6685=IFCCARTESIANPOINT((74.,55.));
#6686=IFCCARTESIANPOINT((74.,55.));
#6687=IFCCARTESIANPOINT((50.,55.));
#6688=IFCCARTESIANPOINT((50.,55.));
#6689=IFCCARTESIANPOINT((-55.,11.));
#6690=IFCCARTESIANPOINT((-55.,0.));
#6691=IFCPOLYLINE((#6662,#6663,#6664,#6665,#6666,#6667,#6668,#6669,#6670,#6671,#6672,#6673,#6674,#6675,#6676,#6677,#6678,#6679,#6680,#6681,#6682,#6683,#6684,#6685,#6686,#6687,#6688,#6689,#6690));
#6692=IFCARBITRARYCLOSEDPROFILEDEF(.AREA.,'section',#6691);
#6693=IFCCARTESIANPOINT((0.,0.));
#6694=IFCCARTESIANTRANSFORMATIONOPERATOR2D($,$,#6693,$);
#6695=IFCCARTESIANTRANSFORMATIONOPERATOR2DNONUNIFORM($,$,#6693,1.,1.0009526851633201);
#6696=IFCDERIVEDPROFILEDEF($,$,#6692,#6695,$);
#6697=IFCCARTESIANPOINT((-55.,0.));
#6698=IFCCARTESIANPOINT((300.,0.));
#6699=IFCCARTESIANPOINT((300.,11.));
#6700=IFCCARTESIANPOINT((98.,11.));
#6701=IFCCARTESIANPOINT((95.908299999999997,11.0913));
#6702=IFCCARTESIANPOINT((93.832400000000007,11.364599999999999));
#6703=IFCCARTESIANPOINT((91.788300000000007,11.8178));
#6704=IFCCARTESIANPOINT((89.791499999999999,12.4474));
#6705=IFCCARTESIANPOINT((87.857200000000006,13.2486));
#6706=IFCCARTESIANPOINT((86.,14.215400000000001));
#6707=IFCCARTESIANPOINT((84.234200000000001,15.340400000000001));
#6708=IFCCARTESIANPOINT((82.573099999999997,16.614899999999999));
#6709=IFCCARTESIANPOINT((81.029399999999995,18.029399999999999));
#6710=IFCCARTESIANPOINT((79.614900000000006,19.5731));
#6711=IFCCARTESIANPOINT((78.340400000000002,21.234200000000001));
#6712=IFCCARTESIANPOINT((77.215400000000002,23.));
#6713=IFCCARTESIANPOINT((76.248599999999996,24.857199999999999));
#6714=IFCCARTESIANPOINT((75.447400000000002,26.791499999999999));
#6715=IFCCARTESIANPOINT((74.817800000000005,28.7883));
#6716=IFCCARTESIANPOINT((74.364599999999996,30.8324));
#6717=IFCCARTESIANPOINT((74.091300000000004,32.908299999999997));
#6718=IFCCARTESIANPOINT((74.,35.));
#6719=IFCCARTESIANPOINT((74.,55.));
#6720=IFCCARTESIANPOINT((74.,55.));
#6721=IFCCARTESIANPOINT((74.,55.));
#6722=IFCCARTESIANPOINT((50.,55.));
#6723=IFCCARTESIANPOINT((50.,55.));
#6724=IFCCARTESIANPOINT((-55.,11.));
#6725=IFCCARTESIANPOINT((-55.,0.));
#6726=IFCPOLYLINE((#6697,#6698,#6699,#6700,#6701,#6702,#6703,#6704,#6705,#6706,#6707,#6708,#6709,#6710,#6711,#6712,#6713,#6714,#6715,#6716,#6717,#6718,#6719,#6720,#6721,#6722,#6723,#6724,#6725));
#6727=IFCARBITRARYCLOSEDPROFILEDEF(.AREA.,'section',#6726);
#6728=IFCCARTESIANPOINT((0.,0.));
#6729=IFCCARTESIANTRANSFORMATIONOPERATOR2D($,$,#6728,$);
#6730=IFCCARTESIANTRANSFORMATIONOPERATOR2DNONUNIFORM($,$,#6728,1.,1.0009526851633199);
#6731=IFCDERIVEDPROFILEDEF($,$,#6727,#6730,$);
#6732=IFCCARTESIANPOINT((-55.,0.));
#6733=IFCCARTESIANPOINT((300.,0.));
#6734=IFCCARTESIANPOINT((300.,11.));
#6735=IFCCARTESIANPOINT((98.,11.));
#6736=IFCCARTESIANPOINT((95.908299999999997,11.0913));
#6737=IFCCARTESIANPOINT((93.832400000000007,11.364599999999999));
#6738=IFCCARTESIANPOINT((91.788300000000007,11.8178));
#6739=IFCCARTESIANPOINT((89.791499999999999,12.4474));
#6740=IFCCARTESIANPOINT((87.857200000000006,13.2486));
#6741=IFCCARTESIANPOINT((86.,14.215400000000001));
#6742=IFCCARTESIANPOINT((84.234200000000001,15.340400000000001));
#6743=IFCCARTESIANPOINT((82.573099999999997,16.614899999999999));
#6744=IFCCARTESIANPOINT((81.029399999999995,18.029399999999999));
#6745=IFCCARTESIANPOINT((79.614900000000006,19.5731));
#6746=IFCCARTESIANPOINT((78.340400000000002,21.234200000000001));
#6747=IFCCARTESIANPOINT((77.215400000000002,23.));
#6748=IFCCARTESIANPOINT((76.248599999999996,24.857199999999999));
#6749=IFCCARTESIANPOINT((75.447400000000002,26.791499999999999));
#6750=IFCCARTESIANPOINT((74.817800000000005,28.7883));
#6751=IFCCARTESIANPOINT((74.364599999999996,30.8324));
#6752=IFCCARTESIANPOINT((74.091300000000004,32.908299999999997));
#6753=IFCCARTESIANPOINT((74.,35.));
#6754=IFCCARTESIANPOINT((74.,55.));
#6755=IFCCARTESIANPOINT((74.,55.));
#6756=IFCCARTESIANPOINT((74.,55.));
#6757=IFCCARTESIANPOINT((50.,55.));
#6758=IFCCARTESIANPOINT((50.,55.));
#6759=IFCCARTESIANPOINT((-55.,11.));
#6760=IFCCARTESIANPOINT((-55.,0.));
#6761=IFCPOLYLINE((#6732,#6733,#6734,#6735,#6736,#6737,#6738,#6739,#6740,#6741,#6742,#6743,#6744,#6745,#6746,#6747,#6748,#6749,#6750,#6751,#6752,#6753,#6754,#6755,#6756,#6757,#6758,#6759,#6760));
#6762=IFCARBITRARYCLOSEDPROFILEDEF(.AREA.,'section',#6761);
#6763=IFCCARTESIANPOINT((0.,0.));
#6764=IFCCARTESIANTRANSFORMATIONOPERATOR2D($,$,#6763,$);
#6765=IFCCARTESIANTRANSFORMATIONOPERATOR2DNONUNIFORM($,$,#6763,1.,1.0009526851633201);
#6766=IFCDERIVEDPROFILEDEF($,$,#6762,#6765,$);
#6767=IFCCARTESIANPOINT((-55.,0.));
#6768=IFCCARTESIANPOINT((300.,0.));
#6769=IFCCARTESIANPOINT((300.,11.));
#6770=IFCCARTESIANPOINT((98.,11.));
#6771=IFCCARTESIANPOINT((95.908299999999997,11.0913));
#6772=IFCCARTESIANPOINT((93.832400000000007,11.364599999999999));
#6773=IFCCARTESIANPOINT((91.788300000000007,11.8178));
#6774=IFCCARTESIANPOINT((89.791499999999999,12.4474));
#6775=IFCCARTESIANPOINT((87.857200000000006,13.2486));
#6776=IFCCARTESIANPOINT((86.,14.215400000000001));
#6777=IFCCARTESIANPOINT((84.234200000000001,15.340400000000001));
#6778=IFCCARTESIANPOINT((82.573099999999997,16.614899999999999));
#6779=IFCCARTESIANPOINT((81.029399999999995,18.029399999999999));
#6780=IFCCARTESIANPOINT((79.614900000000006,19.5731));
#6781=IFCCARTESIANPOINT((78.340400000000002,21.234200000000001));
#6782=IFCCARTESIANPOINT((77.215400000000002,23.));
#6783=IFCCARTESIANPOINT((76.248599999999996,24.857199999999999));
#6784=IFCCARTESIANPOINT((75.447400000000002,26.791499999999999));
#6785=IFCCARTESIANPOINT((74.817800000000005,28.7883));
#6786=IFCCARTESIANPOINT((74.364599999999996,30.8324));
#6787=IFCCARTESIANPOINT((74.091300000000004,32.908299999999997));
#6788=IFCCARTESIANPOINT((74.,35.));
#6789=IFCCARTESIANPOINT((74.,55.));
#6790=IFCCARTESIANPOINT((74.,55.));
#6791=IFCCARTESIANPOINT((74.,55.));
#6792=IFCCARTESIANPOINT((50.,55.));
#6793=IFCCARTESIANPOINT((50.,55.));
#6794=IFCCARTESIANPOINT((-55.,11.));
#6795=IFCCARTESIANPOINT((-55.,0.));
#6796=IFCPOLYLINE((#6767,#6768,#6769,#6770,#6771,#6772,#6773,#6774,#6775,#6776,#6777,#6778,#6779,#6780,#6781,#6782,#6783,#6784,#6785,#6786,#6787,#6788,#6789,#6790,#6791,#6792,#6793,#6794,#6795));
#6797=IFCARBITRARYCLOSEDPROFILEDEF(.AREA.,'section',#6796);
#6798=IFCCARTESIANPOINT((0.,0.));
#6799=IFCCARTESIANTRANSFORMATIONOPERATOR2D($,$,#6798,$);
#6800=IFCCARTESIANTRANSFORMATIONOPERATOR2DNONUNIFORM($,$,#6798,1.,1.0009526851633201);
#6801=IFCDERIVEDPROFILEDEF($,$,#6797,#6800,$);
#6802=IFCCARTESIANPOINT((-55.,0.));
#6803=IFCCARTESIANPOINT((300.,0.));
#6804=IFCCARTESIANPOINT((300.,11.));
#6805=IFCCARTESIANPOINT((98.,11.));
#6806=IFCCARTESIANPOINT((95.908299999999997,11.0913));
#6807=IFCCARTESIANPOINT((93.832400000000007,11.364599999999999));
#6808=IFCCARTESIANPOINT((91.788300000000007,11.8178));
#6809=IFCCARTESIANPOINT((89.791499999999999,12.4474));
#6810=IFCCARTESIANPOINT((87.857200000000006,13.2486));
#6811=IFCCARTESIANPOINT((86.,14.215400000000001));
#6812=IFCCARTESIANPOINT((84.234200000000001,15.340400000000001));
#6813=IFCCARTESIANPOINT((82.573099999999997,16.614899999999999));
#6814=IFCCARTESIANPOINT((81.029399999999995,18.029399999999999));
#6815=IFCCARTESIANPOINT((79.614900000000006,19.5731));
#6816=IFCCARTESIANPOINT((78.340400000000002,21.234200000000001));
#6817=IFCCARTESIANPOINT((77.215400000000002,23.));
#6818=IFCCARTESIANPOINT((76.248599999999996,24.857199999999999));
#6819=IFCCARTESIANPOINT((75.447400000000002,26.791499999999999));
#6820=IFCCARTESIANPOINT((74.817800000000005,28.7883));
#6821=IFCCARTESIANPOINT((74.364599999999996,30.8324));
#6822=IFCCARTESIANPOINT((74.091300000000004,32.908299999999997));
#6823=IFCCARTESIANPOINT((74.,35.));
#6824=IFCCARTESIANPOINT((74.,55.));
#6825=IFCCARTESIANPOINT((74.,55.));
#6826=IFCCARTESIANPOINT((74.,55.));
#6827=IFCCARTESIANPOINT((50.,55.));
#6828=IFCCARTESIANPOINT((50.,55.));
#6829=IFCCARTESIANPOINT((-55.,11.));
#6830=IFCCARTESIANPOINT((-55.,0.));
#6831=IFCPOLYLINE((#6802,#6803,#6804,#6805,#6806,#6807,#6808,#6809,#6810,#6811,#6812,#6813,#6814,#6815,#6816,#6817,#6818,#6819,#6820,#6821,#6822,#6823,#6824,#6825,#6826,#6827,#6828,#6829,#6830));
#6832=IFCARBITRARYCLOSEDPROFILEDEF(.AREA.,'section',#6831);
#6833=IFCCARTESIANPOINT((0.,0.));
#6834=IFCCARTESIANTRANSFORMATIONOPERATOR2D($,$,#6833,$);
#6835=IFCCARTESIANTRANSFORMATIONOPERATOR2DNONUNIFORM($,$,#6833,1.,1.0009526851633199);
#6836=IFCDERIVEDPROFILEDEF($,$,#6832,#6835,$);
#6837=IFCCARTESIANPOINT((-55.,0.));
#6838=IFCCARTESIANPOINT((300.,0.));
#6839=IFCCARTESIANPOINT((300.,11.));
#6840=IFCCARTESIANPOINT((98.,11.));
#6841=IFCCARTESIANPOINT((95.908299999999997,11.0913));
#6842=IFCCARTESIANPOINT((93.832400000000007,11.364599999999999));
#6843=IFCCARTESIANPOINT((91.788300000000007,11.8178));
#6844=IFCCARTESIANPOINT((89.791499999999999,12.4474));
#6845=IFCCARTESIANPOINT((87.857200000000006,13.2486));
#6846=IFCCARTESIANPOINT((86.,14.215400000000001));
#6847=IFCCARTESIANPOINT((84.234200000000001,15.340400000000001));
#6848=IFCCARTESIANPOINT((82.573099999999997,16.614899999999999));
#6849=IFCCARTESIANPOINT((81.029399999999995,18.029399999999999));
#6850=IFCCARTESIANPOINT((79.614900000000006,19.5731));
#6851=IFCCARTESIANPOINT((78.340400000000002,21.234200000000001));
#6852=IFCCARTESIANPOINT((77.215400000000002,23.));
#6853=IFCCARTESIANPOINT((76.248599999999996,24.857199999999999));
#6854=IFCCARTESIANPOINT((75.447400000000002,26.791499999999999));
#6855=IFCCARTESIANPOINT((74.817800000000005,28.7883));
#6856=IFCCARTESIANPOINT((74.364599999999996,30.8324));
#6857=IFCCARTESIANPOINT((74.091300000000004,32.908299999999997));
#6858=IFCCARTESIANPOINT((74.,35.));
#6859=IFCCARTESIANPOINT((74.,55.));
#6860=IFCCARTESIANPOINT((74.,55.));
#6861=IFCCARTESIANPOINT((74.,55.));
#6862=IFCCARTESIANPOINT((50.,55.));
#6863=IFCCARTESIANPOINT((50.,55.));
#6864=IFCCARTESIANPOINT((-55.,11.));
#6865=IFCCARTESIANPOINT((-55.,0.));
#6866=IFCPOLYLINE((#6837,#6838,#6839,#6840,#6841,#6842,#6843,#6844,#6845,#6846,#6847,#6848,#6849,#6850,#6851,#6852,#6853,#6854,#6855,#6856,#6857,#6858,#6859,#6860,#6861,#6862,#6863,#6864,#6865));
#6867=IFCARBITRARYCLOSEDPROFILEDEF(.AREA.,'section',#6866);
#6868=IFCCARTESIANPOINT((0.,0.));
#6869=IFCCARTESIANTRANSFORMATIONOPERATOR2D($,$,#6868,$);
#6870=IFCCARTESIANTRANSFORMATIONOPERATOR2DNONUNIFORM($,$,#6868,1.,1.0009526851633201);
#6871=IFCDERIVEDPROFILEDEF($,$,#6867,#6870,$);
#6872=IFCCARTESIANPOINT((-55.,0.));
#6873=IFCCARTESIANPOINT((300.,0.));
#6874=IFCCARTESIANPOINT((300.,11.));
#6875=IFCCARTESIANPOINT((98.,11.));
#6876=IFCCARTESIANPOINT((95.908299999999997,11.0913));
#6877=IFCCARTESIANPOINT((93.832400000000007,11.364599999999999));
#6878=IFCCARTESIANPOINT((91.788300000000007,11.8178));
#6879=IFCCARTESIANPOINT((89.791499999999999,12.4474));
#6880=IFCCARTESIANPOINT((87.857200000000006,13.2486));
#6881=IFCCARTESIANPOINT((86.,14.215400000000001));
#6882=IFCCARTESIANPOINT((84.234200000000001,15.340400000000001));
#6883=IFCCARTESIANPOINT((82.573099999999997,16.614899999999999));
#6884=IFCCARTESIANPOINT((81.029399999999995,18.029399999999999));
#6885=IFCCARTESIANPOINT((79.614900000000006,19.5731));
#6886=IFCCARTESIANPOINT((78.340400000000002,21.234200000000001));
#6887=IFCCARTESIANPOINT((77.215400000000002,23.));
#6888=IFCCARTESIANPOINT((76.248599999999996,24.857199999999999));
#6889=IFCCARTESIANPOINT((75.447400000000002,26.791499999999999));
#6890=IFCCARTESIANPOINT((74.817800000000005,28.7883));
#6891=IFCCARTESIANPOINT((74.364599999999996,30.8324));
#6892=IFCCARTESIANPOINT((74.091300000000004,32.908299999999997));
#6893=IFCCARTESIANPOINT((74.,35.));
#6894=IFCCARTESIANPOINT((74.,55.));
#6895=IFCCARTESIANPOINT((74.,55.));
#6896=IFCCARTESIANPOINT((74.,55.));
#6897=IFCCARTESIANPOINT((50.,55.));
#6898=IFCCARTESIANPOINT((50.,55.));
#6899=IFCCARTESIANPOINT((-55.,11.));
#6900=IFCCARTESIANPOINT((-55.,0.));
#6901=IFCPOLYLINE((#6872,#6873,#6874,#6875,#6876,#6877,#6878,#6879,#6880,#6881,#6882,#6883,#6884,#6885,#6886,#6887,#6888,#6889,#6890,#6891,#6892,#6893,#6894,#6895,#6896,#6897,#6898,#6899,#6900));
#6902=IFCARBITRARYCLOSEDPROFILEDEF(.AREA.,'section',#6901);
#6903=IFCCARTESIANPOINT((0.,0.));
#6904=IFCCARTESIANTRANSFORMATIONOPERATOR2D($,$,#6903,$);
#6905=IFCCARTESIANTRANSFORMATIONOPERATOR2DNONUNIFORM($,$,#6903,1.,1.0009526851633199);
#6906=IFCDERIVEDPROFILEDEF($,$,#6902,#6905,$);
#6907=IFCCARTESIANPOINT((-55.,0.));
#6908=IFCCARTESIANPOINT((300.,0.));
#6909=IFCCARTESIANPOINT((300.,11.));
#6910=IFCCARTESIANPOINT((98.,11.));
#6911=IFCCARTESIANPOINT((95.908299999999997,11.0913));
#6912=IFCCARTESIANPOINT((93.832400000000007,11.364599999999999));
#6913=IFCCARTESIANPOINT((91.788300000000007,11.8178));
#6914=IFCCARTESIANPOINT((89.791499999999999,12.4474));
#6915=IFCCARTESIANPOINT((87.857200000000006,13.2486));
#6916=IFCCARTESIANPOINT((86.,14.215400000000001));
#6917=IFCCARTESIANPOINT((84.234200000000001,15.340400000000001));
#6918=IFCCARTESIANPOINT((82.573099999999997,16.614899999999999));
#6919=IFCCARTESIANPOINT((81.029399999999995,18.029399999999999));
#6920=IFCCARTESIANPOINT((79.614900000000006,19.5731));
#6921=IFCCARTESIANPOINT((78.340400000000002,21.234200000000001));
#6922=IFCCARTESIANPOINT((77.215400000000002,23.));
#6923=IFCCARTESIANPOINT((76.248599999999996,24.857199999999999));
#6924=IFCCARTESIANPOINT((75.447400000000002,26.791499999999999));
#6925=IFCCARTESIANPOINT((74.817800000000005,28.7883));
#6926=IFCCARTESIANPOINT((74.364599999999996,30.8324));
#6927=IFCCARTESIANPOINT((74.091300000000004,32.908299999999997));
#6928=IFCCARTESIANPOINT((74.,35.));
#6929=IFCCARTESIANPOINT((74.,55.));
#6930=IFCCARTESIANPOINT((74.,55.));
#6931=IFCCARTESIANPOINT((74.,55.));
#6932=IFCCARTESIANPOINT((50.,55.));
#6933=IFCCARTESIANPOINT((50.,55.));
#6934=IFCCARTESIANPOINT((-55.,11.));
#6935=IFCCARTESIANPOINT((-55.,0.));
#6936=IFCPOLYLINE((#6907,#6908,#6909,#6910,#6911,#6912,#6913,#6914,#6915,#6916,#6917,#6918,#6919,#6920,#6921,#6922,#6923,#6924,#6925,#6926,#6927,#6928,#6929,#6930,#6931,#6932,#6933,#6934,#6935));
#6937=IFCARBITRARYCLOSEDPROFILEDEF(.AREA.,'section',#6936);
#6938=IFCCARTESIANPOINT((0.,0.));
#6939=IFCCARTESIANTRANSFORMATIONOPERATOR2D($,$,#6938,$);
#6940=IFCCARTESIANTRANSFORMATIONOPERATOR2DNONUNIFORM($,$,#6938,1.,1.0009526851633199);
#6941=IFCDERIVEDPROFILEDEF($,$,#6937,#6940,$);
#6942=IFCCARTESIANPOINT((-55.,0.));
#6943=IFCCARTESIANPOINT((300.,0.));
#6944=IFCCARTESIANPOINT((300.,11.));
#6945=IFCCARTESIANPOINT((98.,11.));
#6946=IFCCARTESIANPOINT((95.908299999999997,11.0913));
#6947=IFCCARTESIANPOINT((93.832400000000007,11.364599999999999));
#6948=IFCCARTESIANPOINT((91.788300000000007,11.8178));
#6949=IFCCARTESIANPOINT((89.791499999999999,12.4474));
#6950=IFCCARTESIANPOINT((87.857200000000006,13.2486));
#6951=IFCCARTESIANPOINT((86.,14.215400000000001));
#6952=IFCCARTESIANPOINT((84.234200000000001,15.340400000000001));
#6953=IFCCARTESIANPOINT((82.573099999999997,16.614899999999999));
#6954=IFCCARTESIANPOINT((81.029399999999995,18.029399999999999));
#6955=IFCCARTESIANPOINT((79.614900000000006,19.5731));
#6956=IFCCARTESIANPOINT((78.340400000000002,21.234200000000001));
#6957=IFCCARTESIANPOINT((77.215400000000002,23.));
#6958=IFCCARTESIANPOINT((76.248599999999996,24.857199999999999));
#6959=IFCCARTESIANPOINT((75.447400000000002,26.791499999999999));
#6960=IFCCARTESIANPOINT((74.817800000000005,28.7883));
#6961=IFCCARTESIANPOINT((74.364599999999996,30.8324));
#6962=IFCCARTESIANPOINT((74.091300000000004,32.908299999999997));
#6963=IFCCARTESIANPOINT((74.,35.));
#6964=IFCCARTESIANPOINT((74.,55.));
#6965=IFCCARTESIANPOINT((74.,55.));
#6966=IFCCARTESIANPOINT((74.,55.));
#6967=IFCCARTESIANPOINT((50.,55.));
#6968=IFCCARTESIANPOINT((50.,55.));
#6969=IFCCARTESIANPOINT((-55.,11.));
#6970=IFCCARTESIANPOINT((-55.,0.));
#6971=IFCPOLYLINE((#6942,#6943,#6944,#6945,#6946,#6947,#6948,#6949,#6950,#6951,#6952,#6953,#6954,#6955,#6956,#6957,#6958,#6959,#6960,#6961,#6962,#6963,#6964,#6965,#6966,#6967,#6968,#6969,#6970));
#6972=IFCARBITRARYCLOSEDPROFILEDEF(.AREA.,'section',#6971);
#6973=IFCCARTESIANPOINT((0.,0.));
#6974=IFCCARTESIANTRANSFORMATIONOPERATOR2D($,$,#6973,$);
#6975=IFCCARTESIANTRANSFORMATIONOPERATOR2DNONUNIFORM($,$,#6973,1.,1.0002380295646816);
#6976=IFCDERIVEDPROFILEDEF($,$,#6972,#6975,$);
#6977=IFCCARTESIANPOINT((-55.,0.));
#6978=IFCCARTESIANPOINT((300.,0.));
#6979=IFCCARTESIANPOINT((300.,11.));
#6980=IFCCARTESIANPOINT((98.,11.));
#6981=IFCCARTESIANPOINT((95.908299999999997,11.0913));
#6982=IFCCARTESIANPOINT((93.832400000000007,11.364599999999999));
#6983=IFCCARTESIANPOINT((91.788300000000007,11.8178));
#6984=IFCCARTESIANPOINT((89.791499999999999,12.4474));
#6985=IFCCARTESIANPOINT((87.857200000000006,13.2486));
#6986=IFCCARTESIANPOINT((86.,14.215400000000001));
#6987=IFCCARTESIANPOINT((84.234200000000001,15.340400000000001));
#6988=IFCCARTESIANPOINT((82.573099999999997,16.614899999999999));
#6989=IFCCARTESIANPOINT((81.029399999999995,18.029399999999999));
#6990=IFCCARTESIANPOINT((79.614900000000006,19.5731));
#6991=IFCCARTESIANPOINT((78.340400000000002,21.234200000000001));
#6992=IFCCARTESIANPOINT((77.215400000000002,23.));
#6993=IFCCARTESIANPOINT((76.248599999999996,24.857199999999999));
#6994=IFCCARTESIANPOINT((75.447400000000002,26.791499999999999));
#6995=IFCCARTESIANPOINT((74.817800000000005,28.7883));
#6996=IFCCARTESIANPOINT((74.364599999999996,30.8324));
#6997=IFCCARTESIANPOINT((74.091300000000004,32.908299999999997));
#6998=IFCCARTESIANPOINT((74.,35.));
#6999=IFCCARTESIANPOINT((74.,55.));
#7000=IFCCARTESIANPOINT((74.,55.));
#7001=IFCCARTESIANPOINT((74.,55.));
#7002=IFCCARTESIANPOINT((50.,55.));
#7003=IFCCARTESIANPOINT((50.,55.));
#7004=IFCCARTESIANPOINT((-55.,11.));
#7005=IFCCARTESIANPOINT((-55.,0.));
#7006=IFCPOLYLINE((#6977,#6978,#6979,#6980,#6981,#6982,#6983,#6984,#6985,#6986,#6987,#6988,#6989,#6990,#6991,#6992,#6993,#6994,#6995,#6996,#6997,#6998,#6999,#7000,#7001,#7002,#7003,#7004,#7005));
#7007=IFCARBITRARYCLOSEDPROFILEDEF(.AREA.,'section',#7006);
#7008=IFCCARTESIANPOINT((0.,0.));
#7009=IFCCARTESIANTRANSFORMATIONOPERATOR2D($,$,#7008,$);
#7010=IFCCARTESIANTRANSFORMATIONOPERATOR2DNONUNIFORM($,$,#7008,1.,1.0002380295646816);
#7011=IFCDERIVEDPROFILEDEF($,$,#7007,#7010,$);
#7012=IFCCARTESIANPOINT((0.90600000000000003,217.34389999999999,0.));
#7013=IFCDIRECTION((0.0872,-0.99619999999999997,0.));
#7014=IFCDIRECTION((0.,0.,-1.));
#7015=IFCAXIS2PLACEMENT3D(#7012,#7013,#7014);
#7016=IFCCARTESIANPOINT((3.6172,196.75040000000001,0.));
#7017=IFCDIRECTION((0.1736,-0.98480000000000001,0.));
#7018=IFCDIRECTION((0.,0.,-1.));
#7019=IFCAXIS2PLACEMENT3D(#7016,#7017,#7018);
#7020=IFCCARTESIANPOINT((8.1128999999999998,176.4717,0.));
#7021=IFCDIRECTION((0.25879999999999997,-0.96589999999999998,0.));
#7022=IFCDIRECTION((0.,0.,-1.));
#7023=IFCAXIS2PLACEMENT3D(#7020,#7021,#7022);
#7024=IFCCARTESIANPOINT((14.3589,156.6619,0.));
#7025=IFCDIRECTION((0.34200000000000003,-0.93969999999999998,0.));
#7026=IFCDIRECTION((0.,0.,-1.));
#7027=IFCAXIS2PLACEMENT3D(#7024,#7025,#7026);
#7028=IFCCARTESIANPOINT((22.307700000000001,137.4718,0.));
#7029=IFCDIRECTION((0.42259999999999998,-0.90629999999999999,0.));
#7030=IFCDIRECTION((0.,0.,-1.));
#7031=IFCAXIS2PLACEMENT3D(#7028,#7029,#7030);
#7032=IFCCARTESIANPOINT((31.898700000000002,119.0476,0.));
#7033=IFCDIRECTION((0.5,-0.86599999999999999,0.));
#7034=IFCDIRECTION((0.,0.,-1.));
#7035=IFCAXIS2PLACEMENT3D(#7032,#7033,#7034);
#7036=IFCCARTESIANPOINT((43.058999999999997,101.5294,0.));
#7037=IFCDIRECTION((0.5736,-0.81920000000000004,0.));
#7038=IFCDIRECTION((0.,0.,-1.));
#7039=IFCAXIS2PLACEMENT3D(#7036,#7037,#7038);
#7040=IFCCARTESIANPOINT((55.703699999999998,85.050600000000003,0.));
#7041=IFCDIRECTION((0.64280000000000004,-0.76600000000000001,0.));
#7042=IFCDIRECTION((0.,0.,-1.));
#7043=IFCAXIS2PLACEMENT3D(#7040,#7041,#7042);
#7044=IFCCARTESIANPOINT((69.736500000000007,69.736500000000007,0.));
#7045=IFCDIRECTION((0.70709999999999995,-0.70709999999999995,0.));
#7046=IFCDIRECTION((0.,0.,-1.));
#7047=IFCAXIS2PLACEMENT3D(#7044,#7045,#7046);
#7048=IFCCARTESIANPOINT((85.050600000000003,55.703699999999998,0.));
#7049=IFCDIRECTION((0.76600000000000001,-0.64280000000000004,0.));
#7050=IFCDIRECTION((0.,0.,-1.));
#7051=IFCAXIS2PLACEMENT3D(#7048,#7049,#7050);
#7052=IFCCARTESIANPOINT((101.5294,43.058999999999997,0.));
#7053=IFCDIRECTION((0.81920000000000004,-0.5736,0.));
#7054=IFCDIRECTION((0.,0.,-1.));
#7055=IFCAXIS2PLACEMENT3D(#7052,#7053,#7054);
#7056=IFCCARTESIANPOINT((119.0476,31.898700000000002,0.));
#7057=IFCDIRECTION((0.86599999999999999,-0.5,0.));
#7058=IFCDIRECTION((0.,0.,-1.));
#7059=IFCAXIS2PLACEMENT3D(#7056,#7057,#7058);
#7060=IFCCARTESIANPOINT((137.4718,22.307700000000001,0.));
#7061=IFCDIRECTION((0.90629999999999999,-0.42259999999999998,0.));
#7062=IFCDIRECTION((0.,0.,-1.));
#7063=IFCAXIS2PLACEMENT3D(#7060,#7061,#7062);
#7064=IFCCARTESIANPOINT((156.6619,14.3589,0.));
#7065=IFCDIRECTION((0.93969999999999998,-0.34200000000000003,0.));
#7066=IFCDIRECTION((0.,0.,-1.));
#7067=IFCAXIS2PLACEMENT3D(#7064,#7065,#7066);
#7068=IFCCARTESIANPOINT((176.4717,8.1128999999999998,0.));
#7069=IFCDIRECTION((0.96589999999999998,-0.25879999999999997,0.));
#7070=IFCDIRECTION((0.,0.,-1.));
#7071=IFCAXIS2PLACEMENT3D(#7068,#7069,#7070);
#7072=IFCCARTESIANPOINT((196.75040000000001,3.6172,0.));
#7073=IFCDIRECTION((0.98480000000000001,-0.1736,0.));
#7074=IFCDIRECTION((0.,0.,-1.));
#7075=IFCAXIS2PLACEMENT3D(#7072,#7073,#7074);
#7076=IFCCARTESIANPOINT((217.34389999999999,0.90600000000000003,0.));
#7077=IFCDIRECTION((0.99619999999999997,-0.0872,0.));
#7078=IFCDIRECTION((0.,0.,-1.));
#7079=IFCAXIS2PLACEMENT3D(#7076,#7077,#7078);
#7080=IFCCARTESIANPOINT((238.09520000000001,0.,0.));
#7081=IFCDIRECTION((0.99980000000000002,-0.0218,0.));
#7082=IFCDIRECTION((0.,0.,-1.));
#7083=IFCAXIS2PLACEMENT3D(#7080,#7081,#7082);
#7084=IFCCARTESIANPOINT((1761.9048,0.,0.));
#7085=IFCDIRECTION((0.99980000000000002,0.0218,0.));
#7086=IFCDIRECTION((0.,0.,-1.));
#7087=IFCAXIS2PLACEMENT3D(#7084,#7085,#7086);
#7088=IFCCARTESIANPOINT((1782.6560999999999,0.90600000000000003,0.));
#7089=IFCDIRECTION((0.99619999999999997,0.0872,0.));
#7090=IFCDIRECTION((0.,0.,-1.));
#7091=IFCAXIS2PLACEMENT3D(#7088,#7089,#7090);
#7092=IFCCARTESIANPOINT((1803.2496000000001,3.6172,0.));
#7093=IFCDIRECTION((0.98480000000000001,0.1736,0.));
#7094=IFCDIRECTION((0.,0.,-1.));
#7095=IFCAXIS2PLACEMENT3D(#7092,#7093,#7094);
#7096=IFCCARTESIANPOINT((1823.5282999999999,8.1128999999999998,0.));
#7097=IFCDIRECTION((0.96589999999999998,0.25879999999999997,0.));
#7098=IFCDIRECTION((0.,0.,-1.));
#7099=IFCAXIS2PLACEMENT3D(#7096,#7097,#7098);
#7100=IFCCARTESIANPOINT((1843.3380999999999,14.3589,0.));
#7101=IFCDIRECTION((0.93969999999999998,0.34200000000000003,0.));
#7102=IFCDIRECTION((0.,0.,-1.));
#7103=IFCAXIS2PLACEMENT3D(#7100,#7101,#7102);
#7104=IFCCARTESIANPOINT((1862.5282,22.307700000000001,0.));
#7105=IFCDIRECTION((0.90629999999999999,0.42259999999999998,0.));
#7106=IFCDIRECTION((0.,0.,-1.));
#7107=IFCAXIS2PLACEMENT3D(#7104,#7105,#7106);
#7108=IFCCARTESIANPOINT((1880.9523999999999,31.898700000000002,0.));
#7109=IFCDIRECTION((0.86599999999999999,0.5,0.));
#7110=IFCDIRECTION((0.,0.,-1.));
#7111=IFCAXIS2PLACEMENT3D(#7108,#7109,#7110);
#7112=IFCCARTESIANPOINT((1898.4706000000001,43.058999999999997,0.));
#7113=IFCDIRECTION((0.81920000000000004,0.5736,0.));
#7114=IFCDIRECTION((0.,0.,-1.));
#7115=IFCAXIS2PLACEMENT3D(#7112,#7113,#7114);
#7116=IFCCARTESIANPOINT((1914.9494,55.703699999999998,0.));
#7117=IFCDIRECTION((0.76600000000000001,0.64280000000000004,0.));
#7118=IFCDIRECTION((0.,0.,-1.));
#7119=IFCAXIS2PLACEMENT3D(#7116,#7117,#7118);
#7120=IFCCARTESIANPOINT((1930.2635,69.736500000000007,0.));
#7121=IFCDIRECTION((0.70709999999999995,0.70709999999999995,0.));
#7122=IFCDIRECTION((0.,0.,-1.));
#7123=IFCAXIS2PLACEMENT3D(#7120,#7121,#7122);
#7124=IFCCARTESIANPOINT((1944.2963,85.050600000000003,0.));
#7125=IFCDIRECTION((0.64280000000000004,0.76600000000000001,0.));
#7126=IFCDIRECTION((0.,0.,-1.));
#7127=IFCAXIS2PLACEMENT3D(#7124,#7125,#7126);
#7128=IFCCARTESIANPOINT((1956.941,101.5294,0.));
#7129=IFCDIRECTION((0.5736,0.81920000000000004,0.));
#7130=IFCDIRECTION((0.,0.,-1.));
#7131=IFCAXIS2PLACEMENT3D(#7128,#7129,#7130);
#7132=IFCCARTESIANPOINT((1968.1013,119.0476,0.));
#7133=IFCDIRECTION((0.5,0.86599999999999999,0.));
#7134=IFCDIRECTION((0.,0.,-1.));
#7135=IFCAXIS2PLACEMENT3D(#7132,#7133,#7134);
#7136=IFCCARTESIANPOINT((1977.6922999999999,137.4718,0.));
#7137=IFCDIRECTION((0.42259999999999998,0.90629999999999999,0.));
#7138=IFCDIRECTION((0.,0.,-1.));
#7139=IFCAXIS2PLACEMENT3D(#7136,#7137,#7138);
#7140=IFCCARTESIANPOINT((1985.6411000000001,156.6619,0.));
#7141=IFCDIRECTION((0.34200000000000003,0.93969999999999998,0.));
#7142=IFCDIRECTION((0.,0.,-1.));
#7143=IFCAXIS2PLACEMENT3D(#7140,#7141,#7142);
#7144=IFCCARTESIANPOINT((1991.8870999999999,176.4717,0.));
#7145=IFCDIRECTION((0.25879999999999997,0.96589999999999998,0.));
#7146=IFCDIRECTION((0.,0.,-1.));
#7147=IFCAXIS2PLACEMENT3D(#7144,#7145,#7146);
#7148=IFCCARTESIANPOINT((1996.3828000000001,196.75040000000001,0.));
#7149=IFCDIRECTION((0.1736,0.98480000000000001,0.));
#7150=IFCDIRECTION((0.,0.,-1.));
#7151=IFCAXIS2PLACEMENT3D(#7148,#7149,#7150);
#7152=IFCCARTESIANPOINT((1999.0940000000001,217.34389999999999,0.));
#7153=IFCDIRECTION((0.0872,0.99619999999999997,0.));
#7154=IFCDIRECTION((0.,0.,-1.));
#7155=IFCAXIS2PLACEMENT3D(#7152,#7153,#7154);
#7156=IFCCARTESIANPOINT((2000.,238.09520000000001,0.));
#7157=IFCDIRECTION((0.0218,0.99980000000000002,0.));
#7158=IFCDIRECTION((0.,0.,-1.));
#7159=IFCAXIS2PLACEMENT3D(#7156,#7157,#7158);
#7160=IFCCARTESIANPOINT((2000.,261.90480000000002,0.));
#7161=IFCDIRECTION((-0.0218,0.99980000000000002,0.));
#7162=IFCDIRECTION((-0.,0.,-1.));
#7163=IFCAXIS2PLACEMENT3D(#7160,#7161,#7162);
#7164=IFCCARTESIANPOINT((1999.0940000000001,282.65609999999998,0.));
#7165=IFCDIRECTION((-0.0872,0.99619999999999997,0.));
#7166=IFCDIRECTION((-0.,0.,-1.));
#7167=IFCAXIS2PLACEMENT3D(#7164,#7165,#7166);
#7168=IFCCARTESIANPOINT((1996.3828000000001,303.24959999999999,0.));
#7169=IFCDIRECTION((-0.1736,0.98480000000000001,0.));
#7170=IFCDIRECTION((-0.,0.,-1.));
#7171=IFCAXIS2PLACEMENT3D(#7168,#7169,#7170);
#7172=IFCCARTESIANPOINT((1991.8870999999999,323.5283,0.));
#7173=IFCDIRECTION((-0.25879999999999997,0.96589999999999998,0.));
#7174=IFCDIRECTION((-0.,0.,-1.));
#7175=IFCAXIS2PLACEMENT3D(#7172,#7173,#7174);
#7176=IFCCARTESIANPOINT((1985.6411000000001,343.3381,0.));
#7177=IFCDIRECTION((-0.34200000000000003,0.93969999999999998,0.));
#7178=IFCDIRECTION((-0.,0.,-1.));
#7179=IFCAXIS2PLACEMENT3D(#7176,#7177,#7178);
#7180=IFCCARTESIANPOINT((1977.6922999999999,362.52820000000003,0.));
#7181=IFCDIRECTION((-0.42259999999999998,0.90629999999999999,0.));
#7182=IFCDIRECTION((-0.,0.,-1.));
#7183=IFCAXIS2PLACEMENT3D(#7180,#7181,#7182);
#7184=IFCCARTESIANPOINT((1968.1013,380.95240000000001,0.));
#7185=IFCDIRECTION((-0.5,0.86599999999999999,0.));
#7186=IFCDIRECTION((-0.,0.,-1.));
#7187=IFCAXIS2PLACEMENT3D(#7184,#7185,#7186);
#7188=IFCCARTESIANPOINT((1956.941,398.47059999999999,0.));
#7189=IFCDIRECTION((-0.5736,0.81920000000000004,0.));
#7190=IFCDIRECTION((-0.,0.,-1.));
#7191=IFCAXIS2PLACEMENT3D(#7188,#7189,#7190);
#7192=IFCCARTESIANPOINT((1944.2963,414.94940000000003,0.));
#7193=IFCDIRECTION((-0.64280000000000004,0.76600000000000001,0.));
#7194=IFCDIRECTION((-0.,0.,-1.));
#7195=IFCAXIS2PLACEMENT3D(#7192,#7193,#7194);
#7196=IFCCARTESIANPOINT((1930.2635,430.26350000000002,0.));
#7197=IFCDIRECTION((-0.70709999999999995,0.70709999999999995,0.));
#7198=IFCDIRECTION((-0.,0.,-1.));
#7199=IFCAXIS2PLACEMENT3D(#7196,#7197,#7198);
#7200=IFCCARTESIANPOINT((1914.9494,444.29629999999997,0.));
#7201=IFCDIRECTION((-0.76600000000000001,0.64280000000000004,0.));
#7202=IFCDIRECTION((-0.,0.,-1.));
#7203=IFCAXIS2PLACEMENT3D(#7200,#7201,#7202);
#7204=IFCCARTESIANPOINT((1898.4706000000001,456.94099999999997,0.));
#7205=IFCDIRECTION((-0.81920000000000004,0.5736,0.));
#7206=IFCDIRECTION((-0.,0.,-1.));
#7207=IFCAXIS2PLACEMENT3D(#7204,#7205,#7206);
#7208=IFCCARTESIANPOINT((1880.9523999999999,468.10129999999998,0.));
#7209=IFCDIRECTION((-0.86599999999999999,0.5,0.));
#7210=IFCDIRECTION((-0.,0.,-1.));
#7211=IFCAXIS2PLACEMENT3D(#7208,#7209,#7210);
#7212=IFCCARTESIANPOINT((1862.5282,477.69229999999999,0.));
#7213=IFCDIRECTION((-0.90629999999999999,0.42259999999999998,0.));
#7214=IFCDIRECTION((-0.,0.,-1.));
#7215=IFCAXIS2PLACEMENT3D(#7212,#7213,#7214);
#7216=IFCCARTESIANPOINT((1843.3380999999999,485.64109999999999,0.));
#7217=IFCDIRECTION((-0.93969999999999998,0.34200000000000003,0.));
#7218=IFCDIRECTION((-0.,0.,-1.));
#7219=IFCAXIS2PLACEMENT3D(#7216,#7217,#7218);
#7220=IFCCARTESIANPOINT((1823.5282999999999,491.88709999999998,0.));
#7221=IFCDIRECTION((-0.96589999999999998,0.25879999999999997,0.));
#7222=IFCDIRECTION((-0.,0.,-1.));
#7223=IFCAXIS2PLACEMENT3D(#7220,#7221,#7222);
#7224=IFCCARTESIANPOINT((1803.2496000000001,496.38279999999997,0.));
#7225=IFCDIRECTION((-0.98480000000000001,0.1736,0.));
#7226=IFCDIRECTION((-0.,0.,-1.));
#7227=IFCAXIS2PLACEMENT3D(#7224,#7225,#7226);
#7228=IFCCARTESIANPOINT((1782.6560999999999,499.09399999999999,0.));
#7229=IFCDIRECTION((-0.99619999999999997,0.0872,0.));
#7230=IFCDIRECTION((-0.,0.,-1.));
#7231=IFCAXIS2PLACEMENT3D(#7228,#7229,#7230);
#7232=IFCCARTESIANPOINT((1761.9048,500.,0.));
#7233=IFCDIRECTION((-0.99980000000000002,0.0218,0.));
#7234=IFCDIRECTION((-0.,0.,-1.));
#7235=IFCAXIS2PLACEMENT3D(#7232,#7233,#7234);
#7236=IFCCARTESIANPOINT((238.09520000000001,500.,0.));
#7237=IFCDIRECTION((-0.99980000000000002,-0.0218,0.));
#7238=IFCDIRECTION((-0.,-0.,-1.));
#7239=IFCAXIS2PLACEMENT3D(#7236,#7237,#7238);
#7240=IFCCARTESIANPOINT((217.34389999999999,499.09399999999999,0.));
#7241=IFCDIRECTION((-0.99619999999999997,-0.0872,0.));
#7242=IFCDIRECTION((-0.,-0.,-1.));
#7243=IFCAXIS2PLACEMENT3D(#7240,#7241,#7242);
#7244=IFCCARTESIANPOINT((196.75040000000001,496.38279999999997,0.));
#7245=IFCDIRECTION((-0.98480000000000001,-0.1736,0.));
#7246=IFCDIRECTION((-0.,-0.,-1.));
#7247=IFCAXIS2PLACEMENT3D(#7244,#7245,#7246);
#7248=IFCCARTESIANPOINT((176.4717,491.88709999999998,0.));
#7249=IFCDIRECTION((-0.96589999999999998,-0.25879999999999997,0.));
#7250=IFCDIRECTION((-0.,-0.,-1.));
#7251=IFCAXIS2PLACEMENT3D(#7248,#7249,#7250);
#7252=IFCCARTESIANPOINT((156.6619,485.64109999999999,0.));
#7253=IFCDIRECTION((-0.93969999999999998,-0.34200000000000003,0.));
#7254=IFCDIRECTION((-0.,-0.,-1.));
#7255=IFCAXIS2PLACEMENT3D(#7252,#7253,#7254);
#7256=IFCCARTESIANPOINT((137.4718,477.69229999999999,0.));
#7257=IFCDIRECTION((-0.90629999999999999,-0.42259999999999998,0.));
#7258=IFCDIRECTION((-0.,-0.,-1.));
#7259=IFCAXIS2PLACEMENT3D(#7256,#7257,#7258);
#7260=IFCCARTESIANPOINT((119.0476,468.10129999999998,0.));
#7261=IFCDIRECTION((-0.86599999999999999,-0.5,0.));
#7262=IFCDIRECTION((-0.,-0.,-1.));
#7263=IFCAXIS2PLACEMENT3D(#7260,#7261,#7262);
#7264=IFCCARTESIANPOINT((101.5294,456.94099999999997,0.));
#7265=IFCDIRECTION((-0.81920000000000004,-0.5736,0.));
#7266=IFCDIRECTION((-0.,-0.,-1.));
#7267=IFCAXIS2PLACEMENT3D(#7264,#7265,#7266);
#7268=IFCCARTESIANPOINT((85.050600000000003,444.29629999999997,0.));
#7269=IFCDIRECTION((-0.76600000000000001,-0.64280000000000004,0.));
#7270=IFCDIRECTION((-0.,-0.,-1.));
#7271=IFCAXIS2PLACEMENT3D(#7268,#7269,#7270);
#7272=IFCCARTESIANPOINT((69.736500000000007,430.26350000000002,0.));
#7273=IFCDIRECTION((-0.70709999999999995,-0.70709999999999995,0.));
#7274=IFCDIRECTION((-0.,-0.,-1.));
#7275=IFCAXIS2PLACEMENT3D(#7272,#7273,#7274);
#7276=IFCCARTESIANPOINT((55.703699999999998,414.94940000000003,0.));
#7277=IFCDIRECTION((-0.64280000000000004,-0.76600000000000001,0.));
#7278=IFCDIRECTION((-0.,-0.,-1.));
#7279=IFCAXIS2PLACEMENT3D(#7276,#7277,#7278);
#7280=IFCCARTESIANPOINT((43.058999999999997,398.47059999999999,0.));
#7281=IFCDIRECTION((-0.5736,-0.81920000000000004,0.));
#7282=IFCDIRECTION((-0.,-0.,-1.));
#7283=IFCAXIS2PLACEMENT3D(#7280,#7281,#7282);
#7284=IFCCARTESIANPOINT((31.898700000000002,380.95240000000001,0.));
#7285=IFCDIRECTION((-0.5,-0.86599999999999999,0.));
#7286=IFCDIRECTION((-0.,-0.,-1.));
#7287=IFCAXIS2PLACEMENT3D(#7284,#7285,#7286);
#7288=IFCCARTESIANPOINT((22.307700000000001,362.52820000000003,0.));
#7289=IFCDIRECTION((-0.42259999999999998,-0.90629999999999999,0.));
#7290=IFCDIRECTION((-0.,-0.,-1.));
#7291=IFCAXIS2PLACEMENT3D(#7288,#7289,#7290);
#7292=IFCCARTESIANPOINT((14.3589,343.3381,0.));
#7293=IFCDIRECTION((-0.34200000000000003,-0.93969999999999998,0.));
#7294=IFCDIRECTION((-0.,-0.,-1.));
#7295=IFCAXIS2PLACEMENT3D(#7292,#7293,#7294);
#7296=IFCCARTESIANPOINT((8.1128999999999998,323.5283,0.));
#7297=IFCDIRECTION((-0.25879999999999997,-0.96589999999999998,0.));
#7298=IFCDIRECTION((-0.,-0.,-1.));
#7299=IFCAXIS2PLACEMENT3D(#7296,#7297,#7298);
#7300=IFCCARTESIANPOINT((3.6172,303.24959999999999,0.));
#7301=IFCDIRECTION((-0.1736,-0.98480000000000001,0.));
#7302=IFCDIRECTION((-0.,-0.,-1.));
#7303=IFCAXIS2PLACEMENT3D(#7300,#7301,#7302);
#7304=IFCCARTESIANPOINT((0.90600000000000003,282.65609999999998,0.));
#7305=IFCDIRECTION((-0.0872,-0.99619999999999997,0.));
#7306=IFCDIRECTION((-0.,-0.,-1.));
#7307=IFCAXIS2PLACEMENT3D(#7304,#7305,#7306);
#7308=IFCCARTESIANPOINT((0.,261.90480000000002,0.));
#7309=IFCDIRECTION((-0.0218,-0.99980000000000002,0.));
#7310=IFCDIRECTION((-0.,-0.,-1.));
#7311=IFCAXIS2PLACEMENT3D(#7308,#7309,#7310);
#7312=IFCCARTESIANPOINT((0.,238.09520000000001,0.));
#7313=IFCDIRECTION((0.0218,-0.99980000000000002,0.));
#7314=IFCDIRECTION((0.,0.,-1.));
#7315=IFCAXIS2PLACEMENT3D(#7312,#7313,#7314);
#7316=IFCCARTESIANPOINTLIST3D(((0.90600000000000003,217.34389999999999,55.),(0.90600000000000003,217.34389999999999,-300.),(11.874499999999999,218.304,-300.),(11.874499999999999,218.304,-98.),(11.9656,218.31200000000001,-95.908299999999997),(12.238099999999999,218.33580000000001,-93.832400000000007),(12.69,218.37540000000001,-91.788300000000007),(13.3178,218.43029999999999,-89.791499999999999),(14.1167,218.50030000000001,-87.857200000000006),(15.0807,218.5847,-86.),(16.202500000000001,218.68279999999999,-84.234200000000001),(17.473400000000002,218.79409999999999,-82.573099999999997),(18.883800000000001,218.91749999999999,-81.029399999999995),(20.423100000000002,219.0523,-79.614900000000006),(22.079499999999999,219.19730000000001,-78.340400000000002),(23.840199999999999,219.35140000000001,-77.215400000000002),(25.6921,219.51349999999999,-76.248599999999996),(27.620899999999999,219.6823,-75.447400000000002),(29.611999999999998,219.85659999999999,-74.817800000000005),(31.650200000000002,220.035,-74.364599999999996),(33.720199999999998,220.21619999999999,-74.091300000000004),(35.805900000000001,220.39879999999999,-74.),(55.748699999999999,222.14439999999999,-74.),(55.748699999999999,222.14439999999999,-74.),(55.748699999999999,222.14439999999999,-74.),(55.748699999999999,222.14439999999999,-50.),(55.748699999999999,222.14439999999999,-50.),(11.874499999999999,218.304,55.),(3.6172,196.75040000000001,55.),(3.6172,196.75040000000001,-300.),(14.4605,198.6618,-300.),(14.4605,198.6618,-98.),(14.5505,198.67769999999999,-95.908299999999997),(14.819900000000001,198.7252,-93.832400000000007),(15.2666,198.804,-91.788300000000007),(15.8873,198.9134,-89.791499999999999),(16.677099999999999,199.05260000000001,-87.857200000000006),(17.630099999999999,199.22059999999999,-86.),(18.739100000000001,199.4161,-84.234200000000001),(19.9954,199.63749999999999,-82.573099999999997),(21.389800000000001,199.88329999999999,-81.029399999999995),(22.9115,200.1516,-79.614900000000006),(24.5489,200.4402,-78.340400000000002),(26.2895,200.74709999999999,-77.215400000000002),(28.1203,201.06979999999999,-76.248599999999996),(30.027000000000001,201.4059,-75.447400000000002),(31.9954,201.75290000000001,-74.817800000000005),(34.010399999999997,202.10810000000001,-74.364599999999996),(36.056699999999999,202.46879999999999,-74.091300000000004),(38.118600000000001,202.8323,-74.),(57.8337,206.30760000000001,-74.),(57.8337,206.30760000000001,-74.),(57.8337,206.30760000000001,-74.),(57.8337,206.30760000000001,-50.),(57.8337,206.30760000000001,-50.),(14.4605,198.6618,55.),(8.1128999999999998,176.4717,55.),(8.1128999999999998,176.4717,-300.),(18.748200000000001,179.32130000000001,-300.),(18.748200000000001,179.32130000000001,-98.),(18.836500000000001,179.3449,-95.908299999999997),(19.1008,179.41569999999999,-93.832400000000007),(19.538900000000002,179.53319999999999,-91.788300000000007),(20.1477,179.69630000000001,-89.791499999999999),(20.9223,179.90379999999999,-87.857200000000006),(21.856999999999999,180.15430000000001,-86.),(22.944800000000001,180.44569999999999,-84.234200000000001),(24.177,180.77590000000001,-82.573099999999997),(25.544599999999999,181.14230000000001,-81.029399999999995),(27.037099999999999,181.54220000000001,-79.614900000000006),(28.6432,181.9725,-78.340400000000002),(30.3504,182.4299,-77.215400000000002),(32.146099999999997,182.9111,-76.248599999999996),(34.016199999999998,183.41220000000001,-75.447400000000002),(35.946800000000003,183.92939999999999,-74.817800000000005),(37.923200000000001,184.459,-74.364599999999996),(39.930300000000003,184.9967,-74.091300000000004),(41.952599999999997,185.5386,-74.),(61.2896,190.71969999999999,-74.),(61.2896,190.71969999999999,-74.),(61.2896,190.71969999999999,-74.),(61.2896,190.71969999999999,-50.),(61.2896,190.71969999999999,-50.),(18.748200000000001,179.32130000000001,55.),(14.3589,156.6619,55.),(14.3589,156.6619,-300.),(24.705400000000001,160.42750000000001,-300.),(24.705400000000001,160.42750000000001,-98.),(24.7913,160.45869999999999,-95.908299999999997),(25.048400000000001,160.5523,-93.832400000000007),(25.474699999999999,160.70740000000001,-91.788300000000007),(26.0669,160.923,-89.791499999999999),(26.820499999999999,161.19720000000001,-87.857200000000006),(27.729800000000001,161.5282,-86.),(28.788,161.91329999999999,-84.234200000000001),(29.986799999999999,162.34960000000001,-82.573099999999997),(31.317299999999999,162.8338,-81.029399999999995),(32.769300000000001,163.3623,-79.614900000000006),(34.331699999999998,163.93090000000001,-78.340400000000002),(35.992600000000003,164.53540000000001,-77.215400000000002),(37.7395,165.1712,-76.248599999999996),(39.558900000000001,165.83330000000001,-75.447400000000002),(41.436999999999998,166.51689999999999,-74.817800000000005),(43.359699999999997,167.2166,-74.364599999999996),(45.3123,167.9273,-74.091300000000004),(47.279699999999998,168.64330000000001,-74.),(66.0916,175.4898,-74.),(66.0916,175.4898,-74.),(66.0916,175.4898,-74.),(66.0916,175.4898,-50.),(66.0916,175.4898,-50.),(24.705400000000001,160.42750000000001,55.),(22.307700000000001,137.4718,55.),(22.307700000000001,137.4718,-300.),(32.2866,142.1249,-300.),(32.2866,142.1249,-98.),(32.369500000000002,142.1635,-95.908299999999997),(32.617400000000004,142.2791,-93.832400000000007),(33.028500000000001,142.4708,-91.788300000000007),(33.599699999999999,142.7372,-89.791499999999999),(34.326500000000003,143.0761,-87.857200000000006),(35.203600000000002,143.48500000000001,-86.),(36.224200000000003,143.96090000000001,-84.234200000000001),(37.380400000000002,144.5,-82.573099999999997),(38.663600000000002,145.0984,-81.029399999999995),(40.064,145.75139999999999,-79.614900000000006),(41.570900000000002,146.45410000000001,-78.340400000000002),(43.172800000000002,147.20099999999999,-77.215400000000002),(44.857599999999998,147.98660000000001,-76.248599999999996),(46.612299999999998,148.8048,-75.447400000000002),(48.4238,149.64949999999999,-74.817800000000005),(50.278100000000002,150.51419999999999,-74.364599999999996),(52.161299999999997,151.39230000000001,-74.091300000000004),(54.058900000000001,152.27709999999999,-74.),(72.202399999999997,160.7373,-74.),(72.202399999999997,160.7373,-74.),(72.202399999999997,160.7373,-74.),(72.202399999999997,160.7373,-50.),(72.202399999999997,160.7373,-50.),(32.2866,142.1249,55.),(31.898700000000002,119.0476,55.),(31.898700000000002,119.0476,-300.),(41.433999999999997,124.553,-300.),(41.433999999999997,124.553,-98.),(41.513100000000001,124.59869999999999,-95.908299999999997),(41.75,124.7354,-93.832400000000007),(42.142899999999997,124.9623,-91.788300000000007),(42.688699999999997,125.2774,-89.791499999999999),(43.383200000000002,125.6784,-87.857200000000006),(44.221200000000003,126.1622,-86.),(45.196399999999997,126.7253,-84.234200000000001),(46.301200000000001,127.3631,-82.573099999999997),(47.5274,128.0711,-81.029399999999995),(48.865499999999997,128.84370000000001,-79.614900000000006),(50.305399999999999,129.67500000000001,-78.340400000000002),(51.836100000000002,130.55879999999999,-77.215400000000002),(53.445999999999998,131.48830000000001,-76.248599999999996),(55.122799999999998,132.4564,-75.447400000000002),(56.853700000000003,133.45580000000001,-74.817800000000005),(58.625599999999999,134.47880000000001,-74.364599999999996),(60.4251,135.51779999999999,-74.091300000000004),(62.238199999999999,136.56469999999999,-74.),(79.575100000000006,146.5744,-74.),(79.575100000000006,146.5744,-74.),(79.575100000000006,146.5744,-74.),(79.575100000000006,146.5744,-50.),(79.575100000000006,146.5744,-50.),(41.433999999999997,124.553,55.),(43.058999999999997,101.5294,55.),(43.058999999999997,101.5294,-300.),(52.078299999999999,107.8447,-300.),(52.078299999999999,107.8447,-98.),(52.153199999999998,107.89709999999999,-95.908299999999997),(52.377299999999998,108.054,-93.832400000000007),(52.748899999999999,108.3142,-91.788300000000007),(53.265099999999997,108.67570000000001,-89.791499999999999),(53.921999999999997,109.1356,-87.857200000000006),(54.714700000000001,109.69070000000001,-86.),(55.6372,110.3366,-84.234200000000001),(56.682200000000002,111.06829999999999,-82.573099999999997),(57.841999999999999,111.88039999999999,-81.029399999999995),(59.107700000000001,112.7666,-79.614900000000006),(60.469700000000003,113.72029999999999,-78.340400000000002),(61.9176,114.7341,-77.215400000000002),(63.440300000000001,115.80029999999999,-76.248599999999996),(65.026300000000006,116.91079999999999,-75.447400000000002),(66.663600000000002,118.05719999999999,-74.817800000000005),(68.339600000000004,119.2308,-74.364599999999996),(70.041700000000006,120.4226,-74.091300000000004),(71.756799999999998,121.62350000000001,-74.),(88.155500000000004,133.10579999999999,-74.),(88.155500000000004,133.10579999999999,-74.),(88.155500000000004,133.10579999999999,-74.),(88.155500000000004,133.10579999999999,-50.),(88.155500000000004,133.10579999999999,-50.),(52.078299999999999,107.8447,55.),(55.703699999999998,85.050600000000003,55.),(55.703699999999998,85.050600000000003,-300.),(64.137900000000002,92.128299999999996,-300.),(64.137900000000002,92.128299999999996,-98.),(64.207999999999998,92.187100000000001,-95.908299999999997),(64.417500000000004,92.362899999999996,-93.832400000000007),(64.765000000000001,92.654499999999999,-91.788300000000007),(65.247699999999995,93.059600000000003,-89.791499999999999),(65.862099999999998,93.575100000000006,-87.857200000000006),(66.603399999999993,94.197199999999995,-86.),(67.465900000000005,94.921099999999996,-84.234200000000001),(68.443200000000004,95.741100000000003,-82.573099999999997),(69.527699999999996,96.651200000000003,-81.029399999999995),(70.711399999999998,97.644499999999994,-79.614900000000006),(71.984999999999999,98.713300000000004,-78.340400000000002),(73.338899999999995,99.849500000000006,-77.215400000000002),(74.763000000000005,101.0444,-76.248599999999996),(76.246099999999998,102.289,-75.447400000000002),(77.777100000000004,103.57380000000001,-74.817800000000005),(79.344399999999993,104.8891,-74.364599999999996),(80.936099999999996,106.2248,-74.091300000000004),(82.539900000000003,107.5706,-74.),(97.874899999999997,120.4392,-74.),(97.874899999999997,120.4392,-74.),(97.874899999999997,120.4392,-74.),(97.874899999999997,120.4392,-50.),(97.874899999999997,120.4392,-50.),(64.137900000000002,92.128299999999996,55.),(69.736500000000007,69.736500000000007,55.),(69.736500000000007,69.736500000000007,-300.),(77.522099999999995,77.522099999999995,-300.),(77.522099999999995,77.522099999999995,-98.),(77.586699999999993,77.586699999999993,-95.908299999999997),(77.780100000000004,77.780100000000004,-93.832400000000007),(78.100899999999996,78.100899999999996,-91.788300000000007),(78.546499999999995,78.546499999999995,-89.791499999999999),(79.113600000000005,79.113600000000005,-87.857200000000006),(79.797899999999998,79.797899999999998,-86.),(80.594099999999997,80.594099999999997,-84.234200000000001),(81.496200000000002,81.496200000000002,-82.573099999999997),(82.497399999999999,82.497399999999999,-81.029399999999995),(83.590000000000003,83.590000000000003,-79.614900000000006),(84.765699999999995,84.765699999999995,-78.340400000000002),(86.0154,86.0154,-77.215400000000002),(87.329899999999995,87.329899999999995,-76.248599999999996),(88.698999999999998,88.698999999999998,-75.447400000000002),(90.112300000000005,90.112300000000005,-74.817800000000005),(91.559100000000001,91.559100000000001,-74.364599999999996),(93.028400000000005,93.028400000000005,-74.091300000000004),(94.508799999999994,94.508799999999994,-74.),(108.6644,108.6644,-74.),(108.6644,108.6644,-74.),(108.6644,108.6644,-74.),(108.6644,108.6644,-50.),(108.6644,108.6644,-50.),(77.522099999999995,77.522099999999995,55.),(85.050600000000003,55.703699999999998,55.),(85.050600000000003,55.703699999999998,-300.),(92.128299999999996,64.137900000000002,-300.),(92.128299999999996,64.137900000000002,-98.),(92.187100000000001,64.207999999999998,-95.908299999999997),(92.362899999999996,64.417500000000004,-93.832400000000007),(92.654499999999999,64.765000000000001,-91.788300000000007),(93.059600000000003,65.247699999999995,-89.791499999999999),(93.575100000000006,65.862099999999998,-87.857200000000006),(94.197199999999995,66.603399999999993,-86.),(94.921099999999996,67.465900000000005,-84.234200000000001),(95.741100000000003,68.443200000000004,-82.573099999999997),(96.651200000000003,69.527699999999996,-81.029399999999995),(97.644499999999994,70.711399999999998,-79.614900000000006),(98.713300000000004,71.984999999999999,-78.340400000000002),(99.849500000000006,73.338899999999995,-77.215400000000002),(101.0444,74.763000000000005,-76.248599999999996),(102.289,76.246099999999998,-75.447400000000002),(103.57380000000001,77.777100000000004,-74.817800000000005),(104.8891,79.344399999999993,-74.364599999999996),(106.2248,80.936099999999996,-74.091300000000004),(107.5706,82.539900000000003,-74.),(120.4392,97.874899999999997,-74.),(120.4392,97.874899999999997,-74.),(120.4392,97.874899999999997,-74.),(120.4392,97.874899999999997,-50.),(120.4392,97.874899999999997,-50.),(92.128299999999996,64.137900000000002,55.),(101.5294,43.058999999999997,55.),(101.5294,43.058999999999997,-300.),(107.8447,52.078299999999999,-300.),(107.8447,52.078299999999999,-98.),(107.89709999999999,52.153199999999998,-95.908299999999997),(108.054,52.377299999999998,-93.832400000000007),(108.3142,52.748899999999999,-91.788300000000007),(108.67570000000001,53.265099999999997,-89.791499999999999),(109.1356,53.921999999999997,-87.857200000000006),(109.69070000000001,54.714700000000001,-86.),(110.3366,55.6372,-84.234200000000001),(111.06829999999999,56.682200000000002,-82.573099999999997),(111.88039999999999,57.841999999999999,-81.029399999999995),(112.7666,59.107700000000001,-79.614900000000006),(113.72029999999999,60.469700000000003,-78.340400000000002),(114.7341,61.9176,-77.215400000000002),(115.80029999999999,63.440300000000001,-76.248599999999996),(116.91079999999999,65.026300000000006,-75.447400000000002),(118.05719999999999,66.663600000000002,-74.817800000000005),(119.2308,68.339600000000004,-74.364599999999996),(120.4226,70.041700000000006,-74.091300000000004),(121.62350000000001,71.756799999999998,-74.),(133.10579999999999,88.155500000000004,-74.),(133.10579999999999,88.155500000000004,-74.),(133.10579999999999,88.155500000000004,-74.),(133.10579999999999,88.155500000000004,-50.),(133.10579999999999,88.155500000000004,-50.),(107.8447,52.078299999999999,55.),(119.0476,31.898700000000002,55.),(119.0476,31.898700000000002,-300.),(124.553,41.433999999999997,-300.),(124.553,41.433999999999997,-98.),(124.59869999999999,41.513100000000001,-95.908299999999997),(124.7354,41.75,-93.832400000000007),(124.9623,42.142899999999997,-91.788300000000007),(125.2774,42.688699999999997,-89.791499999999999),(125.6784,43.383200000000002,-87.857200000000006),(126.1622,44.221200000000003,-86.),(126.7253,45.196399999999997,-84.234200000000001),(127.3631,46.301200000000001,-82.573099999999997),(128.0711,47.5274,-81.029399999999995),(128.84370000000001,48.865499999999997,-79.614900000000006),(129.67500000000001,50.305399999999999,-78.340400000000002),(130.55879999999999,51.836100000000002,-77.215400000000002),(131.48830000000001,53.445999999999998,-76.248599999999996),(132.4564,55.122799999999998,-75.447400000000002),(133.45580000000001,56.853700000000003,-74.817800000000005),(134.47880000000001,58.625599999999999,-74.364599999999996),(135.51779999999999,60.4251,-74.091300000000004),(136.56469999999999,62.238199999999999,-74.),(146.5744,79.575100000000006,-74.),(146.5744,79.575100000000006,-74.),(146.5744,79.575100000000006,-74.),(146.5744,79.575100000000006,-50.),(146.5744,79.575100000000006,-50.),(124.553,41.433999999999997,55.),(137.4718,22.307700000000001,55.),(137.4718,22.307700000000001,-300.),(142.1249,32.2866,-300.),(142.1249,32.2866,-98.),(142.1635,32.369500000000002,-95.908299999999997),(142.2791,32.617400000000004,-93.832400000000007),(142.4708,33.028500000000001,-91.788300000000007),(142.7372,33.599699999999999,-89.791499999999999),(143.0761,34.326500000000003,-87.857200000000006),(143.48500000000001,35.203600000000002,-86.),(143.96090000000001,36.224200000000003,-84.234200000000001),(144.5,37.380400000000002,-82.573099999999997),(145.0984,38.663600000000002,-81.029399999999995),(145.75139999999999,40.064,-79.614900000000006),(146.45410000000001,41.570900000000002,-78.340400000000002),(147.20099999999999,43.172800000000002,-77.215400000000002),(147.98660000000001,44.857599999999998,-76.248599999999996),(148.8048,46.612299999999998,-75.447400000000002),(149.64949999999999,48.4238,-74.817800000000005),(150.51419999999999,50.278100000000002,-74.364599999999996),(151.39230000000001,52.161299999999997,-74.091300000000004),(152.27709999999999,54.058900000000001,-74.),(160.7373,72.202399999999997,-74.),(160.7373,72.202399999999997,-74.),(160.7373,72.202399999999997,-74.),(160.7373,72.202399999999997,-50.),(160.7373,72.202399999999997,-50.),(142.1249,32.2866,55.),(156.6619,14.3589,55.),(156.6619,14.3589,-300.),(160.42750000000001,24.705400000000001,-300.),(160.42750000000001,24.705400000000001,-98.),(160.45869999999999,24.7913,-95.908299999999997),(160.5523,25.048400000000001,-93.832400000000007),(160.70740000000001,25.474699999999999,-91.788300000000007),(160.923,26.0669,-89.791499999999999),(161.19720000000001,26.820499999999999,-87.857200000000006),(161.5282,27.729800000000001,-86.),(161.91329999999999,28.788,-84.234200000000001),(162.34960000000001,29.986799999999999,-82.573099999999997),(162.8338,31.317299999999999,-81.029399999999995),(163.3623,32.769300000000001,-79.614900000000006),(163.93090000000001,34.331699999999998,-78.340400000000002),(164.53540000000001,35.992600000000003,-77.215400000000002),(165.1712,37.7395,-76.248599999999996),(165.83330000000001,39.558900000000001,-75.447400000000002),(166.51689999999999,41.436999999999998,-74.817800000000005),(167.2166,43.359699999999997,-74.364599999999996),(167.9273,45.3123,-74.091300000000004),(168.64330000000001,47.279699999999998,-74.),(175.4898,66.0916,-74.),(175.4898,66.0916,-74.),(175.4898,66.0916,-74.),(175.4898,66.0916,-50.),(175.4898,66.0916,-50.),(160.42750000000001,24.705400000000001,55.),(176.4717,8.1128999999999998,55.),(176.4717,8.1128999999999998,-300.),(179.32130000000001,18.748200000000001,-300.),(179.32130000000001,18.748200000000001,-98.),(179.3449,18.836500000000001,-95.908299999999997),(179.41569999999999,19.1008,-93.832400000000007),(179.53319999999999,19.538900000000002,-91.788300000000007),(179.69630000000001,20.1477,-89.791499999999999),(179.90379999999999,20.9223,-87.857200000000006),(180.15430000000001,21.856999999999999,-86.),(180.44569999999999,22.944800000000001,-84.234200000000001),(180.77590000000001,24.177,-82.573099999999997),(181.14230000000001,25.544599999999999,-81.029399999999995),(181.54220000000001,27.037099999999999,-79.614900000000006),(181.9725,28.6432,-78.340400000000002),(182.4299,30.3504,-77.215400000000002),(182.9111,32.146099999999997,-76.248599999999996),(183.41220000000001,34.016199999999998,-75.447400000000002),(183.92939999999999,35.946800000000003,-74.817800000000005),(184.459,37.923200000000001,-74.364599999999996),(184.9967,39.930300000000003,-74.091300000000004),(185.5386,41.952599999999997,-74.),(190.71969999999999,61.2896,-74.),(190.71969999999999,61.2896,-74.),(190.71969999999999,61.2896,-74.),(190.71969999999999,61.2896,-50.),(190.71969999999999,61.2896,-50.),(179.32130000000001,18.748200000000001,55.),(196.75040000000001,3.6172,55.),(196.75040000000001,3.6172,-300.),(198.6618,14.4605,-300.),(198.6618,14.4605,-98.),(198.67769999999999,14.5505,-95.908299999999997),(198.7252,14.819900000000001,-93.832400000000007),(198.804,15.2666,-91.788300000000007),(198.9134,15.8873,-89.791499999999999),(199.05260000000001,16.677099999999999,-87.857200000000006),(199.22059999999999,17.630099999999999,-86.),(199.4161,18.739100000000001,-84.234200000000001),(199.63749999999999,19.9954,-82.573099999999997),(199.88329999999999,21.389800000000001,-81.029399999999995),(200.1516,22.9115,-79.614900000000006),(200.4402,24.5489,-78.340400000000002),(200.74709999999999,26.2895,-77.215400000000002),(201.06979999999999,28.1203,-76.248599999999996),(201.4059,30.027000000000001,-75.447400000000002),(201.75290000000001,31.9954,-74.817800000000005),(202.10810000000001,34.010399999999997,-74.364599999999996),(202.46879999999999,36.056699999999999,-74.091300000000004),(202.8323,38.118600000000001,-74.),(206.30760000000001,57.8337,-74.),(206.30760000000001,57.8337,-74.),(206.30760000000001,57.8337,-74.),(206.30760000000001,57.8337,-50.),(206.30760000000001,57.8337,-50.),(198.6618,14.4605,55.),(217.34389999999999,0.90600000000000003,55.),(217.34389999999999,0.90600000000000003,-300.),(218.304,11.874499999999999,-300.),(218.304,11.874499999999999,-98.),(218.31200000000001,11.9656,-95.908299999999997),(218.33580000000001,12.238099999999999,-93.832400000000007),(218.37540000000001,12.69,-91.788300000000007),(218.43029999999999,13.3178,-89.791499999999999),(218.50030000000001,14.1167,-87.857200000000006),(218.5847,15.0807,-86.),(218.68279999999999,16.202500000000001,-84.234200000000001),(218.79409999999999,17.473400000000002,-82.573099999999997),(218.91749999999999,18.883800000000001,-81.029399999999995),(219.0523,20.423100000000002,-79.614900000000006),(219.19730000000001,22.079499999999999,-78.340400000000002),(219.35140000000001,23.840199999999999,-77.215400000000002),(219.51349999999999,25.6921,-76.248599999999996),(219.6823,27.620899999999999,-75.447400000000002),(219.85659999999999,29.611999999999998,-74.817800000000005),(220.035,31.650200000000002,-74.364599999999996),(220.21619999999999,33.720199999999998,-74.091300000000004),(220.39879999999999,35.805900000000001,-74.),(222.14439999999999,55.748699999999999,-74.),(222.14439999999999,55.748699999999999,-74.),(222.14439999999999,55.748699999999999,-74.),(222.14439999999999,55.748699999999999,-50.),(222.14439999999999,55.748699999999999,-50.),(218.304,11.874499999999999,55.),(238.09520000000001,0.,55.),(238.09520000000001,0.,-300.),(238.33500000000001,11.,-300.),(238.33500000000001,11.,-98.),(238.33699999999999,11.0913,-95.908299999999997),(238.34299999999999,11.364599999999999,-93.832400000000007),(238.35290000000001,11.8178,-91.788300000000007),(238.36660000000001,12.4474,-89.791499999999999),(238.38409999999999,13.2486,-87.857200000000006),(238.40520000000001,14.215400000000001,-86.),(238.4297,15.340400000000001,-84.234200000000001),(238.45750000000001,16.614899999999999,-82.573099999999997),(238.48830000000001,18.029399999999999,-81.029399999999995),(238.52199999999999,19.5731,-79.614900000000006),(238.5582,21.234200000000001,-78.340400000000002),(238.5967,23.,-77.215400000000002),(238.63720000000001,24.857199999999999,-76.248599999999996),(238.67939999999999,26.791499999999999,-75.447400000000002),(238.72290000000001,28.7883,-74.817800000000005),(238.76750000000001,30.8324,-74.364599999999996),(238.81270000000001,32.908299999999997,-74.091300000000004),(238.85839999999999,35.,-74.),(239.2944,55.,-74.),(239.2944,55.,-74.),(239.2944,55.,-74.),(239.2944,55.,-50.),(239.2944,55.,-50.),(238.33500000000001,11.,55.),(1761.9048,0.,55.),(1761.9048,0.,-300.),(1761.665,11.,-300.),(1761.665,11.,-98.),(1761.663,11.0913,-95.908299999999997),(1761.6569999999999,11.364599999999999,-93.832400000000007),(1761.6470999999999,11.8178,-91.788300000000007),(1761.6333999999999,12.4474,-89.791499999999999),(1761.6159,13.2486,-87.857200000000006),(1761.5948000000001,14.215400000000001,-86.),(1761.5703000000001,15.340400000000001,-84.234200000000001),(1761.5425,16.614899999999999,-82.573099999999997),(1761.5117,18.029399999999999,-81.029399999999995),(1761.4780000000001,19.5731,-79.614900000000006),(1761.4418000000001,21.234200000000001,-78.340400000000002),(1761.4032999999999,23.,-77.215400000000002),(1761.3628000000001,24.857199999999999,-76.248599999999996),(1761.3206,26.791499999999999,-75.447400000000002),(1761.2771,28.7883,-74.817800000000005),(1761.2325000000001,30.8324,-74.364599999999996),(1761.1873000000001,32.908299999999997,-74.091300000000004),(1761.1415999999999,35.,-74.),(1760.7056,55.,-74.),(1760.7056,55.,-74.),(1760.7056,55.,-74.),(1760.7056,55.,-50.),(1760.7056,55.,-50.),(1761.665,11.,55.),(1782.6560999999999,0.90600000000000003,55.),(1782.6560999999999,0.90600000000000003,-300.),(1781.6959999999999,11.874499999999999,-300.),(1781.6959999999999,11.874499999999999,-98.),(1781.6880000000001,11.9656,-95.908299999999997),(1781.6641999999999,12.238099999999999,-93.832400000000007),(1781.6246000000001,12.69,-91.788300000000007),(1781.5697,13.3178,-89.791499999999999),(1781.4997000000001,14.1167,-87.857200000000006),(1781.4152999999999,15.0807,-86.),(1781.3172,16.202500000000001,-84.234200000000001),(1781.2058999999999,17.473400000000002,-82.573099999999997),(1781.0825,18.883800000000001,-81.029399999999995),(1780.9476999999999,20.423100000000002,-79.614900000000006),(1780.8027,22.079499999999999,-78.340400000000002),(1780.6486,23.840199999999999,-77.215400000000002),(1780.4865,25.6921,-76.248599999999996),(1780.3177000000001,27.620899999999999,-75.447400000000002),(1780.1433999999999,29.611999999999998,-74.817800000000005),(1779.9649999999999,31.650200000000002,-74.364599999999996),(1779.7837999999999,33.720199999999998,-74.091300000000004),(1779.6012000000001,35.805900000000001,-74.),(1777.8556000000001,55.748699999999999,-74.),(1777.8556000000001,55.748699999999999,-74.),(1777.8556000000001,55.748699999999999,-74.),(1777.8556000000001,55.748699999999999,-50.),(1777.8556000000001,55.748699999999999,-50.),(1781.6959999999999,11.874499999999999,55.),(1803.2496000000001,3.6172,55.),(1803.2496000000001,3.6172,-300.),(1801.3381999999999,14.4605,-300.),(1801.3381999999999,14.4605,-98.),(1801.3223,14.5505,-95.908299999999997),(1801.2747999999999,14.819900000000001,-93.832400000000007),(1801.1959999999999,15.2666,-91.788300000000007),(1801.0866000000001,15.8873,-89.791499999999999),(1800.9474,16.677099999999999,-87.857200000000006),(1800.7793999999999,17.630099999999999,-86.),(1800.5839000000001,18.739100000000001,-84.234200000000001),(1800.3625,19.9954,-82.573099999999997),(1800.1167,21.389800000000001,-81.029399999999995),(1799.8484000000001,22.9115,-79.614900000000006),(1799.5598,24.5489,-78.340400000000002),(1799.2529,26.2895,-77.215400000000002),(1798.9302,28.1203,-76.248599999999996),(1798.5941,30.027000000000001,-75.447400000000002),(1798.2471,31.9954,-74.817800000000005),(1797.8919000000001,34.010399999999997,-74.364599999999996),(1797.5311999999999,36.056699999999999,-74.091300000000004),(1797.1677,38.118600000000001,-74.),(1793.6923999999999,57.8337,-74.),(1793.6923999999999,57.8337,-74.),(1793.6923999999999,57.8337,-74.),(1793.6923999999999,57.8337,-50.),(1793.6923999999999,57.8337,-50.),(1801.3381999999999,14.4605,55.),(1823.5282999999999,8.1128999999999998,55.),(1823.5282999999999,8.1128999999999998,-300.),(1820.6786999999999,18.748200000000001,-300.),(1820.6786999999999,18.748200000000001,-98.),(1820.6550999999999,18.836500000000001,-95.908299999999997),(1820.5843,19.1008,-93.832400000000007),(1820.4667999999999,19.538900000000002,-91.788300000000007),(1820.3036999999999,20.1477,-89.791499999999999),(1820.0962,20.9223,-87.857200000000006),(1819.8457000000001,21.856999999999999,-86.),(1819.5543,22.944800000000001,-84.234200000000001),(1819.2240999999999,24.177,-82.573099999999997),(1818.8577,25.544599999999999,-81.029399999999995),(1818.4577999999999,27.037099999999999,-79.614900000000006),(1818.0274999999999,28.6432,-78.340400000000002),(1817.5700999999999,30.3504,-77.215400000000002),(1817.0889,32.146099999999997,-76.248599999999996),(1816.5878,34.016199999999998,-75.447400000000002),(1816.0706,35.946800000000003,-74.817800000000005),(1815.5409999999999,37.923200000000001,-74.364599999999996),(1815.0033000000001,39.930300000000003,-74.091300000000004),(1814.4613999999999,41.952599999999997,-74.),(1809.2802999999999,61.2896,-74.),(1809.2802999999999,61.2896,-74.),(1809.2802999999999,61.2896,-74.),(1809.2802999999999,61.2896,-50.),(1809.2802999999999,61.2896,-50.),(1820.6786999999999,18.748200000000001,55.),(1843.3380999999999,14.3589,55.),(1843.3380999999999,14.3589,-300.),(1839.5725,24.705400000000001,-300.),(1839.5725,24.705400000000001,-98.),(1839.5413000000001,24.7913,-95.908299999999997),(1839.4476999999999,25.048400000000001,-93.832400000000007),(1839.2926,25.474699999999999,-91.788300000000007),(1839.077,26.0669,-89.791499999999999),(1838.8027999999999,26.820499999999999,-87.857200000000006),(1838.4718,27.729800000000001,-86.),(1838.0867000000001,28.788,-84.234200000000001),(1837.6504,29.986799999999999,-82.573099999999997),(1837.1661999999999,31.317299999999999,-81.029399999999995),(1836.6377,32.769300000000001,-79.614900000000006),(1836.0690999999999,34.331699999999998,-78.340400000000002),(1835.4646,35.992600000000003,-77.215400000000002),(1834.8288,37.7395,-76.248599999999996),(1834.1667,39.558900000000001,-75.447400000000002),(1833.4830999999999,41.436999999999998,-74.817800000000005),(1832.7834,43.359699999999997,-74.364599999999996),(1832.0726999999999,45.3123,-74.091300000000004),(1831.3567,47.279699999999998,-74.),(1824.5101999999999,66.0916,-74.),(1824.5101999999999,66.0916,-74.),(1824.5101999999999,66.0916,-74.),(1824.5101999999999,66.0916,-50.),(1824.5101999999999,66.0916,-50.),(1839.5725,24.705400000000001,55.),(1862.5282,22.307700000000001,55.),(1862.5282,22.307700000000001,-300.),(1857.8751,32.2866,-300.),(1857.8751,32.2866,-98.),(1857.8364999999999,32.369500000000002,-95.908299999999997),(1857.7209,32.617400000000004,-93.832400000000007),(1857.5291999999999,33.028500000000001,-91.788300000000007),(1857.2628,33.599699999999999,-89.791499999999999),(1856.9239,34.326500000000003,-87.857200000000006),(1856.5150000000001,35.203600000000002,-86.),(1856.0391,36.224200000000003,-84.234200000000001),(1855.5,37.380400000000002,-82.573099999999997),(1854.9015999999999,38.663600000000002,-81.029399999999995),(1854.2485999999999,40.064,-79.614900000000006),(1853.5459000000001,41.570900000000002,-78.340400000000002),(1852.799,43.172800000000002,-77.215400000000002),(1852.0134,44.857599999999998,-76.248599999999996),(1851.1952000000001,46.612299999999998,-75.447400000000002),(1850.3505,48.4238,-74.817800000000005),(1849.4857999999999,50.278100000000002,-74.364599999999996),(1848.6077,52.161299999999997,-74.091300000000004),(1847.7229,54.058900000000001,-74.),(1839.2627,72.202399999999997,-74.),(1839.2627,72.202399999999997,-74.),(1839.2627,72.202399999999997,-74.),(1839.2627,72.202399999999997,-50.),(1839.2627,72.202399999999997,-50.),(1857.8751,32.2866,55.),(1880.9523999999999,31.898700000000002,55.),(1880.9523999999999,31.898700000000002,-300.),(1875.4469999999999,41.433999999999997,-300.),(1875.4469999999999,41.433999999999997,-98.),(1875.4013,41.513100000000001,-95.908299999999997),(1875.2646,41.75,-93.832400000000007),(1875.0377000000001,42.142899999999997,-91.788300000000007),(1874.7226000000001,42.688699999999997,-89.791499999999999),(1874.3216,43.383200000000002,-87.857200000000006),(1873.8378,44.221200000000003,-86.),(1873.2746999999999,45.196399999999997,-84.234200000000001),(1872.6369,46.301200000000001,-82.573099999999997),(1871.9289000000001,47.5274,-81.029399999999995),(1871.1563000000001,48.865499999999997,-79.614900000000006),(1870.325,50.305399999999999,-78.340400000000002),(1869.4412,51.836100000000002,-77.215400000000002),(1868.5117,53.445999999999998,-76.248599999999996),(1867.5436,55.122799999999998,-75.447400000000002),(1866.5442,56.853700000000003,-74.817800000000005),(1865.5211999999999,58.625599999999999,-74.364599999999996),(1864.4821999999999,60.4251,-74.091300000000004),(1863.4353000000001,62.238199999999999,-74.),(1853.4256,79.575100000000006,-74.),(1853.4256,79.575100000000006,-74.),(1853.4256,79.575100000000006,-74.),(1853.4256,79.575100000000006,-50.),(1853.4256,79.575100000000006,-50.),(1875.4469999999999,41.433999999999997,55.),(1898.4706000000001,43.058999999999997,55.),(1898.4706000000001,43.058999999999997,-300.),(1892.1552999999999,52.078299999999999,-300.),(1892.1552999999999,52.078299999999999,-98.),(1892.1029000000001,52.153199999999998,-95.908299999999997),(1891.9459999999999,52.377299999999998,-93.832400000000007),(1891.6858,52.748899999999999,-91.788300000000007),(1891.3243,53.265099999999997,-89.791499999999999),(1890.8643999999999,53.921999999999997,-87.857200000000006),(1890.3092999999999,54.714700000000001,-86.),(1889.6633999999999,55.6372,-84.234200000000001),(1888.9317000000001,56.682200000000002,-82.573099999999997),(1888.1196,57.841999999999999,-81.029399999999995),(1887.2334000000001,59.107700000000001,-79.614900000000006),(1886.2797,60.469700000000003,-78.340400000000002),(1885.2659000000001,61.9176,-77.215400000000002),(1884.1996999999999,63.440300000000001,-76.248599999999996),(1883.0891999999999,65.026300000000006,-75.447400000000002),(1881.9428,66.663600000000002,-74.817800000000005),(1880.7692,68.339600000000004,-74.364599999999996),(1879.5773999999999,70.041700000000006,-74.091300000000004),(1878.3765000000001,71.756799999999998,-74.),(1866.8942,88.155500000000004,-74.),(1866.8942,88.155500000000004,-74.),(1866.8942,88.155500000000004,-74.),(1866.8942,88.155500000000004,-50.),(1866.8942,88.155500000000004,-50.),(1892.1552999999999,52.078299999999999,55.),(1914.9494,55.703699999999998,55.),(1914.9494,55.703699999999998,-300.),(1907.8716999999999,64.137900000000002,-300.),(1907.8716999999999,64.137900000000002,-98.),(1907.8128999999999,64.207999999999998,-95.908299999999997),(1907.6370999999999,64.417500000000004,-93.832400000000007),(1907.3454999999999,64.765000000000001,-91.788300000000007),(1906.9404,65.247699999999995,-89.791499999999999),(1906.4249,65.862099999999998,-87.857200000000006),(1905.8027999999999,66.603399999999993,-86.),(1905.0789,67.465900000000005,-84.234200000000001),(1904.2589,68.443200000000004,-82.573099999999997),(1903.3488,69.527699999999996,-81.029399999999995),(1902.3554999999999,70.711399999999998,-79.614900000000006),(1901.2867000000001,71.984999999999999,-78.340400000000002),(1900.1505,73.338899999999995,-77.215400000000002),(1898.9556,74.763000000000005,-76.248599999999996),(1897.711,76.246099999999998,-75.447400000000002),(1896.4262000000001,77.777100000000004,-74.817800000000005),(1895.1108999999999,79.344399999999993,-74.364599999999996),(1893.7752,80.936099999999996,-74.091300000000004),(1892.4294,82.539900000000003,-74.),(1879.5608,97.874899999999997,-74.),(1879.5608,97.874899999999997,-74.),(1879.5608,97.874899999999997,-74.),(1879.5608,97.874899999999997,-50.),(1879.5608,97.874899999999997,-50.),(1907.8716999999999,64.137900000000002,55.),(1930.2635,69.736500000000007,55.),(1930.2635,69.736500000000007,-300.),(1922.4779000000001,77.522099999999995,-300.),(1922.4779000000001,77.522099999999995,-98.),(1922.4132999999999,77.586699999999993,-95.908299999999997),(1922.2199000000001,77.780100000000004,-93.832400000000007),(1921.8991000000001,78.100899999999996,-91.788300000000007),(1921.4535000000001,78.546499999999995,-89.791499999999999),(1920.8864000000001,79.113600000000005,-87.857200000000006),(1920.2021,79.797899999999998,-86.),(1919.4059,80.594099999999997,-84.234200000000001),(1918.5038,81.496200000000002,-82.573099999999997),(1917.5026,82.497399999999999,-81.029399999999995),(1916.4100000000001,83.590000000000003,-79.614900000000006),(1915.2343000000001,84.765699999999995,-78.340400000000002),(1913.9846,86.0154,-77.215400000000002),(1912.6701,87.329899999999995,-76.248599999999996),(1911.3009999999999,88.698999999999998,-75.447400000000002),(1909.8877,90.112300000000005,-74.817800000000005),(1908.4409000000001,91.559100000000001,-74.364599999999996),(1906.9716000000001,93.028400000000005,-74.091300000000004),(1905.4911999999999,94.508799999999994,-74.),(1891.3356000000001,108.6644,-74.),(1891.3356000000001,108.6644,-74.),(1891.3356000000001,108.6644,-74.),(1891.3356000000001,108.6644,-50.),(1891.3356000000001,108.6644,-50.),(1922.4779000000001,77.522099999999995,55.),(1944.2963,85.050600000000003,55.),(1944.2963,85.050600000000003,-300.),(1935.8621000000001,92.128299999999996,-300.),(1935.8621000000001,92.128299999999996,-98.),(1935.7919999999999,92.187100000000001,-95.908299999999997),(1935.5825,92.362899999999996,-93.832400000000007),(1935.2349999999999,92.654499999999999,-91.788300000000007),(1934.7523000000001,93.059600000000003,-89.791499999999999),(1934.1378999999999,93.575100000000006,-87.857200000000006),(1933.3966,94.197199999999995,-86.),(1932.5341000000001,94.921099999999996,-84.234200000000001),(1931.5568000000001,95.741100000000003,-82.573099999999997),(1930.4722999999999,96.651200000000003,-81.029399999999995),(1929.2886000000001,97.644499999999994,-79.614900000000006),(1928.0150000000001,98.713300000000004,-78.340400000000002),(1926.6611,99.849500000000006,-77.215400000000002),(1925.2370000000001,101.0444,-76.248599999999996),(1923.7538999999999,102.289,-75.447400000000002),(1922.2229,103.57380000000001,-74.817800000000005),(1920.6556,104.8891,-74.364599999999996),(1919.0639000000001,106.2248,-74.091300000000004),(1917.4601,107.5706,-74.),(1902.1251,120.4392,-74.),(1902.1251,120.4392,-74.),(1902.1251,120.4392,-74.),(1902.1251,120.4392,-50.),(1902.1251,120.4392,-50.),(1935.8621000000001,92.128299999999996,55.),(1956.941,101.5294,55.),(1956.941,101.5294,-300.),(1947.9217000000001,107.8447,-300.),(1947.9217000000001,107.8447,-98.),(1947.8468,107.89709999999999,-95.908299999999997),(1947.6226999999999,108.054,-93.832400000000007),(1947.2511,108.3142,-91.788300000000007),(1946.7348999999999,108.67570000000001,-89.791499999999999),(1946.078,109.1356,-87.857200000000006),(1945.2853,109.69070000000001,-86.),(1944.3628000000001,110.3366,-84.234200000000001),(1943.3178,111.06829999999999,-82.573099999999997),(1942.1579999999999,111.88039999999999,-81.029399999999995),(1940.8923,112.7666,-79.614900000000006),(1939.5302999999999,113.72029999999999,-78.340400000000002),(1938.0824,114.7341,-77.215400000000002),(1936.5597,115.80029999999999,-76.248599999999996),(1934.9737,116.91079999999999,-75.447400000000002),(1933.3363999999999,118.05719999999999,-74.817800000000005),(1931.6604,119.2308,-74.364599999999996),(1929.9583,120.4226,-74.091300000000004),(1928.2431999999999,121.62350000000001,-74.),(1911.8444999999999,133.10579999999999,-74.),(1911.8444999999999,133.10579999999999,-74.),(1911.8444999999999,133.10579999999999,-74.),(1911.8444999999999,133.10579999999999,-50.),(1911.8444999999999,133.10579999999999,-50.),(1947.9217000000001,107.8447,55.),(1968.1013,119.0476,55.),(1968.1013,119.0476,-300.),(1958.566,124.553,-300.),(1958.566,124.553,-98.),(1958.4869000000001,124.59869999999999,-95.908299999999997),(1958.25,124.7354,-93.832400000000007),(1957.8570999999999,124.9623,-91.788300000000007),(1957.3113000000001,125.2774,-89.791499999999999),(1956.6168,125.6784,-87.857200000000006),(1955.7788,126.1622,-86.),(1954.8036,126.7253,-84.234200000000001),(1953.6987999999999,127.3631,-82.573099999999997),(1952.4726000000001,128.0711,-81.029399999999995),(1951.1344999999999,128.84370000000001,-79.614900000000006),(1949.6946,129.67500000000001,-78.340400000000002),(1948.1639,130.55879999999999,-77.215400000000002),(1946.5540000000001,131.48830000000001,-76.248599999999996),(1944.8771999999999,132.4564,-75.447400000000002),(1943.1463000000001,133.45580000000001,-74.817800000000005),(1941.3743999999999,134.47880000000001,-74.364599999999996),(1939.5749000000001,135.51779999999999,-74.091300000000004),(1937.7618,136.56469999999999,-74.),(1920.4249,146.5744,-74.),(1920.4249,146.5744,-74.),(1920.4249,146.5744,-74.),(1920.4249,146.5744,-50.),(1920.4249,146.5744,-50.),(1958.566,124.553,55.),(1977.6922999999999,137.4718,55.),(1977.6922999999999,137.4718,-300.),(1967.7134000000001,142.1249,-300.),(1967.7134000000001,142.1249,-98.),(1967.6305,142.1635,-95.908299999999997),(1967.3825999999999,142.2791,-93.832400000000007),(1966.9715000000001,142.4708,-91.788300000000007),(1966.4003,142.7372,-89.791499999999999),(1965.6735000000001,143.0761,-87.857200000000006),(1964.7963999999999,143.48500000000001,-86.),(1963.7757999999999,143.96090000000001,-84.234200000000001),(1962.6196,144.5,-82.573099999999997),(1961.3363999999999,145.0984,-81.029399999999995),(1959.9359999999999,145.75139999999999,-79.614900000000006),(1958.4291000000001,146.45410000000001,-78.340400000000002),(1956.8271999999999,147.20099999999999,-77.215400000000002),(1955.1424,147.98660000000001,-76.248599999999996),(1953.3877,148.8048,-75.447400000000002),(1951.5762,149.64949999999999,-74.817800000000005),(1949.7219,150.51419999999999,-74.364599999999996),(1947.8387,151.39230000000001,-74.091300000000004),(1945.9411,152.27709999999999,-74.),(1927.7976000000001,160.7373,-74.),(1927.7976000000001,160.7373,-74.),(1927.7976000000001,160.7373,-74.),(1927.7976000000001,160.7373,-50.),(1927.7976000000001,160.7373,-50.),(1967.7134000000001,142.1249,55.),(1985.6411000000001,156.6619,55.),(1985.6411000000001,156.6619,-300.),(1975.2945999999999,160.42750000000001,-300.),(1975.2945999999999,160.42750000000001,-98.),(1975.2086999999999,160.45869999999999,-95.908299999999997),(1974.9516000000001,160.5523,-93.832400000000007),(1974.5253,160.70740000000001,-91.788300000000007),(1973.9331,160.923,-89.791499999999999),(1973.1795,161.19720000000001,-87.857200000000006),(1972.2701999999999,161.5282,-86.),(1971.212,161.91329999999999,-84.234200000000001),(1970.0132000000001,162.34960000000001,-82.573099999999997),(1968.6827000000001,162.8338,-81.029399999999995),(1967.2307000000001,163.3623,-79.614900000000006),(1965.6683,163.93090000000001,-78.340400000000002),(1964.0074,164.53540000000001,-77.215400000000002),(1962.2605000000001,165.1712,-76.248599999999996),(1960.4411,165.83330000000001,-75.447400000000002),(1958.5630000000001,166.51689999999999,-74.817800000000005),(1956.6403,167.2166,-74.364599999999996),(1954.6876999999999,167.9273,-74.091300000000004),(1952.7203,168.64330000000001,-74.),(1933.9084,175.4898,-74.),(1933.9084,175.4898,-74.),(1933.9084,175.4898,-74.),(1933.9084,175.4898,-50.),(1933.9084,175.4898,-50.),(1975.2945999999999,160.42750000000001,55.),(1991.8870999999999,176.4717,55.),(1991.8870999999999,176.4717,-300.),(1981.2518,179.32130000000001,-300.),(1981.2518,179.32130000000001,-98.),(1981.1635000000001,179.3449,-95.908299999999997),(1980.8992000000001,179.41569999999999,-93.832400000000007),(1980.4611,179.53319999999999,-91.788300000000007),(1979.8523,179.69630000000001,-89.791499999999999),(1979.0777,179.90379999999999,-87.857200000000006),(1978.143,180.15430000000001,-86.),(1977.0552,180.44569999999999,-84.234200000000001),(1975.8230000000001,180.77590000000001,-82.573099999999997),(1974.4554000000001,181.14230000000001,-81.029399999999995),(1972.9629,181.54220000000001,-79.614900000000006),(1971.3568,181.9725,-78.340400000000002),(1969.6496,182.4299,-77.215400000000002),(1967.8539000000001,182.9111,-76.248599999999996),(1965.9838,183.41220000000001,-75.447400000000002),(1964.0532000000001,183.92939999999999,-74.817800000000005),(1962.0768,184.459,-74.364599999999996),(1960.0697,184.9967,-74.091300000000004),(1958.0473999999999,185.5386,-74.),(1938.7103999999999,190.71969999999999,-74.),(1938.7103999999999,190.71969999999999,-74.),(1938.7103999999999,190.71969999999999,-74.),(1938.7103999999999,190.71969999999999,-50.),(1938.7103999999999,190.71969999999999,-50.),(1981.2518,179.32130000000001,55.),(1996.3828000000001,196.75040000000001,55.),(1996.3828000000001,196.75040000000001,-300.),(1985.5395000000001,198.6618,-300.),(1985.5395000000001,198.6618,-98.),(1985.4494999999999,198.67769999999999,-95.908299999999997),(1985.1801,198.7252,-93.832400000000007),(1984.7334000000001,198.804,-91.788300000000007),(1984.1126999999999,198.9134,-89.791499999999999),(1983.3228999999999,199.05260000000001,-87.857200000000006),(1982.3698999999999,199.22059999999999,-86.),(1981.2609,199.4161,-84.234200000000001),(1980.0046,199.63749999999999,-82.573099999999997),(1978.6102000000001,199.88329999999999,-81.029399999999995),(1977.0885000000001,200.1516,-79.614900000000006),(1975.4511,200.4402,-78.340400000000002),(1973.7104999999999,200.74709999999999,-77.215400000000002),(1971.8797,201.06979999999999,-76.248599999999996),(1969.973,201.4059,-75.447400000000002),(1968.0046,201.75290000000001,-74.817800000000005),(1965.9896000000001,202.10810000000001,-74.364599999999996),(1963.9432999999999,202.46879999999999,-74.091300000000004),(1961.8814,202.8323,-74.),(1942.1663000000001,206.30760000000001,-74.),(1942.1663000000001,206.30760000000001,-74.),(1942.1663000000001,206.30760000000001,-74.),(1942.1663000000001,206.30760000000001,-50.),(1942.1663000000001,206.30760000000001,-50.),(1985.5395000000001,198.6618,55.),(1999.0940000000001,217.34389999999999,55.),(1999.0940000000001,217.34389999999999,-300.),(1988.1255000000001,218.304,-300.),(1988.1255000000001,218.304,-98.),(1988.0344,218.31200000000001,-95.908299999999997),(1987.7619,218.33580000000001,-93.832400000000007),(1987.3099999999999,218.37540000000001,-91.788300000000007),(1986.6822,218.43029999999999,-89.791499999999999),(1985.8833,218.50030000000001,-87.857200000000006),(1984.9193,218.5847,-86.),(1983.7974999999999,218.68279999999999,-84.234200000000001),(1982.5265999999999,218.79409999999999,-82.573099999999997),(1981.1161999999999,218.91749999999999,-81.029399999999995),(1979.5769,219.0523,-79.614900000000006),(1977.9204999999999,219.19730000000001,-78.340400000000002),(1976.1597999999999,219.35140000000001,-77.215400000000002),(1974.3079,219.51349999999999,-76.248599999999996),(1972.3791000000001,219.6823,-75.447400000000002),(1970.3879999999999,219.85659999999999,-74.817800000000005),(1968.3498,220.035,-74.364599999999996),(1966.2798,220.21619999999999,-74.091300000000004),(1964.1940999999999,220.39879999999999,-74.),(1944.2512999999999,222.14439999999999,-74.),(1944.2512999999999,222.14439999999999,-74.),(1944.2512999999999,222.14439999999999,-74.),(1944.2512999999999,222.14439999999999,-50.),(1944.2512999999999,222.14439999999999,-50.),(1988.1255000000001,218.304,55.),(2000.,238.09520000000001,55.),(2000.,238.09520000000001,-300.),(1989.,238.33500000000001,-300.),(1989.,238.33500000000001,-98.),(1988.9087,238.33699999999999,-95.908299999999997),(1988.6353999999999,238.34299999999999,-93.832400000000007),(1988.1822,238.35290000000001,-91.788300000000007),(1987.5526,238.36660000000001,-89.791499999999999),(1986.7514000000001,238.38409999999999,-87.857200000000006),(1985.7846,238.40520000000001,-86.),(1984.6596,238.4297,-84.234200000000001),(1983.3851,238.45750000000001,-82.573099999999997),(1981.9706000000001,238.48830000000001,-81.029399999999995),(1980.4268999999999,238.52199999999999,-79.614900000000006),(1978.7657999999999,238.5582,-78.340400000000002),(1977.,238.5967,-77.215400000000002),(1975.1428000000001,238.63720000000001,-76.248599999999996),(1973.2085,238.67939999999999,-75.447400000000002),(1971.2117000000001,238.72290000000001,-74.817800000000005),(1969.1676,238.76750000000001,-74.364599999999996),(1967.0916999999999,238.81270000000001,-74.091300000000004),(1965.,238.85839999999999,-74.),(1945.,239.2944,-74.),(1945.,239.2944,-74.),(1945.,239.2944,-74.),(1945.,239.2944,-50.),(1945.,239.2944,-50.),(1989.,238.33500000000001,55.),(2000.,261.90480000000002,55.),(2000.,261.90480000000002,-300.),(1989.,261.66500000000002,-300.),(1989.,261.66500000000002,-98.),(1988.9087,261.66300000000001,-95.908299999999997),(1988.6353999999999,261.65699999999998,-93.832400000000007),(1988.1822,261.64710000000002,-91.788300000000007),(1987.5526,261.63339999999999,-89.791499999999999),(1986.7514000000001,261.61590000000001,-87.857200000000006),(1985.7846,261.59480000000002,-86.),(1984.6596,261.57029999999997,-84.234200000000001),(1983.3851,261.54250000000002,-82.573099999999997),(1981.9706000000001,261.51170000000002,-81.029399999999995),(1980.4268999999999,261.47800000000001,-79.614900000000006),(1978.7657999999999,261.4418,-78.340400000000002),(1977.,261.4033,-77.215400000000002),(1975.1428000000001,261.36279999999999,-76.248599999999996),(1973.2085,261.32060000000001,-75.447400000000002),(1971.2117000000001,261.27710000000002,-74.817800000000005),(1969.1676,261.23250000000002,-74.364599999999996),(1967.0916999999999,261.18729999999999,-74.091300000000004),(1965.,261.14159999999998,-74.),(1945.,260.7056,-74.),(1945.,260.7056,-74.),(1945.,260.7056,-74.),(1945.,260.7056,-50.),(1945.,260.7056,-50.),(1989.,261.66500000000002,55.),(1999.0940000000001,282.65609999999998,55.),(1999.0940000000001,282.65609999999998,-300.),(1988.1255000000001,281.69600000000003,-300.),(1988.1255000000001,281.69600000000003,-98.),(1988.0344,281.68799999999999,-95.908299999999997),(1987.7619,281.66419999999999,-93.832400000000007),(1987.3099999999999,281.62459999999999,-91.788300000000007),(1986.6822,281.56970000000001,-89.791499999999999),(1985.8833,281.49970000000002,-87.857200000000006),(1984.9193,281.4153,-86.),(1983.7974999999999,281.31720000000001,-84.234200000000001),(1982.5265999999999,281.20589999999999,-82.573099999999997),(1981.1161999999999,281.08249999999998,-81.029399999999995),(1979.5769,280.9477,-79.614900000000006),(1977.9204999999999,280.80270000000002,-78.340400000000002),(1976.1597999999999,280.64859999999999,-77.215400000000002),(1974.3079,280.48649999999998,-76.248599999999996),(1972.3791000000001,280.3177,-75.447400000000002),(1970.3879999999999,280.14339999999999,-74.817800000000005),(1968.3498,279.96499999999997,-74.364599999999996),(1966.2798,279.78379999999999,-74.091300000000004),(1964.1940999999999,279.60120000000001,-74.),(1944.2512999999999,277.85559999999998,-74.),(1944.2512999999999,277.85559999999998,-74.),(1944.2512999999999,277.85559999999998,-74.),(1944.2512999999999,277.85559999999998,-50.),(1944.2512999999999,277.85559999999998,-50.),(1988.1255000000001,281.69600000000003,55.),(1996.3828000000001,303.24959999999999,55.),(1996.3828000000001,303.24959999999999,-300.),(1985.5395000000001,301.33819999999997,-300.),(1985.5395000000001,301.33819999999997,-98.),(1985.4494999999999,301.32229999999998,-95.908299999999997),(1985.1801,301.27480000000003,-93.832400000000007),(1984.7334000000001,301.19600000000003,-91.788300000000007),(1984.1126999999999,301.08659999999998,-89.791499999999999),(1983.3228999999999,300.94740000000002,-87.857200000000006),(1982.3698999999999,300.77940000000001,-86.),(1981.2609,300.58390000000003,-84.234200000000001),(1980.0046,300.36250000000001,-82.573099999999997),(1978.6102000000001,300.11669999999998,-81.029399999999995),(1977.0885000000001,299.84840000000003,-79.614900000000006),(1975.4511,299.5598,-78.340400000000002),(1973.7104999999999,299.25290000000001,-77.215400000000002),(1971.8797,298.93020000000001,-76.248599999999996),(1969.973,298.59410000000003,-75.447400000000002),(1968.0046,298.24709999999999,-74.817800000000005),(1965.9896000000001,297.89190000000002,-74.364599999999996),(1963.9432999999999,297.53120000000001,-74.091300000000004),(1961.8814,297.16770000000002,-74.),(1942.1663000000001,293.69240000000002,-74.),(1942.1663000000001,293.69240000000002,-74.),(1942.1663000000001,293.69240000000002,-74.),(1942.1663000000001,293.69240000000002,-50.),(1942.1663000000001,293.69240000000002,-50.),(1985.5395000000001,301.33819999999997,55.),(1991.8870999999999,323.5283,55.),(1991.8870999999999,323.5283,-300.),(1981.2518,320.67869999999999,-300.),(1981.2518,320.67869999999999,-98.),(1981.1635000000001,320.6551,-95.908299999999997),(1980.8992000000001,320.58429999999998,-93.832400000000007),(1980.4611,320.46679999999998,-91.788300000000007),(1979.8523,320.30369999999999,-89.791499999999999),(1979.0777,320.09620000000001,-87.857200000000006),(1978.143,319.84570000000002,-86.),(1977.0552,319.55430000000001,-84.234200000000001),(1975.8230000000001,319.22410000000002,-82.573099999999997),(1974.4554000000001,318.85770000000002,-81.029399999999995),(1972.9629,318.45780000000002,-79.614900000000006),(1971.3568,318.02749999999997,-78.340400000000002),(1969.6496,317.57010000000002,-77.215400000000002),(1967.8539000000001,317.08890000000002,-76.248599999999996),(1965.9838,316.58780000000002,-75.447400000000002),(1964.0532000000001,316.07060000000001,-74.817800000000005),(1962.0768,315.541,-74.364599999999996),(1960.0697,315.00330000000002,-74.091300000000004),(1958.0473999999999,314.46140000000003,-74.),(1938.7103999999999,309.28030000000001,-74.),(1938.7103999999999,309.28030000000001,-74.),(1938.7103999999999,309.28030000000001,-74.),(1938.7103999999999,309.28030000000001,-50.),(1938.7103999999999,309.28030000000001,-50.),(1981.2518,320.67869999999999,55.),(1985.6411000000001,343.3381,55.),(1985.6411000000001,343.3381,-300.),(1975.2945999999999,339.57249999999999,-300.),(1975.2945999999999,339.57249999999999,-98.),(1975.2086999999999,339.54129999999998,-95.908299999999997),(1974.9516000000001,339.4477,-93.832400000000007),(1974.5253,339.29259999999999,-91.788300000000007),(1973.9331,339.077,-89.791499999999999),(1973.1795,338.80279999999999,-87.857200000000006),(1972.2701999999999,338.47179999999997,-86.),(1971.212,338.08670000000001,-84.234200000000001),(1970.0132000000001,337.65039999999999,-82.573099999999997),(1968.6827000000001,337.1662,-81.029399999999995),(1967.2307000000001,336.6377,-79.614900000000006),(1965.6683,336.06909999999999,-78.340400000000002),(1964.0074,335.46460000000002,-77.215400000000002),(1962.2605000000001,334.8288,-76.248599999999996),(1960.4411,334.16669999999999,-75.447400000000002),(1958.5630000000001,333.48309999999998,-74.817800000000005),(1956.6403,332.78339999999997,-74.364599999999996),(1954.6876999999999,332.0727,-74.091300000000004),(1952.7203,331.35669999999999,-74.),(1933.9084,324.5102,-74.),(1933.9084,324.5102,-74.),(1933.9084,324.5102,-74.),(1933.9084,324.5102,-50.),(1933.9084,324.5102,-50.),(1975.2945999999999,339.57249999999999,55.),(1977.6922999999999,362.52820000000003,55.),(1977.6922999999999,362.52820000000003,-300.),(1967.7134000000001,357.87509999999997,-300.),(1967.7134000000001,357.87509999999997,-98.),(1967.6305,357.8365,-95.908299999999997),(1967.3825999999999,357.72089999999997,-93.832400000000007),(1966.9715000000001,357.5292,-91.788300000000007),(1966.4003,357.26280000000003,-89.791499999999999),(1965.6735000000001,356.9239,-87.857200000000006),(1964.7963999999999,356.51499999999999,-86.),(1963.7757999999999,356.03910000000002,-84.234200000000001),(1962.6196,355.5,-82.573099999999997),(1961.3363999999999,354.90159999999997,-81.029399999999995),(1959.9359999999999,354.24860000000001,-79.614900000000006),(1958.4291000000001,353.54590000000002,-78.340400000000002),(1956.8271999999999,352.79899999999998,-77.215400000000002),(1955.1424,352.01339999999999,-76.248599999999996),(1953.3877,351.1952,-75.447400000000002),(1951.5762,350.35050000000001,-74.817800000000005),(1949.7219,349.48579999999998,-74.364599999999996),(1947.8387,348.60770000000002,-74.091300000000004),(1945.9411,347.72289999999998,-74.),(1927.7976000000001,339.2627,-74.),(1927.7976000000001,339.2627,-74.),(1927.7976000000001,339.2627,-74.),(1927.7976000000001,339.2627,-50.),(1927.7976000000001,339.2627,-50.),(1967.7134000000001,357.87509999999997,55.),(1968.1013,380.95240000000001,55.),(1968.1013,380.95240000000001,-300.),(1958.566,375.447,-300.),(1958.566,375.447,-98.),(1958.4869000000001,375.40129999999999,-95.908299999999997),(1958.25,375.26459999999997,-93.832400000000007),(1957.8570999999999,375.03769999999997,-91.788300000000007),(1957.3113000000001,374.7226,-89.791499999999999),(1956.6168,374.32159999999999,-87.857200000000006),(1955.7788,373.83780000000002,-86.),(1954.8036,373.2747,-84.234200000000001),(1953.6987999999999,372.63690000000003,-82.573099999999997),(1952.4726000000001,371.9289,-81.029399999999995),(1951.1344999999999,371.15629999999999,-79.614900000000006),(1949.6946,370.32499999999999,-78.340400000000002),(1948.1639,369.44119999999998,-77.215400000000002),(1946.5540000000001,368.51170000000002,-76.248599999999996),(1944.8771999999999,367.54360000000003,-75.447400000000002),(1943.1463000000001,366.54419999999999,-74.817800000000005),(1941.3743999999999,365.52120000000002,-74.364599999999996),(1939.5749000000001,364.48219999999998,-74.091300000000004),(1937.7618,363.43529999999998,-74.),(1920.4249,353.42559999999997,-74.),(1920.4249,353.42559999999997,-74.),(1920.4249,353.42559999999997,-74.),(1920.4249,353.42559999999997,-50.),(1920.4249,353.42559999999997,-50.),(1958.566,375.447,55.),(1956.941,398.47059999999999,55.),(1956.941,398.47059999999999,-300.),(1947.9217000000001,392.15530000000001,-300.),(1947.9217000000001,392.15530000000001,-98.),(1947.8468,392.10289999999998,-95.908299999999997),(1947.6226999999999,391.94600000000003,-93.832400000000007),(1947.2511,391.68579999999997,-91.788300000000007),(1946.7348999999999,391.32429999999999,-89.791499999999999),(1946.078,390.86439999999999,-87.857200000000006),(1945.2853,390.30930000000001,-86.),(1944.3628000000001,389.66340000000002,-84.234200000000001),(1943.3178,388.93169999999998,-82.573099999999997),(1942.1579999999999,388.11959999999999,-81.029399999999995),(1940.8923,387.23340000000002,-79.614900000000006),(1939.5302999999999,386.27969999999999,-78.340400000000002),(1938.0824,385.26589999999999,-77.215400000000002),(1936.5597,384.19970000000001,-76.248599999999996),(1934.9737,383.08920000000001,-75.447400000000002),(1933.3363999999999,381.94279999999998,-74.817800000000005),(1931.6604,380.76920000000001,-74.364599999999996),(1929.9583,379.57740000000001,-74.091300000000004),(1928.2431999999999,378.37650000000002,-74.),(1911.8444999999999,366.89420000000001,-74.),(1911.8444999999999,366.89420000000001,-74.),(1911.8444999999999,366.89420000000001,-74.),(1911.8444999999999,366.89420000000001,-50.),(1911.8444999999999,366.89420000000001,-50.),(1947.9217000000001,392.15530000000001,55.),(1944.2963,414.94940000000003,55.),(1944.2963,414.94940000000003,-300.),(1935.8621000000001,407.87169999999998,-300.),(1935.8621000000001,407.87169999999998,-98.),(1935.7919999999999,407.81290000000001,-95.908299999999997),(1935.5825,407.63709999999998,-93.832400000000007),(1935.2349999999999,407.34550000000002,-91.788300000000007),(1934.7523000000001,406.94040000000001,-89.791499999999999),(1934.1378999999999,406.42489999999998,-87.857200000000006),(1933.3966,405.80279999999999,-86.),(1932.5341000000001,405.07889999999998,-84.234200000000001),(1931.5568000000001,404.25889999999998,-82.573099999999997),(1930.4722999999999,403.34879999999998,-81.029399999999995),(1929.2886000000001,402.35550000000001,-79.614900000000006),(1928.0150000000001,401.2867,-78.340400000000002),(1926.6611,400.15050000000002,-77.215400000000002),(1925.2370000000001,398.9556,-76.248599999999996),(1923.7538999999999,397.71100000000001,-75.447400000000002),(1922.2229,396.42619999999999,-74.817800000000005),(1920.6556,395.11090000000002,-74.364599999999996),(1919.0639000000001,393.77519999999998,-74.091300000000004),(1917.4601,392.42939999999999,-74.),(1902.1251,379.56079999999997,-74.),(1902.1251,379.56079999999997,-74.),(1902.1251,379.56079999999997,-74.),(1902.1251,379.56079999999997,-50.),(1902.1251,379.56079999999997,-50.),(1935.8621000000001,407.87169999999998,55.),(1930.2635,430.26350000000002,55.),(1930.2635,430.26350000000002,-300.),(1922.4779000000001,422.47789999999998,-300.),(1922.4779000000001,422.47789999999998,-98.),(1922.4132999999999,422.41329999999999,-95.908299999999997),(1922.2199000000001,422.2199,-93.832400000000007),(1921.8991000000001,421.89909999999998,-91.788300000000007),(1921.4535000000001,421.45350000000002,-89.791499999999999),(1920.8864000000001,420.88639999999998,-87.857200000000006),(1920.2021,420.20209999999997,-86.),(1919.4059,419.40589999999997,-84.234200000000001),(1918.5038,418.50380000000001,-82.573099999999997),(1917.5026,417.50259999999997,-81.029399999999995),(1916.4100000000001,416.41000000000003,-79.614900000000006),(1915.2343000000001,415.23430000000002,-78.340400000000002),(1913.9846,413.9846,-77.215400000000002),(1912.6701,412.67009999999999,-76.248599999999996),(1911.3009999999999,411.30099999999999,-75.447400000000002),(1909.8877,409.8877,-74.817800000000005),(1908.4409000000001,408.4409,-74.364599999999996),(1906.9716000000001,406.97160000000002,-74.091300000000004),(1905.4911999999999,405.49119999999999,-74.),(1891.3356000000001,391.3356,-74.),(1891.3356000000001,391.3356,-74.),(1891.3356000000001,391.3356,-74.),(1891.3356000000001,391.3356,-50.),(1891.3356000000001,391.3356,-50.),(1922.4779000000001,422.47789999999998,55.),(1914.9494,444.29629999999997,55.),(1914.9494,444.29629999999997,-300.),(1907.8716999999999,435.8621,-300.),(1907.8716999999999,435.8621,-98.),(1907.8128999999999,435.79199999999997,-95.908299999999997),(1907.6370999999999,435.58249999999998,-93.832400000000007),(1907.3454999999999,435.23500000000001,-91.788300000000007),(1906.9404,434.75229999999999,-89.791499999999999),(1906.4249,434.1379,-87.857200000000006),(1905.8027999999999,433.39659999999998,-86.),(1905.0789,432.53410000000002,-84.234200000000001),(1904.2589,431.55680000000001,-82.573099999999997),(1903.3488,430.47230000000002,-81.029399999999995),(1902.3554999999999,429.28859999999997,-79.614900000000006),(1901.2867000000001,428.01499999999999,-78.340400000000002),(1900.1505,426.66109999999998,-77.215400000000002),(1898.9556,425.23700000000002,-76.248599999999996),(1897.711,423.75389999999999,-75.447400000000002),(1896.4262000000001,422.22289999999998,-74.817800000000005),(1895.1108999999999,420.65559999999999,-74.364599999999996),(1893.7752,419.06389999999999,-74.091300000000004),(1892.4294,417.46010000000001,-74.),(1879.5608,402.12509999999997,-74.),(1879.5608,402.12509999999997,-74.),(1879.5608,402.12509999999997,-74.),(1879.5608,402.12509999999997,-50.),(1879.5608,402.12509999999997,-50.),(1907.8716999999999,435.8621,55.),(1898.4706000000001,456.94099999999997,55.),(1898.4706000000001,456.94099999999997,-300.),(1892.1552999999999,447.92169999999999,-300.),(1892.1552999999999,447.92169999999999,-98.),(1892.1029000000001,447.84679999999997,-95.908299999999997),(1891.9459999999999,447.62270000000001,-93.832400000000007),(1891.6858,447.25110000000001,-91.788300000000007),(1891.3243,446.73489999999998,-89.791499999999999),(1890.8643999999999,446.07799999999997,-87.857200000000006),(1890.3092999999999,445.28530000000001,-86.),(1889.6633999999999,444.36279999999999,-84.234200000000001),(1888.9317000000001,443.31779999999998,-82.573099999999997),(1888.1196,442.15800000000002,-81.029399999999995),(1887.2334000000001,440.89229999999998,-79.614900000000006),(1886.2797,439.53030000000001,-78.340400000000002),(1885.2659000000001,438.08240000000001,-77.215400000000002),(1884.1996999999999,436.55970000000002,-76.248599999999996),(1883.0891999999999,434.97370000000001,-75.447400000000002),(1881.9428,433.33640000000003,-74.817800000000005),(1880.7692,431.66039999999998,-74.364599999999996),(1879.5773999999999,429.95830000000001,-74.091300000000004),(1878.3765000000001,428.2432,-74.),(1866.8942,411.84449999999998,-74.),(1866.8942,411.84449999999998,-74.),(1866.8942,411.84449999999998,-74.),(1866.8942,411.84449999999998,-50.),(1866.8942,411.84449999999998,-50.),(1892.1552999999999,447.92169999999999,55.),(1880.9523999999999,468.10129999999998,55.),(1880.9523999999999,468.10129999999998,-300.),(1875.4469999999999,458.56599999999997,-300.),(1875.4469999999999,458.56599999999997,-98.),(1875.4013,458.48689999999999,-95.908299999999997),(1875.2646,458.25,-93.832400000000007),(1875.0377000000001,457.8571,-91.788300000000007),(1874.7226000000001,457.31130000000002,-89.791499999999999),(1874.3216,456.61680000000001,-87.857200000000006),(1873.8378,455.77879999999999,-86.),(1873.2746999999999,454.80360000000002,-84.234200000000001),(1872.6369,453.69880000000001,-82.573099999999997),(1871.9289000000001,452.4726,-81.029399999999995),(1871.1563000000001,451.1345,-79.614900000000006),(1870.325,449.69459999999998,-78.340400000000002),(1869.4412,448.16390000000001,-77.215400000000002),(1868.5117,446.55399999999997,-76.248599999999996),(1867.5436,444.87720000000002,-75.447400000000002),(1866.5442,443.1463,-74.817800000000005),(1865.5211999999999,441.37439999999998,-74.364599999999996),(1864.4821999999999,439.57490000000001,-74.091300000000004),(1863.4353000000001,437.76179999999999,-74.),(1853.4256,420.42489999999998,-74.),(1853.4256,420.42489999999998,-74.),(1853.4256,420.42489999999998,-74.),(1853.4256,420.42489999999998,-50.),(1853.4256,420.42489999999998,-50.),(1875.4469999999999,458.56599999999997,55.),(1862.5282,477.69229999999999,55.),(1862.5282,477.69229999999999,-300.),(1857.8751,467.71339999999998,-300.),(1857.8751,467.71339999999998,-98.),(1857.8364999999999,467.63049999999998,-95.908299999999997),(1857.7209,467.38260000000002,-93.832400000000007),(1857.5291999999999,466.97149999999999,-91.788300000000007),(1857.2628,466.40030000000002,-89.791499999999999),(1856.9239,465.67349999999999,-87.857200000000006),(1856.5150000000001,464.79640000000001,-86.),(1856.0391,463.7758,-84.234200000000001),(1855.5,462.61959999999999,-82.573099999999997),(1854.9015999999999,461.33640000000003,-81.029399999999995),(1854.2485999999999,459.93599999999998,-79.614900000000006),(1853.5459000000001,458.42910000000001,-78.340400000000002),(1852.799,456.8272,-77.215400000000002),(1852.0134,455.14240000000001,-76.248599999999996),(1851.1952000000001,453.3877,-75.447400000000002),(1850.3505,451.57619999999997,-74.817800000000005),(1849.4857999999999,449.72190000000001,-74.364599999999996),(1848.6077,447.83870000000002,-74.091300000000004),(1847.7229,445.94110000000001,-74.),(1839.2627,427.79759999999999,-74.),(1839.2627,427.79759999999999,-74.),(1839.2627,427.79759999999999,-74.),(1839.2627,427.79759999999999,-50.),(1839.2627,427.79759999999999,-50.),(1857.8751,467.71339999999998,55.),(1843.3380999999999,485.64109999999999,55.),(1843.3380999999999,485.64109999999999,-300.),(1839.5725,475.2946,-300.),(1839.5725,475.2946,-98.),(1839.5413000000001,475.20870000000002,-95.908299999999997),(1839.4476999999999,474.95159999999998,-93.832400000000007),(1839.2926,474.52530000000002,-91.788300000000007),(1839.077,473.93310000000002,-89.791499999999999),(1838.8027999999999,473.17950000000002,-87.857200000000006),(1838.4718,472.27019999999999,-86.),(1838.0867000000001,471.21199999999999,-84.234200000000001),(1837.6504,470.01319999999998,-82.573099999999997),(1837.1661999999999,468.68270000000001,-81.029399999999995),(1836.6377,467.23070000000001,-79.614900000000006),(1836.0690999999999,465.66829999999999,-78.340400000000002),(1835.4646,464.00740000000002,-77.215400000000002),(1834.8288,462.26049999999998,-76.248599999999996),(1834.1667,460.44110000000001,-75.447400000000002),(1833.4830999999999,458.56299999999999,-74.817800000000005),(1832.7834,456.64030000000002,-74.364599999999996),(1832.0726999999999,454.68770000000001,-74.091300000000004),(1831.3567,452.72030000000001,-74.),(1824.5101999999999,433.90839999999997,-74.),(1824.5101999999999,433.90839999999997,-74.),(1824.5101999999999,433.90839999999997,-74.),(1824.5101999999999,433.90839999999997,-50.),(1824.5101999999999,433.90839999999997,-50.),(1839.5725,475.2946,55.),(1823.5282999999999,491.88709999999998,55.),(1823.5282999999999,491.88709999999998,-300.),(1820.6786999999999,481.2518,-300.),(1820.6786999999999,481.2518,-98.),(1820.6550999999999,481.1635,-95.908299999999997),(1820.5843,480.89920000000001,-93.832400000000007),(1820.4667999999999,480.46109999999999,-91.788300000000007),(1820.3036999999999,479.85230000000001,-89.791499999999999),(1820.0962,479.07769999999999,-87.857200000000006),(1819.8457000000001,478.14299999999997,-86.),(1819.5543,477.05520000000001,-84.234200000000001),(1819.2240999999999,475.82299999999998,-82.573099999999997),(1818.8577,474.4554,-81.029399999999995),(1818.4577999999999,472.96289999999999,-79.614900000000006),(1818.0274999999999,471.35680000000002,-78.340400000000002),(1817.5700999999999,469.64960000000002,-77.215400000000002),(1817.0889,467.85390000000001,-76.248599999999996),(1816.5878,465.98379999999997,-75.447400000000002),(1816.0706,464.0532,-74.817800000000005),(1815.5409999999999,462.07679999999999,-74.364599999999996),(1815.0033000000001,460.06970000000001,-74.091300000000004),(1814.4613999999999,458.04739999999998,-74.),(1809.2802999999999,438.71039999999999,-74.),(1809.2802999999999,438.71039999999999,-74.),(1809.2802999999999,438.71039999999999,-74.),(1809.2802999999999,438.71039999999999,-50.),(1809.2802999999999,438.71039999999999,-50.),(1820.6786999999999,481.2518,55.),(1803.2496000000001,496.38279999999997,55.),(1803.2496000000001,496.38279999999997,-300.),(1801.3381999999999,485.53949999999998,-300.),(1801.3381999999999,485.53949999999998,-98.),(1801.3223,485.4495,-95.908299999999997),(1801.2747999999999,485.18009999999998,-93.832400000000007),(1801.1959999999999,484.73340000000002,-91.788300000000007),(1801.0866000000001,484.11270000000002,-89.791499999999999),(1800.9474,483.3229,-87.857200000000006),(1800.7793999999999,482.36989999999997,-86.),(1800.5839000000001,481.26089999999999,-84.234200000000001),(1800.3625,480.00459999999998,-82.573099999999997),(1800.1167,478.61020000000002,-81.029399999999995),(1799.8484000000001,477.08850000000001,-79.614900000000006),(1799.5598,475.4511,-78.340400000000002),(1799.2529,473.71050000000002,-77.215400000000002),(1798.9302,471.87970000000001,-76.248599999999996),(1798.5941,469.97300000000001,-75.447400000000002),(1798.2471,468.00459999999998,-74.817800000000005),(1797.8919000000001,465.9896,-74.364599999999996),(1797.5311999999999,463.94330000000002,-74.091300000000004),(1797.1677,461.88139999999999,-74.),(1793.6923999999999,442.16629999999998,-74.),(1793.6923999999999,442.16629999999998,-74.),(1793.6923999999999,442.16629999999998,-74.),(1793.6923999999999,442.16629999999998,-50.),(1793.6923999999999,442.16629999999998,-50.),(1801.3381999999999,485.53949999999998,55.),(1782.6560999999999,499.09399999999999,55.),(1782.6560999999999,499.09399999999999,-300.),(1781.6959999999999,488.12549999999999,-300.),(1781.6959999999999,488.12549999999999,-98.),(1781.6880000000001,488.03440000000001,-95.908299999999997),(1781.6641999999999,487.76190000000003,-93.832400000000007),(1781.6246000000001,487.31,-91.788300000000007),(1781.5697,486.68220000000002,-89.791499999999999),(1781.4997000000001,485.88330000000002,-87.857200000000006),(1781.4152999999999,484.91930000000002,-86.),(1781.3172,483.79750000000001,-84.234200000000001),(1781.2058999999999,482.52659999999997,-82.573099999999997),(1781.0825,481.11619999999999,-81.029399999999995),(1780.9476999999999,479.57690000000002,-79.614900000000006),(1780.8027,477.9205,-78.340400000000002),(1780.6486,476.15980000000002,-77.215400000000002),(1780.4865,474.30790000000002,-76.248599999999996),(1780.3177000000001,472.37909999999999,-75.447400000000002),(1780.1433999999999,470.38799999999998,-74.817800000000005),(1779.9649999999999,468.34980000000002,-74.364599999999996),(1779.7837999999999,466.27980000000002,-74.091300000000004),(1779.6012000000001,464.19409999999999,-74.),(1777.8556000000001,444.25130000000001,-74.),(1777.8556000000001,444.25130000000001,-74.),(1777.8556000000001,444.25130000000001,-74.),(1777.8556000000001,444.25130000000001,-50.),(1777.8556000000001,444.25130000000001,-50.),(1781.6959999999999,488.12549999999999,55.),(1761.9048,500.,55.),(1761.9048,500.,-300.),(1761.665,489.,-300.),(1761.665,489.,-98.),(1761.663,488.90870000000001,-95.908299999999997),(1761.6569999999999,488.6354,-93.832400000000007),(1761.6470999999999,488.18220000000002,-91.788300000000007),(1761.6333999999999,487.55259999999998,-89.791499999999999),(1761.6159,486.75139999999999,-87.857200000000006),(1761.5948000000001,485.78460000000001,-86.),(1761.5703000000001,484.65960000000001,-84.234200000000001),(1761.5425,483.38510000000002,-82.573099999999997),(1761.5117,481.97059999999999,-81.029399999999995),(1761.4780000000001,480.42689999999999,-79.614900000000006),(1761.4418000000001,478.76580000000001,-78.340400000000002),(1761.4032999999999,477.,-77.215400000000002),(1761.3628000000001,475.14280000000002,-76.248599999999996),(1761.3206,473.20850000000002,-75.447400000000002),(1761.2771,471.21170000000001,-74.817800000000005),(1761.2325000000001,469.16759999999999,-74.364599999999996),(1761.1873000000001,467.0917,-74.091300000000004),(1761.1415999999999,465.,-74.),(1760.7056,445.,-74.),(1760.7056,445.,-74.),(1760.7056,445.,-74.),(1760.7056,445.,-50.),(1760.7056,445.,-50.),(1761.665,489.,55.),(238.09520000000001,500.,55.),(238.09520000000001,500.,-300.),(238.33500000000001,489.,-300.),(238.33500000000001,489.,-98.),(238.33699999999999,488.90870000000001,-95.908299999999997),(238.34299999999999,488.6354,-93.832400000000007),(238.35290000000001,488.18220000000002,-91.788300000000007),(238.36660000000001,487.55259999999998,-89.791499999999999),(238.38409999999999,486.75139999999999,-87.857200000000006),(238.40520000000001,485.78460000000001,-86.),(238.4297,484.65960000000001,-84.234200000000001),(238.45750000000001,483.38510000000002,-82.573099999999997),(238.48830000000001,481.97059999999999,-81.029399999999995),(238.52199999999999,480.42689999999999,-79.614900000000006),(238.5582,478.76580000000001,-78.340400000000002),(238.5967,477.,-77.215400000000002),(238.63720000000001,475.14280000000002,-76.248599999999996),(238.67939999999999,473.20850000000002,-75.447400000000002),(238.72290000000001,471.21170000000001,-74.817800000000005),(238.76750000000001,469.16759999999999,-74.364599999999996),(238.81270000000001,467.0917,-74.091300000000004),(238.85839999999999,465.,-74.),(239.2944,445.,-74.),(239.2944,445.,-74.),(239.2944,445.,-74.),(239.2944,445.,-50.),(239.2944,445.,-50.),(238.33500000000001,489.,55.),(217.34389999999999,499.09399999999999,55.),(217.34389999999999,499.09399999999999,-300.),(218.304,488.12549999999999,-300.),(218.304,488.12549999999999,-98.),(218.31200000000001,488.03440000000001,-95.908299999999997),(218.33580000000001,487.76190000000003,-93.832400000000007),(218.37540000000001,487.31,-91.788300000000007),(218.43029999999999,486.68220000000002,-89.791499999999999),(218.50030000000001,485.88330000000002,-87.857200000000006),(218.5847,484.91930000000002,-86.),(218.68279999999999,483.79750000000001,-84.234200000000001),(218.79409999999999,482.52659999999997,-82.573099999999997),(218.91749999999999,481.11619999999999,-81.029399999999995),(219.0523,479.57690000000002,-79.614900000000006),(219.19730000000001,477.9205,-78.340400000000002),(219.35140000000001,476.15980000000002,-77.215400000000002),(219.51349999999999,474.30790000000002,-76.248599999999996),(219.6823,472.37909999999999,-75.447400000000002),(219.85659999999999,470.38799999999998,-74.817800000000005),(220.035,468.34980000000002,-74.364599999999996),(220.21619999999999,466.27980000000002,-74.091300000000004),(220.39879999999999,464.19409999999999,-74.),(222.14439999999999,444.25130000000001,-74.),(222.14439999999999,444.25130000000001,-74.),(222.14439999999999,444.25130000000001,-74.),(222.14439999999999,444.25130000000001,-50.),(222.14439999999999,444.25130000000001,-50.),(218.304,488.12549999999999,55.),(196.75040000000001,496.38279999999997,55.),(196.75040000000001,496.38279999999997,-300.),(198.6618,485.53949999999998,-300.),(198.6618,485.53949999999998,-98.),(198.67769999999999,485.4495,-95.908299999999997),(198.7252,485.18009999999998,-93.832400000000007),(198.804,484.73340000000002,-91.788300000000007),(198.9134,484.11270000000002,-89.791499999999999),(199.05260000000001,483.3229,-87.857200000000006),(199.22059999999999,482.36989999999997,-86.),(199.4161,481.26089999999999,-84.234200000000001),(199.63749999999999,480.00459999999998,-82.573099999999997),(199.88329999999999,478.61020000000002,-81.029399999999995),(200.1516,477.08850000000001,-79.614900000000006),(200.4402,475.4511,-78.340400000000002),(200.74709999999999,473.71050000000002,-77.215400000000002),(201.06979999999999,471.87970000000001,-76.248599999999996),(201.4059,469.97300000000001,-75.447400000000002),(201.75290000000001,468.00459999999998,-74.817800000000005),(202.10810000000001,465.9896,-74.364599999999996),(202.46879999999999,463.94330000000002,-74.091300000000004),(202.8323,461.88139999999999,-74.),(206.30760000000001,442.16629999999998,-74.),(206.30760000000001,442.16629999999998,-74.),(206.30760000000001,442.16629999999998,-74.),(206.30760000000001,442.16629999999998,-50.),(206.30760000000001,442.16629999999998,-50.),(198.6618,485.53949999999998,55.),(176.4717,491.88709999999998,55.),(176.4717,491.88709999999998,-300.),(179.32130000000001,481.2518,-300.),(179.32130000000001,481.2518,-98.),(179.3449,481.1635,-95.908299999999997),(179.41569999999999,480.89920000000001,-93.832400000000007),(179.53319999999999,480.46109999999999,-91.788300000000007),(179.69630000000001,479.85230000000001,-89.791499999999999),(179.90379999999999,479.07769999999999,-87.857200000000006),(180.15430000000001,478.14299999999997,-86.),(180.44569999999999,477.05520000000001,-84.234200000000001),(180.77590000000001,475.82299999999998,-82.573099999999997),(181.14230000000001,474.4554,-81.029399999999995),(181.54220000000001,472.96289999999999,-79.614900000000006),(181.9725,471.35680000000002,-78.340400000000002),(182.4299,469.64960000000002,-77.215400000000002),(182.9111,467.85390000000001,-76.248599999999996),(183.41220000000001,465.98379999999997,-75.447400000000002),(183.92939999999999,464.0532,-74.817800000000005),(184.459,462.07679999999999,-74.364599999999996),(184.9967,460.06970000000001,-74.091300000000004),(185.5386,458.04739999999998,-74.),(190.71969999999999,438.71039999999999,-74.),(190.71969999999999,438.71039999999999,-74.),(190.71969999999999,438.71039999999999,-74.),(190.71969999999999,438.71039999999999,-50.),(190.71969999999999,438.71039999999999,-50.),(179.32130000000001,481.2518,55.),(156.6619,485.64109999999999,55.),(156.6619,485.64109999999999,-300.),(160.42750000000001,475.2946,-300.),(160.42750000000001,475.2946,-98.),(160.45869999999999,475.20870000000002,-95.908299999999997),(160.5523,474.95159999999998,-93.832400000000007),(160.70740000000001,474.52530000000002,-91.788300000000007),(160.923,473.93310000000002,-89.791499999999999),(161.19720000000001,473.17950000000002,-87.857200000000006),(161.5282,472.27019999999999,-86.),(161.91329999999999,471.21199999999999,-84.234200000000001),(162.34960000000001,470.01319999999998,-82.573099999999997),(162.8338,468.68270000000001,-81.029399999999995),(163.3623,467.23070000000001,-79.614900000000006),(163.93090000000001,465.66829999999999,-78.340400000000002),(164.53540000000001,464.00740000000002,-77.215400000000002),(165.1712,462.26049999999998,-76.248599999999996),(165.83330000000001,460.44110000000001,-75.447400000000002),(166.51689999999999,458.56299999999999,-74.817800000000005),(167.2166,456.64030000000002,-74.364599999999996),(167.9273,454.68770000000001,-74.091300000000004),(168.64330000000001,452.72030000000001,-74.),(175.4898,433.90839999999997,-74.),(175.4898,433.90839999999997,-74.),(175.4898,433.90839999999997,-74.),(175.4898,433.90839999999997,-50.),(175.4898,433.90839999999997,-50.),(160.42750000000001,475.2946,55.),(137.4718,477.69229999999999,55.),(137.4718,477.69229999999999,-300.),(142.1249,467.71339999999998,-300.),(142.1249,467.71339999999998,-98.),(142.1635,467.63049999999998,-95.908299999999997),(142.2791,467.38260000000002,-93.832400000000007),(142.4708,466.97149999999999,-91.788300000000007),(142.7372,466.40030000000002,-89.791499999999999),(143.0761,465.67349999999999,-87.857200000000006),(143.48500000000001,464.79640000000001,-86.),(143.96090000000001,463.7758,-84.234200000000001),(144.5,462.61959999999999,-82.573099999999997),(145.0984,461.33640000000003,-81.029399999999995),(145.75139999999999,459.93599999999998,-79.614900000000006),(146.45410000000001,458.42910000000001,-78.340400000000002),(147.20099999999999,456.8272,-77.215400000000002),(147.98660000000001,455.14240000000001,-76.248599999999996),(148.8048,453.3877,-75.447400000000002),(149.64949999999999,451.57619999999997,-74.817800000000005),(150.51419999999999,449.72190000000001,-74.364599999999996),(151.39230000000001,447.83870000000002,-74.091300000000004),(152.27709999999999,445.94110000000001,-74.),(160.7373,427.79759999999999,-74.),(160.7373,427.79759999999999,-74.),(160.7373,427.79759999999999,-74.),(160.7373,427.79759999999999,-50.),(160.7373,427.79759999999999,-50.),(142.1249,467.71339999999998,55.),(119.0476,468.10129999999998,55.),(119.0476,468.10129999999998,-300.),(124.553,458.56599999999997,-300.),(124.553,458.56599999999997,-98.),(124.59869999999999,458.48689999999999,-95.908299999999997),(124.7354,458.25,-93.832400000000007),(124.9623,457.8571,-91.788300000000007),(125.2774,457.31130000000002,-89.791499999999999),(125.6784,456.61680000000001,-87.857200000000006),(126.1622,455.77879999999999,-86.),(126.7253,454.80360000000002,-84.234200000000001),(127.3631,453.69880000000001,-82.573099999999997),(128.0711,452.4726,-81.029399999999995),(128.84370000000001,451.1345,-79.614900000000006),(129.67500000000001,449.69459999999998,-78.340400000000002),(130.55879999999999,448.16390000000001,-77.215400000000002),(131.48830000000001,446.55399999999997,-76.248599999999996),(132.4564,444.87720000000002,-75.447400000000002),(133.45580000000001,443.1463,-74.817800000000005),(134.47880000000001,441.37439999999998,-74.364599999999996),(135.51779999999999,439.57490000000001,-74.091300000000004),(136.56469999999999,437.76179999999999,-74.),(146.5744,420.42489999999998,-74.),(146.5744,420.42489999999998,-74.),(146.5744,420.42489999999998,-74.),(146.5744,420.42489999999998,-50.),(146.5744,420.42489999999998,-50.),(124.553,458.56599999999997,55.),(101.5294,456.94099999999997,55.),(101.5294,456.94099999999997,-300.),(107.8447,447.92169999999999,-300.),(107.8447,447.92169999999999,-98.),(107.89709999999999,447.84679999999997,-95.908299999999997),(108.054,447.62270000000001,-93.832400000000007),(108.3142,447.25110000000001,-91.788300000000007),(108.67570000000001,446.73489999999998,-89.791499999999999),(109.1356,446.07799999999997,-87.857200000000006),(109.69070000000001,445.28530000000001,-86.),(110.3366,444.36279999999999,-84.234200000000001),(111.06829999999999,443.31779999999998,-82.573099999999997),(111.88039999999999,442.15800000000002,-81.029399999999995),(112.7666,440.89229999999998,-79.614900000000006),(113.72029999999999,439.53030000000001,-78.340400000000002),(114.7341,438.08240000000001,-77.215400000000002),(115.80029999999999,436.55970000000002,-76.248599999999996),(116.91079999999999,434.97370000000001,-75.447400000000002),(118.05719999999999,433.33640000000003,-74.817800000000005),(119.2308,431.66039999999998,-74.364599999999996),(120.4226,429.95830000000001,-74.091300000000004),(121.62350000000001,428.2432,-74.),(133.10579999999999,411.84449999999998,-74.),(133.10579999999999,411.84449999999998,-74.),(133.10579999999999,411.84449999999998,-74.),(133.10579999999999,411.84449999999998,-50.),(133.10579999999999,411.84449999999998,-50.),(107.8447,447.92169999999999,55.),(85.050600000000003,444.29629999999997,55.),(85.050600000000003,444.29629999999997,-300.),(92.128299999999996,435.8621,-300.),(92.128299999999996,435.8621,-98.),(92.187100000000001,435.79199999999997,-95.908299999999997),(92.362899999999996,435.58249999999998,-93.832400000000007),(92.654499999999999,435.23500000000001,-91.788300000000007),(93.059600000000003,434.75229999999999,-89.791499999999999),(93.575100000000006,434.1379,-87.857200000000006),(94.197199999999995,433.39659999999998,-86.),(94.921099999999996,432.53410000000002,-84.234200000000001),(95.741100000000003,431.55680000000001,-82.573099999999997),(96.651200000000003,430.47230000000002,-81.029399999999995),(97.644499999999994,429.28859999999997,-79.614900000000006),(98.713300000000004,428.01499999999999,-78.340400000000002),(99.849500000000006,426.66109999999998,-77.215400000000002),(101.0444,425.23700000000002,-76.248599999999996),(102.289,423.75389999999999,-75.447400000000002),(103.57380000000001,422.22289999999998,-74.817800000000005),(104.8891,420.65559999999999,-74.364599999999996),(106.2248,419.06389999999999,-74.091300000000004),(107.5706,417.46010000000001,-74.),(120.4392,402.12509999999997,-74.),(120.4392,402.12509999999997,-74.),(120.4392,402.12509999999997,-74.),(120.4392,402.12509999999997,-50.),(120.4392,402.12509999999997,-50.),(92.128299999999996,435.8621,55.),(69.736500000000007,430.26350000000002,55.),(69.736500000000007,430.26350000000002,-300.),(77.522099999999995,422.47789999999998,-300.),(77.522099999999995,422.47789999999998,-98.),(77.586699999999993,422.41329999999999,-95.908299999999997),(77.780100000000004,422.2199,-93.832400000000007),(78.100899999999996,421.89909999999998,-91.788300000000007),(78.546499999999995,421.45350000000002,-89.791499999999999),(79.113600000000005,420.88639999999998,-87.857200000000006),(79.797899999999998,420.20209999999997,-86.),(80.594099999999997,419.40589999999997,-84.234200000000001),(81.496200000000002,418.50380000000001,-82.573099999999997),(82.497399999999999,417.50259999999997,-81.029399999999995),(83.590000000000003,416.41000000000003,-79.614900000000006),(84.765699999999995,415.23430000000002,-78.340400000000002),(86.0154,413.9846,-77.215400000000002),(87.329899999999995,412.67009999999999,-76.248599999999996),(88.698999999999998,411.30099999999999,-75.447400000000002),(90.112300000000005,409.8877,-74.817800000000005),(91.559100000000001,408.4409,-74.364599999999996),(93.028400000000005,406.97160000000002,-74.091300000000004),(94.508799999999994,405.49119999999999,-74.),(108.6644,391.3356,-74.),(108.6644,391.3356,-74.),(108.6644,391.3356,-74.),(108.6644,391.3356,-50.),(108.6644,391.3356,-50.),(77.522099999999995,422.47789999999998,55.),(55.703699999999998,414.94940000000003,55.),(55.703699999999998,414.94940000000003,-300.),(64.137900000000002,407.87169999999998,-300.),(64.137900000000002,407.87169999999998,-98.),(64.207999999999998,407.81290000000001,-95.908299999999997),(64.417500000000004,407.63709999999998,-93.832400000000007),(64.765000000000001,407.34550000000002,-91.788300000000007),(65.247699999999995,406.94040000000001,-89.791499999999999),(65.862099999999998,406.42489999999998,-87.857200000000006),(66.603399999999993,405.80279999999999,-86.),(67.465900000000005,405.07889999999998,-84.234200000000001),(68.443200000000004,404.25889999999998,-82.573099999999997),(69.527699999999996,403.34879999999998,-81.029399999999995),(70.711399999999998,402.35550000000001,-79.614900000000006),(71.984999999999999,401.2867,-78.340400000000002),(73.338899999999995,400.15050000000002,-77.215400000000002),(74.763000000000005,398.9556,-76.248599999999996),(76.246099999999998,397.71100000000001,-75.447400000000002),(77.777100000000004,396.42619999999999,-74.817800000000005),(79.344399999999993,395.11090000000002,-74.364599999999996),(80.936099999999996,393.77519999999998,-74.091300000000004),(82.539900000000003,392.42939999999999,-74.),(97.874899999999997,379.56079999999997,-74.),(97.874899999999997,379.56079999999997,-74.),(97.874899999999997,379.56079999999997,-74.),(97.874899999999997,379.56079999999997,-50.),(97.874899999999997,379.56079999999997,-50.),(64.137900000000002,407.87169999999998,55.),(43.058999999999997,398.47059999999999,55.),(43.058999999999997,398.47059999999999,-300.),(52.078299999999999,392.15530000000001,-300.),(52.078299999999999,392.15530000000001,-98.),(52.153199999999998,392.10289999999998,-95.908299999999997),(52.377299999999998,391.94600000000003,-93.832400000000007),(52.748899999999999,391.68579999999997,-91.788300000000007),(53.265099999999997,391.32429999999999,-89.791499999999999),(53.921999999999997,390.86439999999999,-87.857200000000006),(54.714700000000001,390.30930000000001,-86.),(55.6372,389.66340000000002,-84.234200000000001),(56.682200000000002,388.93169999999998,-82.573099999999997),(57.841999999999999,388.11959999999999,-81.029399999999995),(59.107700000000001,387.23340000000002,-79.614900000000006),(60.469700000000003,386.27969999999999,-78.340400000000002),(61.9176,385.26589999999999,-77.215400000000002),(63.440300000000001,384.19970000000001,-76.248599999999996),(65.026300000000006,383.08920000000001,-75.447400000000002),(66.663600000000002,381.94279999999998,-74.817800000000005),(68.339600000000004,380.76920000000001,-74.364599999999996),(70.041700000000006,379.57740000000001,-74.091300000000004),(71.756799999999998,378.37650000000002,-74.),(88.155500000000004,366.89420000000001,-74.),(88.155500000000004,366.89420000000001,-74.),(88.155500000000004,366.89420000000001,-74.),(88.155500000000004,366.89420000000001,-50.),(88.155500000000004,366.89420000000001,-50.),(52.078299999999999,392.15530000000001,55.),(31.898700000000002,380.95240000000001,55.),(31.898700000000002,380.95240000000001,-300.),(41.433999999999997,375.447,-300.),(41.433999999999997,375.447,-98.),(41.513100000000001,375.40129999999999,-95.908299999999997),(41.75,375.26459999999997,-93.832400000000007),(42.142899999999997,375.03769999999997,-91.788300000000007),(42.688699999999997,374.7226,-89.791499999999999),(43.383200000000002,374.32159999999999,-87.857200000000006),(44.221200000000003,373.83780000000002,-86.),(45.196399999999997,373.2747,-84.234200000000001),(46.301200000000001,372.63690000000003,-82.573099999999997),(47.5274,371.9289,-81.029399999999995),(48.865499999999997,371.15629999999999,-79.614900000000006),(50.305399999999999,370.32499999999999,-78.340400000000002),(51.836100000000002,369.44119999999998,-77.215400000000002),(53.445999999999998,368.51170000000002,-76.248599999999996),(55.122799999999998,367.54360000000003,-75.447400000000002),(56.853700000000003,366.54419999999999,-74.817800000000005),(58.625599999999999,365.52120000000002,-74.364599999999996),(60.4251,364.48219999999998,-74.091300000000004),(62.238199999999999,363.43529999999998,-74.),(79.575100000000006,353.42559999999997,-74.),(79.575100000000006,353.42559999999997,-74.),(79.575100000000006,353.42559999999997,-74.),(79.575100000000006,353.42559999999997,-50.),(79.575100000000006,353.42559999999997,-50.),(41.433999999999997,375.447,55.),(22.307700000000001,362.52820000000003,55.),(22.307700000000001,362.52820000000003,-300.),(32.2866,357.87509999999997,-300.),(32.2866,357.87509999999997,-98.),(32.369500000000002,357.8365,-95.908299999999997),(32.617400000000004,357.72089999999997,-93.832400000000007),(33.028500000000001,357.5292,-91.788300000000007),(33.599699999999999,357.26280000000003,-89.791499999999999),(34.326500000000003,356.9239,-87.857200000000006),(35.203600000000002,356.51499999999999,-86.),(36.224200000000003,356.03910000000002,-84.234200000000001),(37.380400000000002,355.5,-82.573099999999997),(38.663600000000002,354.90159999999997,-81.029399999999995),(40.064,354.24860000000001,-79.614900000000006),(41.570900000000002,353.54590000000002,-78.340400000000002),(43.172800000000002,352.79899999999998,-77.215400000000002),(44.857599999999998,352.01339999999999,-76.248599999999996),(46.612299999999998,351.1952,-75.447400000000002),(48.4238,350.35050000000001,-74.817800000000005),(50.278100000000002,349.48579999999998,-74.364599999999996),(52.161299999999997,348.60770000000002,-74.091300000000004),(54.058900000000001,347.72289999999998,-74.),(72.202399999999997,339.2627,-74.),(72.202399999999997,339.2627,-74.),(72.202399999999997,339.2627,-74.),(72.202399999999997,339.2627,-50.),(72.202399999999997,339.2627,-50.),(32.2866,357.87509999999997,55.),(14.3589,343.3381,55.),(14.3589,343.3381,-300.),(24.705400000000001,339.57249999999999,-300.),(24.705400000000001,339.57249999999999,-98.),(24.7913,339.54129999999998,-95.908299999999997),(25.048400000000001,339.4477,-93.832400000000007),(25.474699999999999,339.29259999999999,-91.788300000000007),(26.0669,339.077,-89.791499999999999),(26.820499999999999,338.80279999999999,-87.857200000000006),(27.729800000000001,338.47179999999997,-86.),(28.788,338.08670000000001,-84.234200000000001),(29.986799999999999,337.65039999999999,-82.573099999999997),(31.317299999999999,337.1662,-81.029399999999995),(32.769300000000001,336.6377,-79.614900000000006),(34.331699999999998,336.06909999999999,-78.340400000000002),(35.992600000000003,335.46460000000002,-77.215400000000002),(37.7395,334.8288,-76.248599999999996),(39.558900000000001,334.16669999999999,-75.447400000000002),(41.436999999999998,333.48309999999998,-74.817800000000005),(43.359699999999997,332.78339999999997,-74.364599999999996),(45.3123,332.0727,-74.091300000000004),(47.279699999999998,331.35669999999999,-74.),(66.0916,324.5102,-74.),(66.0916,324.5102,-74.),(66.0916,324.5102,-74.),(66.0916,324.5102,-50.),(66.0916,324.5102,-50.),(24.705400000000001,339.57249999999999,55.),(8.1128999999999998,323.5283,55.),(8.1128999999999998,323.5283,-300.),(18.748200000000001,320.67869999999999,-300.),(18.748200000000001,320.67869999999999,-98.),(18.836500000000001,320.6551,-95.908299999999997),(19.1008,320.58429999999998,-93.832400000000007),(19.538900000000002,320.46679999999998,-91.788300000000007),(20.1477,320.30369999999999,-89.791499999999999),(20.9223,320.09620000000001,-87.857200000000006),(21.856999999999999,319.84570000000002,-86.),(22.944800000000001,319.55430000000001,-84.234200000000001),(24.177,319.22410000000002,-82.573099999999997),(25.544599999999999,318.85770000000002,-81.029399999999995),(27.037099999999999,318.45780000000002,-79.614900000000006),(28.6432,318.02749999999997,-78.340400000000002),(30.3504,317.57010000000002,-77.215400000000002),(32.146099999999997,317.08890000000002,-76.248599999999996),(34.016199999999998,316.58780000000002,-75.447400000000002),(35.946800000000003,316.07060000000001,-74.817800000000005),(37.923200000000001,315.541,-74.364599999999996),(39.930300000000003,315.00330000000002,-74.091300000000004),(41.952599999999997,314.46140000000003,-74.),(61.2896,309.28030000000001,-74.),(61.2896,309.28030000000001,-74.),(61.2896,309.28030000000001,-74.),(61.2896,309.28030000000001,-50.),(61.2896,309.28030000000001,-50.),(18.748200000000001,320.67869999999999,55.),(3.6172,303.24959999999999,55.),(3.6172,303.24959999999999,-300.),(14.4605,301.33819999999997,-300.),(14.4605,301.33819999999997,-98.),(14.5505,301.32229999999998,-95.908299999999997),(14.819900000000001,301.27480000000003,-93.832400000000007),(15.2666,301.19600000000003,-91.788300000000007),(15.8873,301.08659999999998,-89.791499999999999),(16.677099999999999,300.94740000000002,-87.857200000000006),(17.630099999999999,300.77940000000001,-86.),(18.739100000000001,300.58390000000003,-84.234200000000001),(19.9954,300.36250000000001,-82.573099999999997),(21.389800000000001,300.11669999999998,-81.029399999999995),(22.9115,299.84840000000003,-79.614900000000006),(24.5489,299.5598,-78.340400000000002),(26.2895,299.25290000000001,-77.215400000000002),(28.1203,298.93020000000001,-76.248599999999996),(30.027000000000001,298.59410000000003,-75.447400000000002),(31.9954,298.24709999999999,-74.817800000000005),(34.010399999999997,297.89190000000002,-74.364599999999996),(36.056699999999999,297.53120000000001,-74.091300000000004),(38.118600000000001,297.16770000000002,-74.),(57.8337,293.69240000000002,-74.),(57.8337,293.69240000000002,-74.),(57.8337,293.69240000000002,-74.),(57.8337,293.69240000000002,-50.),(57.8337,293.69240000000002,-50.),(14.4605,301.33819999999997,55.),(0.90600000000000003,282.65609999999998,55.),(0.90600000000000003,282.65609999999998,-300.),(11.874499999999999,281.69600000000003,-300.),(11.874499999999999,281.69600000000003,-98.),(11.9656,281.68799999999999,-95.908299999999997),(12.238099999999999,281.66419999999999,-93.832400000000007),(12.69,281.62459999999999,-91.788300000000007),(13.3178,281.56970000000001,-89.791499999999999),(14.1167,281.49970000000002,-87.857200000000006),(15.0807,281.4153,-86.),(16.202500000000001,281.31720000000001,-84.234200000000001),(17.473400000000002,281.20589999999999,-82.573099999999997),(18.883800000000001,281.08249999999998,-81.029399999999995),(20.423100000000002,280.9477,-79.614900000000006),(22.079499999999999,280.80270000000002,-78.340400000000002),(23.840199999999999,280.64859999999999,-77.215400000000002),(25.6921,280.48649999999998,-76.248599999999996),(27.620899999999999,280.3177,-75.447400000000002),(29.611999999999998,280.14339999999999,-74.817800000000005),(31.650200000000002,279.96499999999997,-74.364599999999996),(33.720199999999998,279.78379999999999,-74.091300000000004),(35.805900000000001,279.60120000000001,-74.),(55.748699999999999,277.85559999999998,-74.),(55.748699999999999,277.85559999999998,-74.),(55.748699999999999,277.85559999999998,-74.),(55.748699999999999,277.85559999999998,-50.),(55.748699999999999,277.85559999999998,-50.),(11.874499999999999,281.69600000000003,55.),(0.,261.90480000000002,55.),(0.,261.90480000000002,-300.),(11.,261.66500000000002,-300.),(11.,261.66500000000002,-98.),(11.0913,261.66300000000001,-95.908299999999997),(11.364599999999999,261.65699999999998,-93.832400000000007),(11.8178,261.64710000000002,-91.788300000000007),(12.4474,261.63339999999999,-89.791499999999999),(13.2486,261.61590000000001,-87.857200000000006),(14.215400000000001,261.59480000000002,-86.),(15.340400000000001,261.57029999999997,-84.234200000000001),(16.614899999999999,261.54250000000002,-82.573099999999997),(18.029399999999999,261.51170000000002,-81.029399999999995),(19.5731,261.47800000000001,-79.614900000000006),(21.234200000000001,261.4418,-78.340400000000002),(23.,261.4033,-77.215400000000002),(24.857199999999999,261.36279999999999,-76.248599999999996),(26.791499999999999,261.32060000000001,-75.447400000000002),(28.7883,261.27710000000002,-74.817800000000005),(30.8324,261.23250000000002,-74.364599999999996),(32.908299999999997,261.18729999999999,-74.091300000000004),(35.,261.14159999999998,-74.),(55.,260.7056,-74.),(55.,260.7056,-74.),(55.,260.7056,-74.),(55.,260.7056,-50.),(55.,260.7056,-50.),(11.,261.66500000000002,55.),(0.,238.09520000000001,55.),(0.,238.09520000000001,-300.),(11.,238.33500000000001,-300.),(11.,238.33500000000001,-98.),(11.0913,238.33699999999999,-95.908299999999997),(11.364599999999999,238.34299999999999,-93.832400000000007),(11.8178,238.35290000000001,-91.788300000000007),(12.4474,238.36660000000001,-89.791499999999999),(13.2486,238.38409999999999,-87.857200000000006),(14.215400000000001,238.40520000000001,-86.),(15.340400000000001,238.4297,-84.234200000000001),(16.614899999999999,238.45750000000001,-82.573099999999997),(18.029399999999999,238.48830000000001,-81.029399999999995),(19.5731,238.52199999999999,-79.614900000000006),(21.234200000000001,238.5582,-78.340400000000002),(23.,238.5967,-77.215400000000002),(24.857199999999999,238.63720000000001,-76.248599999999996),(26.791499999999999,238.67939999999999,-75.447400000000002),(28.7883,238.72290000000001,-74.817800000000005),(30.8324,238.76750000000001,-74.364599999999996),(32.908299999999997,238.81270000000001,-74.091300000000004),(35.,238.85839999999999,-74.),(55.,239.2944,-74.),(55.,239.2944,-74.),(55.,239.2944,-74.),(55.,239.2944,-50.),(55.,239.2944,-50.),(11.,238.33500000000001,55.)));
#7317=IFCTRIANGULATEDFACESET(#7316,$,.T.,((1,2,30),(1,30,29),(2,3,31),(2,31,30),(3,4,32),(3,32,31),(4,5,33),(4,33,32),(5,6,34),(5,34,33),(6,7,35),(6,35,34),(7,8,36),(7,36,35),(8,9,37),(8,37,36),(9,10,38),(9,38,37),(10,11,39),(10,39,38),(11,12,40),(11,40,39),(12,13,41),(12,41,40),(13,14,42),(13,42,41),(14,15,43),(14,43,42),(15,16,44),(15,44,43),(16,17,45),(16,45,44),(17,18,46),(17,46,45),(18,19,47),(18,47,46),(19,20,48),(19,48,47),(20,21,49),(20,49,48),(21,22,50),(21,50,49),(22,23,51),(22,51,50),(23,24,52),(23,52,51),(24,25,53),(24,53,52),(25,26,54),(25,54,53),(26,27,55),(26,55,54),(27,28,56),(27,56,55),(28,1,29),(28,29,56),(29,30,58),(29,58,57),(30,31,59),(30,59,58),(31,32,60),(31,60,59),(32,33,61),(32,61,60),(33,34,62),(33,62,61),(34,35,63),(34,63,62),(35,36,64),(35,64,63),(36,37,65),(36,65,64),(37,38,66),(37,66,65),(38,39,67),(38,67,66),(39,40,68),(39,68,67),(40,41,69),(40,69,68),(41,42,70),(41,70,69),(42,43,71),(42,71,70),(43,44,72),(43,72,71),(44,45,73),(44,73,72),(45,46,74),(45,74,73),(46,47,75),(46,75,74),(47,48,76),(47,76,75),(48,49,77),(48,77,76),(49,50,78),(49,78,77),(50,51,79),(50,79,78),(51,52,80),(51,80,79),(52,53,81),(52,81,80),(53,54,82),(53,82,81),(54,55,83),(54,83,82),(55,56,84),(55,84,83),(56,29,57),(56,57,84),(57,58,86),(57,86,85),(58,59,87),(58,87,86),(59,60,88),(59,88,87),(60,61,89),(60,89,88),(61,62,90),(61,90,89),(62,63,91),(62,91,90),(63,64,92),(63,92,91),(64,65,93),(64,93,92),(65,66,94),(65,94,93),(66,67,95),(66,95,94),(67,68,96),(67,96,95),(68,69,97),(68,97,96),(69,70,98),(69,98,97),(70,71,99),(70,99,98),(71,72,100),(71,100,99),(72,73,101),(72,101,100),(73,74,102),(73,102,101),(74,75,103),(74,103,102),(75,76,104),(75,104,103),(76,77,105),(76,105,104),(77,78,106),(77,106,105),(78,79,107),(78,107,106),(79,80,108),(79,108,107),(80,81,109),(80,109,108),(81,82,110),(81,110,109),(82,83,111),(82,111,110),(83,84,112),(83,112,111),(84,57,85),(84,85,112),(85,86,114),(85,114,113),(86,87,115),(86,115,114),(87,88,116),(87,116,115),(88,89,117),(88,117,116),(89,90,118),(89,118,117),(90,91,119),(90,119,118),(91,92,120),(91,120,119),(92,93,121),(92,121,120),(93,94,122),(93,122,121),(94,95,123),(94,123,122),(95,96,124),(95,124,123),(96,97,125),(96,125,124),(97,98,126),(97,126,125),(98,99,127),(98,127,126),(99,100,128),(99,128,127),(100,101,129),(100,129,128),(101,102,130),(101,130,129),(102,103,131),(102,131,130),(103,104,132),(103,132,131),(104,105,133),(104,133,132),(105,106,134),(105,134,133),(106,107,135),(106,135,134),(107,108,136),(107,136,135),(108,109,137),(108,137,136),(109,110,138),(109,138,137),(110,111,139),(110,139,138),(111,112,140),(111,140,139),(112,85,113),(112,113,140),(113,114,142),(113,142,141),(114,115,143),(114,143,142),(115,116,144),(115,144,143),(116,117,145),(116,145,144),(117,118,146),(117,146,145),(118,119,147),(118,147,146),(119,120,148),(119,148,147),(120,121,149),(120,149,148),(121,122,150),(121,150,149),(122,123,151),(122,151,150),(123,124,152),(123,152,151),(124,125,153),(124,153,152),(125,126,154),(125,154,153),(126,127,155),(126,155,154),(127,128,156),(127,156,155),(128,129,157),(128,157,156),(129,130,158),(129,158,157),(130,131,159),(130,159,158),(131,132,160),(131,160,159),(132,133,161),(132,161,160),(133,134,162),(133,162,161),(134,135,163),(134,163,162),(135,136,164),(135,164,163),(136,137,165),(136,165,164),(137,138,166),(137,166,165),(138,139,167),(138,167,166),(139,140,168),(139,168,167),(140,113,141),(140,141,168),(141,142,170),(141,170,169),(142,143,171),(142,171,170),(143,144,172),(143,172,171),(144,145,173),(144,173,172),(145,146,174),(145,174,173),(146,147,175),(146,175,174),(147,148,176),(147,176,175),(148,149,177),(148,177,176),(149,150,178),(149,178,177),(150,151,179),(150,179,178),(151,152,180),(151,180,179),(152,153,181),(152,181,180),(153,154,182),(153,182,181),(154,155,183),(154,183,182),(155,156,184),(155,184,183),(156,157,185),(156,185,184),(157,158,186),(157,186,185),(158,159,187),(158,187,186),(159,160,188),(159,188,187),(160,161,189),(160,189,188),(161,162,190),(161,190,189),(162,163,191),(162,191,190),(163,164,192),(163,192,191),(164,165,193),(164,193,192),(165,166,194),(165,194,193),(166,167,195),(166,195,194),(167,168,196),(167,196,195),(168,141,169),(168,169,196),(169,170,198),(169,198,197),(170,171,199),(170,199,198),(171,172,200),(171,200,199),(172,173,201),(172,201,200),(173,174,202),(173,202,201),(174,175,203),(174,203,202),(175,176,204),(175,204,203),(176,177,205),(176,205,204),(177,178,206),(177,206,205),(178,179,207),(178,207,206),(179,180,208),(179,208,207),(180,181,209),(180,209,208),(181,182,210),(181,210,209),(182,183,211),(182,211,210),(183,184,212),(183,212,211),(184,185,213),(184,213,212),(185,186,214),(185,214,213),(186,187,215),(186,215,214),(187,188,216),(187,216,215),(188,189,217),(188,217,216),(189,190,218),(189,218,217),(190,191,219),(190,219,218),(191,192,220),(191,220,219),(192,193,221),(192,221,220),(193,194,222),(193,222,221),(194,195,223),(194,223,222),(195,196,224),(195,224,223),(196,169,197),(196,197,224),(197,198,226),(197,226,225),(198,199,227),(198,227,226),(199,200,228),(199,228,227),(200,201,229),(200,229,228),(201,202,230),(201,230,229),(202,203,231),(202,231,230),(203,204,232),(203,232,231),(204,205,233),(204,233,232),(205,206,234),(205,234,233),(206,207,235),(206,235,234),(207,208,236),(207,236,235),(208,209,237),(208,237,236),(209,210,238),(209,238,237),(210,211,239),(210,239,238),(211,212,240),(211,240,239),(212,213,241),(212,241,240),(213,214,242),(213,242,241),(214,215,243),(214,243,242),(215,216,244),(215,244,243),(216,217,245),(216,245,244),(217,218,246),(217,246,245),(218,219,247),(218,247,246),(219,220,248),(219,248,247),(220,221,249),(220,249,248),(221,222,250),(221,250,249),(222,223,251),(222,251,250),(223,224,252),(223,252,251),(224,197,225),(224,225,252),(225,226,254),(225,254,253),(226,227,255),(226,255,254),(227,228,256),(227,256,255),(228,229,257),(228,257,256),(229,230,258),(229,258,257),(230,231,259),(230,259,258),(231,232,260),(231,260,259),(232,233,261),(232,261,260),(233,234,262),(233,262,261),(234,235,263),(234,263,262),(235,236,264),(235,264,263),(236,237,265),(236,265,264),(237,238,266),(237,266,265),(238,239,267),(238,267,266),(239,240,268),(239,268,267),(240,241,269),(240,269,268),(241,242,270),(241,270,269),(242,243,271),(242,271,270),(243,244,272),(243,272,271),(244,245,273),(244,273,272),(245,246,274),(245,274,273),(246,247,275),(246,275,274),(247,248,276),(247,276,275),(248,249,277),(248,277,276),(249,250,278),(249,278,277),(250,251,279),(250,279,278),(251,252,280),(251,280,279),(252,225,253),(252,253,280),(253,254,282),(253,282,281),(254,255,283),(254,283,282),(255,256,284),(255,284,283),(256,257,285),(256,285,284),(257,258,286),(257,286,285),(258,259,287),(258,287,286),(259,260,288),(259,288,287),(260,261,289),(260,289,288),(261,262,290),(261,290,289),(262,263,291),(262,291,290),(263,264,292),(263,292,291),(264,265,293),(264,293,292),(265,266,294),(265,294,293),(266,267,295),(266,295,294),(267,268,296),(267,296,295),(268,269,297),(268,297,296),(269,270,298),(269,298,297),(270,271,299),(270,299,298),(271,272,300),(271,300,299),(272,273,301),(272,301,300),(273,274,302),(273,302,301),(274,275,303),(274,303,302),(275,276,304),(275,304,303),(276,277,305),(276,305,304),(277,278,306),(277,306,305),(278,279,307),(278,307,306),(279,280,308),(279,308,307),(280,253,281),(280,281,308),(281,282,310),(281,310,309),(282,283,311),(282,311,310),(283,284,312),(283,312,311),(284,285,313),(284,313,312),(285,286,314),(285,314,313),(286,287,315),(286,315,314),(287,288,316),(287,316,315),(288,289,317),(288,317,316),(289,290,318),(289,318,317),(290,291,319),(290,319,318),(291,292,320),(291,320,319),(292,293,321),(292,321,320),(293,294,322),(293,322,321),(294,295,323),(294,323,322),(295,296,324),(295,324,323),(296,297,325),(296,325,324),(297,298,326),(297,326,325),(298,299,327),(298,327,326),(299,300,328),(299,328,327),(300,301,329),(300,329,328),(301,302,330),(301,330,329),(302,303,331),(302,331,330),(303,304,332),(303,332,331),(304,305,333),(304,333,332),(305,306,334),(305,334,333),(306,307,335),(306,335,334),(307,308,336),(307,336,335),(308,281,309),(308,309,336),(309,310,338),(309,338,337),(310,311,339),(310,339,338),(311,312,340),(311,340,339),(312,313,341),(312,341,340),(313,314,342),(313,342,341),(314,315,343),(314,343,342),(315,316,344),(315,344,343),(316,317,345),(316,345,344),(317,318,346),(317,346,345),(318,319,347),(318,347,346),(319,320,348),(319,348,347),(320,321,349),(320,349,348),(321,322,350),(321,350,349),(322,323,351),(322,351,350),(323,324,352),(323,352,351),(324,325,353),(324,353,352),(325,326,354),(325,354,353),(326,327,355),(326,355,354),(327,328,356),(327,356,355),(328,329,357),(328,357,356),(329,330,358),(329,358,357),(330,331,359),(330,359,358),(331,332,360),(331,360,359),(332,333,361),(332,361,360),(333,334,362),(333,362,361),(334,335,363),(334,363,362),(335,336,364),(335,364,363),(336,309,337),(336,337,364),(337,338,366),(337,366,365),(338,339,367),(338,367,366),(339,340,368),(339,368,367),(340,341,369),(340,369,368),(341,342,370),(341,370,369),(342,343,371),(342,371,370),(343,344,372),(343,372,371),(344,345,373),(344,373,372),(345,346,374),(345,374,373),(346,347,375),(346,375,374),(347,348,376),(347,376,375),(348,349,377),(348,377,376),(349,350,378),(349,378,377),(350,351,379),(350,379,378),(351,352,380),(351,380,379),(352,353,381),(352,381,380),(353,354,382),(353,382,381),(354,355,383),(354,383,382),(355,356,384),(355,384,383),(356,357,385),(356,385,384),(357,358,386),(357,386,385),(358,359,387),(358,387,386),(359,360,388),(359,388,387),(360,361,389),(360,389,388),(361,362,390),(361,390,389),(362,363,391),(362,391,390),(363,364,392),(363,392,391),(364,337,365),(364,365,392),(365,366,394),(365,394,393),(366,367,395),(366,395,394),(367,368,396),(367,396,395),(368,369,397),(368,397,396),(369,370,398),(369,398,397),(370,371,399),(370,399,398),(371,372,400),(371,400,399),(372,373,401),(372,401,400),(373,374,402),(373,402,401),(374,375,403),(374,403,402),(375,376,404),(375,404,403),(376,377,405),(376,405,404),(377,378,406),(377,406,405),(378,379,407),(378,407,406),(379,380,408),(379,408,407),(380,381,409),(380,409,408),(381,382,410),(381,410,409),(382,383,411),(382,411,410),(383,384,412),(383,412,411),(384,385,413),(384,413,412),(385,386,414),(385,414,413),(386,387,415),(386,415,414),(387,388,416),(387,416,415),(388,389,417),(388,417,416),(389,390,418),(389,418,417),(390,391,419),(390,419,418),(391,392,420),(391,420,419),(392,365,393),(392,393,420),(393,394,422),(393,422,421),(394,395,423),(394,423,422),(395,396,424),(395,424,423),(396,397,425),(396,425,424),(397,398,426),(397,426,425),(398,399,427),(398,427,426),(399,400,428),(399,428,427),(400,401,429),(400,429,428),(401,402,430),(401,430,429),(402,403,431),(402,431,430),(403,404,432),(403,432,431),(404,405,433),(404,433,432),(405,406,434),(405,434,433),(406,407,435),(406,435,434),(407,408,436),(407,436,435),(408,409,437),(408,437,436),(409,410,438),(409,438,437),(410,411,439),(410,439,438),(411,412,440),(411,440,439),(412,413,441),(412,441,440),(413,414,442),(413,442,441),(414,415,443),(414,443,442),(415,416,444),(415,444,443),(416,417,445),(416,445,444),(417,418,446),(417,446,445),(418,419,447),(418,447,446),(419,420,448),(419,448,447),(420,393,421),(420,421,448),(421,422,450),(421,450,449),(422,423,451),(422,451,450),(423,424,452),(423,452,451),(424,425,453),(424,453,452),(425,426,454),(425,454,453),(426,427,455),(426,455,454),(427,428,456),(427,456,455),(428,429,457),(428,457,456),(429,430,458),(429,458,457),(430,431,459),(430,459,458),(431,432,460),(431,460,459),(432,433,461),(432,461,460),(433,434,462),(433,462,461),(434,435,463),(434,463,462),(435,436,464),(435,464,463),(436,437,465),(436,465,464),(437,438,466),(437,466,465),(438,439,467),(438,467,466),(439,440,468),(439,468,467),(440,441,469),(440,469,468),(441,442,470),(441,470,469),(442,443,471),(442,471,470),(443,444,472),(443,472,471),(444,445,473),(444,473,472),(445,446,474),(445,474,473),(446,447,475),(446,475,474),(447,448,476),(447,476,475),(448,421,449),(448,449,476),(449,450,478),(449,478,477),(450,451,479),(450,479,478),(451,452,480),(451,480,479),(452,453,481),(452,481,480),(453,454,482),(453,482,481),(454,455,483),(454,483,482),(455,456,484),(455,484,483),(456,457,485),(456,485,484),(457,458,486),(457,486,485),(458,459,487),(458,487,486),(459,460,488),(459,488,487),(460,461,489),(460,489,488),(461,462,490),(461,490,489),(462,463,491),(462,491,490),(463,464,492),(463,492,491),(464,465,493),(464,493,492),(465,466,494),(465,494,493),(466,467,495),(466,495,494),(467,468,496),(467,496,495),(468,469,497),(468,497,496),(469,470,498),(469,498,497),(470,471,499),(470,499,498),(471,472,500),(471,500,499),(472,473,501),(472,501,500),(473,474,502),(473,502,501),(474,475,503),(474,503,502),(475,476,504),(475,504,503),(476,449,477),(476,477,504),(477,478,506),(477,506,505),(478,479,507),(478,507,506),(479,480,508),(479,508,507),(480,481,509),(480,509,508),(481,482,510),(481,510,509),(482,483,511),(482,511,510),(483,484,512),(483,512,511),(484,485,513),(484,513,512),(485,486,514),(485,514,513),(486,487,515),(486,515,514),(487,488,516),(487,516,515),(488,489,517),(488,517,516),(489,490,518),(489,518,517),(490,491,519),(490,519,518),(491,492,520),(491,520,519),(492,493,521),(492,521,520),(493,494,522),(493,522,521),(494,495,523),(494,523,522),(495,496,524),(495,524,523),(496,497,525),(496,525,524),(497,498,526),(497,526,525),(498,499,527),(498,527,526),(499,500,528),(499,528,527),(500,501,529),(500,529,528),(501,502,530),(501,530,529),(502,503,531),(502,531,530),(503,504,532),(503,532,531),(504,477,505),(504,505,532),(505,506,534),(505,534,533),(506,507,535),(506,535,534),(507,508,536),(507,536,535),(508,509,537),(508,537,536),(509,510,538),(509,538,537),(510,511,539),(510,539,538),(511,512,540),(511,540,539),(512,513,541),(512,541,540),(513,514,542),(513,542,541),(514,515,543),(514,543,542),(515,516,544),(515,544,543),(516,517,545),(516,545,544),(517,518,546),(517,546,545),(518,519,547),(518,547,546),(519,520,548),(519,548,547),(520,521,549),(520,549,548),(521,522,550),(521,550,549),(522,523,551),(522,551,550),(523,524,552),(523,552,551),(524,525,553),(524,553,552),(525,526,554),(525,554,553),(526,527,555),(526,555,554),(527,528,556),(527,556,555),(528,529,557),(528,557,556),(529,530,558),(529,558,557),(530,531,559),(530,559,558),(531,532,560),(531,560,559),(532,505,533),(532,533,560),(533,534,562),(533,562,561),(534,535,563),(534,563,562),(535,536,564),(535,564,563),(536,537,565),(536,565,564),(537,538,566),(537,566,565),(538,539,567),(538,567,566),(539,540,568),(539,568,567),(540,541,569),(540,569,568),(541,542,570),(541,570,569),(542,543,571),(542,571,570),(543,544,572),(543,572,571),(544,545,573),(544,573,572),(545,546,574),(545,574,573),(546,547,575),(546,575,574),(547,548,576),(547,576,575),(548,549,577),(548,577,576),(549,550,578),(549,578,577),(550,551,579),(550,579,578),(551,552,580),(551,580,579),(552,553,581),(552,581,580),(553,554,582),(553,582,581),(554,555,583),(554,583,582),(555,556,584),(555,584,583),(556,557,585),(556,585,584),(557,558,586),(557,586,585),(558,559,587),(558,587,586),(559,560,588),(559,588,587),(560,533,561),(560,561,588),(561,562,590),(561,590,589),(562,563,591),(562,591,590),(563,564,592),(563,592,591),(564,565,593),(564,593,592),(565,566,594),(565,594,593),(566,567,595),(566,595,594),(567,568,596),(567,596,595),(568,569,597),(568,597,596),(569,570,598),(569,598,597),(570,571,599),(570,599,598),(571,572,600),(571,600,599),(572,573,601),(572,601,600),(573,574,602),(573,602,601),(574,575,603),(574,603,602),(575,576,604),(575,604,603),(576,577,605),(576,605,604),(577,578,606),(577,606,605),(578,579,607),(578,607,606),(579,580,608),(579,608,607),(580,581,609),(580,609,608),(581,582,610),(581,610,609),(582,583,611),(582,611,610),(583,584,612),(583,612,611),(584,585,613),(584,613,612),(585,586,614),(585,614,613),(586,587,615),(586,615,614),(587,588,616),(587,616,615),(588,561,589),(588,589,616),(589,590,618),(589,618,617),(590,591,619),(590,619,618),(591,592,620),(591,620,619),(592,593,621),(592,621,620),(593,594,622),(593,622,621),(594,595,623),(594,623,622),(595,596,624),(595,624,623),(596,597,625),(596,625,624),(597,598,626),(597,626,625),(598,599,627),(598,627,626),(599,600,628),(599,628,627),(600,601,629),(600,629,628),(601,602,630),(601,630,629),(602,603,631),(602,631,630),(603,604,632),(603,632,631),(604,605,633),(604,633,632),(605,606,634),(605,634,633),(606,607,635),(606,635,634),(607,608,636),(607,636,635),(608,609,637),(608,637,636),(609,610,638),(609,638,637),(610,611,639),(610,639,638),(611,612,640),(611,640,639),(612,613,641),(612,641,640),(613,614,642),(613,642,641),(614,615,643),(614,643,642),(615,616,644),(615,644,643),(616,589,617),(616,617,644),(617,618,646),(617,646,645),(618,619,647),(618,647,646),(619,620,648),(619,648,647),(620,621,649),(620,649,648),(621,622,650),(621,650,649),(622,623,651),(622,651,650),(623,624,652),(623,652,651),(624,625,653),(624,653,652),(625,626,654),(625,654,653),(626,627,655),(626,655,654),(627,628,656),(627,656,655),(628,629,657),(628,657,656),(629,630,658),(629,658,657),(630,631,659),(630,659,658),(631,632,660),(631,660,659),(632,633,661),(632,661,660),(633,634,662),(633,662,661),(634,635,663),(634,663,662),(635,636,664),(635,664,663),(636,637,665),(636,665,664),(637,638,666),(637,666,665),(638,639,667),(638,667,666),(639,640,668),(639,668,667),(640,641,669),(640,669,668),(641,642,670),(641,670,669),(642,643,671),(642,671,670),(643,644,672),(643,672,671),(644,617,645),(644,645,672),(645,646,674),(645,674,673),(646,647,675),(646,675,674),(647,648,676),(647,676,675),(648,649,677),(648,677,676),(649,650,678),(649,678,677),(650,651,679),(650,679,678),(651,652,680),(651,680,679),(652,653,681),(652,681,680),(653,654,682),(653,682,681),(654,655,683),(654,683,682),(655,656,684),(655,684,683),(656,657,685),(656,685,684),(657,658,686),(657,686,685),(658,659,687),(658,687,686),(659,660,688),(659,688,687),(660,661,689),(660,689,688),(661,662,690),(661,690,689),(662,663,691),(662,691,690),(663,664,692),(663,692,691),(664,665,693),(664,693,692),(665,666,694),(665,694,693),(666,667,695),(666,695,694),(667,668,696),(667,696,695),(668,669,697),(668,697,696),(669,670,698),(669,698,697),(670,671,699),(670,699,698),(671,672,700),(671,700,699),(672,645,673),(672,673,700),(673,674,702),(673,702,701),(674,675,703),(674,703,702),(675,676,704),(675,704,703),(676,677,705),(676,705,704),(677,678,706),(677,706,705),(678,679,707),(678,707,706),(679,680,708),(679,708,707),(680,681,709),(680,709,708),(681,682,710),(681,710,709),(682,683,711),(682,711,710),(683,684,712),(683,712,711),(684,685,713),(684,713,712),(685,686,714),(685,714,713),(686,687,715),(686,715,714),(687,688,716),(687,716,715),(688,689,717),(688,717,716),(689,690,718),(689,718,717),(690,691,719),(690,719,718),(691,692,720),(691,720,719),(692,693,721),(692,721,720),(693,694,722),(693,722,721),(694,695,723),(694,723,722),(695,696,724),(695,724,723),(696,697,725),(696,725,724),(697,698,726),(697,726,725),(698,699,727),(698,727,726),(699,700,728),(699,728,727),(700,673,701),(700,701,728),(701,702,730),(701,730,729),(702,703,731),(702,731,730),(703,704,732),(703,732,731),(704,705,733),(704,733,732),(705,706,734),(705,734,733),(706,707,735),(706,735,734),(707,708,736),(707,736,735),(708,709,737),(708,737,736),(709,710,738),(709,738,737),(710,711,739),(710,739,738),(711,712,740),(711,740,739),(712,713,741),(712,741,740),(713,714,742),(713,742,741),(714,715,743),(714,743,742),(715,716,744),(715,744,743),(716,717,745),(716,745,744),(717,718,746),(717,746,745),(718,719,747),(718,747,746),(719,720,748),(719,748,747),(720,721,749),(720,749,748),(721,722,750),(721,750,749),(722,723,751),(722,751,750),(723,724,752),(723,752,751),(724,725,753),(724,753,752),(725,726,754),(725,754,753),(726,727,755),(726,755,754),(727,728,756),(727,756,755),(728,701,729),(728,729,756),(729,730,758),(729,758,757),(730,731,759),(730,759,758),(731,732,760),(731,760,759),(732,733,761),(732,761,760),(733,734,762),(733,762,761),(734,735,763),(734,763,762),(735,736,764),(735,764,763),(736,737,765),(736,765,764),(737,738,766),(737,766,765),(738,739,767),(738,767,766),(739,740,768),(739,768,767),(740,741,769),(740,769,768),(741,742,770),(741,770,769),(742,743,771),(742,771,770),(743,744,772),(743,772,771),(744,745,773),(744,773,772),(745,746,774),(745,774,773),(746,747,775),(746,775,774),(747,748,776),(747,776,775),(748,749,777),(748,777,776),(749,750,778),(749,778,777),(750,751,779),(750,779,778),(751,752,780),(751,780,779),(752,753,781),(752,781,780),(753,754,782),(753,782,781),(754,755,783),(754,783,782),(755,756,784),(755,784,783),(756,729,757),(756,757,784),(757,758,786),(757,786,785),(758,759,787),(758,787,786),(759,760,788),(759,788,787),(760,761,789),(760,789,788),(761,762,790),(761,790,789),(762,763,791),(762,791,790),(763,764,792),(763,792,791),(764,765,793),(764,793,792),(765,766,794),(765,794,793),(766,767,795),(766,795,794),(767,768,796),(767,796,795),(768,769,797),(768,797,796),(769,770,798),(769,798,797),(770,771,799),(770,799,798),(771,772,800),(771,800,799),(772,773,801),(772,801,800),(773,774,802),(773,802,801),(774,775,803),(774,803,802),(775,776,804),(775,804,803),(776,777,805),(776,805,804),(777,778,806),(777,806,805),(778,779,807),(778,807,806),(779,780,808),(779,808,807),(780,781,809),(780,809,808),(781,782,810),(781,810,809),(782,783,811),(782,811,810),(783,784,812),(783,812,811),(784,757,785),(784,785,812),(785,786,814),(785,814,813),(786,787,815),(786,815,814),(787,788,816),(787,816,815),(788,789,817),(788,817,816),(789,790,818),(789,818,817),(790,791,819),(790,819,818),(791,792,820),(791,820,819),(792,793,821),(792,821,820),(793,794,822),(793,822,821),(794,795,823),(794,823,822),(795,796,824),(795,824,823),(796,797,825),(796,825,824),(797,798,826),(797,826,825),(798,799,827),(798,827,826),(799,800,828),(799,828,827),(800,801,829),(800,829,828),(801,802,830),(801,830,829),(802,803,831),(802,831,830),(803,804,832),(803,832,831),(804,805,833),(804,833,832),(805,806,834),(805,834,833),(806,807,835),(806,835,834),(807,808,836),(807,836,835),(808,809,837),(808,837,836),(809,810,838),(809,838,837),(810,811,839),(810,839,838),(811,812,840),(811,840,839),(812,785,813),(812,813,840),(813,814,842),(813,842,841),(814,815,843),(814,843,842),(815,816,844),(815,844,843),(816,817,845),(816,845,844),(817,818,846),(817,846,845),(818,819,847),(818,847,846),(819,820,848),(819,848,847),(820,821,849),(820,849,848),(821,822,850),(821,850,849),(822,823,851),(822,851,850),(823,824,852),(823,852,851),(824,825,853),(824,853,852),(825,826,854),(825,854,853),(826,827,855),(826,855,854),(827,828,856),(827,856,855),(828,829,857),(828,857,856),(829,830,858),(829,858,857),(830,831,859),(830,859,858),(831,832,860),(831,860,859),(832,833,861),(832,861,860),(833,834,862),(833,862,861),(834,835,863),(834,863,862),(835,836,864),(835,864,863),(836,837,865),(836,865,864),(837,838,866),(837,866,865),(838,839,867),(838,867,866),(839,840,868),(839,868,867),(840,813,841),(840,841,868),(841,842,870),(841,870,869),(842,843,871),(842,871,870),(843,844,872),(843,872,871),(844,845,873),(844,873,872),(845,846,874),(845,874,873),(846,847,875),(846,875,874),(847,848,876),(847,876,875),(848,849,877),(848,877,876),(849,850,878),(849,878,877),(850,851,879),(850,879,878),(851,852,880),(851,880,879),(852,853,881),(852,881,880),(853,854,882),(853,882,881),(854,855,883),(854,883,882),(855,856,884),(855,884,883),(856,857,885),(856,885,884),(857,858,886),(857,886,885),(858,859,887),(858,887,886),(859,860,888),(859,888,887),(860,861,889),(860,889,888),(861,862,890),(861,890,889),(862,863,891),(862,891,890),(863,864,892),(863,892,891),(864,865,893),(864,893,892),(865,866,894),(865,894,893),(866,867,895),(866,895,894),(867,868,896),(867,896,895),(868,841,869),(868,869,896),(869,870,898),(869,898,897),(870,871,899),(870,899,898),(871,872,900),(871,900,899),(872,873,901),(872,901,900),(873,874,902),(873,902,901),(874,875,903),(874,903,902),(875,876,904),(875,904,903),(876,877,905),(876,905,904),(877,878,906),(877,906,905),(878,879,907),(878,907,906),(879,880,908),(879,908,907),(880,881,909),(880,909,908),(881,882,910),(881,910,909),(882,883,911),(882,911,910),(883,884,912),(883,912,911),(884,885,913),(884,913,912),(885,886,914),(885,914,913),(886,887,915),(886,915,914),(887,888,916),(887,916,915),(888,889,917),(888,917,916),(889,890,918),(889,918,917),(890,891,919),(890,919,918),(891,892,920),(891,920,919),(892,893,921),(892,921,920),(893,894,922),(893,922,921),(894,895,923),(894,923,922),(895,896,924),(895,924,923),(896,869,897),(896,897,924),(897,898,926),(897,926,925),(898,899,927),(898,927,926),(899,900,928),(899,928,927),(900,901,929),(900,929,928),(901,902,930),(901,930,929),(902,903,931),(902,931,930),(903,904,932),(903,932,931),(904,905,933),(904,933,932),(905,906,934),(905,934,933),(906,907,935),(906,935,934),(907,908,936),(907,936,935),(908,909,937),(908,937,936),(909,910,938),(909,938,937),(910,911,939),(910,939,938),(911,912,940),(911,940,939),(912,913,941),(912,941,940),(913,914,942),(913,942,941),(914,915,943),(914,943,942),(915,916,944),(915,944,943),(916,917,945),(916,945,944),(917,918,946),(917,946,945),(918,919,947),(918,947,946),(919,920,948),(919,948,947),(920,921,949),(920,949,948),(921,922,950),(921,950,949),(922,923,951),(922,951,950),(923,924,952),(923,952,951),(924,897,925),(924,925,952),(925,926,954),(925,954,953),(926,927,955),(926,955,954),(927,928,956),(927,956,955),(928,929,957),(928,957,956),(929,930,958),(929,958,957),(930,931,959),(930,959,958),(931,932,960),(931,960,959),(932,933,961),(932,961,960),(933,934,962),(933,962,961),(934,935,963),(934,963,962),(935,936,964),(935,964,963),(936,937,965),(936,965,964),(937,938,966),(937,966,965),(938,939,967),(938,967,966),(939,940,968),(939,968,967),(940,941,969),(940,969,968),(941,942,970),(941,970,969),(942,943,971),(942,971,970),(943,944,972),(943,972,971),(944,945,973),(944,973,972),(945,946,974),(945,974,973),(946,947,975),(946,975,974),(947,948,976),(947,976,975),(948,949,977),(948,977,976),(949,950,978),(949,978,977),(950,951,979),(950,979,978),(951,952,980),(951,980,979),(952,925,953),(952,953,980),(953,954,982),(953,982,981),(954,955,983),(954,983,982),(955,956,984),(955,984,983),(956,957,985),(956,985,984),(957,958,986),(957,986,985),(958,959,987),(958,987,986),(959,960,988),(959,988,987),(960,961,989),(960,989,988),(961,962,990),(961,990,989),(962,963,991),(962,991,990),(963,964,992),(963,992,991),(964,965,993),(964,993,992),(965,966,994),(965,994,993),(966,967,995),(966,995,994),(967,968,996),(967,996,995),(968,969,997),(968,997,996),(969,970,998),(969,998,997),(970,971,999),(970,999,998),(971,972,1000),(971,1000,999),(972,973,1001),(972,1001,1000),(973,974,1002),(973,1002,1001),(974,975,1003),(974,1003,1002),(975,976,1004),(975,1004,1003),(976,977,1005),(976,1005,1004),(977,978,1006),(977,1006,1005),(978,979,1007),(978,1007,1006),(979,980,1008),(979,1008,1007),(980,953,981),(980,981,1008),(981,982,1010),(981,1010,1009),(982,983,1011),(982,1011,1010),(983,984,1012),(983,1012,1011),(984,985,1013),(984,1013,1012),(985,986,1014),(985,1014,1013),(986,987,1015),(986,1015,1014),(987,988,1016),(987,1016,1015),(988,989,1017),(988,1017,1016),(989,990,1018),(989,1018,1017),(990,991,1019),(990,1019,1018),(991,992,1020),(991,1020,1019),(992,993,1021),(992,1021,1020),(993,994,1022),(993,1022,1021),(994,995,1023),(994,1023,1022),(995,996,1024),(995,1024,1023),(996,997,1025),(996,1025,1024),(997,998,1026),(997,1026,1025),(998,999,1027),(998,1027,1026),(999,1000,1028),(999,1028,1027),(1000,1001,1029),(1000,1029,1028),(1001,1002,1030),(1001,1030,1029),(1002,1003,1031),(1002,1031,1030),(1003,1004,1032),(1003,1032,1031),(1004,1005,1033),(1004,1033,1032),(1005,1006,1034),(1005,1034,1033),(1006,1007,1035),(1006,1035,1034),(1007,1008,1036),(1007,1036,1035),(1008,981,1009),(1008,1009,1036),(1009,1010,1038),(1009,1038,1037),(1010,1011,1039),(1010,1039,1038),(1011,1012,1040),(1011,1040,1039),(1012,1013,1041),(1012,1041,1040),(1013,1014,1042),(1013,1042,1041),(1014,1015,1043),(1014,1043,1042),(1015,1016,1044),(1015,1044,1043),(1016,1017,1045),(1016,1045,1044),(1017,1018,1046),(1017,1046,1045),(1018,1019,1047),(1018,1047,1046),(1019,1020,1048),(1019,1048,1047),(1020,1021,1049),(1020,1049,1048),(1021,1022,1050),(1021,1050,1049),(1022,1023,1051),(1022,1051,1050),(1023,1024,1052),(1023,1052,1051),(1024,1025,1053),(1024,1053,1052),(1025,1026,1054),(1025,1054,1053),(1026,1027,1055),(1026,1055,1054),(1027,1028,1056),(1027,1056,1055),(1028,1029,1057),(1028,1057,1056),(1029,1030,1058),(1029,1058,1057),(1030,1031,1059),(1030,1059,1058),(1031,1032,1060),(1031,1060,1059),(1032,1033,1061),(1032,1061,1060),(1033,1034,1062),(1033,1062,1061),(1034,1035,1063),(1034,1063,1062),(1035,1036,1064),(1035,1064,1063),(1036,1009,1037),(1036,1037,1064),(1037,1038,1066),(1037,1066,1065),(1038,1039,1067),(1038,1067,1066),(1039,1040,1068),(1039,1068,1067),(1040,1041,1069),(1040,1069,1068),(1041,1042,1070),(1041,1070,1069),(1042,1043,1071),(1042,1071,1070),(1043,1044,1072),(1043,1072,1071),(1044,1045,1073),(1044,1073,1072),(1045,1046,1074),(1045,1074,1073),(1046,1047,1075),(1046,1075,1074),(1047,1048,1076),(1047,1076,1075),(1048,1049,1077),(1048,1077,1076),(1049,1050,1078),(1049,1078,1077),(1050,1051,1079),(1050,1079,1078),(1051,1052,1080),(1051,1080,1079),(1052,1053,1081),(1052,1081,1080),(1053,1054,1082),(1053,1082,1081),(1054,1055,1083),(1054,1083,1082),(1055,1056,1084),(1055,1084,1083),(1056,1057,1085),(1056,1085,1084),(1057,1058,1086),(1057,1086,1085),(1058,1059,1087),(1058,1087,1086),(1059,1060,1088),(1059,1088,1087),(1060,1061,1089),(1060,1089,1088),(1061,1062,1090),(1061,1090,1089),(1062,1063,1091),(1062,1091,1090),(1063,1064,1092),(1063,1092,1091),(1064,1037,1065),(1064,1065,1092),(1065,1066,1094),(1065,1094,1093),(1066,1067,1095),(1066,1095,1094),(1067,1068,1096),(1067,1096,1095),(1068,1069,1097),(1068,1097,1096),(1069,1070,1098),(1069,1098,1097),(1070,1071,1099),(1070,1099,1098),(1071,1072,1100),(1071,1100,1099),(1072,1073,1101),(1072,1101,1100),(1073,1074,1102),(1073,1102,1101),(1074,1075,1103),(1074,1103,1102),(1075,1076,1104),(1075,1104,1103),(1076,1077,1105),(1076,1105,1104),(1077,1078,1106),(1077,1106,1105),(1078,1079,1107),(1078,1107,1106),(1079,1080,1108),(1079,1108,1107),(1080,1081,1109),(1080,1109,1108),(1081,1082,1110),(1081,1110,1109),(1082,1083,1111),(1082,1111,1110),(1083,1084,1112),(1083,1112,1111),(1084,1085,1113),(1084,1113,1112),(1085,1086,1114),(1085,1114,1113),(1086,1087,1115),(1086,1115,1114),(1087,1088,1116),(1087,1116,1115),(1088,1089,1117),(1088,1117,1116),(1089,1090,1118),(1089,1118,1117),(1090,1091,1119),(1090,1119,1118),(1091,1092,1120),(1091,1120,1119),(1092,1065,1093),(1092,1093,1120),(1093,1094,1122),(1093,1122,1121),(1094,1095,1123),(1094,1123,1122),(1095,1096,1124),(1095,1124,1123),(1096,1097,1125),(1096,1125,1124),(1097,1098,1126),(1097,1126,1125),(1098,1099,1127),(1098,1127,1126),(1099,1100,1128),(1099,1128,1127),(1100,1101,1129),(1100,1129,1128),(1101,1102,1130),(1101,1130,1129),(1102,1103,1131),(1102,1131,1130),(1103,1104,1132),(1103,1132,1131),(1104,1105,1133),(1104,1133,1132),(1105,1106,1134),(1105,1134,1133),(1106,1107,1135),(1106,1135,1134),(1107,1108,1136),(1107,1136,1135),(1108,1109,1137),(1108,1137,1136),(1109,1110,1138),(1109,1138,1137),(1110,1111,1139),(1110,1139,1138),(1111,1112,1140),(1111,1140,1139),(1112,1113,1141),(1112,1141,1140),(1113,1114,1142),(1113,1142,1141),(1114,1115,1143),(1114,1143,1142),(1115,1116,1144),(1115,1144,1143),(1116,1117,1145),(1116,1145,1144),(1117,1118,1146),(1117,1146,1145),(1118,1119,1147),(1118,1147,1146),(1119,1120,1148),(1119,1148,1147),(1120,1093,1121),(1120,1121,1148),(1121,1122,1150),(1121,1150,1149),(1122,1123,1151),(1122,1151,1150),(1123,1124,1152),(1123,1152,1151),(1124,1125,1153),(1124,1153,1152),(1125,1126,1154),(1125,1154,1153),(1126,1127,1155),(1126,1155,1154),(1127,1128,1156),(1127,1156,1155),(1128,1129,1157),(1128,1157,1156),(1129,1130,1158),(1129,1158,1157),(1130,1131,1159),(1130,1159,1158),(1131,1132,1160),(1131,1160,1159),(1132,1133,1161),(1132,1161,1160),(1133,1134,1162),(1133,1162,1161),(1134,1135,1163),(1134,1163,1162),(1135,1136,1164),(1135,1164,1163),(1136,1137,1165),(1136,1165,1164),(1137,1138,1166),(1137,1166,1165),(1138,1139,1167),(1138,1167,1166),(1139,1140,1168),(1139,1168,1167),(1140,1141,1169),(1140,1169,1168),(1141,1142,1170),(1141,1170,1169),(1142,1143,1171),(1142,1171,1170),(1143,1144,1172),(1143,1172,1171),(1144,1145,1173),(1144,1173,1172),(1145,1146,1174),(1145,1174,1173),(1146,1147,1175),(1146,1175,1174),(1147,1148,1176),(1147,1176,1175),(1148,1121,1149),(1148,1149,1176),(1149,1150,1178),(1149,1178,1177),(1150,1151,1179),(1150,1179,1178),(1151,1152,1180),(1151,1180,1179),(1152,1153,1181),(1152,1181,1180),(1153,1154,1182),(1153,1182,1181),(1154,1155,1183),(1154,1183,1182),(1155,1156,1184),(1155,1184,1183),(1156,1157,1185),(1156,1185,1184),(1157,1158,1186),(1157,1186,1185),(1158,1159,1187),(1158,1187,1186),(1159,1160,1188),(1159,1188,1187),(1160,1161,1189),(1160,1189,1188),(1161,1162,1190),(1161,1190,1189),(1162,1163,1191),(1162,1191,1190),(1163,1164,1192),(1163,1192,1191),(1164,1165,1193),(1164,1193,1192),(1165,1166,1194),(1165,1194,1193),(1166,1167,1195),(1166,1195,1194),(1167,1168,1196),(1167,1196,1195),(1168,1169,1197),(1168,1197,1196),(1169,1170,1198),(1169,1198,1197),(1170,1171,1199),(1170,1199,1198),(1171,1172,1200),(1171,1200,1199),(1172,1173,1201),(1172,1201,1200),(1173,1174,1202),(1173,1202,1201),(1174,1175,1203),(1174,1203,1202),(1175,1176,1204),(1175,1204,1203),(1176,1149,1177),(1176,1177,1204),(1177,1178,1206),(1177,1206,1205),(1178,1179,1207),(1178,1207,1206),(1179,1180,1208),(1179,1208,1207),(1180,1181,1209),(1180,1209,1208),(1181,1182,1210),(1181,1210,1209),(1182,1183,1211),(1182,1211,1210),(1183,1184,1212),(1183,1212,1211),(1184,1185,1213),(1184,1213,1212),(1185,1186,1214),(1185,1214,1213),(1186,1187,1215),(1186,1215,1214),(1187,1188,1216),(1187,1216,1215),(1188,1189,1217),(1188,1217,1216),(1189,1190,1218),(1189,1218,1217),(1190,1191,1219),(1190,1219,1218),(1191,1192,1220),(1191,1220,1219),(1192,1193,1221),(1192,1221,1220),(1193,1194,1222),(1193,1222,1221),(1194,1195,1223),(1194,1223,1222),(1195,1196,1224),(1195,1224,1223),(1196,1197,1225),(1196,1225,1224),(1197,1198,1226),(1197,1226,1225),(1198,1199,1227),(1198,1227,1226),(1199,1200,1228),(1199,1228,1227),(1200,1201,1229),(1200,1229,1228),(1201,1202,1230),(1201,1230,1229),(1202,1203,1231),(1202,1231,1230),(1203,1204,1232),(1203,1232,1231),(1204,1177,1205),(1204,1205,1232),(1205,1206,1234),(1205,1234,1233),(1206,1207,1235),(1206,1235,1234),(1207,1208,1236),(1207,1236,1235),(1208,1209,1237),(1208,1237,1236),(1209,1210,1238),(1209,1238,1237),(1210,1211,1239),(1210,1239,1238),(1211,1212,1240),(1211,1240,1239),(1212,1213,1241),(1212,1241,1240),(1213,1214,1242),(1213,1242,1241),(1214,1215,1243),(1214,1243,1242),(1215,1216,1244),(1215,1244,1243),(1216,1217,1245),(1216,1245,1244),(1217,1218,1246),(1217,1246,1245),(1218,1219,1247),(1218,1247,1246),(1219,1220,1248),(1219,1248,1247),(1220,1221,1249),(1220,1249,1248),(1221,1222,1250),(1221,1250,1249),(1222,1223,1251),(1222,1251,1250),(1223,1224,1252),(1223,1252,1251),(1224,1225,1253),(1224,1253,1252),(1225,1226,1254),(1225,1254,1253),(1226,1227,1255),(1226,1255,1254),(1227,1228,1256),(1227,1256,1255),(1228,1229,1257),(1228,1257,1256),(1229,1230,1258),(1229,1258,1257),(1230,1231,1259),(1230,1259,1258),(1231,1232,1260),(1231,1260,1259),(1232,1205,1233),(1232,1233,1260),(1233,1234,1262),(1233,1262,1261),(1234,1235,1263),(1234,1263,1262),(1235,1236,1264),(1235,1264,1263),(1236,1237,1265),(1236,1265,1264),(1237,1238,1266),(1237,1266,1265),(1238,1239,1267),(1238,1267,1266),(1239,1240,1268),(1239,1268,1267),(1240,1241,1269),(1240,1269,1268),(1241,1242,1270),(1241,1270,1269),(1242,1243,1271),(1242,1271,1270),(1243,1244,1272),(1243,1272,1271),(1244,1245,1273),(1244,1273,1272),(1245,1246,1274),(1245,1274,1273),(1246,1247,1275),(1246,1275,1274),(1247,1248,1276),(1247,1276,1275),(1248,1249,1277),(1248,1277,1276),(1249,1250,1278),(1249,1278,1277),(1250,1251,1279),(1250,1279,1278),(1251,1252,1280),(1251,1280,1279),(1252,1253,1281),(1252,1281,1280),(1253,1254,1282),(1253,1282,1281),(1254,1255,1283),(1254,1283,1282),(1255,1256,1284),(1255,1284,1283),(1256,1257,1285),(1256,1285,1284),(1257,1258,1286),(1257,1286,1285),(1258,1259,1287),(1258,1287,1286),(1259,1260,1288),(1259,1288,1287),(1260,1233,1261),(1260,1261,1288),(1261,1262,1290),(1261,1290,1289),(1262,1263,1291),(1262,1291,1290),(1263,1264,1292),(1263,1292,1291),(1264,1265,1293),(1264,1293,1292),(1265,1266,1294),(1265,1294,1293),(1266,1267,1295),(1266,1295,1294),(1267,1268,1296),(1267,1296,1295),(1268,1269,1297),(1268,1297,1296),(1269,1270,1298),(1269,1298,1297),(1270,1271,1299),(1270,1299,1298),(1271,1272,1300),(1271,1300,1299),(1272,1273,1301),(1272,1301,1300),(1273,1274,1302),(1273,1302,1301),(1274,1275,1303),(1274,1303,1302),(1275,1276,1304),(1275,1304,1303),(1276,1277,1305),(1276,1305,1304),(1277,1278,1306),(1277,1306,1305),(1278,1279,1307),(1278,1307,1306),(1279,1280,1308),(1279,1308,1307),(1280,1281,1309),(1280,1309,1308),(1281,1282,1310),(1281,1310,1309),(1282,1283,1311),(1282,1311,1310),(1283,1284,1312),(1283,1312,1311),(1284,1285,1313),(1284,1313,1312),(1285,1286,1314),(1285,1314,1313),(1286,1287,1315),(1286,1315,1314),(1287,1288,1316),(1287,1316,1315),(1288,1261,1289),(1288,1289,1316),(1289,1290,1318),(1289,1318,1317),(1290,1291,1319),(1290,1319,1318),(1291,1292,1320),(1291,1320,1319),(1292,1293,1321),(1292,1321,1320),(1293,1294,1322),(1293,1322,1321),(1294,1295,1323),(1294,1323,1322),(1295,1296,1324),(1295,1324,1323),(1296,1297,1325),(1296,1325,1324),(1297,1298,1326),(1297,1326,1325),(1298,1299,1327),(1298,1327,1326),(1299,1300,1328),(1299,1328,1327),(1300,1301,1329),(1300,1329,1328),(1301,1302,1330),(1301,1330,1329),(1302,1303,1331),(1302,1331,1330),(1303,1304,1332),(1303,1332,1331),(1304,1305,1333),(1304,1333,1332),(1305,1306,1334),(1305,1334,1333),(1306,1307,1335),(1306,1335,1334),(1307,1308,1336),(1307,1336,1335),(1308,1309,1337),(1308,1337,1336),(1309,1310,1338),(1309,1338,1337),(1310,1311,1339),(1310,1339,1338),(1311,1312,1340),(1311,1340,1339),(1312,1313,1341),(1312,1341,1340),(1313,1314,1342),(1313,1342,1341),(1314,1315,1343),(1314,1343,1342),(1315,1316,1344),(1315,1344,1343),(1316,1289,1317),(1316,1317,1344),(1317,1318,1346),(1317,1346,1345),(1318,1319,1347),(1318,1347,1346),(1319,1320,1348),(1319,1348,1347),(1320,1321,1349),(1320,1349,1348),(1321,1322,1350),(1321,1350,1349),(1322,1323,1351),(1322,1351,1350),(1323,1324,1352),(1323,1352,1351),(1324,1325,1353),(1324,1353,1352),(1325,1326,1354),(1325,1354,1353),(1326,1327,1355),(1326,1355,1354),(1327,1328,1356),(1327,1356,1355),(1328,1329,1357),(1328,1357,1356),(1329,1330,1358),(1329,1358,1357),(1330,1331,1359),(1330,1359,1358),(1331,1332,1360),(1331,1360,1359),(1332,1333,1361),(1332,1361,1360),(1333,1334,1362),(1333,1362,1361),(1334,1335,1363),(1334,1363,1362),(1335,1336,1364),(1335,1364,1363),(1336,1337,1365),(1336,1365,1364),(1337,1338,1366),(1337,1366,1365),(1338,1339,1367),(1338,1367,1366),(1339,1340,1368),(1339,1368,1367),(1340,1341,1369),(1340,1369,1368),(1341,1342,1370),(1341,1370,1369),(1342,1343,1371),(1342,1371,1370),(1343,1344,1372),(1343,1372,1371),(1344,1317,1345),(1344,1345,1372),(1345,1346,1374),(1345,1374,1373),(1346,1347,1375),(1346,1375,1374),(1347,1348,1376),(1347,1376,1375),(1348,1349,1377),(1348,1377,1376),(1349,1350,1378),(1349,1378,1377),(1350,1351,1379),(1350,1379,1378),(1351,1352,1380),(1351,1380,1379),(1352,1353,1381),(1352,1381,1380),(1353,1354,1382),(1353,1382,1381),(1354,1355,1383),(1354,1383,1382),(1355,1356,1384),(1355,1384,1383),(1356,1357,1385),(1356,1385,1384),(1357,1358,1386),(1357,1386,1385),(1358,1359,1387),(1358,1387,1386),(1359,1360,1388),(1359,1388,1387),(1360,1361,1389),(1360,1389,1388),(1361,1362,1390),(1361,1390,1389),(1362,1363,1391),(1362,1391,1390),(1363,1364,1392),(1363,1392,1391),(1364,1365,1393),(1364,1393,1392),(1365,1366,1394),(1365,1394,1393),(1366,1367,1395),(1366,1395,1394),(1367,1368,1396),(1367,1396,1395),(1368,1369,1397),(1368,1397,1396),(1369,1370,1398),(1369,1398,1397),(1370,1371,1399),(1370,1399,1398),(1371,1372,1400),(1371,1400,1399),(1372,1345,1373),(1372,1373,1400),(1373,1374,1402),(1373,1402,1401),(1374,1375,1403),(1374,1403,1402),(1375,1376,1404),(1375,1404,1403),(1376,1377,1405),(1376,1405,1404),(1377,1378,1406),(1377,1406,1405),(1378,1379,1407),(1378,1407,1406),(1379,1380,1408),(1379,1408,1407),(1380,1381,1409),(1380,1409,1408),(1381,1382,1410),(1381,1410,1409),(1382,1383,1411),(1382,1411,1410),(1383,1384,1412),(1383,1412,1411),(1384,1385,1413),(1384,1413,1412),(1385,1386,1414),(1385,1414,1413),(1386,1387,1415),(1386,1415,1414),(1387,1388,1416),(1387,1416,1415),(1388,1389,1417),(1388,1417,1416),(1389,1390,1418),(1389,1418,1417),(1390,1391,1419),(1390,1419,1418),(1391,1392,1420),(1391,1420,1419),(1392,1393,1421),(1392,1421,1420),(1393,1394,1422),(1393,1422,1421),(1394,1395,1423),(1394,1423,1422),(1395,1396,1424),(1395,1424,1423),(1396,1397,1425),(1396,1425,1424),(1397,1398,1426),(1397,1426,1425),(1398,1399,1427),(1398,1427,1426),(1399,1400,1428),(1399,1428,1427),(1400,1373,1401),(1400,1401,1428),(1401,1402,1430),(1401,1430,1429),(1402,1403,1431),(1402,1431,1430),(1403,1404,1432),(1403,1432,1431),(1404,1405,1433),(1404,1433,1432),(1405,1406,1434),(1405,1434,1433),(1406,1407,1435),(1406,1435,1434),(1407,1408,1436),(1407,1436,1435),(1408,1409,1437),(1408,1437,1436),(1409,1410,1438),(1409,1438,1437),(1410,1411,1439),(1410,1439,1438),(1411,1412,1440),(1411,1440,1439),(1412,1413,1441),(1412,1441,1440),(1413,1414,1442),(1413,1442,1441),(1414,1415,1443),(1414,1443,1442),(1415,1416,1444),(1415,1444,1443),(1416,1417,1445),(1416,1445,1444),(1417,1418,1446),(1417,1446,1445),(1418,1419,1447),(1418,1447,1446),(1419,1420,1448),(1419,1448,1447),(1420,1421,1449),(1420,1449,1448),(1421,1422,1450),(1421,1450,1449),(1422,1423,1451),(1422,1451,1450),(1423,1424,1452),(1423,1452,1451),(1424,1425,1453),(1424,1453,1452),(1425,1426,1454),(1425,1454,1453),(1426,1427,1455),(1426,1455,1454),(1427,1428,1456),(1427,1456,1455),(1428,1401,1429),(1428,1429,1456),(1429,1430,1458),(1429,1458,1457),(1430,1431,1459),(1430,1459,1458),(1431,1432,1460),(1431,1460,1459),(1432,1433,1461),(1432,1461,1460),(1433,1434,1462),(1433,1462,1461),(1434,1435,1463),(1434,1463,1462),(1435,1436,1464),(1435,1464,1463),(1436,1437,1465),(1436,1465,1464),(1437,1438,1466),(1437,1466,1465),(1438,1439,1467),(1438,1467,1466),(1439,1440,1468),(1439,1468,1467),(1440,1441,1469),(1440,1469,1468),(1441,1442,1470),(1441,1470,1469),(1442,1443,1471),(1442,1471,1470),(1443,1444,1472),(1443,1472,1471),(1444,1445,1473),(1444,1473,1472),(1445,1446,1474),(1445,1474,1473),(1446,1447,1475),(1446,1475,1474),(1447,1448,1476),(1447,1476,1475),(1448,1449,1477),(1448,1477,1476),(1449,1450,1478),(1449,1478,1477),(1450,1451,1479),(1450,1479,1478),(1451,1452,1480),(1451,1480,1479),(1452,1453,1481),(1452,1481,1480),(1453,1454,1482),(1453,1482,1481),(1454,1455,1483),(1454,1483,1482),(1455,1456,1484),(1455,1484,1483),(1456,1429,1457),(1456,1457,1484),(1457,1458,1486),(1457,1486,1485),(1458,1459,1487),(1458,1487,1486),(1459,1460,1488),(1459,1488,1487),(1460,1461,1489),(1460,1489,1488),(1461,1462,1490),(1461,1490,1489),(1462,1463,1491),(1462,1491,1490),(1463,1464,1492),(1463,1492,1491),(1464,1465,1493),(1464,1493,1492),(1465,1466,1494),(1465,1494,1493),(1466,1467,1495),(1466,1495,1494),(1467,1468,1496),(1467,1496,1495),(1468,1469,1497),(1468,1497,1496),(1469,1470,1498),(1469,1498,1497),(1470,1471,1499),(1470,1499,1498),(1471,1472,1500),(1471,1500,1499),(1472,1473,1501),(1472,1501,1500),(1473,1474,1502),(1473,1502,1501),(1474,1475,1503),(1474,1503,1502),(1475,1476,1504),(1475,1504,1503),(1476,1477,1505),(1476,1505,1504),(1477,1478,1506),(1477,1506,1505),(1478,1479,1507),(1478,1507,1506),(1479,1480,1508),(1479,1508,1507),(1480,1481,1509),(1480,1509,1508),(1481,1482,1510),(1481,1510,1509),(1482,1483,1511),(1482,1511,1510),(1483,1484,1512),(1483,1512,1511),(1484,1457,1485),(1484,1485,1512),(1485,1486,1514),(1485,1514,1513),(1486,1487,1515),(1486,1515,1514),(1487,1488,1516),(1487,1516,1515),(1488,1489,1517),(1488,1517,1516),(1489,1490,1518),(1489,1518,1517),(1490,1491,1519),(1490,1519,1518),(1491,1492,1520),(1491,1520,1519),(1492,1493,1521),(1492,1521,1520),(1493,1494,1522),(1493,1522,1521),(1494,1495,1523),(1494,1523,1522),(1495,1496,1524),(1495,1524,1523),(1496,1497,1525),(1496,1525,1524),(1497,1498,1526),(1497,1526,1525),(1498,1499,1527),(1498,1527,1526),(1499,1500,1528),(1499,1528,1527),(1500,1501,1529),(1500,1529,1528),(1501,1502,1530),(1501,1530,1529),(1502,1503,1531),(1502,1531,1530),(1503,1504,1532),(1503,1532,1531),(1504,1505,1533),(1504,1533,1532),(1505,1506,1534),(1505,1534,1533),(1506,1507,1535),(1506,1535,1534),(1507,1508,1536),(1507,1536,1535),(1508,1509,1537),(1508,1537,1536),(1509,1510,1538),(1509,1538,1537),(1510,1511,1539),(1510,1539,1538),(1511,1512,1540),(1511,1540,1539),(1512,1485,1513),(1512,1513,1540),(1513,1514,1542),(1513,1542,1541),(1514,1515,1543),(1514,1543,1542),(1515,1516,1544),(1515,1544,1543),(1516,1517,1545),(1516,1545,1544),(1517,1518,1546),(1517,1546,1545),(1518,1519,1547),(1518,1547,1546),(1519,1520,1548),(1519,1548,1547),(1520,1521,1549),(1520,1549,1548),(1521,1522,1550),(1521,1550,1549),(1522,1523,1551),(1522,1551,1550),(1523,1524,1552),(1523,1552,1551),(1524,1525,1553),(1524,1553,1552),(1525,1526,1554),(1525,1554,1553),(1526,1527,1555),(1526,1555,1554),(1527,1528,1556),(1527,1556,1555),(1528,1529,1557),(1528,1557,1556),(1529,1530,1558),(1529,1558,1557),(1530,1531,1559),(1530,1559,1558),(1531,1532,1560),(1531,1560,1559),(1532,1533,1561),(1532,1561,1560),(1533,1534,1562),(1533,1562,1561),(1534,1535,1563),(1534,1563,1562),(1535,1536,1564),(1535,1564,1563),(1536,1537,1565),(1536,1565,1564),(1537,1538,1566),(1537,1566,1565),(1538,1539,1567),(1538,1567,1566),(1539,1540,1568),(1539,1568,1567),(1540,1513,1541),(1540,1541,1568),(1541,1542,1570),(1541,1570,1569),(1542,1543,1571),(1542,1571,1570),(1543,1544,1572),(1543,1572,1571),(1544,1545,1573),(1544,1573,1572),(1545,1546,1574),(1545,1574,1573),(1546,1547,1575),(1546,1575,1574),(1547,1548,1576),(1547,1576,1575),(1548,1549,1577),(1548,1577,1576),(1549,1550,1578),(1549,1578,1577),(1550,1551,1579),(1550,1579,1578),(1551,1552,1580),(1551,1580,1579),(1552,1553,1581),(1552,1581,1580),(1553,1554,1582),(1553,1582,1581),(1554,1555,1583),(1554,1583,1582),(1555,1556,1584),(1555,1584,1583),(1556,1557,1585),(1556,1585,1584),(1557,1558,1586),(1557,1586,1585),(1558,1559,1587),(1558,1587,1586),(1559,1560,1588),(1559,1588,1587),(1560,1561,1589),(1560,1589,1588),(1561,1562,1590),(1561,1590,1589),(1562,1563,1591),(1562,1591,1590),(1563,1564,1592),(1563,1592,1591),(1564,1565,1593),(1564,1593,1592),(1565,1566,1594),(1565,1594,1593),(1566,1567,1595),(1566,1595,1594),(1567,1568,1596),(1567,1596,1595),(1568,1541,1569),(1568,1569,1596),(1569,1570,1598),(1569,1598,1597),(1570,1571,1599),(1570,1599,1598),(1571,1572,1600),(1571,1600,1599),(1572,1573,1601),(1572,1601,1600),(1573,1574,1602),(1573,1602,1601),(1574,1575,1603),(1574,1603,1602),(1575,1576,1604),(1575,1604,1603),(1576,1577,1605),(1576,1605,1604),(1577,1578,1606),(1577,1606,1605),(1578,1579,1607),(1578,1607,1606),(1579,1580,1608),(1579,1608,1607),(1580,1581,1609),(1580,1609,1608),(1581,1582,1610),(1581,1610,1609),(1582,1583,1611),(1582,1611,1610),(1583,1584,1612),(1583,1612,1611),(1584,1585,1613),(1584,1613,1612),(1585,1586,1614),(1585,1614,1613),(1586,1587,1615),(1586,1615,1614),(1587,1588,1616),(1587,1616,1615),(1588,1589,1617),(1588,1617,1616),(1589,1590,1618),(1589,1618,1617),(1590,1591,1619),(1590,1619,1618),(1591,1592,1620),(1591,1620,1619),(1592,1593,1621),(1592,1621,1620),(1593,1594,1622),(1593,1622,1621),(1594,1595,1623),(1594,1623,1622),(1595,1596,1624),(1595,1624,1623),(1596,1569,1597),(1596,1597,1624),(1597,1598,1626),(1597,1626,1625),(1598,1599,1627),(1598,1627,1626),(1599,1600,1628),(1599,1628,1627),(1600,1601,1629),(1600,1629,1628),(1601,1602,1630),(1601,1630,1629),(1602,1603,1631),(1602,1631,1630),(1603,1604,1632),(1603,1632,1631),(1604,1605,1633),(1604,1633,1632),(1605,1606,1634),(1605,1634,1633),(1606,1607,1635),(1606,1635,1634),(1607,1608,1636),(1607,1636,1635),(1608,1609,1637),(1608,1637,1636),(1609,1610,1638),(1609,1638,1637),(1610,1611,1639),(1610,1639,1638),(1611,1612,1640),(1611,1640,1639),(1612,1613,1641),(1612,1641,1640),(1613,1614,1642),(1613,1642,1641),(1614,1615,1643),(1614,1643,1642),(1615,1616,1644),(1615,1644,1643),(1616,1617,1645),(1616,1645,1644),(1617,1618,1646),(1617,1646,1645),(1618,1619,1647),(1618,1647,1646),(1619,1620,1648),(1619,1648,1647),(1620,1621,1649),(1620,1649,1648),(1621,1622,1650),(1621,1650,1649),(1622,1623,1651),(1622,1651,1650),(1623,1624,1652),(1623,1652,1651),(1624,1597,1625),(1624,1625,1652),(1625,1626,1654),(1625,1654,1653),(1626,1627,1655),(1626,1655,1654),(1627,1628,1656),(1627,1656,1655),(1628,1629,1657),(1628,1657,1656),(1629,1630,1658),(1629,1658,1657),(1630,1631,1659),(1630,1659,1658),(1631,1632,1660),(1631,1660,1659),(1632,1633,1661),(1632,1661,1660),(1633,1634,1662),(1633,1662,1661),(1634,1635,1663),(1634,1663,1662),(1635,1636,1664),(1635,1664,1663),(1636,1637,1665),(1636,1665,1664),(1637,1638,1666),(1637,1666,1665),(1638,1639,1667),(1638,1667,1666),(1639,1640,1668),(1639,1668,1667),(1640,1641,1669),(1640,1669,1668),(1641,1642,1670),(1641,1670,1669),(1642,1643,1671),(1642,1671,1670),(1643,1644,1672),(1643,1672,1671),(1644,1645,1673),(1644,1673,1672),(1645,1646,1674),(1645,1674,1673),(1646,1647,1675),(1646,1675,1674),(1647,1648,1676),(1647,1676,1675),(1648,1649,1677),(1648,1677,1676),(1649,1650,1678),(1649,1678,1677),(1650,1651,1679),(1650,1679,1678),(1651,1652,1680),(1651,1680,1679),(1652,1625,1653),(1652,1653,1680),(1653,1654,1682),(1653,1682,1681),(1654,1655,1683),(1654,1683,1682),(1655,1656,1684),(1655,1684,1683),(1656,1657,1685),(1656,1685,1684),(1657,1658,1686),(1657,1686,1685),(1658,1659,1687),(1658,1687,1686),(1659,1660,1688),(1659,1688,1687),(1660,1661,1689),(1660,1689,1688),(1661,1662,1690),(1661,1690,1689),(1662,1663,1691),(1662,1691,1690),(1663,1664,1692),(1663,1692,1691),(1664,1665,1693),(1664,1693,1692),(1665,1666,1694),(1665,1694,1693),(1666,1667,1695),(1666,1695,1694),(1667,1668,1696),(1667,1696,1695),(1668,1669,1697),(1668,1697,1696),(1669,1670,1698),(1669,1698,1697),(1670,1671,1699),(1670,1699,1698),(1671,1672,1700),(1671,1700,1699),(1672,1673,1701),(1672,1701,1700),(1673,1674,1702),(1673,1702,1701),(1674,1675,1703),(1674,1703,1702),(1675,1676,1704),(1675,1704,1703),(1676,1677,1705),(1676,1705,1704),(1677,1678,1706),(1677,1706,1705),(1678,1679,1707),(1678,1707,1706),(1679,1680,1708),(1679,1708,1707),(1680,1653,1681),(1680,1681,1708),(1681,1682,1710),(1681,1710,1709),(1682,1683,1711),(1682,1711,1710),(1683,1684,1712),(1683,1712,1711),(1684,1685,1713),(1684,1713,1712),(1685,1686,1714),(1685,1714,1713),(1686,1687,1715),(1686,1715,1714),(1687,1688,1716),(1687,1716,1715),(1688,1689,1717),(1688,1717,1716),(1689,1690,1718),(1689,1718,1717),(1690,1691,1719),(1690,1719,1718),(1691,1692,1720),(1691,1720,1719),(1692,1693,1721),(1692,1721,1720),(1693,1694,1722),(1693,1722,1721),(1694,1695,1723),(1694,1723,1722),(1695,1696,1724),(1695,1724,1723),(1696,1697,1725),(1696,1725,1724),(1697,1698,1726),(1697,1726,1725),(1698,1699,1727),(1698,1727,1726),(1699,1700,1728),(1699,1728,1727),(1700,1701,1729),(1700,1729,1728),(1701,1702,1730),(1701,1730,1729),(1702,1703,1731),(1702,1731,1730),(1703,1704,1732),(1703,1732,1731),(1704,1705,1733),(1704,1733,1732),(1705,1706,1734),(1705,1734,1733),(1706,1707,1735),(1706,1735,1734),(1707,1708,1736),(1707,1736,1735),(1708,1681,1709),(1708,1709,1736),(1709,1710,1738),(1709,1738,1737),(1710,1711,1739),(1710,1739,1738),(1711,1712,1740),(1711,1740,1739),(1712,1713,1741),(1712,1741,1740),(1713,1714,1742),(1713,1742,1741),(1714,1715,1743),(1714,1743,1742),(1715,1716,1744),(1715,1744,1743),(1716,1717,1745),(1716,1745,1744),(1717,1718,1746),(1717,1746,1745),(1718,1719,1747),(1718,1747,1746),(1719,1720,1748),(1719,1748,1747),(1720,1721,1749),(1720,1749,1748),(1721,1722,1750),(1721,1750,1749),(1722,1723,1751),(1722,1751,1750),(1723,1724,1752),(1723,1752,1751),(1724,1725,1753),(1724,1753,1752),(1725,1726,1754),(1725,1754,1753),(1726,1727,1755),(1726,1755,1754),(1727,1728,1756),(1727,1756,1755),(1728,1729,1757),(1728,1757,1756),(1729,1730,1758),(1729,1758,1757),(1730,1731,1759),(1730,1759,1758),(1731,1732,1760),(1731,1760,1759),(1732,1733,1761),(1732,1761,1760),(1733,1734,1762),(1733,1762,1761),(1734,1735,1763),(1734,1763,1762),(1735,1736,1764),(1735,1764,1763),(1736,1709,1737),(1736,1737,1764),(1737,1738,1766),(1737,1766,1765),(1738,1739,1767),(1738,1767,1766),(1739,1740,1768),(1739,1768,1767),(1740,1741,1769),(1740,1769,1768),(1741,1742,1770),(1741,1770,1769),(1742,1743,1771),(1742,1771,1770),(1743,1744,1772),(1743,1772,1771),(1744,1745,1773),(1744,1773,1772),(1745,1746,1774),(1745,1774,1773),(1746,1747,1775),(1746,1775,1774),(1747,1748,1776),(1747,1776,1775),(1748,1749,1777),(1748,1777,1776),(1749,1750,1778),(1749,1778,1777),(1750,1751,1779),(1750,1779,1778),(1751,1752,1780),(1751,1780,1779),(1752,1753,1781),(1752,1781,1780),(1753,1754,1782),(1753,1782,1781),(1754,1755,1783),(1754,1783,1782),(1755,1756,1784),(1755,1784,1783),(1756,1757,1785),(1756,1785,1784),(1757,1758,1786),(1757,1786,1785),(1758,1759,1787),(1758,1787,1786),(1759,1760,1788),(1759,1788,1787),(1760,1761,1789),(1760,1789,1788),(1761,1762,1790),(1761,1790,1789),(1762,1763,1791),(1762,1791,1790),(1763,1764,1792),(1763,1792,1791),(1764,1737,1765),(1764,1765,1792),(1765,1766,1794),(1765,1794,1793),(1766,1767,1795),(1766,1795,1794),(1767,1768,1796),(1767,1796,1795),(1768,1769,1797),(1768,1797,1796),(1769,1770,1798),(1769,1798,1797),(1770,1771,1799),(1770,1799,1798),(1771,1772,1800),(1771,1800,1799),(1772,1773,1801),(1772,1801,1800),(1773,1774,1802),(1773,1802,1801),(1774,1775,1803),(1774,1803,1802),(1775,1776,1804),(1775,1804,1803),(1776,1777,1805),(1776,1805,1804),(1777,1778,1806),(1777,1806,1805),(1778,1779,1807),(1778,1807,1806),(1779,1780,1808),(1779,1808,1807),(1780,1781,1809),(1780,1809,1808),(1781,1782,1810),(1781,1810,1809),(1782,1783,1811),(1782,1811,1810),(1783,1784,1812),(1783,1812,1811),(1784,1785,1813),(1784,1813,1812),(1785,1786,1814),(1785,1814,1813),(1786,1787,1815),(1786,1815,1814),(1787,1788,1816),(1787,1816,1815),(1788,1789,1817),(1788,1817,1816),(1789,1790,1818),(1789,1818,1817),(1790,1791,1819),(1790,1819,1818),(1791,1792,1820),(1791,1820,1819),(1792,1765,1793),(1792,1793,1820),(1793,1794,1822),(1793,1822,1821),(1794,1795,1823),(1794,1823,1822),(1795,1796,1824),(1795,1824,1823),(1796,1797,1825),(1796,1825,1824),(1797,1798,1826),(1797,1826,1825),(1798,1799,1827),(1798,1827,1826),(1799,1800,1828),(1799,1828,1827),(1800,1801,1829),(1800,1829,1828),(1801,1802,1830),(1801,1830,1829),(1802,1803,1831),(1802,1831,1830),(1803,1804,1832),(1803,1832,1831),(1804,1805,1833),(1804,1833,1832),(1805,1806,1834),(1805,1834,1833),(1806,1807,1835),(1806,1835,1834),(1807,1808,1836),(1807,1836,1835),(1808,1809,1837),(1808,1837,1836),(1809,1810,1838),(1809,1838,1837),(1810,1811,1839),(1810,1839,1838),(1811,1812,1840),(1811,1840,1839),(1812,1813,1841),(1812,1841,1840),(1813,1814,1842),(1813,1842,1841),(1814,1815,1843),(1814,1843,1842),(1815,1816,1844),(1815,1844,1843),(1816,1817,1845),(1816,1845,1844),(1817,1818,1846),(1817,1846,1845),(1818,1819,1847),(1818,1847,1846),(1819,1820,1848),(1819,1848,1847),(1820,1793,1821),(1820,1821,1848),(1821,1822,1850),(1821,1850,1849),(1822,1823,1851),(1822,1851,1850),(1823,1824,1852),(1823,1852,1851),(1824,1825,1853),(1824,1853,1852),(1825,1826,1854),(1825,1854,1853),(1826,1827,1855),(1826,1855,1854),(1827,1828,1856),(1827,1856,1855),(1828,1829,1857),(1828,1857,1856),(1829,1830,1858),(1829,1858,1857),(1830,1831,1859),(1830,1859,1858),(1831,1832,1860),(1831,1860,1859),(1832,1833,1861),(1832,1861,1860),(1833,1834,1862),(1833,1862,1861),(1834,1835,1863),(1834,1863,1862),(1835,1836,1864),(1835,1864,1863),(1836,1837,1865),(1836,1865,1864),(1837,1838,1866),(1837,1866,1865),(1838,1839,1867),(1838,1867,1866),(1839,1840,1868),(1839,1868,1867),(1840,1841,1869),(1840,1869,1868),(1841,1842,1870),(1841,1870,1869),(1842,1843,1871),(1842,1871,1870),(1843,1844,1872),(1843,1872,1871),(1844,1845,1873),(1844,1873,1872),(1845,1846,1874),(1845,1874,1873),(1846,1847,1875),(1846,1875,1874),(1847,1848,1876),(1847,1876,1875),(1848,1821,1849),(1848,1849,1876),(1849,1850,1878),(1849,1878,1877),(1850,1851,1879),(1850,1879,1878),(1851,1852,1880),(1851,1880,1879),(1852,1853,1881),(1852,1881,1880),(1853,1854,1882),(1853,1882,1881),(1854,1855,1883),(1854,1883,1882),(1855,1856,1884),(1855,1884,1883),(1856,1857,1885),(1856,1885,1884),(1857,1858,1886),(1857,1886,1885),(1858,1859,1887),(1858,1887,1886),(1859,1860,1888),(1859,1888,1887),(1860,1861,1889),(1860,1889,1888),(1861,1862,1890),(1861,1890,1889),(1862,1863,1891),(1862,1891,1890),(1863,1864,1892),(1863,1892,1891),(1864,1865,1893),(1864,1893,1892),(1865,1866,1894),(1865,1894,1893),(1866,1867,1895),(1866,1895,1894),(1867,1868,1896),(1867,1896,1895),(1868,1869,1897),(1868,1897,1896),(1869,1870,1898),(1869,1898,1897),(1870,1871,1899),(1870,1899,1898),(1871,1872,1900),(1871,1900,1899),(1872,1873,1901),(1872,1901,1900),(1873,1874,1902),(1873,1902,1901),(1874,1875,1903),(1874,1903,1902),(1875,1876,1904),(1875,1904,1903),(1876,1849,1877),(1876,1877,1904),(1877,1878,1906),(1877,1906,1905),(1878,1879,1907),(1878,1907,1906),(1879,1880,1908),(1879,1908,1907),(1880,1881,1909),(1880,1909,1908),(1881,1882,1910),(1881,1910,1909),(1882,1883,1911),(1882,1911,1910),(1883,1884,1912),(1883,1912,1911),(1884,1885,1913),(1884,1913,1912),(1885,1886,1914),(1885,1914,1913),(1886,1887,1915),(1886,1915,1914),(1887,1888,1916),(1887,1916,1915),(1888,1889,1917),(1888,1917,1916),(1889,1890,1918),(1889,1918,1917),(1890,1891,1919),(1890,1919,1918),(1891,1892,1920),(1891,1920,1919),(1892,1893,1921),(1892,1921,1920),(1893,1894,1922),(1893,1922,1921),(1894,1895,1923),(1894,1923,1922),(1895,1896,1924),(1895,1924,1923),(1896,1897,1925),(1896,1925,1924),(1897,1898,1926),(1897,1926,1925),(1898,1899,1927),(1898,1927,1926),(1899,1900,1928),(1899,1928,1927),(1900,1901,1929),(1900,1929,1928),(1901,1902,1930),(1901,1930,1929),(1902,1903,1931),(1902,1931,1930),(1903,1904,1932),(1903,1932,1931),(1904,1877,1905),(1904,1905,1932),(1905,1906,1934),(1905,1934,1933),(1906,1907,1935),(1906,1935,1934),(1907,1908,1936),(1907,1936,1935),(1908,1909,1937),(1908,1937,1936),(1909,1910,1938),(1909,1938,1937),(1910,1911,1939),(1910,1939,1938),(1911,1912,1940),(1911,1940,1939),(1912,1913,1941),(1912,1941,1940),(1913,1914,1942),(1913,1942,1941),(1914,1915,1943),(1914,1943,1942),(1915,1916,1944),(1915,1944,1943),(1916,1917,1945),(1916,1945,1944),(1917,1918,1946),(1917,1946,1945),(1918,1919,1947),(1918,1947,1946),(1919,1920,1948),(1919,1948,1947),(1920,1921,1949),(1920,1949,1948),(1921,1922,1950),(1921,1950,1949),(1922,1923,1951),(1922,1951,1950),(1923,1924,1952),(1923,1952,1951),(1924,1925,1953),(1924,1953,1952),(1925,1926,1954),(1925,1954,1953),(1926,1927,1955),(1926,1955,1954),(1927,1928,1956),(1927,1956,1955),(1928,1929,1957),(1928,1957,1956),(1929,1930,1958),(1929,1958,1957),(1930,1931,1959),(1930,1959,1958),(1931,1932,1960),(1931,1960,1959),(1932,1905,1933),(1932,1933,1960),(1933,1934,1962),(1933,1962,1961),(1934,1935,1963),(1934,1963,1962),(1935,1936,1964),(1935,1964,1963),(1936,1937,1965),(1936,1965,1964),(1937,1938,1966),(1937,1966,1965),(1938,1939,1967),(1938,1967,1966),(1939,1940,1968),(1939,1968,1967),(1940,1941,1969),(1940,1969,1968),(1941,1942,1970),(1941,1970,1969),(1942,1943,1971),(1942,1971,1970),(1943,1944,1972),(1943,1972,1971),(1944,1945,1973),(1944,1973,1972),(1945,1946,1974),(1945,1974,1973),(1946,1947,1975),(1946,1975,1974),(1947,1948,1976),(1947,1976,1975),(1948,1949,1977),(1948,1977,1976),(1949,1950,1978),(1949,1978,1977),(1950,1951,1979),(1950,1979,1978),(1951,1952,1980),(1951,1980,1979),(1952,1953,1981),(1952,1981,1980),(1953,1954,1982),(1953,1982,1981),(1954,1955,1983),(1954,1983,1982),(1955,1956,1984),(1955,1984,1983),(1956,1957,1985),(1956,1985,1984),(1957,1958,1986),(1957,1986,1985),(1958,1959,1987),(1958,1987,1986),(1959,1960,1988),(1959,1988,1987),(1960,1933,1961),(1960,1961,1988),(1961,1962,1990),(1961,1990,1989),(1962,1963,1991),(1962,1991,1990),(1963,1964,1992),(1963,1992,1991),(1964,1965,1993),(1964,1993,1992),(1965,1966,1994),(1965,1994,1993),(1966,1967,1995),(1966,1995,1994),(1967,1968,1996),(1967,1996,1995),(1968,1969,1997),(1968,1997,1996),(1969,1970,1998),(1969,1998,1997),(1970,1971,1999),(1970,1999,1998),(1971,1972,2000),(1971,2000,1999),(1972,1973,2001),(1972,2001,2000),(1973,1974,2002),(1973,2002,2001),(1974,1975,2003),(1974,2003,2002),(1975,1976,2004),(1975,2004,2003),(1976,1977,2005),(1976,2005,2004),(1977,1978,2006),(1977,2006,2005),(1978,1979,2007),(1978,2007,2006),(1979,1980,2008),(1979,2008,2007),(1980,1981,2009),(1980,2009,2008),(1981,1982,2010),(1981,2010,2009),(1982,1983,2011),(1982,2011,2010),(1983,1984,2012),(1983,2012,2011),(1984,1985,2013),(1984,2013,2012),(1985,1986,2014),(1985,2014,2013),(1986,1987,2015),(1986,2015,2014),(1987,1988,2016),(1987,2016,2015),(1988,1961,1989),(1988,1989,2016),(1989,1990,2018),(1989,2018,2017),(1990,1991,2019),(1990,2019,2018),(1991,1992,2020),(1991,2020,2019),(1992,1993,2021),(1992,2021,2020),(1993,1994,2022),(1993,2022,2021),(1994,1995,2023),(1994,2023,2022),(1995,1996,2024),(1995,2024,2023),(1996,1997,2025),(1996,2025,2024),(1997,1998,2026),(1997,2026,2025),(1998,1999,2027),(1998,2027,2026),(1999,2000,2028),(1999,2028,2027),(2000,2001,2029),(2000,2029,2028),(2001,2002,2030),(2001,2030,2029),(2002,2003,2031),(2002,2031,2030),(2003,2004,2032),(2003,2032,2031),(2004,2005,2033),(2004,2033,2032),(2005,2006,2034),(2005,2034,2033),(2006,2007,2035),(2006,2035,2034),(2007,2008,2036),(2007,2036,2035),(2008,2009,2037),(2008,2037,2036),(2009,2010,2038),(2009,2038,2037),(2010,2011,2039),(2010,2039,2038),(2011,2012,2040),(2011,2040,2039),(2012,2013,2041),(2012,2041,2040),(2013,2014,2042),(2013,2042,2041),(2014,2015,2043),(2014,2043,2042),(2015,2016,2044),(2015,2044,2043),(2016,1989,2017),(2016,2017,2044),(2017,2018,2046),(2017,2046,2045),(2018,2019,2047),(2018,2047,2046),(2019,2020,2048),(2019,2048,2047),(2020,2021,2049),(2020,2049,2048),(2021,2022,2050),(2021,2050,2049),(2022,2023,2051),(2022,2051,2050),(2023,2024,2052),(2023,2052,2051),(2024,2025,2053),(2024,2053,2052),(2025,2026,2054),(2025,2054,2053),(2026,2027,2055),(2026,2055,2054),(2027,2028,2056),(2027,2056,2055),(2028,2029,2057),(2028,2057,2056),(2029,2030,2058),(2029,2058,2057),(2030,2031,2059),(2030,2059,2058),(2031,2032,2060),(2031,2060,2059),(2032,2033,2061),(2032,2061,2060),(2033,2034,2062),(2033,2062,2061),(2034,2035,2063),(2034,2063,2062),(2035,2036,2064),(2035,2064,2063),(2036,2037,2065),(2036,2065,2064),(2037,2038,2066),(2037,2066,2065),(2038,2039,2067),(2038,2067,2066),(2039,2040,2068),(2039,2068,2067),(2040,2041,2069),(2040,2069,2068),(2041,2042,2070),(2041,2070,2069),(2042,2043,2071),(2042,2071,2070),(2043,2044,2072),(2043,2072,2071),(2044,2017,2045),(2044,2045,2072),(2045,2046,2074),(2045,2074,2073),(2046,2047,2075),(2046,2075,2074),(2047,2048,2076),(2047,2076,2075),(2048,2049,2077),(2048,2077,2076),(2049,2050,2078),(2049,2078,2077),(2050,2051,2079),(2050,2079,2078),(2051,2052,2080),(2051,2080,2079),(2052,2053,2081),(2052,2081,2080),(2053,2054,2082),(2053,2082,2081),(2054,2055,2083),(2054,2083,2082),(2055,2056,2084),(2055,2084,2083),(2056,2057,2085),(2056,2085,2084),(2057,2058,2086),(2057,2086,2085),(2058,2059,2087),(2058,2087,2086),(2059,2060,2088),(2059,2088,2087),(2060,2061,2089),(2060,2089,2088),(2061,2062,2090),(2061,2090,2089),(2062,2063,2091),(2062,2091,2090),(2063,2064,2092),(2063,2092,2091),(2064,2065,2093),(2064,2093,2092),(2065,2066,2094),(2065,2094,2093),(2066,2067,2095),(2066,2095,2094),(2067,2068,2096),(2067,2096,2095),(2068,2069,2097),(2068,2097,2096),(2069,2070,2098),(2069,2098,2097),(2070,2071,2099),(2070,2099,2098),(2071,2072,2100),(2071,2100,2099),(2072,2045,2073),(2072,2073,2100),(2073,2074,2102),(2073,2102,2101),(2074,2075,2103),(2074,2103,2102),(2075,2076,2104),(2075,2104,2103),(2076,2077,2105),(2076,2105,2104),(2077,2078,2106),(2077,2106,2105),(2078,2079,2107),(2078,2107,2106),(2079,2080,2108),(2079,2108,2107),(2080,2081,2109),(2080,2109,2108),(2081,2082,2110),(2081,2110,2109),(2082,2083,2111),(2082,2111,2110),(2083,2084,2112),(2083,2112,2111),(2084,2085,2113),(2084,2113,2112),(2085,2086,2114),(2085,2114,2113),(2086,2087,2115),(2086,2115,2114),(2087,2088,2116),(2087,2116,2115),(2088,2089,2117),(2088,2117,2116),(2089,2090,2118),(2089,2118,2117),(2090,2091,2119),(2090,2119,2118),(2091,2092,2120),(2091,2120,2119),(2092,2093,2121),(2092,2121,2120),(2093,2094,2122),(2093,2122,2121),(2094,2095,2123),(2094,2123,2122),(2095,2096,2124),(2095,2124,2123),(2096,2097,2125),(2096,2125,2124),(2097,2098,2126),(2097,2126,2125),(2098,2099,2127),(2098,2127,2126),(2099,2100,2128),(2099,2128,2127),(2100,2073,2101),(2100,2101,2128),(2101,2102,2),(2101,2,1),(2102,2103,3),(2102,3,2),(2103,2104,4),(2103,4,3),(2104,2105,5),(2104,5,4),(2105,2106,6),(2105,6,5),(2106,2107,7),(2106,7,6),(2107,2108,8),(2107,8,7),(2108,2109,9),(2108,9,8),(2109,2110,10),(2109,10,9),(2110,2111,11),(2110,11,10),(2111,2112,12),(2111,12,11),(2112,2113,13),(2112,13,12),(2113,2114,14),(2113,14,13),(2114,2115,15),(2114,15,14),(2115,2116,16),(2115,16,15),(2116,2117,17),(2116,17,16),(2117,2118,18),(2117,18,17),(2118,2119,19),(2118,19,18),(2119,2120,20),(2119,20,19),(2120,2121,21),(2120,21,20),(2121,2122,22),(2121,22,21),(2122,2123,23),(2122,23,22),(2123,2124,24),(2123,24,23),(2124,2125,25),(2124,25,24),(2125,2126,26),(2125,26,25),(2126,2127,27),(2126,27,26),(2127,2128,28),(2127,28,27),(2128,2101,1),(2128,1,28)),$);
#7318=IFCCARTESIANPOINT((55.,238.09520000000001,0.));
#7319=IFCCARTESIANPOINT((55.6967,222.13740000000001,0.));
#7320=IFCPOLYLINE((#7318,#7319));
#7321=IFCCOMPOSITECURVESEGMENT(.CONTINUOUS.,.T.,#7320);
#7322=IFCCARTESIANPOINT((55.6967,222.13740000000001,0.));
#7323=IFCCARTESIANPOINT((57.781599999999997,206.30109999999999,0.));
#7324=IFCPOLYLINE((#7322,#7323));
#7325=IFCCOMPOSITECURVESEGMENT(.CONTINUOUS.,.T.,#7324);
#7326=IFCCARTESIANPOINT((57.781599999999997,206.30109999999999,0.));
#7327=IFCCARTESIANPOINT((61.238799999999998,190.70670000000001,0.));
#7328=IFCPOLYLINE((#7326,#7327));
#7329=IFCCOMPOSITECURVESEGMENT(.CONTINUOUS.,.T.,#7328);
#7330=IFCCARTESIANPOINT((61.238799999999998,190.70670000000001,0.));
#7331=IFCCARTESIANPOINT((66.042000000000002,175.47300000000001,0.));
#7332=IFCPOLYLINE((#7330,#7331));
#7333=IFCCOMPOSITECURVESEGMENT(.CONTINUOUS.,.T.,#7332);
#7334=IFCCARTESIANPOINT((66.042000000000002,175.47300000000001,0.));
#7335=IFCCARTESIANPOINT((72.154600000000002,160.7158,0.));
#7336=IFCPOLYLINE((#7334,#7335));
#7337=IFCCOMPOSITECURVESEGMENT(.CONTINUOUS.,.T.,#7336);
#7338=IFCCARTESIANPOINT((72.154600000000002,160.7158,0.));
#7339=IFCCARTESIANPOINT((79.530100000000004,146.54759999999999,0.));
#7340=IFCPOLYLINE((#7338,#7339));
#7341=IFCCOMPOSITECURVESEGMENT(.CONTINUOUS.,.T.,#7340);
#7342=IFCCARTESIANPOINT((79.530100000000004,146.54759999999999,0.));
#7343=IFCCARTESIANPOINT((88.112399999999994,133.0761,0.));
#7344=IFCPOLYLINE((#7342,#7343));
#7345=IFCCOMPOSITECURVESEGMENT(.CONTINUOUS.,.T.,#7344);
#7346=IFCCARTESIANPOINT((88.112399999999994,133.0761,0.));
#7347=IFCCARTESIANPOINT((97.836100000000002,120.40389999999999,0.));
#7348=IFCPOLYLINE((#7346,#7347));
#7349=IFCCOMPOSITECURVESEGMENT(.CONTINUOUS.,.T.,#7348);
#7350=IFCCARTESIANPOINT((97.836100000000002,120.40389999999999,0.));
#7351=IFCCARTESIANPOINT((108.62739999999999,108.62739999999999,0.));
#7352=IFCPOLYLINE((#7350,#7351));
#7353=IFCCOMPOSITECURVESEGMENT(.CONTINUOUS.,.T.,#7352);
#7354=IFCCARTESIANPOINT((108.62739999999999,108.62739999999999,0.));
#7355=IFCCARTESIANPOINT((120.40389999999999,97.836100000000002,0.));
#7356=IFCPOLYLINE((#7354,#7355));
#7357=IFCCOMPOSITECURVESEGMENT(.CONTINUOUS.,.T.,#7356);
#7358=IFCCARTESIANPOINT((120.40389999999999,97.836100000000002,0.));
#7359=IFCCARTESIANPOINT((133.0761,88.112399999999994,0.));
#7360=IFCPOLYLINE((#7358,#7359));
#7361=IFCCOMPOSITECURVESEGMENT(.CONTINUOUS.,.T.,#7360);
#7362=IFCCARTESIANPOINT((133.0761,88.112399999999994,0.));
#7363=IFCCARTESIANPOINT((146.54759999999999,79.530100000000004,0.));
#7364=IFCPOLYLINE((#7362,#7363));
#7365=IFCCOMPOSITECURVESEGMENT(.CONTINUOUS.,.T.,#7364);
#7366=IFCCARTESIANPOINT((146.54759999999999,79.530100000000004,0.));
#7367=IFCCARTESIANPOINT((160.7158,72.154600000000002,0.));
#7368=IFCPOLYLINE((#7366,#7367));
#7369=IFCCOMPOSITECURVESEGMENT(.CONTINUOUS.,.T.,#7368);
#7370=IFCCARTESIANPOINT((160.7158,72.154600000000002,0.));
#7371=IFCCARTESIANPOINT((175.47300000000001,66.042000000000002,0.));
#7372=IFCPOLYLINE((#7370,#7371));
#7373=IFCCOMPOSITECURVESEGMENT(.CONTINUOUS.,.T.,#7372);
#7374=IFCCARTESIANPOINT((175.47300000000001,66.042000000000002,0.));
#7375=IFCCARTESIANPOINT((190.70670000000001,61.238799999999998,0.));
#7376=IFCPOLYLINE((#7374,#7375));
#7377=IFCCOMPOSITECURVESEGMENT(.CONTINUOUS.,.T.,#7376);
#7378=IFCCARTESIANPOINT((190.70670000000001,61.238799999999998,0.));
#7379=IFCCARTESIANPOINT((206.30109999999999,57.781599999999997,0.));
#7380=IFCPOLYLINE((#7378,#7379));
#7381=IFCCOMPOSITECURVESEGMENT(.CONTINUOUS.,.T.,#7380);
#7382=IFCCARTESIANPOINT((206.30109999999999,57.781599999999997,0.));
#7383=IFCCARTESIANPOINT((222.13740000000001,55.6967,0.));
#7384=IFCPOLYLINE((#7382,#7383));
#7385=IFCCOMPOSITECURVESEGMENT(.CONTINUOUS.,.T.,#7384);
#7386=IFCCARTESIANPOINT((222.13740000000001,55.6967,0.));
#7387=IFCCARTESIANPOINT((238.09520000000001,55.,0.));
#7388=IFCPOLYLINE((#7386,#7387));
#7389=IFCCOMPOSITECURVESEGMENT(.CONTINUOUS.,.T.,#7388);
#7390=IFCCARTESIANPOINT((238.09520000000001,55.,0.));
#7391=IFCCARTESIANPOINT((1761.9048,55.,0.));
#7392=IFCPOLYLINE((#7390,#7391));
#7393=IFCCOMPOSITECURVESEGMENT(.CONTINUOUS.,.T.,#7392);
#7394=IFCCARTESIANPOINT((1761.9048,55.,0.));
#7395=IFCCARTESIANPOINT((1777.8625999999999,55.6967,0.));
#7396=IFCPOLYLINE((#7394,#7395));
#7397=IFCCOMPOSITECURVESEGMENT(.CONTINUOUS.,.T.,#7396);
#7398=IFCCARTESIANPOINT((1777.8625999999999,55.6967,0.));
#7399=IFCCARTESIANPOINT((1793.6989000000001,57.781599999999997,0.));
#7400=IFCPOLYLINE((#7398,#7399));
#7401=IFCCOMPOSITECURVESEGMENT(.CONTINUOUS.,.T.,#7400);
#7402=IFCCARTESIANPOINT((1793.6989000000001,57.781599999999997,0.));
#7403=IFCCARTESIANPOINT((1809.2933,61.238799999999998,0.));
#7404=IFCPOLYLINE((#7402,#7403));
#7405=IFCCOMPOSITECURVESEGMENT(.CONTINUOUS.,.T.,#7404);
#7406=IFCCARTESIANPOINT((1809.2933,61.238799999999998,0.));
#7407=IFCCARTESIANPOINT((1824.527,66.042000000000002,0.));
#7408=IFCPOLYLINE((#7406,#7407));
#7409=IFCCOMPOSITECURVESEGMENT(.CONTINUOUS.,.T.,#7408);
#7410=IFCCARTESIANPOINT((1824.527,66.042000000000002,0.));
#7411=IFCCARTESIANPOINT((1839.2842000000001,72.154600000000002,0.));
#7412=IFCPOLYLINE((#7410,#7411));
#7413=IFCCOMPOSITECURVESEGMENT(.CONTINUOUS.,.T.,#7412);
#7414=IFCCARTESIANPOINT((1839.2842000000001,72.154600000000002,0.));
#7415=IFCCARTESIANPOINT((1853.4523999999999,79.530100000000004,0.));
#7416=IFCPOLYLINE((#7414,#7415));
#7417=IFCCOMPOSITECURVESEGMENT(.CONTINUOUS.,.T.,#7416);
#7418=IFCCARTESIANPOINT((1853.4523999999999,79.530100000000004,0.));
#7419=IFCCARTESIANPOINT((1866.9239,88.112399999999994,0.));
#7420=IFCPOLYLINE((#7418,#7419));
#7421=IFCCOMPOSITECURVESEGMENT(.CONTINUOUS.,.T.,#7420);
#7422=IFCCARTESIANPOINT((1866.9239,88.112399999999994,0.));
#7423=IFCCARTESIANPOINT((1879.5961,97.836100000000002,0.));
#7424=IFCPOLYLINE((#7422,#7423));
#7425=IFCCOMPOSITECURVESEGMENT(.CONTINUOUS.,.T.,#7424);
#7426=IFCCARTESIANPOINT((1879.5961,97.836100000000002,0.));
#7427=IFCCARTESIANPOINT((1891.3725999999999,108.62739999999999,0.));
#7428=IFCPOLYLINE((#7426,#7427));
#7429=IFCCOMPOSITECURVESEGMENT(.CONTINUOUS.,.T.,#7428);
#7430=IFCCARTESIANPOINT((1891.3725999999999,108.62739999999999,0.));
#7431=IFCCARTESIANPOINT((1902.1639,120.40389999999999,0.));
#7432=IFCPOLYLINE((#7430,#7431));
#7433=IFCCOMPOSITECURVESEGMENT(.CONTINUOUS.,.T.,#7432);
#7434=IFCCARTESIANPOINT((1902.1639,120.40389999999999,0.));
#7435=IFCCARTESIANPOINT((1911.8876,133.0761,0.));
#7436=IFCPOLYLINE((#7434,#7435));
#7437=IFCCOMPOSITECURVESEGMENT(.CONTINUOUS.,.T.,#7436);
#7438=IFCCARTESIANPOINT((1911.8876,133.0761,0.));
#7439=IFCCARTESIANPOINT((1920.4699000000001,146.54759999999999,0.));
#7440=IFCPOLYLINE((#7438,#7439));
#7441=IFCCOMPOSITECURVESEGMENT(.CONTINUOUS.,.T.,#7440);
#7442=IFCCARTESIANPOINT((1920.4699000000001,146.54759999999999,0.));
#7443=IFCCARTESIANPOINT((1927.8453999999999,160.7158,0.));
#7444=IFCPOLYLINE((#7442,#7443));
#7445=IFCCOMPOSITECURVESEGMENT(.CONTINUOUS.,.T.,#7444);
#7446=IFCCARTESIANPOINT((1927.8453999999999,160.7158,0.));
#7447=IFCCARTESIANPOINT((1933.9580000000001,175.47300000000001,0.));
#7448=IFCPOLYLINE((#7446,#7447));
#7449=IFCCOMPOSITECURVESEGMENT(.CONTINUOUS.,.T.,#7448);
#7450=IFCCARTESIANPOINT((1933.9580000000001,175.47300000000001,0.));
#7451=IFCCARTESIANPOINT((1938.7611999999999,190.70670000000001,0.));
#7452=IFCPOLYLINE((#7450,#7451));
#7453=IFCCOMPOSITECURVESEGMENT(.CONTINUOUS.,.T.,#7452);
#7454=IFCCARTESIANPOINT((1938.7611999999999,190.70670000000001,0.));
#7455=IFCCARTESIANPOINT((1942.2184,206.30109999999999,0.));
#7456=IFCPOLYLINE((#7454,#7455));
#7457=IFCCOMPOSITECURVESEGMENT(.CONTINUOUS.,.T.,#7456);
#7458=IFCCARTESIANPOINT((1942.2184,206.30109999999999,0.));
#7459=IFCCARTESIANPOINT((1944.3033,222.13740000000001,0.));
#7460=IFCPOLYLINE((#7458,#7459));
#7461=IFCCOMPOSITECURVESEGMENT(.CONTINUOUS.,.T.,#7460);
#7462=IFCCARTESIANPOINT((1944.3033,222.13740000000001,0.));
#7463=IFCCARTESIANPOINT((1945.,238.09520000000001,0.));
#7464=IFCPOLYLINE((#7462,#7463));
#7465=IFCCOMPOSITECURVESEGMENT(.CONTINUOUS.,.T.,#7464);
#7466=IFCCARTESIANPOINT((1945.,238.09520000000001,0.));
#7467=IFCCARTESIANPOINT((1945.,261.90480000000002,0.));
#7468=IFCPOLYLINE((#7466,#7467));
#7469=IFCCOMPOSITECURVESEGMENT(.CONTINUOUS.,.T.,#7468);
#7470=IFCCARTESIANPOINT((1945.,261.90480000000002,0.));
#7471=IFCCARTESIANPOINT((1944.3033,277.86259999999999,0.));
#7472=IFCPOLYLINE((#7470,#7471));
#7473=IFCCOMPOSITECURVESEGMENT(.CONTINUOUS.,.T.,#7472);
#7474=IFCCARTESIANPOINT((1944.3033,277.86259999999999,0.));
#7475=IFCCARTESIANPOINT((1942.2184,293.69889999999998,0.));
#7476=IFCPOLYLINE((#7474,#7475));
#7477=IFCCOMPOSITECURVESEGMENT(.CONTINUOUS.,.T.,#7476);
#7478=IFCCARTESIANPOINT((1942.2184,293.69889999999998,0.));
#7479=IFCCARTESIANPOINT((1938.7611999999999,309.29329999999999,0.));
#7480=IFCPOLYLINE((#7478,#7479));
#7481=IFCCOMPOSITECURVESEGMENT(.CONTINUOUS.,.T.,#7480);
#7482=IFCCARTESIANPOINT((1938.7611999999999,309.29329999999999,0.));
#7483=IFCCARTESIANPOINT((1933.9580000000001,324.52699999999999,0.));
#7484=IFCPOLYLINE((#7482,#7483));
#7485=IFCCOMPOSITECURVESEGMENT(.CONTINUOUS.,.T.,#7484);
#7486=IFCCARTESIANPOINT((1933.9580000000001,324.52699999999999,0.));
#7487=IFCCARTESIANPOINT((1927.8453999999999,339.2842,0.));
#7488=IFCPOLYLINE((#7486,#7487));
#7489=IFCCOMPOSITECURVESEGMENT(.CONTINUOUS.,.T.,#7488);
#7490=IFCCARTESIANPOINT((1927.8453999999999,339.2842,0.));
#7491=IFCCARTESIANPOINT((1920.4699000000001,353.45240000000001,0.));
#7492=IFCPOLYLINE((#7490,#7491));
#7493=IFCCOMPOSITECURVESEGMENT(.CONTINUOUS.,.T.,#7492);
#7494=IFCCARTESIANPOINT((1920.4699000000001,353.45240000000001,0.));
#7495=IFCCARTESIANPOINT((1911.8876,366.9239,0.));
#7496=IFCPOLYLINE((#7494,#7495));
#7497=IFCCOMPOSITECURVESEGMENT(.CONTINUOUS.,.T.,#7496);
#7498=IFCCARTESIANPOINT((1911.8876,366.9239,0.));
#7499=IFCCARTESIANPOINT((1902.1639,379.59609999999998,0.));
#7500=IFCPOLYLINE((#7498,#7499));
#7501=IFCCOMPOSITECURVESEGMENT(.CONTINUOUS.,.T.,#7500);
#7502=IFCCARTESIANPOINT((1902.1639,379.59609999999998,0.));
#7503=IFCCARTESIANPOINT((1891.3725999999999,391.37259999999998,0.));
#7504=IFCPOLYLINE((#7502,#7503));
#7505=IFCCOMPOSITECURVESEGMENT(.CONTINUOUS.,.T.,#7504);
#7506=IFCCARTESIANPOINT((1891.3725999999999,391.37259999999998,0.));
#7507=IFCCARTESIANPOINT((1879.5961,402.16390000000001,0.));
#7508=IFCPOLYLINE((#7506,#7507));
#7509=IFCCOMPOSITECURVESEGMENT(.CONTINUOUS.,.T.,#7508);
#7510=IFCCARTESIANPOINT((1879.5961,402.16390000000001,0.));
#7511=IFCCARTESIANPOINT((1866.9239,411.88760000000002,0.));
#7512=IFCPOLYLINE((#7510,#7511));
#7513=IFCCOMPOSITECURVESEGMENT(.CONTINUOUS.,.T.,#7512);
#7514=IFCCARTESIANPOINT((1866.9239,411.88760000000002,0.));
#7515=IFCCARTESIANPOINT((1853.4523999999999,420.4699,0.));
#7516=IFCPOLYLINE((#7514,#7515));
#7517=IFCCOMPOSITECURVESEGMENT(.CONTINUOUS.,.T.,#7516);
#7518=IFCCARTESIANPOINT((1853.4523999999999,420.4699,0.));
#7519=IFCCARTESIANPOINT((1839.2842000000001,427.84539999999998,0.));
#7520=IFCPOLYLINE((#7518,#7519));
#7521=IFCCOMPOSITECURVESEGMENT(.CONTINUOUS.,.T.,#7520);
#7522=IFCCARTESIANPOINT((1839.2842000000001,427.84539999999998,0.));
#7523=IFCCARTESIANPOINT((1824.527,433.95800000000003,0.));
#7524=IFCPOLYLINE((#7522,#7523));
#7525=IFCCOMPOSITECURVESEGMENT(.CONTINUOUS.,.T.,#7524);
#7526=IFCCARTESIANPOINT((1824.527,433.95800000000003,0.));
#7527=IFCCARTESIANPOINT((1809.2933,438.76119999999997,0.));
#7528=IFCPOLYLINE((#7526,#7527));
#7529=IFCCOMPOSITECURVESEGMENT(.CONTINUOUS.,.T.,#7528);
#7530=IFCCARTESIANPOINT((1809.2933,438.76119999999997,0.));
#7531=IFCCARTESIANPOINT((1793.6989000000001,442.21839999999997,0.));
#7532=IFCPOLYLINE((#7530,#7531));
#7533=IFCCOMPOSITECURVESEGMENT(.CONTINUOUS.,.T.,#7532);
#7534=IFCCARTESIANPOINT((1793.6989000000001,442.21839999999997,0.));
#7535=IFCCARTESIANPOINT((1777.8625999999999,444.30329999999998,0.));
#7536=IFCPOLYLINE((#7534,#7535));
#7537=IFCCOMPOSITECURVESEGMENT(.CONTINUOUS.,.T.,#7536);
#7538=IFCCARTESIANPOINT((1777.8625999999999,444.30329999999998,0.));
#7539=IFCCARTESIANPOINT((1761.9048,445.,0.));
#7540=IFCPOLYLINE((#7538,#7539));
#7541=IFCCOMPOSITECURVESEGMENT(.CONTINUOUS.,.T.,#7540);
#7542=IFCCARTESIANPOINT((1761.9048,445.,0.));
#7543=IFCCARTESIANPOINT((238.09520000000001,445.,0.));
#7544=IFCPOLYLINE((#7542,#7543));
#7545=IFCCOMPOSITECURVESEGMENT(.CONTINUOUS.,.T.,#7544);
#7546=IFCCARTESIANPOINT((238.09520000000001,445.,0.));
#7547=IFCCARTESIANPOINT((222.13740000000001,444.30329999999998,0.));
#7548=IFCPOLYLINE((#7546,#7547));
#7549=IFCCOMPOSITECURVESEGMENT(.CONTINUOUS.,.T.,#7548);
#7550=IFCCARTESIANPOINT((222.13740000000001,444.30329999999998,0.));
#7551=IFCCARTESIANPOINT((206.30109999999999,442.21839999999997,0.));
#7552=IFCPOLYLINE((#7550,#7551));
#7553=IFCCOMPOSITECURVESEGMENT(.CONTINUOUS.,.T.,#7552);
#7554=IFCCARTESIANPOINT((206.30109999999999,442.21839999999997,0.));
#7555=IFCCARTESIANPOINT((190.70670000000001,438.76119999999997,0.));
#7556=IFCPOLYLINE((#7554,#7555));
#7557=IFCCOMPOSITECURVESEGMENT(.CONTINUOUS.,.T.,#7556);
#7558=IFCCARTESIANPOINT((190.70670000000001,438.76119999999997,0.));
#7559=IFCCARTESIANPOINT((175.47300000000001,433.95800000000003,0.));
#7560=IFCPOLYLINE((#7558,#7559));
#7561=IFCCOMPOSITECURVESEGMENT(.CONTINUOUS.,.T.,#7560);
#7562=IFCCARTESIANPOINT((175.47300000000001,433.95800000000003,0.));
#7563=IFCCARTESIANPOINT((160.7158,427.84539999999998,0.));
#7564=IFCPOLYLINE((#7562,#7563));
#7565=IFCCOMPOSITECURVESEGMENT(.CONTINUOUS.,.T.,#7564);
#7566=IFCCARTESIANPOINT((160.7158,427.84539999999998,0.));
#7567=IFCCARTESIANPOINT((146.54759999999999,420.4699,0.));
#7568=IFCPOLYLINE((#7566,#7567));
#7569=IFCCOMPOSITECURVESEGMENT(.CONTINUOUS.,.T.,#7568);
#7570=IFCCARTESIANPOINT((146.54759999999999,420.4699,0.));
#7571=IFCCARTESIANPOINT((133.0761,411.88760000000002,0.));
#7572=IFCPOLYLINE((#7570,#7571));
#7573=IFCCOMPOSITECURVESEGMENT(.CONTINUOUS.,.T.,#7572);
#7574=IFCCARTESIANPOINT((133.0761,411.88760000000002,0.));
#7575=IFCCARTESIANPOINT((120.40389999999999,402.16390000000001,0.));
#7576=IFCPOLYLINE((#7574,#7575));
#7577=IFCCOMPOSITECURVESEGMENT(.CONTINUOUS.,.T.,#7576);
#7578=IFCCARTESIANPOINT((120.40389999999999,402.16390000000001,0.));
#7579=IFCCARTESIANPOINT((108.62739999999999,391.37259999999998,0.));
#7580=IFCPOLYLINE((#7578,#7579));
#7581=IFCCOMPOSITECURVESEGMENT(.CONTINUOUS.,.T.,#7580);
#7582=IFCCARTESIANPOINT((108.62739999999999,391.37259999999998,0.));
#7583=IFCCARTESIANPOINT((97.836100000000002,379.59609999999998,0.));
#7584=IFCPOLYLINE((#7582,#7583));
#7585=IFCCOMPOSITECURVESEGMENT(.CONTINUOUS.,.T.,#7584);
#7586=IFCCARTESIANPOINT((97.836100000000002,379.59609999999998,0.));
#7587=IFCCARTESIANPOINT((88.112399999999994,366.9239,0.));
#7588=IFCPOLYLINE((#7586,#7587));
#7589=IFCCOMPOSITECURVESEGMENT(.CONTINUOUS.,.T.,#7588);
#7590=IFCCARTESIANPOINT((88.112399999999994,366.9239,0.));
#7591=IFCCARTESIANPOINT((79.530100000000004,353.45240000000001,0.));
#7592=IFCPOLYLINE((#7590,#7591));
#7593=IFCCOMPOSITECURVESEGMENT(.CONTINUOUS.,.T.,#7592);
#7594=IFCCARTESIANPOINT((79.530100000000004,353.45240000000001,0.));
#7595=IFCCARTESIANPOINT((72.154600000000002,339.2842,0.));
#7596=IFCPOLYLINE((#7594,#7595));
#7597=IFCCOMPOSITECURVESEGMENT(.CONTINUOUS.,.T.,#7596);
#7598=IFCCARTESIANPOINT((72.154600000000002,339.2842,0.));
#7599=IFCCARTESIANPOINT((66.042000000000002,324.52699999999999,0.));
#7600=IFCPOLYLINE((#7598,#7599));
#7601=IFCCOMPOSITECURVESEGMENT(.CONTINUOUS.,.T.,#7600);
#7602=IFCCARTESIANPOINT((66.042000000000002,324.52699999999999,0.));
#7603=IFCCARTESIANPOINT((61.238799999999998,309.29329999999999,0.));
#7604=IFCPOLYLINE((#7602,#7603));
#7605=IFCCOMPOSITECURVESEGMENT(.CONTINUOUS.,.T.,#7604);
#7606=IFCCARTESIANPOINT((61.238799999999998,309.29329999999999,0.));
#7607=IFCCARTESIANPOINT((57.781599999999997,293.69889999999998,0.));
#7608=IFCPOLYLINE((#7606,#7607));
#7609=IFCCOMPOSITECURVESEGMENT(.CONTINUOUS.,.T.,#7608);
#7610=IFCCARTESIANPOINT((57.781599999999997,293.69889999999998,0.));
#7611=IFCCARTESIANPOINT((55.6967,277.86259999999999,0.));
#7612=IFCPOLYLINE((#7610,#7611));
#7613=IFCCOMPOSITECURVESEGMENT(.CONTINUOUS.,.T.,#7612);
#7614=IFCCARTESIANPOINT((55.6967,277.86259999999999,0.));
#7615=IFCCARTESIANPOINT((55.,261.90480000000002,0.));
#7616=IFCPOLYLINE((#7614,#7615));
#7617=IFCCOMPOSITECURVESEGMENT(.CONTINUOUS.,.T.,#7616);
#7618=IFCCARTESIANPOINT((55.,261.90480000000002,0.));
#7619=IFCCARTESIANPOINT((55.,238.09520000000001,0.));
#7620=IFCPOLYLINE((#7618,#7619));
#7621=IFCCOMPOSITECURVESEGMENT(.DISCONTINUOUS.,.T.,#7620);
#7622=IFCCOMPOSITECURVE((#7321,#7325,#7329,#7333,#7337,#7341,#7345,#7349,#7353,#7357,#7361,#7365,#7369,#7373,#7377,#7381,#7385,#7389,#7393,#7397,#7401,#7405,#7409,#7413,#7417,#7421,#7425,#7429,#7433,#7437,#7441,#7445,#7449,#7453,#7457,#7461,#7465,#7469,#7473,#7477,#7481,#7485,#7489,#7493,#7497,#7501,#7505,#7509,#7513,#7517,#7521,#7525,#7529,#7533,#7537,#7541,#7545,#7549,#7553,#7557,#7561,#7565,#7569,#7573,#7577,#7581,#7585,#7589,#7593,#7597,#7601,#7605,#7609,#7613,#7617,#7621),$);
#7623=IFCARBITRARYCLOSEDPROFILEDEF(.AREA.,$,#7622);
#7624=IFCCARTESIANPOINT((0.,0.,-50.));
#7625=IFCDIRECTION((0.,0.,1.));
#7626=IFCDIRECTION((1.,0.,0.));
#7627=IFCAXIS2PLACEMENT3D(#7624,#7625,#7626);
#7628=IFCDIRECTION((0.,0.,-1.));
#7629=IFCEXTRUDEDAREASOLID(#7623,#7627,#7628,24.);
#7630=IFCSHAPEREPRESENTATION(#13,'Body','SweptSolid',(#4306));
#7631=IFCPRODUCTDEFINITIONSHAPE($,$,(#7630));
#7632=IFCOPENINGELEMENT('0ItDftUK1BLvpC8511KiRe',$,'Opening-W-PYTHON2',$,$,#7637,#7631,$,$);
#7633=IFCCARTESIANPOINT((4000.,0.,500.));
#7634=IFCDIRECTION((0.,-1.,0.));
#7635=IFCDIRECTION((1.,0.,0.));
#7636=IFCAXIS2PLACEMENT3D(#7633,#7634,#7635);
#7637=IFCLOCALPLACEMENT(#56,#7636);
#7638=IFCRELVOIDSELEMENT('3rVgSZ2O96yxTI8S1VExei',$,$,$,#45,#7632);
#7639=IFCCOLOURRGB($,0.80000000000000004,0.80000000000000004,0.80000000000000004);
#7640=IFCSURFACESTYLERENDERING(#7639,0.,$,$,$,$,$,$,.FLAT.);
#7641=IFCSURFACESTYLE('Aluminum',.BOTH.,(#7640));
#7642=IFCSTYLEDITEM(#7317,(#7641),$);
#7643=IFCCOLOURRGB($,0.90000000000000002,0.94999999999999996,1.);
#7644=IFCSURFACESTYLERENDERING(#7643,0.5,$,$,$,$,$,$,.FLAT.);
#7645=IFCSURFACESTYLE('Clear glass',.BOTH.,(#7644));
#7646=IFCSTYLEDITEM(#7629,(#7645),$);
#7647=IFCSHAPEREPRESENTATION(#13,'Body','SweptSolid',(#7317,#7629));
#7648=IFCPRODUCTDEFINITIONSHAPE($,$,(#7647));
#7649=IFCCARTESIANPOINT((0.,0.,0.));
#7650=IFCDIRECTION((0.,0.,1.));
#7651=IFCDIRECTION((1.,0.,0.));
#7652=IFCAXIS2PLACEMENT3D(#7649,#7650,#7651);
#7653=IFCLOCALPLACEMENT(#7637,#7652);
#7654=IFCWINDOW('2AnLgkHd92a9sF4he4uRLp',$,'W-PYTHON2',$,'fill',#7653,#7648,$,500.,2000.,.NOTDEFINED.,$,$);
#7655=IFCRELFILLSELEMENT('3_Q013rU9FBv7j_tD2P0vN',$,$,$,#7632,#7654);
#7656=IFCPROPERTYSINGLEVALUE('Name',$,IFCLABEL('W-PYTHON2'),$);
#7657=IFCPROPERTYSET('3ghulhA_XErf3mBU38agDR',$,'EPset_IfcKit_Geometry',$,(#7656));
#7658=IFCRELDEFINESBYPROPERTIES('2EWbgYkcX3vOUssVhvKvx8',$,$,$,(#7654),#7657);
#7659=IFCCARTESIANPOINT((0.,0.,-0.));
#7660=IFCDIRECTION((0.,0.,1.));
#7661=IFCDIRECTION((1.,0.,0.));
#7662=IFCAXIS2PLACEMENT3D(#7659,#7660,#7661);
#7663=IFCCARTESIANPOINT((0.,0.));
#7664=IFCCARTESIANPOINT((2000.,0.));
#7665=IFCCARTESIANPOINT((2000.,3000.));
#7666=IFCCARTESIANPOINT((0.,3000.));
#7667=IFCCARTESIANPOINT((0.,0.));
#7668=IFCPOLYLINE((#7663,#7664,#7665,#7666,#7667));
#7669=IFCARBITRARYCLOSEDPROFILEDEF(.AREA.,$,#7668);
#7670=IFCDIRECTION((0.,0.,-1.));
#7671=IFCEXTRUDEDAREASOLID(#7669,#7662,#7670,600.);
#7672=IFCSHAPEREPRESENTATION(#13,'Body','SweptSolid',(#7671));
#7673=IFCPRODUCTDEFINITIONSHAPE($,$,(#7672));
#7674=IFCOPENINGELEMENT('1otrQu$Mj0ixwEPL0hqzV7',$,'Opening-D-1',$,$,#7679,#7673,$,$);
#7675=IFCCARTESIANPOINT((7000.,0.,0.));
#7676=IFCDIRECTION((0.,-1.,0.));
#7677=IFCDIRECTION((1.,0.,0.));
#7678=IFCAXIS2PLACEMENT3D(#7675,#7676,#7677);
#7679=IFCLOCALPLACEMENT(#56,#7678);
#7680=IFCRELVOIDSELEMENT('319IOR8dj8aOiihoh8YJu6',$,$,$,#45,#7674);
#7681=IFCCARTESIANPOINT((0.,0.,-0.));
#7682=IFCDIRECTION((0.,0.,1.));
#7683=IFCDIRECTION((1.,0.,0.));
#7684=IFCAXIS2PLACEMENT3D(#7681,#7682,#7683);
#7685=IFCCARTESIANPOINT((0.,0.));
#7686=IFCCARTESIANPOINT((2000.,0.));
#7687=IFCCARTESIANPOINT((2000.,3000.));
#7688=IFCCARTESIANPOINT((0.,3000.));
#7689=IFCCARTESIANPOINT((0.,0.));
#7690=IFCPOLYLINE((#7685,#7686,#7687,#7688,#7689));
#7691=IFCCARTESIANPOINT((10.,2990.));
#7692=IFCCARTESIANPOINT((1990.,2990.));
#7693=IFCCARTESIANPOINT((1990.,10.));
#7694=IFCCARTESIANPOINT((10.,10.));
#7695=IFCCARTESIANPOINT((10.,2990.));
#7696=IFCPOLYLINE((#7691,#7692,#7693,#7694,#7695));
#7697=IFCARBITRARYPROFILEDEFWITHVOIDS(.AREA.,$,#7690,(#7696));
#7698=IFCDIRECTION((0.,0.,-1.));
#7699=IFCEXTRUDEDAREASOLID(#7697,#7684,#7698,200.);
#7700=IFCCARTESIANPOINT((0.,0.,-97.));
#7701=IFCDIRECTION((0.,0.,1.));
#7702=IFCDIRECTION((1.,0.,0.));
#7703=IFCAXIS2PLACEMENT3D(#7700,#7701,#7702);
#7704=IFCCARTESIANPOINT((10.,10.));
#7705=IFCCARTESIANPOINT((1990.,10.));
#7706=IFCCARTESIANPOINT((1990.,2990.));
#7707=IFCCARTESIANPOINT((10.,2990.));
#7708=IFCCARTESIANPOINT((10.,10.));
#7709=IFCPOLYLINE((#7704,#7705,#7706,#7707,#7708));
#7710=IFCARBITRARYCLOSEDPROFILEDEF(.AREA.,$,#7709);
#7711=IFCDIRECTION((0.,0.,-1.));
#7712=IFCEXTRUDEDAREASOLID(#7710,#7703,#7711,6.);
#7713=IFCCOLOURRGB($,0.80000000000000004,0.80000000000000004,0.80000000000000004);
#7714=IFCSURFACESTYLERENDERING(#7713,0.,$,$,$,$,$,$,.FLAT.);
#7715=IFCSURFACESTYLE('Aluminum frame',.BOTH.,(#7714));
#7716=IFCSTYLEDITEM(#7699,(#7715),$);
#7717=IFCCOLOURRGB($,0.90000000000000002,0.94999999999999996,1.);
#7718=IFCSURFACESTYLERENDERING(#7717,0.80000000000000004,$,$,$,$,$,$,.FLAT.);
#7719=IFCSURFACESTYLE('Clear glass',.BOTH.,(#7718));
#7720=IFCSTYLEDITEM(#7712,(#7719),$);
#7721=IFCSHAPEREPRESENTATION(#13,'Body','SweptSolid',(#7699,#7712));
#7722=IFCPRODUCTDEFINITIONSHAPE($,$,(#7721));
#7723=IFCCARTESIANPOINT((0.,0.,0.));
#7724=IFCDIRECTION((0.,0.,1.));
#7725=IFCDIRECTION((1.,0.,0.));
#7726=IFCAXIS2PLACEMENT3D(#7723,#7724,#7725);
#7727=IFCLOCALPLACEMENT(#7679,#7726);
#7728=IFCDOOR('0cMA$5dzj0keoWjFZWUMoX',$,'D-1',$,'fill',#7727,#7722,$,3000.,2000.,$,.NOTDEFINED.,$);
#7729=IFCRELFILLSELEMENT('0bXIE3nRD6dOyUhkVY6$DK',$,$,$,#7674,#7728);
#7730=IFCPROPERTYSINGLEVALUE('Name',$,IFCLABEL('D-1'),$);
#7731=IFCPROPERTYSET('1I9rZU2BL8NuSruhW7gpaO',$,'EPset_IfcKit_Geometry',$,(#7730));
#7732=IFCRELDEFINESBYPROPERTIES('13bovCit9AU8o$WlhT3hpj',$,$,$,(#7728),#7731);
#7733=IFCRELDEFINESBYTYPE('2po5k37SH2h8KLdATVuPiC',$,$,$,(#7728),#66);
ENDSEC;
END-ISO-10303-21;
