ISO-10303-21;
HEADER;
FILE_DESCRIPTION(('ViewDefinition [CoordinationView]'),'2;1');
FILE_NAME('','2026-05-22T07:33:31',(''),(''),'IfcOpenShell 0.8.4-e8eb5e4','IfcOpenShell 0.8.4-e8eb5e4','');
FILE_SCHEMA(('IFC2X3'));
ENDSEC;
DATA;
#1=IFCPERSON('test author','test author','Hari',$,$,$,$,$);
#2=IFCORGANIZATION('APTR','Unknown',$,$,$);
#3=IFCPERSONANDORGANIZATION(#1,#2,$);
#4=IFCAPPLICATION(#2,'1','ifckit','ifckit');
#5=IFCOWNERHISTORY(#3,#4,.READWRITE.,.ADDED.,1779428011,#3,#4,1779428011);
#6=IFCPROJECT('2J13VOKe1AA8Zsl9QcfhpL',#5,'test project',$,$,$,$,(#16),#11);
#7=IFCSIUNIT(*,.LENGTHUNIT.,.MILLI.,.METRE.);
#8=IFCSIUNIT(*,.AREAUNIT.,$,.SQUARE_METRE.);
#9=IFCSIUNIT(*,.VOLUMEUNIT.,$,.CUBIC_METRE.);
#10=IFCSIUNIT(*,.PLANEANGLEUNIT.,$,.RADIAN.);
#11=IFCUNITASSIGNMENT((#8,#10,#9,#7));
#12=IFCCARTESIANPOINT((0.,0.,0.));
#13=IFCDIRECTION((0.,0.,1.));
#14=IFCDIRECTION((1.,0.,0.));
#15=IFCAXIS2PLACEMENT3D(#12,#13,#14);
#16=IFCGEOMETRICREPRESENTATIONCONTEXT($,'Model',3,1.E-05,#15,$);
#17=IFCGEOMETRICREPRESENTATIONSUBCONTEXT('Body','Model',*,*,*,*,#16,$,.MODEL_VIEW.,$);
#18=IFCOWNERHISTORY(#3,#4,.READWRITE.,.ADDED.,1779428011,#3,#4,1779428011);
#19=IFCSITE('0lEMRIxDH1qxhDfP8Z$s12',#18,'Site',$,$,$,$,$,.ELEMENT.,$,$,$,$,$);
#20=IFCOWNERHISTORY(#3,#4,.READWRITE.,.ADDED.,1779428011,#3,#4,1779428011);
#21=IFCRELAGGREGATES('0Zx1e7PWHE0uuJ6S0OW1n2',#20,$,$,#6,(#19));
#22=IFCOWNERHISTORY(#3,#4,.READWRITE.,.ADDED.,1779428011,#3,#4,1779428011);
#23=IFCBUILDING('2WyT8RSeD63he6RNkducwL',#22,'Building',$,$,$,$,$,.ELEMENT.,$,$,$);
#24=IFCOWNERHISTORY(#3,#4,.READWRITE.,.ADDED.,1779428011,#3,#4,1779428011);
#25=IFCRELAGGREGATES('2MJX8Ak1H1WvX_AKRYsd$u',#24,$,$,#19,(#23));
#26=IFCOWNERHISTORY(#3,#4,.READWRITE.,.MODIFIED.,1779428011,#3,#4,1779428011);
#27=IFCBUILDINGSTOREY('2q3wrNGA9DxOyiGFCXLEqX',#26,'test storey',$,$,#39,$,$,.ELEMENT.,0.);
#33=IFCOWNERHISTORY(#3,#4,.READWRITE.,.ADDED.,1779428011,#3,#4,1779428011);
#34=IFCRELAGGREGATES('1f5ozliEXC79fa9Ixjjt1g',#33,$,$,#23,(#27));
#35=IFCCARTESIANPOINT((0.,0.,0.));
#36=IFCDIRECTION((0.,0.,1.));
#37=IFCDIRECTION((1.,0.,0.));
#38=IFCAXIS2PLACEMENT3D(#35,#36,#37);
#39=IFCLOCALPLACEMENT($,#38);
#40=IFCCARTESIANPOINT((292.,75.));
#41=IFCCARTESIANPOINT((292.,4.));
#42=IFCCARTESIANPOINT((8.,4.));
#43=IFCCARTESIANPOINT((8.,75.));
#44=IFCCARTESIANPOINT((0.,75.));
#45=IFCCARTESIANPOINT((0.,-75.));
#46=IFCCARTESIANPOINT((8.,-75.));
#47=IFCCARTESIANPOINT((8.,-4.));
#48=IFCCARTESIANPOINT((292.,-4.));
#49=IFCCARTESIANPOINT((292.,-75.));
#50=IFCCARTESIANPOINT((300.,-75.));
#51=IFCCARTESIANPOINT((300.,75.));
#52=IFCCARTESIANPOINT((292.,75.));
#53=IFCPOLYLINE((#40,#41,#42,#43,#44,#45,#46,#47,#48,#49,#50,#51,#52));
#54=IFCARBITRARYCLOSEDPROFILEDEF(.AREA.,$,#53);
#55=IFCCARTESIANPOINT((10000.,0.,3000.));
#56=IFCDIRECTION((-0.,-1.,-0.));
#57=IFCDIRECTION((0.,0.,-1.));
#58=IFCAXIS2PLACEMENT3D(#55,#56,#57);
#59=IFCCARTESIANPOINT((-2411.6625,0.,0.));
#60=IFCDIRECTION((0.,1.,0.));
#61=IFCAXIS1PLACEMENT(#59,#60);
#62=IFCREVOLVEDAREASOLID(#54,#58,#61,0.352490118958396);
#63=IFCSHAPEREPRESENTATION(#17,'Body','SweptSolid',(#62));
#64=IFCPRODUCTDEFINITIONSHAPE($,$,(#63));
#70=IFCOWNERHISTORY(#3,#4,.READWRITE.,.MODIFIED.,1779428011,#3,#4,1779428011);
#71=IFCBEAM('0x4EOBddXBWPnwJ839vrcs',#70,'swept beam_0_0',$,$,#78,#64,$);
#72=IFCOWNERHISTORY(#3,#4,.READWRITE.,.MODIFIED.,1779428012,#3,#4,1779428011);
#73=IFCRELCONTAINEDINSPATIALSTRUCTURE('0RcDF22ZX6Rul2lvfLEhSN',#72,$,$,(#3247,#10303,#71,#7237,#5725,#12781,#4213,#11773,#8707,#7195,#2575,#9631,#4255,#5053,#10177,#5557,#4045,#11101,#12613,#8035,#6523,#8959,#13579,#14083,#2407,#9505,#4885,#11941,#7993,#3373,#10429,#10975,#6355,#13411,#4843,#11899,#793,#7825,#3205,#1321,#8791,#4171,#5683,#12739,#4675,#8665,#7153,#5641,#2533,#9589,#10135,#5515,#12571,#2491,#8623,#4003,#11059,#6481,#1465,#11605,#6985,#2365,#1225,#14041,#697,#5473,#12529,#9463,#7951,#3331,#10387,#3835,#2323,#10933,#9421,#4801,#11857,#6313,#13369,#553,#12403,#7783,#6271,#13327,#3163,#10261,#2197,#4633,#3121,#9253,#11731,#7111,#5599,#6103,#10093,#8581,#3961,#7069,#2449,#11563,#10051,#5431,#6943,#13999,#3919,#7909,#1753,#985,#6901,#2281,#13957,#8413,#3793,#13033,#1513,#10891,#9379,#4759,#11815,#5263,#3751,#1081,#7741,#12361,#313,#841,#6229,#1609,#13285,#10219,#2155,#4591,#9211,#7699,#3079,#13201,#11689,#169,#10681,#6061,#4549,#13159,#8539,#7027,#7531,#11017,#11521,#2953,#5389,#3877,#10009,#12487,#7867,#12991,#8371,#6859,#10849,#9337,#4717,#9841,#5221,#3709,#13831,#12319,#10807,#6187,#13243,#11311,#6691,#5179,#13789,#1369,#601,#3037,#1897,#7657,#2113,#9169,#1129,#11647,#3583,#6019,#4507,#10639,#13117,#8497,#457,#7489,#4423,#2911,#5347,#9967,#11479,#8455,#12445,#5893,#4381,#6817,#11437,#1801,#8329,#12949,#5305,#1273,#13915,#2239,#9295,#9799,#8287,#12277,#10765,#6145,#361,#11269,#6649,#13747,#9127,#2071,#12235,#7615,#2995,#8119,#12109,#10597,#5977,#1657,#3541,#2029,#4465,#9085,#13075,#5011,#7447,#12067,#5935,#2869,#9925,#217,#8917,#12907,#5851,#9883,#2827,#11395,#6775,#4339,#13873,#7321,#9757,#2701,#1561,#6733,#12865,#8245,#5809,#3667,#10723,#11227,#2659,#9715,#13705,#5137,#7573,#121,#12193,#1417,#12697,#889,#649,#13663,#1987,#9043,#3499,#10555,#13537,#12025,#3457,#10513,#745,#7405,#4969,#13495,#6439,#8875,#4297,#11353,#2785,#3289,#10345,#7279,#5767,#8203,#12823,#3625,#8749,#11185,#9673,#2617,#4129,#1849,#8161,#6607,#5095,#12151,#12655,#4087,#11143,#8077,#13621,#6565,#1177,#1945,#9001,#409,#937,#1705,#14125,#9547,#4927,#11983,#3415,#10471,#505,#6397,#1033,#8833,#13453,#265,#7363,#2743),#27);
#74=IFCCARTESIANPOINT((0.,0.,0.));
#75=IFCDIRECTION((0.,0.,1.));
#76=IFCDIRECTION((1.,0.,0.));
#77=IFCAXIS2PLACEMENT3D(#74,#75,#76);
#78=IFCLOCALPLACEMENT(#39,#77);
#79=IFCPROPERTYSINGLEVALUE('Name',$,IFCLABEL('swept beam_0_0'),$);
#80=IFCPROPERTYSINGLEVALUE('ArcLength',$,IFCLENGTHMEASURE(850.),$);
#81=IFCPROPERTYSINGLEVALUE('ArcAngle_rad',$,IFCREAL(0.35),$);
#82=IFCPROPERTYSINGLEVALUE('ArcAngle_deg',$,IFCREAL(20.2),$);
#83=IFCPROPERTYSET('0ukJMWCZ1EmueYeyjMxxrw',$,'EPset_IfcKit_Geometry',$,(#79,#80,#81,#82));
#84=IFCRELDEFINESBYPROPERTIES('2eq1HeDojAihuABX3FDmJu',$,$,$,(#71),#83);
#85=IFCCOLOURRGB($,0.501960784313725,0.501960784313725,0.501960784313725);
#86=IFCSURFACESTYLERENDERING(#85,0.,$,$,$,$,$,$,.FLAT.);
#87=IFCSURFACESTYLE($,.BOTH.,(#86));
#88=IFCPRESENTATIONSTYLEASSIGNMENT((#87));
#89=IFCSTYLEDITEM(#62,(#88),$);
#90=IFCCARTESIANPOINT((292.,75.));
#91=IFCCARTESIANPOINT((292.,4.));
#92=IFCCARTESIANPOINT((8.,4.));
#93=IFCCARTESIANPOINT((8.,75.));
#94=IFCCARTESIANPOINT((0.,75.));
#95=IFCCARTESIANPOINT((0.,-75.));
#96=IFCCARTESIANPOINT((8.,-75.));
#97=IFCCARTESIANPOINT((8.,-4.));
#98=IFCCARTESIANPOINT((292.,-4.));
#99=IFCCARTESIANPOINT((292.,-75.));
#100=IFCCARTESIANPOINT((300.,-75.));
#101=IFCCARTESIANPOINT((300.,75.));
#102=IFCCARTESIANPOINT((292.,75.));
#103=IFCPOLYLINE((#90,#91,#92,#93,#94,#95,#96,#97,#98,#99,#100,#101,#102));
#104=IFCARBITRARYCLOSEDPROFILEDEF(.AREA.,$,#103);
#105=IFCCARTESIANPOINT((10000.,832.5925,3148.2788));
#106=IFCDIRECTION((-0.,-0.9385,-0.3452));
#107=IFCDIRECTION((0.,0.3452,-0.9385));
#108=IFCAXIS2PLACEMENT3D(#105,#106,#107);
#109=IFCCARTESIANPOINT((-74085.4033,0.,0.));
#110=IFCDIRECTION((0.,1.,0.));
#111=IFCAXIS1PLACEMENT(#109,#110);
#112=IFCREVOLVEDAREASOLID(#104,#108,#111,0.0115945949389916);
#113=IFCSHAPEREPRESENTATION(#17,'Body','SweptSolid',(#112));
#114=IFCPRODUCTDEFINITIONSHAPE($,$,(#113));
#120=IFCOWNERHISTORY(#3,#4,.READWRITE.,.MODIFIED.,1779428011,#3,#4,1779428011);
#121=IFCBEAM('14f2XbM1jBp8wckTHrIG4t',#120,'swept beam_0_1',$,$,#126,#114,$);
#122=IFCCARTESIANPOINT((0.,0.,0.));
#123=IFCDIRECTION((0.,0.,1.));
#124=IFCDIRECTION((1.,0.,0.));
#125=IFCAXIS2PLACEMENT3D(#122,#123,#124);
#126=IFCLOCALPLACEMENT(#39,#125);
#127=IFCPROPERTYSINGLEVALUE('Name',$,IFCLABEL('swept beam_0_1'),$);
#128=IFCPROPERTYSINGLEVALUE('ArcLength',$,IFCLENGTHMEASURE(859.),$);
#129=IFCPROPERTYSINGLEVALUE('ArcAngle_rad',$,IFCREAL(0.01),$);
#130=IFCPROPERTYSINGLEVALUE('ArcAngle_deg',$,IFCREAL(0.7),$);
#131=IFCPROPERTYSET('056A67sFL16x335kI_zs9i',$,'EPset_IfcKit_Geometry',$,(#127,#128,#129,#130));
#132=IFCRELDEFINESBYPROPERTIES('1ysz6eiSL8EAH0ZujvAra2',$,$,$,(#121),#131);
#133=IFCCOLOURRGB($,0.501960784313725,0.501960784313725,0.501960784313725);
#134=IFCSURFACESTYLERENDERING(#133,0.,$,$,$,$,$,$,.FLAT.);
#135=IFCSURFACESTYLE($,.BOTH.,(#134));
#136=IFCPRESENTATIONSTYLEASSIGNMENT((#135));
#137=IFCSTYLEDITEM(#112,(#136),$);
#138=IFCCARTESIANPOINT((-292.,-75.));
#139=IFCCARTESIANPOINT((-292.,-4.));
#140=IFCCARTESIANPOINT((-8.,-4.));
#141=IFCCARTESIANPOINT((-8.,-75.));
#142=IFCCARTESIANPOINT((0.,-75.));
#143=IFCCARTESIANPOINT((0.,75.));
#144=IFCCARTESIANPOINT((-8.,75.));
#145=IFCCARTESIANPOINT((-8.,4.));
#146=IFCCARTESIANPOINT((-292.,4.));
#147=IFCCARTESIANPOINT((-292.,75.));
#148=IFCCARTESIANPOINT((-300.,75.));
#149=IFCCARTESIANPOINT((-300.,-75.));
#150=IFCCARTESIANPOINT((-292.,-75.));
#151=IFCPOLYLINE((#138,#139,#140,#141,#142,#143,#144,#145,#146,#147,#148,#149,#150));
#152=IFCARBITRARYCLOSEDPROFILEDEF(.AREA.,$,#151);
#153=IFCCARTESIANPOINT((10000.,1637.0312,3449.5));
#154=IFCDIRECTION((-0.,-0.9345,-0.3561));
#155=IFCDIRECTION((0.,-0.3561,0.9345));
#156=IFCAXIS2PLACEMENT3D(#153,#154,#155);
#157=IFCCARTESIANPOINT((-12187.3237,0.,0.));
#158=IFCDIRECTION((0.,1.,0.));
#159=IFCAXIS1PLACEMENT(#157,#158);
#160=IFCREVOLVEDAREASOLID(#152,#156,#159,0.0805158992668017);
#161=IFCSHAPEREPRESENTATION(#17,'Body','SweptSolid',(#160));
#162=IFCPRODUCTDEFINITIONSHAPE($,$,(#161));
#168=IFCOWNERHISTORY(#3,#4,.READWRITE.,.MODIFIED.,1779428011,#3,#4,1779428011);
#169=IFCBEAM('0CDJrxwznBOfm4I7Ww1UDQ',#168,'swept beam_0_2',$,$,#174,#162,$);
#170=IFCCARTESIANPOINT((0.,0.,0.));
#171=IFCDIRECTION((0.,0.,1.));
#172=IFCDIRECTION((1.,0.,0.));
#173=IFCAXIS2PLACEMENT3D(#170,#171,#172);
#174=IFCLOCALPLACEMENT(#39,#173);
#175=IFCPROPERTYSINGLEVALUE('Name',$,IFCLABEL('swept beam_0_2'),$);
#176=IFCPROPERTYSINGLEVALUE('ArcLength',$,IFCLENGTHMEASURE(981.),$);
#177=IFCPROPERTYSINGLEVALUE('ArcAngle_rad',$,IFCREAL(0.08),$);
#178=IFCPROPERTYSINGLEVALUE('ArcAngle_deg',$,IFCREAL(4.6),$);
#179=IFCPROPERTYSET('0Fq2sWwrD54wwB60Cvz$6i',$,'EPset_IfcKit_Geometry',$,(#175,#176,#177,#178));
#180=IFCRELDEFINESBYPROPERTIES('0HjtBMiDf1T9i9d59sUkUT',$,$,$,(#169),#179);
#181=IFCCOLOURRGB($,0.501960784313725,0.501960784313725,0.501960784313725);
#182=IFCSURFACESTYLERENDERING(#181,0.,$,$,$,$,$,$,.FLAT.);
#183=IFCSURFACESTYLE($,.BOTH.,(#182));
#184=IFCPRESENTATIONSTYLEASSIGNMENT((#183));
#185=IFCSTYLEDITEM(#160,(#184),$);
#186=IFCCARTESIANPOINT((-292.,-75.));
#187=IFCCARTESIANPOINT((-292.,-4.));
#188=IFCCARTESIANPOINT((-8.,-4.));
#189=IFCCARTESIANPOINT((-8.,-75.));
#190=IFCCARTESIANPOINT((0.,-75.));
#191=IFCCARTESIANPOINT((0.,75.));
#192=IFCCARTESIANPOINT((-8.,75.));
#193=IFCCARTESIANPOINT((-8.,4.));
#194=IFCCARTESIANPOINT((-292.,4.));
#195=IFCCARTESIANPOINT((-292.,75.));
#196=IFCCARTESIANPOINT((-300.,75.));
#197=IFCCARTESIANPOINT((-300.,-75.));
#198=IFCCARTESIANPOINT((-292.,-75.));
#199=IFCPOLYLINE((#186,#187,#188,#189,#190,#191,#192,#193,#194,#195,#196,#197,#198));
#200=IFCARBITRARYCLOSEDPROFILEDEF(.AREA.,$,#199);
#201=IFCCARTESIANPOINT((10000.,2567.0513,3761.6536));
#202=IFCDIRECTION((-0.,-0.9601,-0.2798));
#203=IFCDIRECTION((0.,-0.2798,0.9601));
#204=IFCAXIS2PLACEMENT3D(#201,#202,#203);
#205=IFCCARTESIANPOINT((-3439.0804,0.,0.));
#206=IFCDIRECTION((0.,1.,0.));
#207=IFCAXIS1PLACEMENT(#205,#206);
#208=IFCREVOLVEDAREASOLID(#200,#204,#207,0.283568814630594);
#209=IFCSHAPEREPRESENTATION(#17,'Body','SweptSolid',(#208));
#210=IFCPRODUCTDEFINITIONSHAPE($,$,(#209));
#216=IFCOWNERHISTORY(#3,#4,.READWRITE.,.MODIFIED.,1779428011,#3,#4,1779428011);
#217=IFCBEAM('2Jq$XGnhz2qB7$yQ0YCBTy',#216,'swept beam_0_3',$,$,#222,#210,$);
#218=IFCCARTESIANPOINT((0.,0.,0.));
#219=IFCDIRECTION((0.,0.,1.));
#220=IFCDIRECTION((1.,0.,0.));
#221=IFCAXIS2PLACEMENT3D(#218,#219,#220);
#222=IFCLOCALPLACEMENT(#39,#221);
#223=IFCPROPERTYSINGLEVALUE('Name',$,IFCLABEL('swept beam_0_3'),$);
#224=IFCPROPERTYSINGLEVALUE('ArcLength',$,IFCLENGTHMEASURE(975.),$);
#225=IFCPROPERTYSINGLEVALUE('ArcAngle_rad',$,IFCREAL(0.28),$);
#226=IFCPROPERTYSINGLEVALUE('ArcAngle_deg',$,IFCREAL(16.2),$);
#227=IFCPROPERTYSET('1HDO_OJ41ATBc4XRqmeED6',$,'EPset_IfcKit_Geometry',$,(#223,#224,#225,#226));
#228=IFCRELDEFINESBYPROPERTIES('2aqDRvTbj7qwLDt7OHLlEB',$,$,$,(#217),#227);
#229=IFCCOLOURRGB($,0.501960784313725,0.501960784313725,0.501960784313725);
#230=IFCSURFACESTYLERENDERING(#229,0.,$,$,$,$,$,$,.FLAT.);
#231=IFCSURFACESTYLE($,.BOTH.,(#230));
#232=IFCPRESENTATIONSTYLEASSIGNMENT((#231));
#233=IFCSTYLEDITEM(#208,(#232),$);
#234=IFCCARTESIANPOINT((-292.,-75.));
#235=IFCCARTESIANPOINT((-292.,-4.));
#236=IFCCARTESIANPOINT((-8.,-4.));
#237=IFCCARTESIANPOINT((-8.,-75.));
#238=IFCCARTESIANPOINT((0.,-75.));
#239=IFCCARTESIANPOINT((0.,75.));
#240=IFCCARTESIANPOINT((-8.,75.));
#241=IFCCARTESIANPOINT((-8.,4.));
#242=IFCCARTESIANPOINT((-292.,4.));
#243=IFCCARTESIANPOINT((-292.,75.));
#244=IFCCARTESIANPOINT((-300.,75.));
#245=IFCCARTESIANPOINT((-300.,-75.));
#246=IFCCARTESIANPOINT((-292.,-75.));
#247=IFCPOLYLINE((#234,#235,#236,#237,#238,#239,#240,#241,#242,#243,#244,#245,#246));
#248=IFCARBITRARYCLOSEDPROFILEDEF(.AREA.,$,#247);
#249=IFCCARTESIANPOINT((10000.,3529.25,3899.));
#250=IFCDIRECTION((-0.,-1.,-0.));
#251=IFCDIRECTION((0.,-0.,1.));
#252=IFCAXIS2PLACEMENT3D(#249,#250,#251);
#253=IFCCARTESIANPOINT((-4022.2331,0.,0.));
#254=IFCDIRECTION((0.,1.,0.));
#255=IFCAXIS1PLACEMENT(#253,#254);
#256=IFCREVOLVEDAREASOLID(#248,#252,#255,0.270117139476146);
#257=IFCSHAPEREPRESENTATION(#17,'Body','SweptSolid',(#256));
#258=IFCPRODUCTDEFINITIONSHAPE($,$,(#257));
#264=IFCOWNERHISTORY(#3,#4,.READWRITE.,.MODIFIED.,1779428011,#3,#4,1779428011);
#265=IFCBEAM('3Co1ofh31DphT78XFfZ3MM',#264,'swept beam_0_4',$,$,#270,#258,$);
#266=IFCCARTESIANPOINT((0.,0.,0.));
#267=IFCDIRECTION((0.,0.,1.));
#268=IFCDIRECTION((1.,0.,0.));
#269=IFCAXIS2PLACEMENT3D(#266,#267,#268);
#270=IFCLOCALPLACEMENT(#39,#269);
#271=IFCPROPERTYSINGLEVALUE('Name',$,IFCLABEL('swept beam_0_4'),$);
#272=IFCPROPERTYSINGLEVALUE('ArcLength',$,IFCLENGTHMEASURE(1086.),$);
#273=IFCPROPERTYSINGLEVALUE('ArcAngle_rad',$,IFCREAL(0.27),$);
#274=IFCPROPERTYSINGLEVALUE('ArcAngle_deg',$,IFCREAL(15.5),$);
#275=IFCPROPERTYSET('1$x$mIfDv2fBOU7pHDjA8S',$,'EPset_IfcKit_Geometry',$,(#271,#272,#273,#274));
#276=IFCRELDEFINESBYPROPERTIES('2s9Jix7J96zRnuFHeeaD2a',$,$,$,(#265),#275);
#277=IFCCOLOURRGB($,0.501960784313725,0.501960784313725,0.501960784313725);
#278=IFCSURFACESTYLERENDERING(#277,0.,$,$,$,$,$,$,.FLAT.);
#279=IFCSURFACESTYLE($,.BOTH.,(#278));
#280=IFCPRESENTATIONSTYLEASSIGNMENT((#279));
#281=IFCSTYLEDITEM(#256,(#280),$);
#282=IFCCARTESIANPOINT((-292.,-75.));
#283=IFCCARTESIANPOINT((-292.,-4.));
#284=IFCCARTESIANPOINT((-8.,-4.));
#285=IFCCARTESIANPOINT((-8.,-75.));
#286=IFCCARTESIANPOINT((0.,-75.));
#287=IFCCARTESIANPOINT((0.,75.));
#288=IFCCARTESIANPOINT((-8.,75.));
#289=IFCCARTESIANPOINT((-8.,4.));
#290=IFCCARTESIANPOINT((-292.,4.));
#291=IFCCARTESIANPOINT((-292.,75.));
#292=IFCCARTESIANPOINT((-300.,75.));
#293=IFCCARTESIANPOINT((-300.,-75.));
#294=IFCCARTESIANPOINT((-292.,-75.));
#295=IFCPOLYLINE((#282,#283,#284,#285,#286,#287,#288,#289,#290,#291,#292,#293,#294));
#296=IFCARBITRARYCLOSEDPROFILEDEF(.AREA.,$,#295);
#297=IFCCARTESIANPOINT((10000.,4602.5601,3753.1524));
#298=IFCDIRECTION((-0.,-0.9637,0.2668));
#299=IFCDIRECTION((0.,0.2668,0.9637));
#300=IFCAXIS2PLACEMENT3D(#297,#298,#299);
#301=IFCCARTESIANPOINT((-47997.1025,0.,0.));
#302=IFCDIRECTION((0.,1.,0.));
#303=IFCAXIS1PLACEMENT(#301,#302);
#304=IFCREVOLVEDAREASOLID(#296,#300,#303,0.0227739053237319);
#305=IFCSHAPEREPRESENTATION(#17,'Body','SweptSolid',(#304));
#306=IFCPRODUCTDEFINITIONSHAPE($,$,(#305));
#312=IFCOWNERHISTORY(#3,#4,.READWRITE.,.MODIFIED.,1779428011,#3,#4,1779428011);
#313=IFCBEAM('2g2PNjkS19pfOCDle5jz7g',#312,'swept beam_0_5',$,$,#318,#306,$);
#314=IFCCARTESIANPOINT((0.,0.,0.));
#315=IFCDIRECTION((0.,0.,1.));
#316=IFCDIRECTION((1.,0.,0.));
#317=IFCAXIS2PLACEMENT3D(#314,#315,#316);
#318=IFCLOCALPLACEMENT(#39,#317);
#319=IFCPROPERTYSINGLEVALUE('Name',$,IFCLABEL('swept beam_0_5'),$);
#320=IFCPROPERTYSINGLEVALUE('ArcLength',$,IFCLENGTHMEASURE(1093.),$);
#321=IFCPROPERTYSINGLEVALUE('ArcAngle_rad',$,IFCREAL(0.02),$);
#322=IFCPROPERTYSINGLEVALUE('ArcAngle_deg',$,IFCREAL(1.3),$);
#323=IFCPROPERTYSET('0BWm1i7Ub5KwMHvw_lGkQp',$,'EPset_IfcKit_Geometry',$,(#319,#320,#321,#322));
#324=IFCRELDEFINESBYPROPERTIES('3bkckwJcX408ZrRDpIXftq',$,$,$,(#313),#323);
#325=IFCCOLOURRGB($,0.501960784313725,0.501960784313725,0.501960784313725);
#326=IFCSURFACESTYLERENDERING(#325,0.,$,$,$,$,$,$,.FLAT.);
#327=IFCSURFACESTYLE($,.BOTH.,(#326));
#328=IFCPRESENTATIONSTYLEASSIGNMENT((#327));
#329=IFCSTYLEDITEM(#304,(#328),$);
#330=IFCCARTESIANPOINT((292.,75.));
#331=IFCCARTESIANPOINT((292.,4.));
#332=IFCCARTESIANPOINT((8.,4.));
#333=IFCCARTESIANPOINT((8.,75.));
#334=IFCCARTESIANPOINT((0.,75.));
#335=IFCCARTESIANPOINT((0.,-75.));
#336=IFCCARTESIANPOINT((8.,-75.));
#337=IFCCARTESIANPOINT((8.,-4.));
#338=IFCCARTESIANPOINT((292.,-4.));
#339=IFCCARTESIANPOINT((292.,-75.));
#340=IFCCARTESIANPOINT((300.,-75.));
#341=IFCCARTESIANPOINT((300.,75.));
#342=IFCCARTESIANPOINT((292.,75.));
#343=IFCPOLYLINE((#330,#331,#332,#333,#334,#335,#336,#337,#338,#339,#340,#341,#342));
#344=IFCARBITRARYCLOSEDPROFILEDEF(.AREA.,$,#343);
#345=IFCCARTESIANPOINT((10000.,5652.5938,3449.5));
#346=IFCDIRECTION((-0.,-0.9574,0.2887));
#347=IFCDIRECTION((0.,-0.2887,-0.9574));
#348=IFCAXIS2PLACEMENT3D(#345,#346,#347);
#349=IFCCARTESIANPOINT((-19579.5434,0.,0.));
#350=IFCDIRECTION((0.,1.,0.));
#351=IFCAXIS1PLACEMENT(#349,#350);
#352=IFCREVOLVEDAREASOLID(#344,#348,#351,0.0613991484323263);
#353=IFCSHAPEREPRESENTATION(#17,'Body','SweptSolid',(#352));
#354=IFCPRODUCTDEFINITIONSHAPE($,$,(#353));
#360=IFCOWNERHISTORY(#3,#4,.READWRITE.,.MODIFIED.,1779428011,#3,#4,1779428011);
#361=IFCBEAM('1U9D8eSpz2Mgf9cwpEw9zB',#360,'swept beam_0_6',$,$,#366,#354,$);
#362=IFCCARTESIANPOINT((0.,0.,0.));
#363=IFCDIRECTION((0.,0.,1.));
#364=IFCDIRECTION((1.,0.,0.));
#365=IFCAXIS2PLACEMENT3D(#362,#363,#364);
#366=IFCLOCALPLACEMENT(#39,#365);
#367=IFCPROPERTYSINGLEVALUE('Name',$,IFCLABEL('swept beam_0_6'),$);
#368=IFCPROPERTYSINGLEVALUE('ArcLength',$,IFCLENGTHMEASURE(1202.),$);
#369=IFCPROPERTYSINGLEVALUE('ArcAngle_rad',$,IFCREAL(0.06),$);
#370=IFCPROPERTYSINGLEVALUE('ArcAngle_deg',$,IFCREAL(3.5),$);
#371=IFCPROPERTYSET('2cwhMpI4P5gAUPXvIDI4zi',$,'EPset_IfcKit_Geometry',$,(#367,#368,#369,#370));
#372=IFCRELDEFINESBYPROPERTIES('3AiOle$zb7POysKucrJy9Y',$,$,$,(#361),#371);
#373=IFCCOLOURRGB($,0.501960784313725,0.501960784313725,0.501960784313725);
#374=IFCSURFACESTYLERENDERING(#373,0.,$,$,$,$,$,$,.FLAT.);
#375=IFCSURFACESTYLE($,.BOTH.,(#374));
#376=IFCPRESENTATIONSTYLEASSIGNMENT((#375));
#377=IFCSTYLEDITEM(#352,(#376),$);
#378=IFCCARTESIANPOINT((292.,75.));
#379=IFCCARTESIANPOINT((292.,4.));
#380=IFCCARTESIANPOINT((8.,4.));
#381=IFCCARTESIANPOINT((8.,75.));
#382=IFCCARTESIANPOINT((0.,75.));
#383=IFCCARTESIANPOINT((0.,-75.));
#384=IFCCARTESIANPOINT((8.,-75.));
#385=IFCCARTESIANPOINT((8.,-4.));
#386=IFCCARTESIANPOINT((292.,-4.));
#387=IFCCARTESIANPOINT((292.,-75.));
#388=IFCCARTESIANPOINT((300.,-75.));
#389=IFCCARTESIANPOINT((300.,75.));
#390=IFCCARTESIANPOINT((292.,75.));
#391=IFCPOLYLINE((#378,#379,#380,#381,#382,#383,#384,#385,#386,#387,#388,#389,#390));
#392=IFCARBITRARYCLOSEDPROFILEDEF(.AREA.,$,#391);
#393=IFCCARTESIANPOINT((10000.,6813.4937,3137.9499));
#394=IFCDIRECTION((-0.,-0.9733,0.2294));
#395=IFCDIRECTION((0.,-0.2294,-0.9733));
#396=IFCAXIS2PLACEMENT3D(#393,#394,#395);
#397=IFCCARTESIANPOINT((-5171.5421,0.,0.));
#398=IFCDIRECTION((0.,1.,0.));
#399=IFCAXIS1PLACEMENT(#397,#398);
#400=IFCREVOLVEDAREASOLID(#392,#396,#399,0.231491896367484);
#401=IFCSHAPEREPRESENTATION(#17,'Body','SweptSolid',(#400));
#402=IFCPRODUCTDEFINITIONSHAPE($,$,(#401));
#408=IFCOWNERHISTORY(#3,#4,.READWRITE.,.MODIFIED.,1779428011,#3,#4,1779428011);
#409=IFCBEAM('0qDYnQ2GP13RadldNgMG76',#408,'swept beam_0_7',$,$,#414,#402,$);
#410=IFCCARTESIANPOINT((0.,0.,0.));
#411=IFCDIRECTION((0.,0.,1.));
#412=IFCDIRECTION((1.,0.,0.));
#413=IFCAXIS2PLACEMENT3D(#410,#411,#412);
#414=IFCLOCALPLACEMENT(#39,#413);
#415=IFCPROPERTYSINGLEVALUE('Name',$,IFCLABEL('swept beam_0_7'),$);
#416=IFCPROPERTYSINGLEVALUE('ArcLength',$,IFCLENGTHMEASURE(1197.),$);
#417=IFCPROPERTYSINGLEVALUE('ArcAngle_rad',$,IFCREAL(0.23),$);
#418=IFCPROPERTYSINGLEVALUE('ArcAngle_deg',$,IFCREAL(13.3),$);
#419=IFCPROPERTYSET('3tS38YiPbETv_AW691kzjt',$,'EPset_IfcKit_Geometry',$,(#415,#416,#417,#418));
#420=IFCRELDEFINESBYPROPERTIES('0YjUR_FYn6DOaPhkAvWFE1',$,$,$,(#409),#419);
#421=IFCCOLOURRGB($,0.501960784313725,0.501960784313725,0.501960784313725);
#422=IFCSURFACESTYLERENDERING(#421,0.,$,$,$,$,$,$,.FLAT.);
#423=IFCSURFACESTYLE($,.BOTH.,(#422));
#424=IFCPRESENTATIONSTYLEASSIGNMENT((#423));
#425=IFCSTYLEDITEM(#400,(#424),$);
#426=IFCCARTESIANPOINT((292.,75.));
#427=IFCCARTESIANPOINT((292.,4.));
#428=IFCCARTESIANPOINT((8.,4.));
#429=IFCCARTESIANPOINT((8.,75.));
#430=IFCCARTESIANPOINT((0.,75.));
#431=IFCCARTESIANPOINT((0.,-75.));
#432=IFCCARTESIANPOINT((8.,-75.));
#433=IFCCARTESIANPOINT((8.,-4.));
#434=IFCCARTESIANPOINT((292.,-4.));
#435=IFCCARTESIANPOINT((292.,-75.));
#436=IFCCARTESIANPOINT((300.,-75.));
#437=IFCCARTESIANPOINT((300.,75.));
#438=IFCCARTESIANPOINT((292.,75.));
#439=IFCPOLYLINE((#426,#427,#428,#429,#430,#431,#432,#433,#434,#435,#436,#437,#438));
#440=IFCARBITRARYCLOSEDPROFILEDEF(.AREA.,$,#439);
#441=IFCCARTESIANPOINT((0.,0.,3000.));
#442=IFCDIRECTION((-0.,-1.,0.));
#443=IFCDIRECTION((0.,-0.,-1.));
#444=IFCAXIS2PLACEMENT3D(#441,#442,#443);
#445=IFCCARTESIANPOINT((-8191.0106,0.,0.));
#446=IFCDIRECTION((0.,1.,0.));
#447=IFCAXIS1PLACEMENT(#445,#446);
#448=IFCREVOLVEDAREASOLID(#440,#444,#447,0.112941632242611);
#449=IFCSHAPEREPRESENTATION(#17,'Body','SweptSolid',(#448));
#450=IFCPRODUCTDEFINITIONSHAPE($,$,(#449));
#456=IFCOWNERHISTORY(#3,#4,.READWRITE.,.MODIFIED.,1779428011,#3,#4,1779428011);
#457=IFCBEAM('1DKaU_uqr0KRsmMuzQkz2U',#456,'swept beam_0_0',$,$,#462,#450,$);
#458=IFCCARTESIANPOINT((0.,0.,0.));
#459=IFCDIRECTION((0.,0.,1.));
#460=IFCDIRECTION((1.,0.,0.));
#461=IFCAXIS2PLACEMENT3D(#458,#459,#460);
#462=IFCLOCALPLACEMENT(#39,#461);
#463=IFCPROPERTYSINGLEVALUE('Name',$,IFCLABEL('swept beam_0_0'),$);
#464=IFCPROPERTYSINGLEVALUE('ArcLength',$,IFCLENGTHMEASURE(925.),$);
#465=IFCPROPERTYSINGLEVALUE('ArcAngle_rad',$,IFCREAL(0.11),$);
#466=IFCPROPERTYSINGLEVALUE('ArcAngle_deg',$,IFCREAL(6.5),$);
#467=IFCPROPERTYSET('1Tm6G75e98Cf4uALRd8Dg6',$,'EPset_IfcKit_Geometry',$,(#463,#464,#465,#466));
#468=IFCRELDEFINESBYPROPERTIES('0a0sp6f2XCRu3MCGmaxe3j',$,$,$,(#457),#467);
#469=IFCCOLOURRGB($,0.501960784313725,0.501960784313725,0.501960784313725);
#470=IFCSURFACESTYLERENDERING(#469,0.,$,$,$,$,$,$,.FLAT.);
#471=IFCSURFACESTYLE($,.BOTH.,(#470));
#472=IFCPRESENTATIONSTYLEASSIGNMENT((#471));
#473=IFCSTYLEDITEM(#448,(#472),$);
#474=IFCCARTESIANPOINT((-292.,-75.));
#475=IFCCARTESIANPOINT((-292.,-4.));
#476=IFCCARTESIANPOINT((-8.,-4.));
#477=IFCCARTESIANPOINT((-8.,-75.));
#478=IFCCARTESIANPOINT((0.,-75.));
#479=IFCCARTESIANPOINT((0.,75.));
#480=IFCCARTESIANPOINT((-8.,75.));
#481=IFCCARTESIANPOINT((-8.,4.));
#482=IFCCARTESIANPOINT((-292.,4.));
#483=IFCCARTESIANPOINT((-292.,75.));
#484=IFCCARTESIANPOINT((-300.,75.));
#485=IFCCARTESIANPOINT((-300.,-75.));
#486=IFCCARTESIANPOINT((-292.,-75.));
#487=IFCPOLYLINE((#474,#475,#476,#477,#478,#479,#480,#481,#482,#483,#484,#485,#486));
#488=IFCARBITRARYCLOSEDPROFILEDEF(.AREA.,$,#487);
#489=IFCCARTESIANPOINT((0.,923.1406,3052.186));
#490=IFCDIRECTION((-0.,-0.9936,-0.1127));
#491=IFCDIRECTION((0.,-0.1127,0.9936));
#492=IFCAXIS2PLACEMENT3D(#489,#490,#491);
#493=IFCCARTESIANPOINT((-9131.8116,0.,0.));
#494=IFCDIRECTION((0.,1.,0.));
#495=IFCAXIS1PLACEMENT(#493,#494);
#496=IFCREVOLVEDAREASOLID(#488,#492,#495,0.101326909543992);
#497=IFCSHAPEREPRESENTATION(#17,'Body','SweptSolid',(#496));
#498=IFCPRODUCTDEFINITIONSHAPE($,$,(#497));
#504=IFCOWNERHISTORY(#3,#4,.READWRITE.,.MODIFIED.,1779428011,#3,#4,1779428011);
#505=IFCBEAM('1ZB269dRr4uunMicZ_BUAP',#504,'swept beam_0_1',$,$,#510,#498,$);
#506=IFCCARTESIANPOINT((0.,0.,0.));
#507=IFCDIRECTION((0.,0.,1.));
#508=IFCDIRECTION((1.,0.,0.));
#509=IFCAXIS2PLACEMENT3D(#506,#507,#508);
#510=IFCLOCALPLACEMENT(#39,#509);
#511=IFCPROPERTYSINGLEVALUE('Name',$,IFCLABEL('swept beam_0_1'),$);
#512=IFCPROPERTYSINGLEVALUE('ArcLength',$,IFCLENGTHMEASURE(925.),$);
#513=IFCPROPERTYSINGLEVALUE('ArcAngle_rad',$,IFCREAL(0.1),$);
#514=IFCPROPERTYSINGLEVALUE('ArcAngle_deg',$,IFCREAL(5.8),$);
#515=IFCPROPERTYSET('1n0G$Trez7hvKdVVTt5kwC',$,'EPset_IfcKit_Geometry',$,(#511,#512,#513,#514));
#516=IFCRELDEFINESBYPROPERTIES('31cMMcOmb8Z86rcw9qX_wU',$,$,$,(#505),#515);
#517=IFCCOLOURRGB($,0.501960784313725,0.501960784313725,0.501960784313725);
#518=IFCSURFACESTYLERENDERING(#517,0.,$,$,$,$,$,$,.FLAT.);
#519=IFCSURFACESTYLE($,.BOTH.,(#518));
#520=IFCPRESENTATIONSTYLEASSIGNMENT((#519));
#521=IFCSTYLEDITEM(#496,(#520),$);
#522=IFCCARTESIANPOINT((-292.,-75.));
#523=IFCCARTESIANPOINT((-292.,-4.));
#524=IFCCARTESIANPOINT((-8.,-4.));
#525=IFCCARTESIANPOINT((-8.,-75.));
#526=IFCCARTESIANPOINT((0.,-75.));
#527=IFCCARTESIANPOINT((0.,75.));
#528=IFCCARTESIANPOINT((-8.,75.));
#529=IFCCARTESIANPOINT((-8.,4.));
#530=IFCCARTESIANPOINT((-292.,4.));
#531=IFCCARTESIANPOINT((-292.,75.));
#532=IFCCARTESIANPOINT((-300.,75.));
#533=IFCCARTESIANPOINT((-300.,-75.));
#534=IFCCARTESIANPOINT((-292.,-75.));
#535=IFCPOLYLINE((#522,#523,#524,#525,#526,#527,#528,#529,#530,#531,#532,#533,#534));
#536=IFCARBITRARYCLOSEDPROFILEDEF(.AREA.,$,#535);
#537=IFCCARTESIANPOINT((0.,1846.25,3109.75));
#538=IFCDIRECTION((-0.,-0.9999,-0.0116));
#539=IFCDIRECTION((0.,-0.0116,0.9999));
#540=IFCAXIS2PLACEMENT3D(#537,#538,#539);
#541=IFCCARTESIANPOINT((-5666.7702,0.,0.));
#542=IFCDIRECTION((0.,1.,0.));
#543=IFCAXIS1PLACEMENT(#541,#542);
#544=IFCREVOLVEDAREASOLID(#536,#540,#543,0.187022975507179);
#545=IFCSHAPEREPRESENTATION(#17,'Body','SweptSolid',(#544));
#546=IFCPRODUCTDEFINITIONSHAPE($,$,(#545));
#552=IFCOWNERHISTORY(#3,#4,.READWRITE.,.MODIFIED.,1779428011,#3,#4,1779428011);
#553=IFCBEAM('3DkSxndUbBzvpHMA1862pB',#552,'swept beam_0_2',$,$,#558,#546,$);
#554=IFCCARTESIANPOINT((0.,0.,0.));
#555=IFCDIRECTION((0.,0.,1.));
#556=IFCDIRECTION((1.,0.,0.));
#557=IFCAXIS2PLACEMENT3D(#554,#555,#556);
#558=IFCLOCALPLACEMENT(#39,#557);
#559=IFCPROPERTYSINGLEVALUE('Name',$,IFCLABEL('swept beam_0_2'),$);
#560=IFCPROPERTYSINGLEVALUE('ArcLength',$,IFCLENGTHMEASURE(1060.),$);
#561=IFCPROPERTYSINGLEVALUE('ArcAngle_rad',$,IFCREAL(0.19),$);
#562=IFCPROPERTYSINGLEVALUE('ArcAngle_deg',$,IFCREAL(10.7),$);
#563=IFCPROPERTYSET('0rQWlewoz1pxCLS2Ik9P$U',$,'EPset_IfcKit_Geometry',$,(#559,#560,#561,#562));
#564=IFCRELDEFINESBYPROPERTIES('34dNlcXFf6tAAGy8QqMO97',$,$,$,(#553),#563);
#565=IFCCOLOURRGB($,0.501960784313725,0.501960784313725,0.501960784313725);
#566=IFCSURFACESTYLERENDERING(#565,0.,$,$,$,$,$,$,.FLAT.);
#567=IFCSURFACESTYLE($,.BOTH.,(#566));
#568=IFCPRESENTATIONSTYLEASSIGNMENT((#567));
#569=IFCSTYLEDITEM(#544,(#568),$);
#570=IFCCARTESIANPOINT((-292.,-75.));
#571=IFCCARTESIANPOINT((-292.,-4.));
#572=IFCCARTESIANPOINT((-8.,-4.));
#573=IFCCARTESIANPOINT((-8.,-75.));
#574=IFCCARTESIANPOINT((0.,-75.));
#575=IFCCARTESIANPOINT((0.,75.));
#576=IFCCARTESIANPOINT((-8.,75.));
#577=IFCCARTESIANPOINT((-8.,4.));
#578=IFCCARTESIANPOINT((-292.,4.));
#579=IFCCARTESIANPOINT((-292.,75.));
#580=IFCCARTESIANPOINT((-300.,75.));
#581=IFCCARTESIANPOINT((-300.,-75.));
#582=IFCCARTESIANPOINT((-292.,-75.));
#583=IFCPOLYLINE((#570,#571,#572,#573,#574,#575,#576,#577,#578,#579,#580,#581,#582));
#584=IFCARBITRARYCLOSEDPROFILEDEF(.AREA.,$,#583);
#585=IFCCARTESIANPOINT((0.,2900.9753,3023.1778));
#586=IFCDIRECTION((-0.,-0.9847,0.1745));
#587=IFCDIRECTION((0.,0.1745,0.9847));
#588=IFCAXIS2PLACEMENT3D(#585,#586,#587);
#589=IFCCARTESIANPOINT((-2879.6061,0.,0.));
#590=IFCDIRECTION((0.,1.,0.));
#591=IFCAXIS1PLACEMENT(#589,#590);
#592=IFCREVOLVEDAREASOLID(#584,#588,#591,0.365011247462033);
#593=IFCSHAPEREPRESENTATION(#17,'Body','SweptSolid',(#592));
#594=IFCPRODUCTDEFINITIONSHAPE($,$,(#593));
#600=IFCOWNERHISTORY(#3,#4,.READWRITE.,.MODIFIED.,1779428011,#3,#4,1779428011);
#601=IFCBEAM('0ZD5xLl2L0yOI3kN_klu5r',#600,'swept beam_0_3',$,$,#606,#594,$);
#602=IFCCARTESIANPOINT((0.,0.,0.));
#603=IFCDIRECTION((0.,0.,1.));
#604=IFCDIRECTION((1.,0.,0.));
#605=IFCAXIS2PLACEMENT3D(#602,#603,#604);
#606=IFCLOCALPLACEMENT(#39,#605);
#607=IFCPROPERTYSINGLEVALUE('Name',$,IFCLABEL('swept beam_0_3'),$);
#608=IFCPROPERTYSINGLEVALUE('ArcLength',$,IFCLENGTHMEASURE(1051.),$);
#609=IFCPROPERTYSINGLEVALUE('ArcAngle_rad',$,IFCREAL(0.37),$);
#610=IFCPROPERTYSINGLEVALUE('ArcAngle_deg',$,IFCREAL(20.9),$);
#611=IFCPROPERTYSET('3B2NGwejvERAoKpcprLX$7',$,'EPset_IfcKit_Geometry',$,(#607,#608,#609,#610));
#612=IFCRELDEFINESBYPROPERTIES('0yaEefi812dxSpijzPBoDh',$,$,$,(#601),#611);
#613=IFCCOLOURRGB($,0.501960784313725,0.501960784313725,0.501960784313725);
#614=IFCSURFACESTYLERENDERING(#613,0.,$,$,$,$,$,$,.FLAT.);
#615=IFCSURFACESTYLE($,.BOTH.,(#614));
#616=IFCPRESENTATIONSTYLEASSIGNMENT((#615));
#617=IFCSTYLEDITEM(#592,(#616),$);
#618=IFCCARTESIANPOINT((-292.,-75.));
#619=IFCCARTESIANPOINT((-292.,-4.));
#620=IFCCARTESIANPOINT((-8.,-4.));
#621=IFCCARTESIANPOINT((-8.,-75.));
#622=IFCCARTESIANPOINT((0.,-75.));
#623=IFCCARTESIANPOINT((0.,75.));
#624=IFCCARTESIANPOINT((-8.,75.));
#625=IFCCARTESIANPOINT((-8.,4.));
#626=IFCCARTESIANPOINT((-292.,4.));
#627=IFCCARTESIANPOINT((-292.,75.));
#628=IFCCARTESIANPOINT((-300.,75.));
#629=IFCCARTESIANPOINT((-300.,-75.));
#630=IFCCARTESIANPOINT((-292.,-75.));
#631=IFCPOLYLINE((#618,#619,#620,#621,#622,#623,#624,#625,#626,#627,#628,#629,#630));
#632=IFCARBITRARYCLOSEDPROFILEDEF(.AREA.,$,#631);
#633=IFCCARTESIANPOINT((0.,3880.,2657.));
#634=IFCDIRECTION((-0.,-0.8575,0.5145));
#635=IFCDIRECTION((0.,0.5145,0.8575));
#636=IFCAXIS2PLACEMENT3D(#633,#634,#635);
#637=IFCCARTESIANPOINT((-4141.7997,0.,0.));
#638=IFCDIRECTION((0.,1.,0.));
#639=IFCAXIS1PLACEMENT(#637,#638);
#640=IFCREVOLVEDAREASOLID(#632,#636,#639,0.28960329950655);
#641=IFCSHAPEREPRESENTATION(#17,'Body','SweptSolid',(#640));
#642=IFCPRODUCTDEFINITIONSHAPE($,$,(#641));
#648=IFCOWNERHISTORY(#3,#4,.READWRITE.,.MODIFIED.,1779428011,#3,#4,1779428011);
#649=IFCBEAM('0BgMmvmtz7VR8IRWR03zAx',#648,'swept beam_0_4',$,$,#654,#642,$);
#650=IFCCARTESIANPOINT((0.,0.,0.));
#651=IFCDIRECTION((0.,0.,1.));
#652=IFCDIRECTION((1.,0.,0.));
#653=IFCAXIS2PLACEMENT3D(#650,#651,#652);
#654=IFCLOCALPLACEMENT(#39,#653);
#655=IFCPROPERTYSINGLEVALUE('Name',$,IFCLABEL('swept beam_0_4'),$);
#656=IFCPROPERTYSINGLEVALUE('ArcLength',$,IFCLENGTHMEASURE(1199.),$);
#657=IFCPROPERTYSINGLEVALUE('ArcAngle_rad',$,IFCREAL(0.29),$);
#658=IFCPROPERTYSINGLEVALUE('ArcAngle_deg',$,IFCREAL(16.6),$);
#659=IFCPROPERTYSET('0cAXVz67X8XuWBVcNgcM03',$,'EPset_IfcKit_Geometry',$,(#655,#656,#657,#658));
#660=IFCRELDEFINESBYPROPERTIES('09A8zuj_fDVhoIajUaBdjN',$,$,$,(#649),#659);
#661=IFCCOLOURRGB($,0.501960784313725,0.501960784313725,0.501960784313725);
#662=IFCSURFACESTYLERENDERING(#661,0.,$,$,$,$,$,$,.FLAT.);
#663=IFCSURFACESTYLE($,.BOTH.,(#662));
#664=IFCPRESENTATIONSTYLEASSIGNMENT((#663));
#665=IFCSTYLEDITEM(#640,(#664),$);
#666=IFCCARTESIANPOINT((292.,75.));
#667=IFCCARTESIANPOINT((292.,4.));
#668=IFCCARTESIANPOINT((8.,4.));
#669=IFCCARTESIANPOINT((8.,75.));
#670=IFCCARTESIANPOINT((0.,75.));
#671=IFCCARTESIANPOINT((0.,-75.));
#672=IFCCARTESIANPOINT((8.,-75.));
#673=IFCCARTESIANPOINT((8.,-4.));
#674=IFCCARTESIANPOINT((292.,-4.));
#675=IFCCARTESIANPOINT((292.,-75.));
#676=IFCCARTESIANPOINT((300.,-75.));
#677=IFCCARTESIANPOINT((300.,75.));
#678=IFCCARTESIANPOINT((292.,75.));
#679=IFCPOLYLINE((#666,#667,#668,#669,#670,#671,#672,#673,#674,#675,#676,#677,#678));
#680=IFCARBITRARYCLOSEDPROFILEDEF(.AREA.,$,#679);
#681=IFCCARTESIANPOINT((0.,4805.4893,1900.5666));
#682=IFCDIRECTION((-0.,-0.6749,0.7379));
#683=IFCDIRECTION((0.,-0.7379,-0.6749));
#684=IFCAXIS2PLACEMENT3D(#681,#682,#683);
#685=IFCCARTESIANPOINT((-13535.3362,0.,0.));
#686=IFCDIRECTION((0.,1.,0.));
#687=IFCAXIS1PLACEMENT(#685,#686);
#688=IFCREVOLVEDAREASOLID(#680,#684,#687,0.0891837759307039);
#689=IFCSHAPEREPRESENTATION(#17,'Body','SweptSolid',(#688));
#690=IFCPRODUCTDEFINITIONSHAPE($,$,(#689));
#696=IFCOWNERHISTORY(#3,#4,.READWRITE.,.MODIFIED.,1779428011,#3,#4,1779428011);
#697=IFCBEAM('3ZkRlpfbT3nvt6HSzJIwz8',#696,'swept beam_0_5',$,$,#702,#690,$);
#698=IFCCARTESIANPOINT((0.,0.,0.));
#699=IFCDIRECTION((0.,0.,1.));
#700=IFCDIRECTION((1.,0.,0.));
#701=IFCAXIS2PLACEMENT3D(#698,#699,#700);
#702=IFCLOCALPLACEMENT(#39,#701);
#703=IFCPROPERTYSINGLEVALUE('Name',$,IFCLABEL('swept beam_0_5'),$);
#704=IFCPROPERTYSINGLEVALUE('ArcLength',$,IFCLENGTHMEASURE(1207.),$);
#705=IFCPROPERTYSINGLEVALUE('ArcAngle_rad',$,IFCREAL(0.09),$);
#706=IFCPROPERTYSINGLEVALUE('ArcAngle_deg',$,IFCREAL(5.1),$);
#707=IFCPROPERTYSET('3L$zJvJ$f5vAo7Glb6ZvBD',$,'EPset_IfcKit_Geometry',$,(#703,#704,#705,#706));
#708=IFCRELDEFINESBYPROPERTIES('3Kygse_B91cxxlN6H0kfT_',$,$,$,(#697),#707);
#709=IFCCOLOURRGB($,0.501960784313725,0.501960784313725,0.501960784313725);
#710=IFCSURFACESTYLERENDERING(#709,0.,$,$,$,$,$,$,.FLAT.);
#711=IFCSURFACESTYLE($,.BOTH.,(#710));
#712=IFCPRESENTATIONSTYLEASSIGNMENT((#711));
#713=IFCSTYLEDITEM(#688,(#712),$);
#714=IFCCARTESIANPOINT((292.,75.));
#715=IFCCARTESIANPOINT((292.,4.));
#716=IFCCARTESIANPOINT((8.,4.));
#717=IFCCARTESIANPOINT((8.,75.));
#718=IFCCARTESIANPOINT((0.,75.));
#719=IFCCARTESIANPOINT((0.,-75.));
#720=IFCCARTESIANPOINT((8.,-75.));
#721=IFCCARTESIANPOINT((8.,-4.));
#722=IFCCARTESIANPOINT((292.,-4.));
#723=IFCCARTESIANPOINT((292.,-75.));
#724=IFCCARTESIANPOINT((300.,-75.));
#725=IFCCARTESIANPOINT((300.,75.));
#726=IFCCARTESIANPOINT((292.,75.));
#727=IFCPOLYLINE((#714,#715,#716,#717,#718,#719,#720,#721,#722,#723,#724,#725,#726));
#728=IFCARBITRARYCLOSEDPROFILEDEF(.AREA.,$,#727);
#729=IFCCARTESIANPOINT((0.,5658.75,1047.25));
#730=IFCDIRECTION((-0.,-0.7379,0.6749));
#731=IFCDIRECTION((0.,-0.6749,-0.7379));
#732=IFCAXIS2PLACEMENT3D(#729,#730,#731);
#733=IFCCARTESIANPOINT((-4829.7714,0.,0.));
#734=IFCDIRECTION((0.,1.,0.));
#735=IFCAXIS1PLACEMENT(#733,#734);
#736=IFCREVOLVEDAREASOLID(#728,#732,#735,0.273446228692955);
#737=IFCSHAPEREPRESENTATION(#17,'Body','SweptSolid',(#736));
#738=IFCPRODUCTDEFINITIONSHAPE($,$,(#737));
#744=IFCOWNERHISTORY(#3,#4,.READWRITE.,.MODIFIED.,1779428011,#3,#4,1779428011);
#745=IFCBEAM('1MVYFXkuTE0Oi5j3DPySxB',#744,'swept beam_0_6',$,$,#750,#738,$);
#746=IFCCARTESIANPOINT((0.,0.,0.));
#747=IFCDIRECTION((0.,0.,1.));
#748=IFCDIRECTION((1.,0.,0.));
#749=IFCAXIS2PLACEMENT3D(#746,#747,#748);
#750=IFCLOCALPLACEMENT(#39,#749);
#751=IFCPROPERTYSINGLEVALUE('Name',$,IFCLABEL('swept beam_0_6'),$);
#752=IFCPROPERTYSINGLEVALUE('ArcLength',$,IFCLENGTHMEASURE(1321.),$);
#753=IFCPROPERTYSINGLEVALUE('ArcAngle_rad',$,IFCREAL(0.27),$);
#754=IFCPROPERTYSINGLEVALUE('ArcAngle_deg',$,IFCREAL(15.7),$);
#755=IFCPROPERTYSET('32O20ydqH7DODDfAM1_ZWf',$,'EPset_IfcKit_Geometry',$,(#751,#752,#753,#754));
#756=IFCRELDEFINESBYPROPERTIES('2Gk210lbH2jR$9Y78br0Lh',$,$,$,(#745),#755);
#757=IFCCOLOURRGB($,0.501960784313725,0.501960784313725,0.501960784313725);
#758=IFCSURFACESTYLERENDERING(#757,0.,$,$,$,$,$,$,.FLAT.);
#759=IFCSURFACESTYLE($,.BOTH.,(#758));
#760=IFCPRESENTATIONSTYLEASSIGNMENT((#759));
#761=IFCSTYLEDITEM(#736,(#760),$);
#762=IFCCARTESIANPOINT((292.,75.));
#763=IFCCARTESIANPOINT((292.,4.));
#764=IFCCARTESIANPOINT((8.,4.));
#765=IFCCARTESIANPOINT((8.,75.));
#766=IFCCARTESIANPOINT((0.,75.));
#767=IFCCARTESIANPOINT((0.,-75.));
#768=IFCCARTESIANPOINT((8.,-75.));
#769=IFCCARTESIANPOINT((8.,-4.));
#770=IFCCARTESIANPOINT((292.,-4.));
#771=IFCCARTESIANPOINT((292.,-75.));
#772=IFCCARTESIANPOINT((300.,-75.));
#773=IFCCARTESIANPOINT((300.,75.));
#774=IFCCARTESIANPOINT((292.,75.));
#775=IFCPOLYLINE((#762,#763,#764,#765,#766,#767,#768,#769,#770,#771,#772,#773,#774));
#776=IFCARBITRARYCLOSEDPROFILEDEF(.AREA.,$,#775);
#777=IFCCARTESIANPOINT((0.,6742.2948,299.3914));
#778=IFCDIRECTION((-0.,-0.8927,0.4506));
#779=IFCDIRECTION((0.,-0.4506,-0.8927));
#780=IFCAXIS2PLACEMENT3D(#777,#778,#779);
#781=IFCCARTESIANPOINT((-2791.4251,0.,0.));
#782=IFCDIRECTION((0.,1.,0.));
#783=IFCAXIS1PLACEMENT(#781,#782);
#784=IFCREVOLVEDAREASOLID(#776,#780,#783,0.467392795153473);
#785=IFCSHAPEREPRESENTATION(#17,'Body','SweptSolid',(#784));
#786=IFCPRODUCTDEFINITIONSHAPE($,$,(#785));
#792=IFCOWNERHISTORY(#3,#4,.READWRITE.,.MODIFIED.,1779428011,#3,#4,1779428011);
#793=IFCBEAM('09kuifITX2hOjf1h3m9gS8',#792,'swept beam_0_7',$,$,#798,#786,$);
#794=IFCCARTESIANPOINT((0.,0.,0.));
#795=IFCDIRECTION((0.,0.,1.));
#796=IFCDIRECTION((1.,0.,0.));
#797=IFCAXIS2PLACEMENT3D(#794,#795,#796);
#798=IFCLOCALPLACEMENT(#39,#797);
#799=IFCPROPERTYSINGLEVALUE('Name',$,IFCLABEL('swept beam_0_7'),$);
#800=IFCPROPERTYSINGLEVALUE('ArcLength',$,IFCLENGTHMEASURE(1305.),$);
#801=IFCPROPERTYSINGLEVALUE('ArcAngle_rad',$,IFCREAL(0.47),$);
#802=IFCPROPERTYSINGLEVALUE('ArcAngle_deg',$,IFCREAL(26.8),$);
#803=IFCPROPERTYSET('0HaUrQ1ZX2Ku$Lmy7Vf5Yo',$,'EPset_IfcKit_Geometry',$,(#799,#800,#801,#802));
#804=IFCRELDEFINESBYPROPERTIES('25wqNtuUrAJPvfz4mOSKjl',$,$,$,(#793),#803);
#805=IFCCOLOURRGB($,0.501960784313725,0.501960784313725,0.501960784313725);
#806=IFCSURFACESTYLERENDERING(#805,0.,$,$,$,$,$,$,.FLAT.);
#807=IFCSURFACESTYLE($,.BOTH.,(#806));
#808=IFCPRESENTATIONSTYLEASSIGNMENT((#807));
#809=IFCSTYLEDITEM(#784,(#808),$);
#810=IFCCARTESIANPOINT((292.,75.));
#811=IFCCARTESIANPOINT((292.,4.));
#812=IFCCARTESIANPOINT((8.,4.));
#813=IFCCARTESIANPOINT((8.,75.));
#814=IFCCARTESIANPOINT((0.,75.));
#815=IFCCARTESIANPOINT((0.,-75.));
#816=IFCCARTESIANPOINT((8.,-75.));
#817=IFCCARTESIANPOINT((8.,-4.));
#818=IFCCARTESIANPOINT((292.,-4.));
#819=IFCCARTESIANPOINT((292.,-75.));
#820=IFCCARTESIANPOINT((300.,-75.));
#821=IFCCARTESIANPOINT((300.,75.));
#822=IFCCARTESIANPOINT((292.,75.));
#823=IFCPOLYLINE((#810,#811,#812,#813,#814,#815,#816,#817,#818,#819,#820,#821,#822));
#824=IFCARBITRARYCLOSEDPROFILEDEF(.AREA.,$,#823);
#825=IFCCARTESIANPOINT((2500.,0.,3482.651));
#826=IFCDIRECTION((-0.,-0.9996,0.0284));
#827=IFCDIRECTION((0.,-0.0284,-0.9996));
#828=IFCAXIS2PLACEMENT3D(#825,#826,#827);
#829=IFCCARTESIANPOINT((-5757.9173,0.,0.));
#830=IFCDIRECTION((0.,1.,0.));
#831=IFCAXIS1PLACEMENT(#829,#830);
#832=IFCREVOLVEDAREASOLID(#824,#828,#831,0.191171651596036);
#833=IFCSHAPEREPRESENTATION(#17,'Body','SweptSolid',(#832));
#834=IFCPRODUCTDEFINITIONSHAPE($,$,(#833));
#840=IFCOWNERHISTORY(#3,#4,.READWRITE.,.MODIFIED.,1779428011,#3,#4,1779428011);
#841=IFCBEAM('0xKK5VGoH42OP1511jGC4A',#840,'swept beam_0_0',$,$,#846,#834,$);
#842=IFCCARTESIANPOINT((0.,0.,0.));
#843=IFCDIRECTION((0.,0.,1.));
#844=IFCDIRECTION((1.,0.,0.));
#845=IFCAXIS2PLACEMENT3D(#842,#843,#844);
#846=IFCLOCALPLACEMENT(#39,#845);
#847=IFCPROPERTYSINGLEVALUE('Name',$,IFCLABEL('swept beam_0_0'),$);
#848=IFCPROPERTYSINGLEVALUE('ArcLength',$,IFCLENGTHMEASURE(1101.),$);
#849=IFCPROPERTYSINGLEVALUE('ArcAngle_rad',$,IFCREAL(0.19),$);
#850=IFCPROPERTYSINGLEVALUE('ArcAngle_deg',$,IFCREAL(11.),$);
#851=IFCPROPERTYSET('25uWWzpKL2YAxt6adeJNuw',$,'EPset_IfcKit_Geometry',$,(#847,#848,#849,#850));
#852=IFCRELDEFINESBYPROPERTIES('0VdgQp3R52MQikOhSDW8XF',$,$,$,(#841),#851);
#853=IFCCOLOURRGB($,0.501960784313725,0.501960784313725,0.501960784313725);
#854=IFCSURFACESTYLERENDERING(#853,0.,$,$,$,$,$,$,.FLAT.);
#855=IFCSURFACESTYLE($,.BOTH.,(#854));
#856=IFCPRESENTATIONSTYLEASSIGNMENT((#855));
#857=IFCSTYLEDITEM(#832,(#856),$);
#858=IFCCARTESIANPOINT((-292.,-75.));
#859=IFCCARTESIANPOINT((-292.,-4.));
#860=IFCCARTESIANPOINT((-8.,-4.));
#861=IFCCARTESIANPOINT((-8.,-75.));
#862=IFCCARTESIANPOINT((0.,-75.));
#863=IFCCARTESIANPOINT((0.,75.));
#864=IFCCARTESIANPOINT((-8.,75.));
#865=IFCCARTESIANPOINT((-8.,4.));
#866=IFCCARTESIANPOINT((-292.,4.));
#867=IFCCARTESIANPOINT((-292.,75.));
#868=IFCCARTESIANPOINT((-300.,75.));
#869=IFCCARTESIANPOINT((-300.,-75.));
#870=IFCCARTESIANPOINT((-292.,-75.));
#871=IFCPOLYLINE((#858,#859,#860,#861,#862,#863,#864,#865,#866,#867,#868,#869,#870));
#872=IFCARBITRARYCLOSEDPROFILEDEF(.AREA.,$,#871);
#873=IFCCARTESIANPOINT((2500.,1096.5985,3556.3925));
#874=IFCDIRECTION((0.,-0.9868,-0.162));
#875=IFCDIRECTION((-0.,-0.162,0.9868));
#876=IFCAXIS2PLACEMENT3D(#873,#874,#875);
#877=IFCCARTESIANPOINT((-7360.154,0.,0.));
#878=IFCDIRECTION((0.,1.,0.));
#879=IFCAXIS1PLACEMENT(#877,#878);
#880=IFCREVOLVEDAREASOLID(#872,#876,#879,0.149732146148766);
#881=IFCSHAPEREPRESENTATION(#17,'Body','SweptSolid',(#880));
#882=IFCPRODUCTDEFINITIONSHAPE($,$,(#881));
#888=IFCOWNERHISTORY(#3,#4,.READWRITE.,.MODIFIED.,1779428011,#3,#4,1779428011);
#889=IFCBEAM('0jFyFdJWj0H8XVz6_Ao7R4',#888,'swept beam_0_1',$,$,#894,#882,$);
#890=IFCCARTESIANPOINT((0.,0.,0.));
#891=IFCDIRECTION((0.,0.,1.));
#892=IFCDIRECTION((1.,0.,0.));
#893=IFCAXIS2PLACEMENT3D(#890,#891,#892);
#894=IFCLOCALPLACEMENT(#39,#893);
#895=IFCPROPERTYSINGLEVALUE('Name',$,IFCLABEL('swept beam_0_1'),$);
#896=IFCPROPERTYSINGLEVALUE('ArcLength',$,IFCLENGTHMEASURE(1102.),$);
#897=IFCPROPERTYSINGLEVALUE('ArcAngle_rad',$,IFCREAL(0.15),$);
#898=IFCPROPERTYSINGLEVALUE('ArcAngle_deg',$,IFCREAL(8.6),$);
#899=IFCPROPERTYSET('3xA0vmgjb7GRQ7$NJVBHnc',$,'EPset_IfcKit_Geometry',$,(#895,#896,#897,#898));
#900=IFCRELDEFINESBYPROPERTIES('2X1yl6SDL1iOAJ1$j1NE3j',$,$,$,(#889),#899);
#901=IFCCOLOURRGB($,0.501960784313725,0.501960784313725,0.501960784313725);
#902=IFCSURFACESTYLERENDERING(#901,0.,$,$,$,$,$,$,.FLAT.);
#903=IFCSURFACESTYLE($,.BOTH.,(#902));
#904=IFCPRESENTATIONSTYLEASSIGNMENT((#903));
#905=IFCSTYLEDITEM(#880,(#904),$);
#906=IFCCARTESIANPOINT((-292.,-75.));
#907=IFCCARTESIANPOINT((-292.,-4.));
#908=IFCCARTESIANPOINT((-8.,-4.));
#909=IFCCARTESIANPOINT((-8.,-75.));
#910=IFCCARTESIANPOINT((0.,-75.));
#911=IFCCARTESIANPOINT((0.,75.));
#912=IFCCARTESIANPOINT((-8.,75.));
#913=IFCCARTESIANPOINT((-8.,4.));
#914=IFCCARTESIANPOINT((-292.,4.));
#915=IFCCARTESIANPOINT((-292.,75.));
#916=IFCCARTESIANPOINT((-300.,75.));
#917=IFCCARTESIANPOINT((-300.,-75.));
#918=IFCCARTESIANPOINT((-292.,-75.));
#919=IFCPOLYLINE((#906,#907,#908,#909,#910,#911,#912,#913,#914,#915,#916,#917,#918));
#920=IFCARBITRARYCLOSEDPROFILEDEF(.AREA.,$,#919);
#921=IFCCARTESIANPOINT((2500.,2193.3737,3653.0087));
#922=IFCDIRECTION((0.,-0.9999,-0.013));
#923=IFCDIRECTION((-0.,-0.013,0.9999));
#924=IFCAXIS2PLACEMENT3D(#921,#922,#923);
#925=IFCCARTESIANPOINT((-4069.8521,0.,0.));
#926=IFCDIRECTION((0.,1.,0.));
#927=IFCAXIS1PLACEMENT(#925,#926);
#928=IFCREVOLVEDAREASOLID(#920,#924,#927,0.270029127226056);
#929=IFCSHAPEREPRESENTATION(#17,'Body','SweptSolid',(#928));
#930=IFCPRODUCTDEFINITIONSHAPE($,$,(#929));
#936=IFCOWNERHISTORY(#3,#4,.READWRITE.,.MODIFIED.,1779428011,#3,#4,1779428011);
#937=IFCBEAM('04EI8NXOD8B8DcTdZIaXeI',#936,'swept beam_0_2',$,$,#942,#930,$);
#938=IFCCARTESIANPOINT((0.,0.,0.));
#939=IFCDIRECTION((0.,0.,1.));
#940=IFCDIRECTION((1.,0.,0.));
#941=IFCAXIS2PLACEMENT3D(#938,#939,#940);
#942=IFCLOCALPLACEMENT(#39,#941);
#943=IFCPROPERTYSINGLEVALUE('Name',$,IFCLABEL('swept beam_0_2'),$);
#944=IFCPROPERTYSINGLEVALUE('ArcLength',$,IFCLENGTHMEASURE(1099.),$);
#945=IFCPROPERTYSINGLEVALUE('ArcAngle_rad',$,IFCREAL(0.27),$);
#946=IFCPROPERTYSINGLEVALUE('ArcAngle_deg',$,IFCREAL(15.5),$);
#947=IFCPROPERTYSET('3E58_1Wdj3v91TvsV_NQPp',$,'EPset_IfcKit_Geometry',$,(#943,#944,#945,#946));
#948=IFCRELDEFINESBYPROPERTIES('3rigUy8kb17w1i1ndkbzRg',$,$,$,(#937),#947);
#949=IFCCOLOURRGB($,0.501960784313725,0.501960784313725,0.501960784313725);
#950=IFCSURFACESTYLERENDERING(#949,0.,$,$,$,$,$,$,.FLAT.);
#951=IFCSURFACESTYLE($,.BOTH.,(#950));
#952=IFCPRESENTATIONSTYLEASSIGNMENT((#951));
#953=IFCSTYLEDITEM(#928,(#952),$);
#954=IFCCARTESIANPOINT((-292.,-75.));
#955=IFCCARTESIANPOINT((-292.,-4.));
#956=IFCCARTESIANPOINT((-8.,-4.));
#957=IFCCARTESIANPOINT((-8.,-75.));
#958=IFCCARTESIANPOINT((0.,-75.));
#959=IFCCARTESIANPOINT((0.,75.));
#960=IFCCARTESIANPOINT((-8.,75.));
#961=IFCCARTESIANPOINT((-8.,4.));
#962=IFCCARTESIANPOINT((-292.,4.));
#963=IFCCARTESIANPOINT((-292.,75.));
#964=IFCCARTESIANPOINT((-300.,75.));
#965=IFCCARTESIANPOINT((-300.,-75.));
#966=IFCCARTESIANPOINT((-292.,-75.));
#967=IFCPOLYLINE((#954,#955,#956,#957,#958,#959,#960,#961,#962,#963,#964,#965,#966));
#968=IFCARBITRARYCLOSEDPROFILEDEF(.AREA.,$,#967);
#969=IFCCARTESIANPOINT((2500.,3280.8707,3519.6539));
#970=IFCDIRECTION((-0.,-0.9671,0.2542));
#971=IFCDIRECTION((0.,0.2542,0.9671));
#972=IFCAXIS2PLACEMENT3D(#969,#970,#971);
#973=IFCCARTESIANPOINT((-3124.2761,0.,0.));
#974=IFCDIRECTION((0.,1.,0.));
#975=IFCAXIS1PLACEMENT(#973,#974);
#976=IFCREVOLVEDAREASOLID(#968,#972,#975,0.350281663961703);
#977=IFCSHAPEREPRESENTATION(#17,'Body','SweptSolid',(#976));
#978=IFCPRODUCTDEFINITIONSHAPE($,$,(#977));
#984=IFCOWNERHISTORY(#3,#4,.READWRITE.,.MODIFIED.,1779428011,#3,#4,1779428011);
#985=IFCBEAM('1C8sxOx1rETwbI4OFf5oCI',#984,'swept beam_0_3',$,$,#990,#978,$);
#986=IFCCARTESIANPOINT((0.,0.,0.));
#987=IFCDIRECTION((0.,0.,1.));
#988=IFCDIRECTION((1.,0.,0.));
#989=IFCAXIS2PLACEMENT3D(#986,#987,#988);
#990=IFCLOCALPLACEMENT(#39,#989);
#991=IFCPROPERTYSINGLEVALUE('Name',$,IFCLABEL('swept beam_0_3'),$);
#992=IFCPROPERTYSINGLEVALUE('ArcLength',$,IFCLENGTHMEASURE(1094.),$);
#993=IFCPROPERTYSINGLEVALUE('ArcAngle_rad',$,IFCREAL(0.35),$);
#994=IFCPROPERTYSINGLEVALUE('ArcAngle_deg',$,IFCREAL(20.1),$);
#995=IFCPROPERTYSET('2zSwcXbz93zx755Ja1fU1I',$,'EPset_IfcKit_Geometry',$,(#991,#992,#993,#994));
#996=IFCRELDEFINESBYPROPERTIES('3F37W72vDCoRkYmcpJfrer',$,$,$,(#985),#995);
#997=IFCCOLOURRGB($,0.501960784313725,0.501960784313725,0.501960784313725);
#998=IFCSURFACESTYLERENDERING(#997,0.,$,$,$,$,$,$,.FLAT.);
#999=IFCSURFACESTYLE($,.BOTH.,(#998));
#1000=IFCPRESENTATIONSTYLEASSIGNMENT((#999));
#1001=IFCSTYLEDITEM(#976,(#1000),$);
#1002=IFCCARTESIANPOINT((-292.,-75.));
#1003=IFCCARTESIANPOINT((-292.,-4.));
#1004=IFCCARTESIANPOINT((-8.,-4.));
#1005=IFCCARTESIANPOINT((-8.,-75.));
#1006=IFCCARTESIANPOINT((0.,-75.));
#1007=IFCCARTESIANPOINT((0.,75.));
#1008=IFCCARTESIANPOINT((-8.,75.));
#1009=IFCCARTESIANPOINT((-8.,4.));
#1010=IFCCARTESIANPOINT((-292.,4.));
#1011=IFCCARTESIANPOINT((-292.,75.));
#1012=IFCCARTESIANPOINT((-300.,75.));
#1013=IFCCARTESIANPOINT((-300.,-75.));
#1014=IFCCARTESIANPOINT((-292.,-75.));
#1015=IFCPOLYLINE((#1002,#1003,#1004,#1005,#1006,#1007,#1008,#1009,#1010,#1011,#1012,#1013,#1014));
#1016=IFCARBITRARYCLOSEDPROFILEDEF(.AREA.,$,#1015);
#1017=IFCCARTESIANPOINT((2500.,4269.5557,3063.6208));
#1018=IFCDIRECTION((0.,-0.8212,0.5707));
#1019=IFCDIRECTION((-0.,0.5707,0.8212));
#1020=IFCAXIS2PLACEMENT3D(#1017,#1018,#1019);
#1021=IFCCARTESIANPOINT((-8200.7468,0.,0.));
#1022=IFCDIRECTION((0.,1.,0.));
#1023=IFCAXIS1PLACEMENT(#1021,#1022);
#1024=IFCREVOLVEDAREASOLID(#1016,#1020,#1023,0.13417951219347);
#1025=IFCSHAPEREPRESENTATION(#17,'Body','SweptSolid',(#1024));
#1026=IFCPRODUCTDEFINITIONSHAPE($,$,(#1025));
#1032=IFCOWNERHISTORY(#3,#4,.READWRITE.,.MODIFIED.,1779428011,#3,#4,1779428011);
#1033=IFCBEAM('0v4sQk6xT09xjgvYwaFCEb',#1032,'swept beam_0_4',$,$,#1038,#1026,$);
#1034=IFCCARTESIANPOINT((0.,0.,0.));
#1035=IFCDIRECTION((0.,0.,1.));
#1036=IFCDIRECTION((1.,0.,0.));
#1037=IFCAXIS2PLACEMENT3D(#1034,#1035,#1036);
#1038=IFCLOCALPLACEMENT(#39,#1037);
#1039=IFCPROPERTYSINGLEVALUE('Name',$,IFCLABEL('swept beam_0_4'),$);
#1040=IFCPROPERTYSINGLEVALUE('ArcLength',$,IFCLENGTHMEASURE(1100.),$);
#1041=IFCPROPERTYSINGLEVALUE('ArcAngle_rad',$,IFCREAL(0.13),$);
#1042=IFCPROPERTYSINGLEVALUE('ArcAngle_deg',$,IFCREAL(7.7),$);
#1043=IFCPROPERTYSET('3CVvaj_$XFIQm5SE$PhASz',$,'EPset_IfcKit_Geometry',$,(#1039,#1040,#1041,#1042));
#1044=IFCRELDEFINESBYPROPERTIES('39TRSe_xv9G8kF$521bWNV',$,$,$,(#1033),#1043);
#1045=IFCCOLOURRGB($,0.501960784313725,0.501960784313725,0.501960784313725);
#1046=IFCSURFACESTYLERENDERING(#1045,0.,$,$,$,$,$,$,.FLAT.);
#1047=IFCSURFACESTYLE($,.BOTH.,(#1046));
#1048=IFCPRESENTATIONSTYLEASSIGNMENT((#1047));
#1049=IFCSTYLEDITEM(#1024,(#1048),$);
#1050=IFCCARTESIANPOINT((292.,75.));
#1051=IFCCARTESIANPOINT((292.,4.));
#1052=IFCCARTESIANPOINT((8.,4.));
#1053=IFCCARTESIANPOINT((8.,75.));
#1054=IFCCARTESIANPOINT((0.,75.));
#1055=IFCCARTESIANPOINT((0.,-75.));
#1056=IFCCARTESIANPOINT((8.,-75.));
#1057=IFCCARTESIANPOINT((8.,-4.));
#1058=IFCCARTESIANPOINT((292.,-4.));
#1059=IFCCARTESIANPOINT((292.,-75.));
#1060=IFCCARTESIANPOINT((300.,-75.));
#1061=IFCCARTESIANPOINT((300.,75.));
#1062=IFCCARTESIANPOINT((292.,75.));
#1063=IFCPOLYLINE((#1050,#1051,#1052,#1053,#1054,#1055,#1056,#1057,#1058,#1059,#1060,#1061,#1062));
#1064=IFCARBITRARYCLOSEDPROFILEDEF(.AREA.,$,#1063);
#1065=IFCCARTESIANPOINT((2500.,5128.3902,2377.03));
#1066=IFCDIRECTION((-0.,-0.7375,0.6754));
#1067=IFCDIRECTION((0.,-0.6754,-0.7375));
#1068=IFCAXIS2PLACEMENT3D(#1065,#1066,#1067);
#1069=IFCCARTESIANPOINT((-9597.5986,0.,0.));
#1070=IFCDIRECTION((0.,1.,0.));
#1071=IFCAXIS1PLACEMENT(#1069,#1070);
#1072=IFCREVOLVEDAREASOLID(#1064,#1068,#1071,0.11469720346065);
#1073=IFCSHAPEREPRESENTATION(#17,'Body','SweptSolid',(#1072));
#1074=IFCPRODUCTDEFINITIONSHAPE($,$,(#1073));
#1080=IFCOWNERHISTORY(#3,#4,.READWRITE.,.MODIFIED.,1779428011,#3,#4,1779428011);
#1081=IFCBEAM('3vOKnusFTCuR8Dq81okT7R',#1080,'swept beam_0_5',$,$,#1086,#1074,$);
#1082=IFCCARTESIANPOINT((0.,0.,0.));
#1083=IFCDIRECTION((0.,0.,1.));
#1084=IFCDIRECTION((1.,0.,0.));
#1085=IFCAXIS2PLACEMENT3D(#1082,#1083,#1084);
#1086=IFCLOCALPLACEMENT(#39,#1085);
#1087=IFCPROPERTYSINGLEVALUE('Name',$,IFCLABEL('swept beam_0_5'),$);
#1088=IFCPROPERTYSINGLEVALUE('ArcLength',$,IFCLENGTHMEASURE(1101.),$);
#1089=IFCPROPERTYSINGLEVALUE('ArcAngle_rad',$,IFCREAL(0.11),$);
#1090=IFCPROPERTYSINGLEVALUE('ArcAngle_deg',$,IFCREAL(6.6),$);
#1091=IFCPROPERTYSET('25xaQdFq51JOGZbSokPali',$,'EPset_IfcKit_Geometry',$,(#1087,#1088,#1089,#1090));
#1092=IFCRELDEFINESBYPROPERTIES('39IWC7IevFEg_PpNUHVJTC',$,$,$,(#1081),#1091);
#1093=IFCCOLOURRGB($,0.501960784313725,0.501960784313725,0.501960784313725);
#1094=IFCSURFACESTYLERENDERING(#1093,0.,$,$,$,$,$,$,.FLAT.);
#1095=IFCSURFACESTYLE($,.BOTH.,(#1094));
#1096=IFCPRESENTATIONSTYLEASSIGNMENT((#1095));
#1097=IFCSTYLEDITEM(#1072,(#1096),$);
#1098=IFCCARTESIANPOINT((292.,75.));
#1099=IFCCARTESIANPOINT((292.,4.));
#1100=IFCCARTESIANPOINT((8.,4.));
#1101=IFCCARTESIANPOINT((8.,75.));
#1102=IFCCARTESIANPOINT((0.,75.));
#1103=IFCCARTESIANPOINT((0.,-75.));
#1104=IFCCARTESIANPOINT((8.,-75.));
#1105=IFCCARTESIANPOINT((8.,-4.));
#1106=IFCCARTESIANPOINT((292.,-4.));
#1107=IFCCARTESIANPOINT((292.,-75.));
#1108=IFCCARTESIANPOINT((300.,-75.));
#1109=IFCCARTESIANPOINT((300.,75.));
#1110=IFCCARTESIANPOINT((292.,75.));
#1111=IFCPOLYLINE((#1098,#1099,#1100,#1101,#1102,#1103,#1104,#1105,#1106,#1107,#1108,#1109,#1110));
#1112=IFCARBITRARYCLOSEDPROFILEDEF(.AREA.,$,#1111);
#1113=IFCCARTESIANPOINT((2500.,5981.0131,1681.6841));
#1114=IFCDIRECTION((0.,-0.8099,0.5866));
#1115=IFCDIRECTION((0.,-0.5866,-0.8099));
#1116=IFCAXIS2PLACEMENT3D(#1113,#1114,#1115);
#1117=IFCCARTESIANPOINT((-4862.6253,0.,0.));
#1118=IFCDIRECTION((0.,1.,0.));
#1119=IFCAXIS1PLACEMENT(#1117,#1118);
#1120=IFCREVOLVEDAREASOLID(#1112,#1116,#1119,0.226488137654733);
#1121=IFCSHAPEREPRESENTATION(#17,'Body','SweptSolid',(#1120));
#1122=IFCPRODUCTDEFINITIONSHAPE($,$,(#1121));
#1128=IFCOWNERHISTORY(#3,#4,.READWRITE.,.MODIFIED.,1779428011,#3,#4,1779428011);
#1129=IFCBEAM('0d_xJVxF586f2PdY0nyy2Y',#1128,'swept beam_0_6',$,$,#1134,#1122,$);
#1130=IFCCARTESIANPOINT((0.,0.,0.));
#1131=IFCDIRECTION((0.,0.,1.));
#1132=IFCDIRECTION((1.,0.,0.));
#1133=IFCAXIS2PLACEMENT3D(#1130,#1131,#1132);
#1134=IFCLOCALPLACEMENT(#39,#1133);
#1135=IFCPROPERTYSINGLEVALUE('Name',$,IFCLABEL('swept beam_0_6'),$);
#1136=IFCPROPERTYSINGLEVALUE('ArcLength',$,IFCLENGTHMEASURE(1101.),$);
#1137=IFCPROPERTYSINGLEVALUE('ArcAngle_rad',$,IFCREAL(0.23),$);
#1138=IFCPROPERTYSINGLEVALUE('ArcAngle_deg',$,IFCREAL(13.),$);
#1139=IFCPROPERTYSET('2ZwHDWQbPE7vuGvuI4bXE6',$,'EPset_IfcKit_Geometry',$,(#1135,#1136,#1137,#1138));
#1140=IFCRELDEFINESBYPROPERTIES('3f5tgb6VLBDg3qHOHU4c1O',$,$,$,(#1129),#1139);
#1141=IFCCOLOURRGB($,0.501960784313725,0.501960784313725,0.501960784313725);
#1142=IFCSURFACESTYLERENDERING(#1141,0.,$,$,$,$,$,$,.FLAT.);
#1143=IFCSURFACESTYLE($,.BOTH.,(#1142));
#1144=IFCPRESENTATIONSTYLEASSIGNMENT((#1143));
#1145=IFCSTYLEDITEM(#1120,(#1144),$);
#1146=IFCCARTESIANPOINT((292.,75.));
#1147=IFCCARTESIANPOINT((292.,4.));
#1148=IFCCARTESIANPOINT((8.,4.));
#1149=IFCCARTESIANPOINT((8.,75.));
#1150=IFCCARTESIANPOINT((0.,75.));
#1151=IFCCARTESIANPOINT((0.,-75.));
#1152=IFCCARTESIANPOINT((8.,-75.));
#1153=IFCCARTESIANPOINT((8.,-4.));
#1154=IFCCARTESIANPOINT((292.,-4.));
#1155=IFCCARTESIANPOINT((292.,-75.));
#1156=IFCCARTESIANPOINT((300.,-75.));
#1157=IFCCARTESIANPOINT((300.,75.));
#1158=IFCCARTESIANPOINT((292.,75.));
#1159=IFCPOLYLINE((#1146,#1147,#1148,#1149,#1150,#1151,#1152,#1153,#1154,#1155,#1156,#1157,#1158));
#1160=IFCARBITRARYCLOSEDPROFILEDEF(.AREA.,$,#1159);
#1161=IFCCARTESIANPOINT((2500.,6938.2261,1141.7875));
#1162=IFCDIRECTION((0.,-0.9209,0.3897));
#1163=IFCDIRECTION((-0.,-0.3897,-0.9209));
#1164=IFCAXIS2PLACEMENT3D(#1161,#1162,#1163);
#1165=IFCCARTESIANPOINT((-3081.4466,0.,0.));
#1166=IFCDIRECTION((0.,1.,0.));
#1167=IFCAXIS1PLACEMENT(#1165,#1166);
#1168=IFCREVOLVEDAREASOLID(#1160,#1164,#1167,0.355160517542367);
#1169=IFCSHAPEREPRESENTATION(#17,'Body','SweptSolid',(#1168));
#1170=IFCPRODUCTDEFINITIONSHAPE($,$,(#1169));
#1176=IFCOWNERHISTORY(#3,#4,.READWRITE.,.MODIFIED.,1779428011,#3,#4,1779428011);
#1177=IFCBEAM('2D19ORqrT1Sx0nO14vOGPo',#1176,'swept beam_0_7',$,$,#1182,#1170,$);
#1178=IFCCARTESIANPOINT((0.,0.,0.));
#1179=IFCDIRECTION((0.,0.,1.));
#1180=IFCDIRECTION((1.,0.,0.));
#1181=IFCAXIS2PLACEMENT3D(#1178,#1179,#1180);
#1182=IFCLOCALPLACEMENT(#39,#1181);
#1183=IFCPROPERTYSINGLEVALUE('Name',$,IFCLABEL('swept beam_0_7'),$);
#1184=IFCPROPERTYSINGLEVALUE('ArcLength',$,IFCLENGTHMEASURE(1094.),$);
#1185=IFCPROPERTYSINGLEVALUE('ArcAngle_rad',$,IFCREAL(0.36),$);
#1186=IFCPROPERTYSINGLEVALUE('ArcAngle_deg',$,IFCREAL(20.3),$);
#1187=IFCPROPERTYSET('2c0f_mLPf4Owp2ZyVLjNGN',$,'EPset_IfcKit_Geometry',$,(#1183,#1184,#1185,#1186));
#1188=IFCRELDEFINESBYPROPERTIES('1la1OuDS5DLe15sAEY_diT',$,$,$,(#1177),#1187);
#1189=IFCCOLOURRGB($,0.501960784313725,0.501960784313725,0.501960784313725);
#1190=IFCSURFACESTYLERENDERING(#1189,0.,$,$,$,$,$,$,.FLAT.);
#1191=IFCSURFACESTYLE($,.BOTH.,(#1190));
#1192=IFCPRESENTATIONSTYLEASSIGNMENT((#1191));
#1193=IFCSTYLEDITEM(#1168,(#1192),$);
#1194=IFCCARTESIANPOINT((292.,75.));
#1195=IFCCARTESIANPOINT((292.,4.));
#1196=IFCCARTESIANPOINT((8.,4.));
#1197=IFCCARTESIANPOINT((8.,75.));
#1198=IFCCARTESIANPOINT((0.,75.));
#1199=IFCCARTESIANPOINT((0.,-75.));
#1200=IFCCARTESIANPOINT((8.,-75.));
#1201=IFCCARTESIANPOINT((8.,-4.));
#1202=IFCCARTESIANPOINT((292.,-4.));
#1203=IFCCARTESIANPOINT((292.,-75.));
#1204=IFCCARTESIANPOINT((300.,-75.));
#1205=IFCCARTESIANPOINT((300.,75.));
#1206=IFCCARTESIANPOINT((292.,75.));
#1207=IFCPOLYLINE((#1194,#1195,#1196,#1197,#1198,#1199,#1200,#1201,#1202,#1203,#1204,#1205,#1206));
#1208=IFCARBITRARYCLOSEDPROFILEDEF(.AREA.,$,#1207);
#1209=IFCCARTESIANPOINT((5000.,-0.,3798.5));
#1210=IFCDIRECTION((0.,-0.9982,-0.0593));
#1211=IFCDIRECTION((-0.,0.0593,-0.9982));
#1212=IFCAXIS2PLACEMENT3D(#1209,#1210,#1211);
#1213=IFCCARTESIANPOINT((-4571.6526,0.,0.));
#1214=IFCDIRECTION((0.,1.,0.));
#1215=IFCAXIS1PLACEMENT(#1213,#1214);
#1216=IFCREVOLVEDAREASOLID(#1208,#1212,#1215,0.230553065009251);
#1217=IFCSHAPEREPRESENTATION(#17,'Body','SweptSolid',(#1216));
#1218=IFCPRODUCTDEFINITIONSHAPE($,$,(#1217));
#1224=IFCOWNERHISTORY(#3,#4,.READWRITE.,.MODIFIED.,1779428011,#3,#4,1779428011);
#1225=IFCBEAM('2LmKCZeI10rf4az0svlgHN',#1224,'swept beam_0_0',$,$,#1230,#1218,$);
#1226=IFCCARTESIANPOINT((0.,0.,0.));
#1227=IFCDIRECTION((0.,0.,1.));
#1228=IFCDIRECTION((1.,0.,0.));
#1229=IFCAXIS2PLACEMENT3D(#1226,#1227,#1228);
#1230=IFCLOCALPLACEMENT(#39,#1229);
#1231=IFCPROPERTYSINGLEVALUE('Name',$,IFCLABEL('swept beam_0_0'),$);
#1232=IFCPROPERTYSINGLEVALUE('ArcLength',$,IFCLENGTHMEASURE(1054.),$);
#1233=IFCPROPERTYSINGLEVALUE('ArcAngle_rad',$,IFCREAL(0.23),$);
#1234=IFCPROPERTYSINGLEVALUE('ArcAngle_deg',$,IFCREAL(13.2),$);
#1235=IFCPROPERTYSET('0bcLjWwLbABB6hgIMsm4GP',$,'EPset_IfcKit_Geometry',$,(#1231,#1232,#1233,#1234));
#1236=IFCRELDEFINESBYPROPERTIES('1kIIcdohb9ZfvL17M0031i',$,$,$,(#1225),#1235);
#1237=IFCCOLOURRGB($,0.501960784313725,0.501960784313725,0.501960784313725);
#1238=IFCSURFACESTYLERENDERING(#1237,0.,$,$,$,$,$,$,.FLAT.);
#1239=IFCSURFACESTYLE($,.BOTH.,(#1238));
#1240=IFCPRESENTATIONSTYLEASSIGNMENT((#1239));
#1241=IFCSTYLEDITEM(#1216,(#1240),$);
#1242=IFCCARTESIANPOINT((-292.,-75.));
#1243=IFCCARTESIANPOINT((-292.,-4.));
#1244=IFCCARTESIANPOINT((-8.,-4.));
#1245=IFCCARTESIANPOINT((-8.,-75.));
#1246=IFCCARTESIANPOINT((0.,-75.));
#1247=IFCCARTESIANPOINT((0.,75.));
#1248=IFCCARTESIANPOINT((-8.,75.));
#1249=IFCCARTESIANPOINT((-8.,4.));
#1250=IFCCARTESIANPOINT((-292.,4.));
#1251=IFCCARTESIANPOINT((-292.,75.));
#1252=IFCCARTESIANPOINT((-300.,75.));
#1253=IFCCARTESIANPOINT((-300.,-75.));
#1254=IFCCARTESIANPOINT((-292.,-75.));
#1255=IFCPOLYLINE((#1242,#1243,#1244,#1245,#1246,#1247,#1248,#1249,#1250,#1251,#1252,#1253,#1254));
#1256=IFCARBITRARYCLOSEDPROFILEDEF(.AREA.,$,#1255);
#1257=IFCCARTESIANPOINT((5000.,1035.6818,3981.2153));
#1258=IFCDIRECTION((-0.,-0.9583,-0.2859));
#1259=IFCDIRECTION((-0.,-0.2859,0.9583));
#1260=IFCAXIS2PLACEMENT3D(#1257,#1258,#1259);
#1261=IFCCARTESIANPOINT((-9907.1926,0.,0.));
#1262=IFCDIRECTION((0.,1.,0.));
#1263=IFCAXIS1PLACEMENT(#1261,#1262);
#1264=IFCREVOLVEDAREASOLID(#1256,#1260,#1263,0.10676046747295);
#1265=IFCSHAPEREPRESENTATION(#17,'Body','SweptSolid',(#1264));
#1266=IFCPRODUCTDEFINITIONSHAPE($,$,(#1265));
#1272=IFCOWNERHISTORY(#3,#4,.READWRITE.,.MODIFIED.,1779428011,#3,#4,1779428011);
#1273=IFCBEAM('0sSXHV$xL6BexwUl0rrRVV',#1272,'swept beam_0_1',$,$,#1278,#1266,$);
#1274=IFCCARTESIANPOINT((0.,0.,0.));
#1275=IFCDIRECTION((0.,0.,1.));
#1276=IFCDIRECTION((1.,0.,0.));
#1277=IFCAXIS2PLACEMENT3D(#1274,#1275,#1276);
#1278=IFCLOCALPLACEMENT(#39,#1277);
#1279=IFCPROPERTYSINGLEVALUE('Name',$,IFCLABEL('swept beam_0_1'),$);
#1280=IFCPROPERTYSINGLEVALUE('ArcLength',$,IFCLENGTHMEASURE(1058.),$);
#1281=IFCPROPERTYSINGLEVALUE('ArcAngle_rad',$,IFCREAL(0.11),$);
#1282=IFCPROPERTYSINGLEVALUE('ArcAngle_deg',$,IFCREAL(6.1),$);
#1283=IFCPROPERTYSET('1Nlmg4Tnr75vb9QMhIvg3F',$,'EPset_IfcKit_Geometry',$,(#1279,#1280,#1281,#1282));
#1284=IFCRELDEFINESBYPROPERTIES('3GMy7GErb5u92dc009Brpr',$,$,$,(#1273),#1283);
#1285=IFCCOLOURRGB($,0.501960784313725,0.501960784313725,0.501960784313725);
#1286=IFCSURFACESTYLERENDERING(#1285,0.,$,$,$,$,$,$,.FLAT.);
#1287=IFCSURFACESTYLE($,.BOTH.,(#1286));
#1288=IFCPRESENTATIONSTYLEASSIGNMENT((#1287));
#1289=IFCSTYLEDITEM(#1264,(#1288),$);
#1290=IFCCARTESIANPOINT((-292.,-75.));
#1291=IFCCARTESIANPOINT((-292.,-4.));
#1292=IFCCARTESIANPOINT((-8.,-4.));
#1293=IFCCARTESIANPOINT((-8.,-75.));
#1294=IFCCARTESIANPOINT((0.,-75.));
#1295=IFCCARTESIANPOINT((0.,75.));
#1296=IFCCARTESIANPOINT((-8.,75.));
#1297=IFCCARTESIANPOINT((-8.,4.));
#1298=IFCCARTESIANPOINT((-292.,4.));
#1299=IFCCARTESIANPOINT((-292.,75.));
#1300=IFCCARTESIANPOINT((-300.,75.));
#1301=IFCCARTESIANPOINT((-300.,-75.));
#1302=IFCCARTESIANPOINT((-292.,-75.));
#1303=IFCPOLYLINE((#1290,#1291,#1292,#1293,#1294,#1295,#1296,#1297,#1298,#1299,#1300,#1301,#1302));
#1304=IFCARBITRARYCLOSEDPROFILEDEF(.AREA.,$,#1303);
#1305=IFCCARTESIANPOINT((5000.,2063.4431,4228.9378));
#1306=IFCDIRECTION((-0.,-0.9833,-0.1821));
#1307=IFCDIRECTION((0.,-0.1821,0.9833));
#1308=IFCAXIS2PLACEMENT3D(#1305,#1306,#1307);
#1309=IFCCARTESIANPOINT((-4886.4391,0.,0.));
#1310=IFCDIRECTION((0.,1.,0.));
#1311=IFCAXIS1PLACEMENT(#1309,#1310);
#1312=IFCREVOLVEDAREASOLID(#1304,#1308,#1311,0.216211352019941);
#1313=IFCSHAPEREPRESENTATION(#17,'Body','SweptSolid',(#1312));
#1314=IFCPRODUCTDEFINITIONSHAPE($,$,(#1313));
#1320=IFCOWNERHISTORY(#3,#4,.READWRITE.,.MODIFIED.,1779428011,#3,#4,1779428011);
#1321=IFCBEAM('1JkoINOI93VAfX8Yyl9bi9',#1320,'swept beam_0_2',$,$,#1326,#1314,$);
#1322=IFCCARTESIANPOINT((0.,0.,0.));
#1323=IFCDIRECTION((0.,0.,1.));
#1324=IFCDIRECTION((1.,0.,0.));
#1325=IFCAXIS2PLACEMENT3D(#1322,#1323,#1324);
#1326=IFCLOCALPLACEMENT(#39,#1325);
#1327=IFCPROPERTYSINGLEVALUE('Name',$,IFCLABEL('swept beam_0_2'),$);
#1328=IFCPROPERTYSINGLEVALUE('ArcLength',$,IFCLENGTHMEASURE(1057.),$);
#1329=IFCPROPERTYSINGLEVALUE('ArcAngle_rad',$,IFCREAL(0.22),$);
#1330=IFCPROPERTYSINGLEVALUE('ArcAngle_deg',$,IFCREAL(12.4),$);
#1331=IFCPROPERTYSET('2hcdrkLw5FHxkDzwFm3KvH',$,'EPset_IfcKit_Geometry',$,(#1327,#1328,#1329,#1330));
#1332=IFCRELDEFINESBYPROPERTIES('3tBqDiClj8cgOhIF0N_9_c',$,$,$,(#1321),#1331);
#1333=IFCCOLOURRGB($,0.501960784313725,0.501960784313725,0.501960784313725);
#1334=IFCSURFACESTYLERENDERING(#1333,0.,$,$,$,$,$,$,.FLAT.);
#1335=IFCSURFACESTYLE($,.BOTH.,(#1334));
#1336=IFCPRESENTATIONSTYLEASSIGNMENT((#1335));
#1337=IFCSTYLEDITEM(#1312,(#1336),$);
#1338=IFCCARTESIANPOINT((-292.,-75.));
#1339=IFCCARTESIANPOINT((-292.,-4.));
#1340=IFCCARTESIANPOINT((-8.,-4.));
#1341=IFCCARTESIANPOINT((-8.,-75.));
#1342=IFCCARTESIANPOINT((0.,-75.));
#1343=IFCCARTESIANPOINT((0.,75.));
#1344=IFCCARTESIANPOINT((-8.,75.));
#1345=IFCCARTESIANPOINT((-8.,4.));
#1346=IFCCARTESIANPOINT((-292.,4.));
#1347=IFCCARTESIANPOINT((-292.,75.));
#1348=IFCCARTESIANPOINT((-300.,75.));
#1349=IFCCARTESIANPOINT((-300.,-75.));
#1350=IFCCARTESIANPOINT((-292.,-75.));
#1351=IFCPOLYLINE((#1338,#1339,#1340,#1341,#1342,#1343,#1344,#1345,#1346,#1347,#1348,#1349,#1350));
#1352=IFCARBITRARYCLOSEDPROFILEDEF(.AREA.,$,#1351);
#1353=IFCCARTESIANPOINT((5000.,3114.9232,4307.9827));
#1354=IFCDIRECTION((0.,-0.9995,0.0331));
#1355=IFCDIRECTION((-0.,0.0331,0.9995));
#1356=IFCAXIS2PLACEMENT3D(#1353,#1354,#1355);
#1357=IFCCARTESIANPOINT((-2878.4728,0.,0.));
#1358=IFCDIRECTION((0.,1.,0.));
#1359=IFCAXIS1PLACEMENT(#1357,#1358);
#1360=IFCREVOLVEDAREASOLID(#1352,#1356,#1359,0.364386577855724);
#1361=IFCSHAPEREPRESENTATION(#17,'Body','SweptSolid',(#1360));
#1362=IFCPRODUCTDEFINITIONSHAPE($,$,(#1361));
#1368=IFCOWNERHISTORY(#3,#4,.READWRITE.,.MODIFIED.,1779428011,#3,#4,1779428011);
#1369=IFCBEAM('3685B_oJX5KOm8vjHmWIS0',#1368,'swept beam_0_3',$,$,#1374,#1362,$);
#1370=IFCCARTESIANPOINT((0.,0.,0.));
#1371=IFCDIRECTION((0.,0.,1.));
#1372=IFCDIRECTION((1.,0.,0.));
#1373=IFCAXIS2PLACEMENT3D(#1370,#1371,#1372);
#1374=IFCLOCALPLACEMENT(#39,#1373);
#1375=IFCPROPERTYSINGLEVALUE('Name',$,IFCLABEL('swept beam_0_3'),$);
#1376=IFCPROPERTYSINGLEVALUE('ArcLength',$,IFCLENGTHMEASURE(1049.),$);
#1377=IFCPROPERTYSINGLEVALUE('ArcAngle_rad',$,IFCREAL(0.36),$);
#1378=IFCPROPERTYSINGLEVALUE('ArcAngle_deg',$,IFCREAL(20.9),$);
#1379=IFCPROPERTYSET('2Q5DzRsjz7_vL2MqD_ETj$',$,'EPset_IfcKit_Geometry',$,(#1375,#1376,#1377,#1378));
#1380=IFCRELDEFINESBYPROPERTIES('1D33NTlVfAGw9vXg2d7ZtE',$,$,$,(#1369),#1379);
#1381=IFCCOLOURRGB($,0.501960784313725,0.501960784313725,0.501960784313725);
#1382=IFCSURFACESTYLERENDERING(#1381,0.,$,$,$,$,$,$,.FLAT.);
#1383=IFCSURFACESTYLE($,.BOTH.,(#1382));
#1384=IFCPRESENTATIONSTYLEASSIGNMENT((#1383));
#1385=IFCSTYLEDITEM(#1360,(#1384),$);
#1386=IFCCARTESIANPOINT((-292.,-75.));
#1387=IFCCARTESIANPOINT((-292.,-4.));
#1388=IFCCARTESIANPOINT((-8.,-4.));
#1389=IFCCARTESIANPOINT((-8.,-75.));
#1390=IFCCARTESIANPOINT((0.,-75.));
#1391=IFCCARTESIANPOINT((0.,75.));
#1392=IFCCARTESIANPOINT((-8.,75.));
#1393=IFCCARTESIANPOINT((-8.,4.));
#1394=IFCCARTESIANPOINT((-292.,4.));
#1395=IFCCARTESIANPOINT((-292.,75.));
#1396=IFCCARTESIANPOINT((-300.,75.));
#1397=IFCCARTESIANPOINT((-300.,-75.));
#1398=IFCCARTESIANPOINT((-292.,-75.));
#1399=IFCPOLYLINE((#1386,#1387,#1388,#1389,#1390,#1391,#1392,#1393,#1394,#1395,#1396,#1397,#1398));
#1400=IFCARBITRARYCLOSEDPROFILEDEF(.AREA.,$,#1399);
#1401=IFCCARTESIANPOINT((5000.,4133.9322,4085.1733));
#1402=IFCDIRECTION((-0.,-0.922,0.3871));
#1403=IFCDIRECTION((0.,0.3871,0.922));
#1404=IFCAXIS2PLACEMENT3D(#1401,#1402,#1403);
#1405=IFCCARTESIANPOINT((-6265.065,0.,0.));
#1406=IFCDIRECTION((0.,1.,0.));
#1407=IFCAXIS1PLACEMENT(#1405,#1406);
#1408=IFCREVOLVEDAREASOLID(#1400,#1404,#1407,0.168307279140215);
#1409=IFCSHAPEREPRESENTATION(#17,'Body','SweptSolid',(#1408));
#1410=IFCPRODUCTDEFINITIONSHAPE($,$,(#1409));
#1416=IFCOWNERHISTORY(#3,#4,.READWRITE.,.MODIFIED.,1779428011,#3,#4,1779428011);
#1417=IFCBEAM('3idMdKxIr5Thwo3n2u4zf0',#1416,'swept beam_0_4',$,$,#1422,#1410,$);
#1418=IFCCARTESIANPOINT((0.,0.,0.));
#1419=IFCDIRECTION((0.,0.,1.));
#1420=IFCDIRECTION((1.,0.,0.));
#1421=IFCAXIS2PLACEMENT3D(#1418,#1419,#1420);
#1422=IFCLOCALPLACEMENT(#39,#1421);
#1423=IFCPROPERTYSINGLEVALUE('Name',$,IFCLABEL('swept beam_0_4'),$);
#1424=IFCPROPERTYSINGLEVALUE('ArcLength',$,IFCLENGTHMEASURE(1054.),$);
#1425=IFCPROPERTYSINGLEVALUE('ArcAngle_rad',$,IFCREAL(0.17),$);
#1426=IFCPROPERTYSINGLEVALUE('ArcAngle_deg',$,IFCREAL(9.6),$);
#1427=IFCPROPERTYSET('1rtAqZvmj0tQ3mwiP4lBvq',$,'EPset_IfcKit_Geometry',$,(#1423,#1424,#1425,#1426));
#1428=IFCRELDEFINESBYPROPERTIES('0Uzf3FSkX7wfIijrrqx7wY',$,$,$,(#1417),#1427);
#1429=IFCCOLOURRGB($,0.501960784313725,0.501960784313725,0.501960784313725);
#1430=IFCSURFACESTYLERENDERING(#1429,0.,$,$,$,$,$,$,.FLAT.);
#1431=IFCSURFACESTYLE($,.BOTH.,(#1430));
#1432=IFCPRESENTATIONSTYLEASSIGNMENT((#1431));
#1433=IFCSTYLEDITEM(#1408,(#1432),$);
#1434=IFCCARTESIANPOINT((292.,75.));
#1435=IFCCARTESIANPOINT((292.,4.));
#1436=IFCCARTESIANPOINT((8.,4.));
#1437=IFCCARTESIANPOINT((8.,75.));
#1438=IFCCARTESIANPOINT((0.,75.));
#1439=IFCCARTESIANPOINT((0.,-75.));
#1440=IFCCARTESIANPOINT((8.,-75.));
#1441=IFCCARTESIANPOINT((8.,-4.));
#1442=IFCCARTESIANPOINT((292.,-4.));
#1443=IFCCARTESIANPOINT((292.,-75.));
#1444=IFCCARTESIANPOINT((300.,-75.));
#1445=IFCCARTESIANPOINT((300.,75.));
#1446=IFCCARTESIANPOINT((292.,75.));
#1447=IFCPOLYLINE((#1434,#1435,#1436,#1437,#1438,#1439,#1440,#1441,#1442,#1443,#1444,#1445,#1446));
#1448=IFCARBITRARYCLOSEDPROFILEDEF(.AREA.,$,#1447);
#1449=IFCCARTESIANPOINT((5000.,5067.3406,3597.3166));
#1450=IFCDIRECTION((0.,-0.8442,0.5361));
#1451=IFCDIRECTION((0.,-0.5361,-0.8442));
#1452=IFCAXIS2PLACEMENT3D(#1449,#1450,#1451);
#1453=IFCCARTESIANPOINT((-11630.0302,0.,0.));
#1454=IFCDIRECTION((0.,1.,0.));
#1455=IFCAXIS1PLACEMENT(#1453,#1454);
#1456=IFCREVOLVEDAREASOLID(#1448,#1452,#1455,0.0908188265050171);
#1457=IFCSHAPEREPRESENTATION(#17,'Body','SweptSolid',(#1456));
#1458=IFCPRODUCTDEFINITIONSHAPE($,$,(#1457));
#1464=IFCOWNERHISTORY(#3,#4,.READWRITE.,.MODIFIED.,1779428011,#3,#4,1779428011);
#1465=IFCBEAM('1eQTkgTpPCrxkdJldel1vo',#1464,'swept beam_0_5',$,$,#1470,#1458,$);
#1466=IFCCARTESIANPOINT((0.,0.,0.));
#1467=IFCDIRECTION((0.,0.,1.));
#1468=IFCDIRECTION((1.,0.,0.));
#1469=IFCAXIS2PLACEMENT3D(#1466,#1467,#1468);
#1470=IFCLOCALPLACEMENT(#39,#1469);
#1471=IFCPROPERTYSINGLEVALUE('Name',$,IFCLABEL('swept beam_0_5'),$);
#1472=IFCPROPERTYSINGLEVALUE('ArcLength',$,IFCLENGTHMEASURE(1056.),$);
#1473=IFCPROPERTYSINGLEVALUE('ArcAngle_rad',$,IFCREAL(0.09),$);
#1474=IFCPROPERTYSINGLEVALUE('ArcAngle_deg',$,IFCREAL(5.2),$);
#1475=IFCPROPERTYSET('3hZF2UV5XEVgQp0qm1b8xu',$,'EPset_IfcKit_Geometry',$,(#1471,#1472,#1473,#1474));
#1476=IFCRELDEFINESBYPROPERTIES('1xamSLfgDAagJbK3T11tyr',$,$,$,(#1465),#1475);
#1477=IFCCOLOURRGB($,0.501960784313725,0.501960784313725,0.501960784313725);
#1478=IFCSURFACESTYLERENDERING(#1477,0.,$,$,$,$,$,$,.FLAT.);
#1479=IFCSURFACESTYLE($,.BOTH.,(#1478));
#1480=IFCPRESENTATIONSTYLEASSIGNMENT((#1479));
#1481=IFCSTYLEDITEM(#1456,(#1480),$);
#1482=IFCCARTESIANPOINT((292.,75.));
#1483=IFCCARTESIANPOINT((292.,4.));
#1484=IFCCARTESIANPOINT((8.,4.));
#1485=IFCCARTESIANPOINT((8.,75.));
#1486=IFCCARTESIANPOINT((0.,75.));
#1487=IFCCARTESIANPOINT((0.,-75.));
#1488=IFCCARTESIANPOINT((8.,-75.));
#1489=IFCCARTESIANPOINT((8.,-4.));
#1490=IFCCARTESIANPOINT((292.,-4.));
#1491=IFCCARTESIANPOINT((292.,-75.));
#1492=IFCCARTESIANPOINT((300.,-75.));
#1493=IFCCARTESIANPOINT((300.,75.));
#1494=IFCCARTESIANPOINT((292.,75.));
#1495=IFCPOLYLINE((#1482,#1483,#1484,#1485,#1486,#1487,#1488,#1489,#1490,#1491,#1492,#1493,#1494));
#1496=IFCARBITRARYCLOSEDPROFILEDEF(.AREA.,$,#1495);
#1497=IFCCARTESIANPOINT((5000.,5983.4516,3072.353));
#1498=IFCDIRECTION((-0.,-0.8893,0.4573));
#1499=IFCDIRECTION((0.,-0.4573,-0.8893));
#1500=IFCAXIS2PLACEMENT3D(#1497,#1498,#1499);
#1501=IFCCARTESIANPOINT((-5598.9889,0.,0.));
#1502=IFCDIRECTION((0.,1.,0.));
#1503=IFCAXIS1PLACEMENT(#1501,#1502);
#1504=IFCREVOLVEDAREASOLID(#1496,#1500,#1503,0.188612049990578);
#1505=IFCSHAPEREPRESENTATION(#17,'Body','SweptSolid',(#1504));
#1506=IFCPRODUCTDEFINITIONSHAPE($,$,(#1505));
#1512=IFCOWNERHISTORY(#3,#4,.READWRITE.,.MODIFIED.,1779428011,#3,#4,1779428011);
#1513=IFCBEAM('2ciKFXObL9au5dmPrOSmcj',#1512,'swept beam_0_6',$,$,#1518,#1506,$);
#1514=IFCCARTESIANPOINT((0.,0.,0.));
#1515=IFCDIRECTION((0.,0.,1.));
#1516=IFCDIRECTION((1.,0.,0.));
#1517=IFCAXIS2PLACEMENT3D(#1514,#1515,#1516);
#1518=IFCLOCALPLACEMENT(#39,#1517);
#1519=IFCPROPERTYSINGLEVALUE('Name',$,IFCLABEL('swept beam_0_6'),$);
#1520=IFCPROPERTYSINGLEVALUE('ArcLength',$,IFCLENGTHMEASURE(1056.),$);
#1521=IFCPROPERTYSINGLEVALUE('ArcAngle_rad',$,IFCREAL(0.19),$);
#1522=IFCPROPERTYSINGLEVALUE('ArcAngle_deg',$,IFCREAL(10.8),$);
#1523=IFCPROPERTYSET('2Qdv9QmnT5bBNIxfsst7z4',$,'EPset_IfcKit_Geometry',$,(#1519,#1520,#1521,#1522));
#1524=IFCRELDEFINESBYPROPERTIES('2TSMSfhkXDQfJWXtyU8SKq',$,$,$,(#1513),#1523);
#1525=IFCCOLOURRGB($,0.501960784313725,0.501960784313725,0.501960784313725);
#1526=IFCSURFACESTYLERENDERING(#1525,0.,$,$,$,$,$,$,.FLAT.);
#1527=IFCSURFACESTYLE($,.BOTH.,(#1526));
#1528=IFCPRESENTATIONSTYLEASSIGNMENT((#1527));
#1529=IFCSTYLEDITEM(#1504,(#1528),$);
#1530=IFCCARTESIANPOINT((292.,75.));
#1531=IFCCARTESIANPOINT((292.,4.));
#1532=IFCCARTESIANPOINT((8.,4.));
#1533=IFCCARTESIANPOINT((8.,75.));
#1534=IFCCARTESIANPOINT((0.,75.));
#1535=IFCCARTESIANPOINT((0.,-75.));
#1536=IFCCARTESIANPOINT((8.,-75.));
#1537=IFCCARTESIANPOINT((8.,-4.));
#1538=IFCCARTESIANPOINT((292.,-4.));
#1539=IFCCARTESIANPOINT((292.,-75.));
#1540=IFCCARTESIANPOINT((300.,-75.));
#1541=IFCCARTESIANPOINT((300.,75.));
#1542=IFCCARTESIANPOINT((292.,75.));
#1543=IFCPOLYLINE((#1530,#1531,#1532,#1533,#1534,#1535,#1536,#1537,#1538,#1539,#1540,#1541,#1542));
#1544=IFCARBITRARYCLOSEDPROFILEDEF(.AREA.,$,#1543);
#1545=IFCCARTESIANPOINT((5000.,6962.4517,2680.6002));
#1546=IFCDIRECTION((-0.,-0.9593,0.2824));
#1547=IFCDIRECTION((0.,-0.2824,-0.9593));
#1548=IFCAXIS2PLACEMENT3D(#1545,#1546,#1547);
#1549=IFCCARTESIANPOINT((-3475.8657,0.,0.));
#1550=IFCDIRECTION((0.,1.,0.));
#1551=IFCAXIS1PLACEMENT(#1549,#1550);
#1552=IFCREVOLVEDAREASOLID(#1544,#1548,#1551,0.302398032561383);
#1553=IFCSHAPEREPRESENTATION(#17,'Body','SweptSolid',(#1552));
#1554=IFCPRODUCTDEFINITIONSHAPE($,$,(#1553));
#1560=IFCOWNERHISTORY(#3,#4,.READWRITE.,.MODIFIED.,1779428011,#3,#4,1779428011);
#1561=IFCBEAM('1Tbsh5SDHF_PjiKp8sLzov',#1560,'swept beam_0_7',$,$,#1566,#1554,$);
#1562=IFCCARTESIANPOINT((0.,0.,0.));
#1563=IFCDIRECTION((0.,0.,1.));
#1564=IFCDIRECTION((1.,0.,0.));
#1565=IFCAXIS2PLACEMENT3D(#1562,#1563,#1564);
#1566=IFCLOCALPLACEMENT(#39,#1565);
#1567=IFCPROPERTYSINGLEVALUE('Name',$,IFCLABEL('swept beam_0_7'),$);
#1568=IFCPROPERTYSINGLEVALUE('ArcLength',$,IFCLENGTHMEASURE(1051.),$);
#1569=IFCPROPERTYSINGLEVALUE('ArcAngle_rad',$,IFCREAL(0.3),$);
#1570=IFCPROPERTYSINGLEVALUE('ArcAngle_deg',$,IFCREAL(17.3),$);
#1571=IFCPROPERTYSET('3Dyn9PrFvFaA5vHVCEX7sB',$,'EPset_IfcKit_Geometry',$,(#1567,#1568,#1569,#1570));
#1572=IFCRELDEFINESBYPROPERTIES('3ma9b0WMT66glMxu5ZpJLh',$,$,$,(#1561),#1571);
#1573=IFCCOLOURRGB($,0.501960784313725,0.501960784313725,0.501960784313725);
#1574=IFCSURFACESTYLERENDERING(#1573,0.,$,$,$,$,$,$,.FLAT.);
#1575=IFCSURFACESTYLE($,.BOTH.,(#1574));
#1576=IFCPRESENTATIONSTYLEASSIGNMENT((#1575));
#1577=IFCSTYLEDITEM(#1552,(#1576),$);
#1578=IFCCARTESIANPOINT((292.,75.));
#1579=IFCCARTESIANPOINT((292.,4.));
#1580=IFCCARTESIANPOINT((8.,4.));
#1581=IFCCARTESIANPOINT((8.,75.));
#1582=IFCCARTESIANPOINT((0.,75.));
#1583=IFCCARTESIANPOINT((0.,-75.));
#1584=IFCCARTESIANPOINT((8.,-75.));
#1585=IFCCARTESIANPOINT((8.,-4.));
#1586=IFCCARTESIANPOINT((292.,-4.));
#1587=IFCCARTESIANPOINT((292.,-75.));
#1588=IFCCARTESIANPOINT((300.,-75.));
#1589=IFCCARTESIANPOINT((300.,75.));
#1590=IFCCARTESIANPOINT((292.,75.));
#1591=IFCPOLYLINE((#1578,#1579,#1580,#1581,#1582,#1583,#1584,#1585,#1586,#1587,#1588,#1589,#1590));
#1592=IFCARBITRARYCLOSEDPROFILEDEF(.AREA.,$,#1591);
#1593=IFCCARTESIANPOINT((7500.,0.,3482.651));
#1594=IFCDIRECTION((0.,-0.9967,-0.0811));
#1595=IFCDIRECTION((-0.,0.0811,-0.9967));
#1596=IFCAXIS2PLACEMENT3D(#1593,#1594,#1595);
#1597=IFCCARTESIANPOINT((-3609.3643,0.,0.));
#1598=IFCDIRECTION((0.,1.,0.));
#1599=IFCAXIS1PLACEMENT(#1597,#1598);
#1600=IFCREVOLVEDAREASOLID(#1592,#1596,#1599,0.28681841318504);
#1601=IFCSHAPEREPRESENTATION(#17,'Body','SweptSolid',(#1600));
#1602=IFCPRODUCTDEFINITIONSHAPE($,$,(#1601));
#1608=IFCOWNERHISTORY(#3,#4,.READWRITE.,.MODIFIED.,1779428011,#3,#4,1779428011);
#1609=IFCBEAM('2tH1TomXH3Ovw4C$zfbi0A',#1608,'swept beam_0_0',$,$,#1614,#1602,$);
#1610=IFCCARTESIANPOINT((0.,0.,0.));
#1611=IFCDIRECTION((0.,0.,1.));
#1612=IFCDIRECTION((1.,0.,0.));
#1613=IFCAXIS2PLACEMENT3D(#1610,#1611,#1612);
#1614=IFCLOCALPLACEMENT(#39,#1613);
#1615=IFCPROPERTYSINGLEVALUE('Name',$,IFCLABEL('swept beam_0_0'),$);
#1616=IFCPROPERTYSINGLEVALUE('ArcLength',$,IFCLENGTHMEASURE(1035.),$);
#1617=IFCPROPERTYSINGLEVALUE('ArcAngle_rad',$,IFCREAL(0.29),$);
#1618=IFCPROPERTYSINGLEVALUE('ArcAngle_deg',$,IFCREAL(16.4),$);
#1619=IFCPROPERTYSET('1YdkYQCx145BJhsCyl$oB6',$,'EPset_IfcKit_Geometry',$,(#1615,#1616,#1617,#1618));
#1620=IFCRELDEFINESBYPROPERTIES('2yrWj$65LAdxXmQI4skcBh',$,$,$,(#1609),#1619);
#1621=IFCCOLOURRGB($,0.501960784313725,0.501960784313725,0.501960784313725);
#1622=IFCSURFACESTYLERENDERING(#1621,0.,$,$,$,$,$,$,.FLAT.);
#1623=IFCSURFACESTYLE($,.BOTH.,(#1622));
#1624=IFCPRESENTATIONSTYLEASSIGNMENT((#1623));
#1625=IFCSTYLEDITEM(#1600,(#1624),$);
#1626=IFCCARTESIANPOINT((-292.,-75.));
#1627=IFCCARTESIANPOINT((-292.,-4.));
#1628=IFCCARTESIANPOINT((-8.,-4.));
#1629=IFCCARTESIANPOINT((-8.,-75.));
#1630=IFCCARTESIANPOINT((0.,-75.));
#1631=IFCCARTESIANPOINT((0.,75.));
#1632=IFCCARTESIANPOINT((-8.,75.));
#1633=IFCCARTESIANPOINT((-8.,4.));
#1634=IFCCARTESIANPOINT((-292.,4.));
#1635=IFCCARTESIANPOINT((-292.,75.));
#1636=IFCCARTESIANPOINT((-300.,75.));
#1637=IFCCARTESIANPOINT((-300.,-75.));
#1638=IFCCARTESIANPOINT((-292.,-75.));
#1639=IFCPOLYLINE((#1626,#1627,#1628,#1629,#1630,#1631,#1632,#1633,#1634,#1635,#1636,#1637,#1638));
#1640=IFCARBITRARYCLOSEDPROFILEDEF(.AREA.,$,#1639);
#1641=IFCCARTESIANPOINT((7500.,1005.7711,3712.4406));
#1642=IFCDIRECTION((-0.,-0.933,-0.3598));
#1643=IFCDIRECTION((0.,-0.3598,0.933));
#1644=IFCAXIS2PLACEMENT3D(#1641,#1642,#1643);
#1645=IFCCARTESIANPOINT((-13782.333,0.,0.));
#1646=IFCDIRECTION((0.,1.,0.));
#1647=IFCAXIS1PLACEMENT(#1645,#1646);
#1648=IFCREVOLVEDAREASOLID(#1640,#1644,#1647,0.0755961626235215);
#1649=IFCSHAPEREPRESENTATION(#17,'Body','SweptSolid',(#1648));
#1650=IFCPRODUCTDEFINITIONSHAPE($,$,(#1649));
#1656=IFCOWNERHISTORY(#3,#4,.READWRITE.,.MODIFIED.,1779428011,#3,#4,1779428011);
#1657=IFCBEAM('2PSmVlXqvC3ua5eoDisPhF',#1656,'swept beam_0_1',$,$,#1662,#1650,$);
#1658=IFCCARTESIANPOINT((0.,0.,0.));
#1659=IFCDIRECTION((0.,0.,1.));
#1660=IFCDIRECTION((1.,0.,0.));
#1661=IFCAXIS2PLACEMENT3D(#1658,#1659,#1660);
#1662=IFCLOCALPLACEMENT(#39,#1661);
#1663=IFCPROPERTYSINGLEVALUE('Name',$,IFCLABEL('swept beam_0_1'),$);
#1664=IFCPROPERTYSINGLEVALUE('ArcLength',$,IFCLENGTHMEASURE(1042.),$);
#1665=IFCPROPERTYSINGLEVALUE('ArcAngle_rad',$,IFCREAL(0.08),$);
#1666=IFCPROPERTYSINGLEVALUE('ArcAngle_deg',$,IFCREAL(4.3),$);
#1667=IFCPROPERTYSET('3lIRwbqFHAQxOya45autUZ',$,'EPset_IfcKit_Geometry',$,(#1663,#1664,#1665,#1666));
#1668=IFCRELDEFINESBYPROPERTIES('2dAGLFNnb05ueB5Yx2tPs$',$,$,$,(#1657),#1667);
#1669=IFCCOLOURRGB($,0.501960784313725,0.501960784313725,0.501960784313725);
#1670=IFCSURFACESTYLERENDERING(#1669,0.,$,$,$,$,$,$,.FLAT.);
#1671=IFCSURFACESTYLE($,.BOTH.,(#1670));
#1672=IFCPRESENTATIONSTYLEASSIGNMENT((#1671));
#1673=IFCSTYLEDITEM(#1648,(#1672),$);
#1674=IFCCARTESIANPOINT((-292.,-75.));
#1675=IFCCARTESIANPOINT((-292.,-4.));
#1676=IFCCARTESIANPOINT((-8.,-4.));
#1677=IFCCARTESIANPOINT((-8.,-75.));
#1678=IFCCARTESIANPOINT((0.,-75.));
#1679=IFCCARTESIANPOINT((0.,75.));
#1680=IFCCARTESIANPOINT((-8.,75.));
#1681=IFCCARTESIANPOINT((-8.,4.));
#1682=IFCCARTESIANPOINT((-292.,4.));
#1683=IFCCARTESIANPOINT((-292.,75.));
#1684=IFCCARTESIANPOINT((-300.,75.));
#1685=IFCCARTESIANPOINT((-300.,-75.));
#1686=IFCCARTESIANPOINT((-292.,-75.));
#1687=IFCPOLYLINE((#1674,#1675,#1676,#1677,#1678,#1679,#1680,#1681,#1682,#1683,#1684,#1685,#1686));
#1688=IFCARBITRARYCLOSEDPROFILEDEF(.AREA.,$,#1687);
#1689=IFCCARTESIANPOINT((7500.,1991.1333,4050.2014));
#1690=IFCDIRECTION((0.,-0.9575,-0.2883));
#1691=IFCDIRECTION((-0.,-0.2883,0.9575));
#1692=IFCAXIS2PLACEMENT3D(#1689,#1690,#1691);
#1693=IFCCARTESIANPOINT((-5854.2353,0.,0.));
#1694=IFCDIRECTION((0.,1.,0.));
#1695=IFCAXIS1PLACEMENT(#1693,#1694);
#1696=IFCREVOLVEDAREASOLID(#1688,#1692,#1695,0.177545049421289);
#1697=IFCSHAPEREPRESENTATION(#17,'Body','SweptSolid',(#1696));
#1698=IFCPRODUCTDEFINITIONSHAPE($,$,(#1697));
#1704=IFCOWNERHISTORY(#3,#4,.READWRITE.,.MODIFIED.,1779428011,#3,#4,1779428011);
#1705=IFCBEAM('3LTSEmD91F3BQ1Tkeba2Jy',#1704,'swept beam_0_2',$,$,#1710,#1698,$);
#1706=IFCCARTESIANPOINT((0.,0.,0.));
#1707=IFCDIRECTION((0.,0.,1.));
#1708=IFCDIRECTION((1.,0.,0.));
#1709=IFCAXIS2PLACEMENT3D(#1706,#1707,#1708);
#1710=IFCLOCALPLACEMENT(#39,#1709);
#1711=IFCPROPERTYSINGLEVALUE('Name',$,IFCLABEL('swept beam_0_2'),$);
#1712=IFCPROPERTYSINGLEVALUE('ArcLength',$,IFCLENGTHMEASURE(1039.),$);
#1713=IFCPROPERTYSINGLEVALUE('ArcAngle_rad',$,IFCREAL(0.18),$);
#1714=IFCPROPERTYSINGLEVALUE('ArcAngle_deg',$,IFCREAL(10.2),$);
#1715=IFCPROPERTYSET('0poabh1jP7NAo94aGQ9bFr',$,'EPset_IfcKit_Geometry',$,(#1711,#1712,#1713,#1714));
#1716=IFCRELDEFINESBYPROPERTIES('0HrFpa6W95NwltjwsBHkrr',$,$,$,(#1705),#1715);
#1717=IFCCOLOURRGB($,0.501960784313725,0.501960784313725,0.501960784313725);
#1718=IFCSURFACESTYLERENDERING(#1717,0.,$,$,$,$,$,$,.FLAT.);
#1719=IFCSURFACESTYLE($,.BOTH.,(#1718));
#1720=IFCPRESENTATIONSTYLEASSIGNMENT((#1719));
#1721=IFCSTYLEDITEM(#1696,(#1720),$);
#1722=IFCCARTESIANPOINT((-292.,-75.));
#1723=IFCCARTESIANPOINT((-292.,-4.));
#1724=IFCCARTESIANPOINT((-8.,-4.));
#1725=IFCCARTESIANPOINT((-8.,-75.));
#1726=IFCCARTESIANPOINT((0.,-75.));
#1727=IFCCARTESIANPOINT((0.,75.));
#1728=IFCCARTESIANPOINT((-8.,75.));
#1729=IFCCARTESIANPOINT((-8.,4.));
#1730=IFCCARTESIANPOINT((-292.,4.));
#1731=IFCCARTESIANPOINT((-292.,75.));
#1732=IFCCARTESIANPOINT((-300.,75.));
#1733=IFCCARTESIANPOINT((-300.,-75.));
#1734=IFCCARTESIANPOINT((-292.,-75.));
#1735=IFCPOLYLINE((#1722,#1723,#1724,#1725,#1726,#1727,#1728,#1729,#1730,#1731,#1732,#1733,#1734));
#1736=IFCARBITRARYCLOSEDPROFILEDEF(.AREA.,$,#1735);
#1737=IFCCARTESIANPOINT((7500.,3007.707,4260.1435));
#1738=IFCDIRECTION((-0.,-0.9934,-0.1146));
#1739=IFCDIRECTION((0.,-0.1146,0.9934));
#1740=IFCAXIS2PLACEMENT3D(#1737,#1738,#1739);
#1741=IFCCARTESIANPOINT((-2978.2223,0.,0.));
#1742=IFCDIRECTION((0.,1.,0.));
#1743=IFCAXIS1PLACEMENT(#1741,#1742);
#1744=IFCREVOLVEDAREASOLID(#1736,#1740,#1743,0.346410424947836);
#1745=IFCSHAPEREPRESENTATION(#17,'Body','SweptSolid',(#1744));
#1746=IFCPRODUCTDEFINITIONSHAPE($,$,(#1745));
#1752=IFCOWNERHISTORY(#3,#4,.READWRITE.,.MODIFIED.,1779428011,#3,#4,1779428011);
#1753=IFCBEAM('0m2hKbxsX0YfFwgRDaPnEr',#1752,'swept beam_0_3',$,$,#1758,#1746,$);
#1754=IFCCARTESIANPOINT((0.,0.,0.));
#1755=IFCDIRECTION((0.,0.,1.));
#1756=IFCDIRECTION((1.,0.,0.));
#1757=IFCAXIS2PLACEMENT3D(#1754,#1755,#1756);
#1758=IFCLOCALPLACEMENT(#39,#1757);
#1759=IFCPROPERTYSINGLEVALUE('Name',$,IFCLABEL('swept beam_0_3'),$);
#1760=IFCPROPERTYSINGLEVALUE('ArcLength',$,IFCLENGTHMEASURE(1032.),$);
#1761=IFCPROPERTYSINGLEVALUE('ArcAngle_rad',$,IFCREAL(0.35),$);
#1762=IFCPROPERTYSINGLEVALUE('ArcAngle_deg',$,IFCREAL(19.8),$);
#1763=IFCPROPERTYSET('3eKcq70Kn9xg$xuGVX6JUi',$,'EPset_IfcKit_Geometry',$,(#1759,#1760,#1761,#1762));
#1764=IFCRELDEFINESBYPROPERTIES('18wqRFEB5FIeDmEefXW5m0',$,$,$,(#1753),#1763);
#1765=IFCCOLOURRGB($,0.501960784313725,0.501960784313725,0.501960784313725);
#1766=IFCSURFACESTYLERENDERING(#1765,0.,$,$,$,$,$,$,.FLAT.);
#1767=IFCSURFACESTYLE($,.BOTH.,(#1766));
#1768=IFCPRESENTATIONSTYLEASSIGNMENT((#1767));
#1769=IFCSTYLEDITEM(#1744,(#1768),$);
#1770=IFCCARTESIANPOINT((-292.,-75.));
#1771=IFCCARTESIANPOINT((-292.,-4.));
#1772=IFCCARTESIANPOINT((-8.,-4.));
#1773=IFCCARTESIANPOINT((-8.,-75.));
#1774=IFCCARTESIANPOINT((0.,-75.));
#1775=IFCCARTESIANPOINT((0.,75.));
#1776=IFCCARTESIANPOINT((-8.,75.));
#1777=IFCCARTESIANPOINT((-8.,4.));
#1778=IFCCARTESIANPOINT((-292.,4.));
#1779=IFCCARTESIANPOINT((-292.,75.));
#1780=IFCCARTESIANPOINT((-300.,75.));
#1781=IFCCARTESIANPOINT((-300.,-75.));
#1782=IFCCARTESIANPOINT((-292.,-75.));
#1783=IFCPOLYLINE((#1770,#1771,#1772,#1773,#1774,#1775,#1776,#1777,#1778,#1779,#1780,#1781,#1782));
#1784=IFCARBITRARYCLOSEDPROFILEDEF(.AREA.,$,#1783);
#1785=IFCCARTESIANPOINT((7500.,4032.4982,4200.3083));
#1786=IFCDIRECTION((0.,-0.9733,0.2295));
#1787=IFCDIRECTION((-0.,0.2295,0.9733));
#1788=IFCAXIS2PLACEMENT3D(#1785,#1786,#1787);
#1789=IFCCARTESIANPOINT((-5680.5545,0.,0.));
#1790=IFCDIRECTION((0.,1.,0.));
#1791=IFCAXIS1PLACEMENT(#1789,#1790);
#1792=IFCREVOLVEDAREASOLID(#1784,#1788,#1791,0.182554936219047);
#1793=IFCSHAPEREPRESENTATION(#17,'Body','SweptSolid',(#1792));
#1794=IFCPRODUCTDEFINITIONSHAPE($,$,(#1793));
#1800=IFCOWNERHISTORY(#3,#4,.READWRITE.,.MODIFIED.,1779428011,#3,#4,1779428011);
#1801=IFCBEAM('1$eXWdm1vDevD1aifCXAPN',#1800,'swept beam_0_4',$,$,#1806,#1794,$);
#1802=IFCCARTESIANPOINT((0.,0.,0.));
#1803=IFCDIRECTION((0.,0.,1.));
#1804=IFCDIRECTION((1.,0.,0.));
#1805=IFCAXIS2PLACEMENT3D(#1802,#1803,#1804);
#1806=IFCLOCALPLACEMENT(#39,#1805);
#1807=IFCPROPERTYSINGLEVALUE('Name',$,IFCLABEL('swept beam_0_4'),$);
#1808=IFCPROPERTYSINGLEVALUE('ArcLength',$,IFCLENGTHMEASURE(1037.),$);
#1809=IFCPROPERTYSINGLEVALUE('ArcAngle_rad',$,IFCREAL(0.18),$);
#1810=IFCPROPERTYSINGLEVALUE('ArcAngle_deg',$,IFCREAL(10.5),$);
#1811=IFCPROPERTYSET('3hagMcE1L5Zxz4$LQP$hWD',$,'EPset_IfcKit_Geometry',$,(#1807,#1808,#1809,#1810));
#1812=IFCRELDEFINESBYPROPERTIES('1DOeRS6GD3XgZNHbvHN53m',$,$,$,(#1801),#1811);
#1813=IFCCOLOURRGB($,0.501960784313725,0.501960784313725,0.501960784313725);
#1814=IFCSURFACESTYLERENDERING(#1813,0.,$,$,$,$,$,$,.FLAT.);
#1815=IFCSURFACESTYLE($,.BOTH.,(#1814));
#1816=IFCPRESENTATIONSTYLEASSIGNMENT((#1815));
#1817=IFCSTYLEDITEM(#1792,(#1816),$);
#1818=IFCCARTESIANPOINT((292.,75.));
#1819=IFCCARTESIANPOINT((292.,4.));
#1820=IFCCARTESIANPOINT((8.,4.));
#1821=IFCCARTESIANPOINT((8.,75.));
#1822=IFCCARTESIANPOINT((0.,75.));
#1823=IFCCARTESIANPOINT((0.,-75.));
#1824=IFCCARTESIANPOINT((8.,-75.));
#1825=IFCCARTESIANPOINT((8.,-4.));
#1826=IFCCARTESIANPOINT((292.,-4.));
#1827=IFCCARTESIANPOINT((292.,-75.));
#1828=IFCCARTESIANPOINT((300.,-75.));
#1829=IFCCARTESIANPOINT((300.,75.));
#1830=IFCCARTESIANPOINT((292.,75.));
#1831=IFCPOLYLINE((#1818,#1819,#1820,#1821,#1822,#1823,#1824,#1825,#1826,#1827,#1828,#1829,#1830));
#1832=IFCARBITRARYCLOSEDPROFILEDEF(.AREA.,$,#1831);
#1833=IFCCARTESIANPOINT((7500.,5014.5842,3871.7961));
#1834=IFCDIRECTION((-0.,-0.9155,0.4023));
#1835=IFCDIRECTION((0.,-0.4023,-0.9155));
#1836=IFCAXIS2PLACEMENT3D(#1833,#1834,#1835);
#1837=IFCCARTESIANPOINT((-17818.2517,0.,0.));
#1838=IFCDIRECTION((0.,1.,0.));
#1839=IFCAXIS1PLACEMENT(#1837,#1838);
#1840=IFCREVOLVEDAREASOLID(#1832,#1836,#1839,0.0583451107925779);
#1841=IFCSHAPEREPRESENTATION(#17,'Body','SweptSolid',(#1840));
#1842=IFCPRODUCTDEFINITIONSHAPE($,$,(#1841));
#1848=IFCOWNERHISTORY(#3,#4,.READWRITE.,.MODIFIED.,1779428011,#3,#4,1779428011);
#1849=IFCBEAM('0hNNCZJbjCzAq7c8ujgcuf',#1848,'swept beam_0_5',$,$,#1854,#1842,$);
#1850=IFCCARTESIANPOINT((0.,0.,0.));
#1851=IFCDIRECTION((0.,0.,1.));
#1852=IFCDIRECTION((1.,0.,0.));
#1853=IFCAXIS2PLACEMENT3D(#1850,#1851,#1852);
#1854=IFCLOCALPLACEMENT(#39,#1853);
#1855=IFCPROPERTYSINGLEVALUE('Name',$,IFCLABEL('swept beam_0_5'),$);
#1856=IFCPROPERTYSINGLEVALUE('ArcLength',$,IFCLENGTHMEASURE(1040.),$);
#1857=IFCPROPERTYSINGLEVALUE('ArcAngle_rad',$,IFCREAL(0.06),$);
#1858=IFCPROPERTYSINGLEVALUE('ArcAngle_deg',$,IFCREAL(3.3),$);
#1859=IFCPROPERTYSET('08wl2r_Cf3nBcY75yi5nji',$,'EPset_IfcKit_Geometry',$,(#1855,#1856,#1857,#1858));
#1860=IFCRELDEFINESBYPROPERTIES('2StJnYF2X9IuGTAmxYo1oR',$,$,$,(#1849),#1859);
#1861=IFCCOLOURRGB($,0.501960784313725,0.501960784313725,0.501960784313725);
#1862=IFCSURFACESTYLERENDERING(#1861,0.,$,$,$,$,$,$,.FLAT.);
#1863=IFCSURFACESTYLE($,.BOTH.,(#1862));
#1864=IFCPRESENTATIONSTYLEASSIGNMENT((#1863));
#1865=IFCSTYLEDITEM(#1840,(#1864),$);
#1866=IFCCARTESIANPOINT((292.,75.));
#1867=IFCCARTESIANPOINT((292.,4.));
#1868=IFCCARTESIANPOINT((8.,4.));
#1869=IFCCARTESIANPOINT((8.,75.));
#1870=IFCCARTESIANPOINT((0.,75.));
#1871=IFCCARTESIANPOINT((0.,-75.));
#1872=IFCCARTESIANPOINT((8.,-75.));
#1873=IFCCARTESIANPOINT((8.,-4.));
#1874=IFCCARTESIANPOINT((292.,-4.));
#1875=IFCCARTESIANPOINT((292.,-75.));
#1876=IFCCARTESIANPOINT((300.,-75.));
#1877=IFCCARTESIANPOINT((300.,75.));
#1878=IFCCARTESIANPOINT((292.,75.));
#1879=IFCPOLYLINE((#1866,#1867,#1868,#1869,#1870,#1871,#1872,#1873,#1874,#1875,#1876,#1877,#1878));
#1880=IFCARBITRARYCLOSEDPROFILEDEF(.AREA.,$,#1879);
#1881=IFCCARTESIANPOINT((7500.,5977.99,3481.5048));
#1882=IFCDIRECTION((0.,-0.9374,0.3483));
#1883=IFCDIRECTION((0.,-0.3483,-0.9374));
#1884=IFCAXIS2PLACEMENT3D(#1881,#1882,#1883);
#1885=IFCCARTESIANPOINT((-7271.1293,0.,0.));
#1886=IFCDIRECTION((0.,1.,0.));
#1887=IFCAXIS1PLACEMENT(#1885,#1886);
#1888=IFCREVOLVEDAREASOLID(#1880,#1884,#1887,0.142691470220048);
#1889=IFCSHAPEREPRESENTATION(#17,'Body','SweptSolid',(#1888));
#1890=IFCPRODUCTDEFINITIONSHAPE($,$,(#1889));
#1896=IFCOWNERHISTORY(#3,#4,.READWRITE.,.MODIFIED.,1779428011,#3,#4,1779428011);
#1897=IFCBEAM('1fK4r7mET6VPNxBzChkRCg',#1896,'swept beam_0_6',$,$,#1902,#1890,$);
#1898=IFCCARTESIANPOINT((0.,0.,0.));
#1899=IFCDIRECTION((0.,0.,1.));
#1900=IFCDIRECTION((1.,0.,0.));
#1901=IFCAXIS2PLACEMENT3D(#1898,#1899,#1900);
#1902=IFCLOCALPLACEMENT(#39,#1901);
#1903=IFCPROPERTYSINGLEVALUE('Name',$,IFCLABEL('swept beam_0_6'),$);
#1904=IFCPROPERTYSINGLEVALUE('ArcLength',$,IFCLENGTHMEASURE(1038.),$);
#1905=IFCPROPERTYSINGLEVALUE('ArcAngle_rad',$,IFCREAL(0.14),$);
#1906=IFCPROPERTYSINGLEVALUE('ArcAngle_deg',$,IFCREAL(8.2),$);
#1907=IFCPROPERTYSET('2oUCxyZXj36eO5KLPjNNkY',$,'EPset_IfcKit_Geometry',$,(#1903,#1904,#1905,#1906));
#1908=IFCRELDEFINESBYPROPERTIES('1wUYbRhXTE6g3_l9AnbCRd',$,$,$,(#1897),#1907);
#1909=IFCCOLOURRGB($,0.501960784313725,0.501960784313725,0.501960784313725);
#1910=IFCSURFACESTYLERENDERING(#1909,0.,$,$,$,$,$,$,.FLAT.);
#1911=IFCSURFACESTYLE($,.BOTH.,(#1910));
#1912=IFCPRESENTATIONSTYLEASSIGNMENT((#1911));
#1913=IFCSTYLEDITEM(#1888,(#1912),$);
#1914=IFCCARTESIANPOINT((292.,75.));
#1915=IFCCARTESIANPOINT((292.,4.));
#1916=IFCCARTESIANPOINT((8.,4.));
#1917=IFCCARTESIANPOINT((8.,75.));
#1918=IFCCARTESIANPOINT((0.,75.));
#1919=IFCCARTESIANPOINT((0.,-75.));
#1920=IFCCARTESIANPOINT((8.,-75.));
#1921=IFCCARTESIANPOINT((8.,-4.));
#1922=IFCCARTESIANPOINT((292.,-4.));
#1923=IFCCARTESIANPOINT((292.,-75.));
#1924=IFCCARTESIANPOINT((300.,-75.));
#1925=IFCCARTESIANPOINT((300.,75.));
#1926=IFCCARTESIANPOINT((292.,75.));
#1927=IFCPOLYLINE((#1914,#1915,#1916,#1917,#1918,#1919,#1920,#1921,#1922,#1923,#1924,#1925,#1926));
#1928=IFCARBITRARYCLOSEDPROFILEDEF(.AREA.,$,#1927);
#1929=IFCCARTESIANPOINT((7500.,6972.9988,3190.6496));
#1930=IFCDIRECTION((0.,-0.9774,0.2114));
#1931=IFCDIRECTION((-0.,-0.2114,-0.9774));
#1932=IFCAXIS2PLACEMENT3D(#1929,#1930,#1931);
#1933=IFCCARTESIANPOINT((-3994.2026,0.,0.));
#1934=IFCDIRECTION((0.,1.,0.));
#1935=IFCAXIS1PLACEMENT(#1933,#1934);
#1936=IFCREVOLVEDAREASOLID(#1928,#1932,#1935,0.258746833536977);
#1937=IFCSHAPEREPRESENTATION(#17,'Body','SweptSolid',(#1936));
#1938=IFCPRODUCTDEFINITIONSHAPE($,$,(#1937));
#1944=IFCOWNERHISTORY(#3,#4,.READWRITE.,.MODIFIED.,1779428011,#3,#4,1779428011);
#1945=IFCBEAM('21ht13L7T2Nug_ihaYbHwE',#1944,'swept beam_0_7',$,$,#1950,#1938,$);
#1946=IFCCARTESIANPOINT((0.,0.,0.));
#1947=IFCDIRECTION((0.,0.,1.));
#1948=IFCDIRECTION((1.,0.,0.));
#1949=IFCAXIS2PLACEMENT3D(#1946,#1947,#1948);
#1950=IFCLOCALPLACEMENT(#39,#1949);
#1951=IFCPROPERTYSINGLEVALUE('Name',$,IFCLABEL('swept beam_0_7'),$);
#1952=IFCPROPERTYSINGLEVALUE('ArcLength',$,IFCLENGTHMEASURE(1033.),$);
#1953=IFCPROPERTYSINGLEVALUE('ArcAngle_rad',$,IFCREAL(0.26),$);
#1954=IFCPROPERTYSINGLEVALUE('ArcAngle_deg',$,IFCREAL(14.8),$);
#1955=IFCPROPERTYSET('1KzTK68mXCQeta7zHkhzGr',$,'EPset_IfcKit_Geometry',$,(#1951,#1952,#1953,#1954));
#1956=IFCRELDEFINESBYPROPERTIES('0B6Hic$7zDNxPbKvEOocwH',$,$,$,(#1945),#1955);
#1957=IFCCOLOURRGB($,0.501960784313725,0.501960784313725,0.501960784313725);
#1958=IFCSURFACESTYLERENDERING(#1957,0.,$,$,$,$,$,$,.FLAT.);
#1959=IFCSURFACESTYLE($,.BOTH.,(#1958));
#1960=IFCPRESENTATIONSTYLEASSIGNMENT((#1959));
#1961=IFCSTYLEDITEM(#1936,(#1960),$);
#1962=IFCCARTESIANPOINT((-80.,40.));
#1963=IFCCARTESIANPOINT((-80.,32.));
#1964=IFCCARTESIANPOINT((-8.,32.));
#1965=IFCCARTESIANPOINT((-8.,-40.));
#1966=IFCCARTESIANPOINT((0.,-40.));
#1967=IFCCARTESIANPOINT((0.,40.));
#1968=IFCCARTESIANPOINT((-80.,40.));
#1969=IFCPOLYLINE((#1962,#1963,#1964,#1965,#1966,#1967,#1968));
#1970=IFCARBITRARYCLOSEDPROFILEDEF(.AREA.,$,#1969);
#1971=IFCCARTESIANPOINT((9590.9091,0.,3032.7902));
#1972=IFCDIRECTION((-0.7049,-0.7049,0.0787));
#1973=IFCDIRECTION((-0.0556,-0.0556,-0.9969));
#1974=IFCAXIS2PLACEMENT3D(#1971,#1972,#1973);
#1975=IFCCARTESIANPOINT((-3030.4236,0.,0.));
#1976=IFCDIRECTION((0.,1.,0.));
#1977=IFCAXIS1PLACEMENT(#1975,#1976);
#1978=IFCREVOLVEDAREASOLID(#1970,#1974,#1977,0.0956332512365134);
#1979=IFCSHAPEREPRESENTATION(#17,'Body','SweptSolid',(#1978));
#1980=IFCPRODUCTDEFINITIONSHAPE($,$,(#1979));
#1986=IFCOWNERHISTORY(#3,#4,.READWRITE.,.MODIFIED.,1779428011,#3,#4,1779428011);
#1987=IFCBEAM('1GRREJLQjFUBPBvuxD5o4g',#1986,'swept beam_0_0',$,$,#1992,#1980,$);
#1988=IFCCARTESIANPOINT((0.,0.,0.));
#1989=IFCDIRECTION((0.,0.,1.));
#1990=IFCDIRECTION((1.,0.,0.));
#1991=IFCAXIS2PLACEMENT3D(#1988,#1989,#1990);
#1992=IFCLOCALPLACEMENT(#39,#1991);
#1993=IFCPROPERTYSINGLEVALUE('Name',$,IFCLABEL('swept beam_0_0'),$);
#1994=IFCPROPERTYSINGLEVALUE('ArcLength',$,IFCLENGTHMEASURE(290.),$);
#1995=IFCPROPERTYSINGLEVALUE('ArcAngle_rad',$,IFCREAL(0.1),$);
#1996=IFCPROPERTYSINGLEVALUE('ArcAngle_deg',$,IFCREAL(5.5),$);
#1997=IFCPROPERTYSET('1_ZbJXSjL5_ROJdRAqi$5v',$,'EPset_IfcKit_Geometry',$,(#1993,#1994,#1995,#1996));
#1998=IFCRELDEFINESBYPROPERTIES('1PSn7DcB10PvZq_qZW38g9',$,$,$,(#1987),#1997);
#1999=IFCCOLOURRGB($,0.501960784313725,0.501960784313725,0.501960784313725);
#2000=IFCSURFACESTYLERENDERING(#1999,0.,$,$,$,$,$,$,.FLAT.);
#2001=IFCSURFACESTYLE($,.BOTH.,(#2000));
#2002=IFCPRESENTATIONSTYLEASSIGNMENT((#2001));
#2003=IFCSTYLEDITEM(#1978,(#2002),$);
#2004=IFCCARTESIANPOINT((-80.,40.));
#2005=IFCCARTESIANPOINT((-80.,32.));
#2006=IFCCARTESIANPOINT((-8.,32.));
#2007=IFCCARTESIANPOINT((-8.,-40.));
#2008=IFCCARTESIANPOINT((0.,-40.));
#2009=IFCCARTESIANPOINT((0.,40.));
#2010=IFCCARTESIANPOINT((-80.,40.));
#2011=IFCPOLYLINE((#2004,#2005,#2006,#2007,#2008,#2009,#2010));
#2012=IFCARBITRARYCLOSEDPROFILEDEF(.AREA.,$,#2011);
#2013=IFCCARTESIANPOINT((9795.659,204.7499,3023.8255));
#2014=IFCDIRECTION((-0.707,-0.707,-0.0169));
#2015=IFCDIRECTION((0.0119,0.0119,-0.9999));
#2016=IFCAXIS2PLACEMENT3D(#2013,#2014,#2015);
#2017=IFCCARTESIANPOINT((-2833.5117,0.,0.));
#2018=IFCDIRECTION((0.,1.,0.));
#2019=IFCAXIS1PLACEMENT(#2017,#2018);
#2020=IFCREVOLVEDAREASOLID(#2012,#2016,#2019,0.102267979762966);
#2021=IFCSHAPEREPRESENTATION(#17,'Body','SweptSolid',(#2020));
#2022=IFCPRODUCTDEFINITIONSHAPE($,$,(#2021));
#2028=IFCOWNERHISTORY(#3,#4,.READWRITE.,.MODIFIED.,1779428011,#3,#4,1779428011);
#2029=IFCBEAM('1VhI8RKP9ES8S4l6WRmc5w',#2028,'swept beam_0_1',$,$,#2034,#2022,$);
#2030=IFCCARTESIANPOINT((0.,0.,0.));
#2031=IFCDIRECTION((0.,0.,1.));
#2032=IFCDIRECTION((1.,0.,0.));
#2033=IFCAXIS2PLACEMENT3D(#2030,#2031,#2032);
#2034=IFCLOCALPLACEMENT(#39,#2033);
#2035=IFCPROPERTYSINGLEVALUE('Name',$,IFCLABEL('swept beam_0_1'),$);
#2036=IFCPROPERTYSINGLEVALUE('ArcLength',$,IFCLENGTHMEASURE(290.),$);
#2037=IFCPROPERTYSINGLEVALUE('ArcAngle_rad',$,IFCREAL(0.1),$);
#2038=IFCPROPERTYSINGLEVALUE('ArcAngle_deg',$,IFCREAL(5.9),$);
#2039=IFCPROPERTYSET('1ZpXShMh9DM8C9og6rrIRo',$,'EPset_IfcKit_Geometry',$,(#2035,#2036,#2037,#2038));
#2040=IFCRELDEFINESBYPROPERTIES('2TLMrWYsD7zgr9Xdq9iUyZ',$,$,$,(#2029),#2039);
#2041=IFCCOLOURRGB($,0.501960784313725,0.501960784313725,0.501960784313725);
#2042=IFCSURFACESTYLERENDERING(#2041,0.,$,$,$,$,$,$,.FLAT.);
#2043=IFCSURFACESTYLE($,.BOTH.,(#2042));
#2044=IFCPRESENTATIONSTYLEASSIGNMENT((#2043));
#2045=IFCSTYLEDITEM(#2020,(#2044),$);
#2046=IFCCARTESIANPOINT((-80.,40.));
#2047=IFCCARTESIANPOINT((-80.,32.));
#2048=IFCCARTESIANPOINT((-8.,32.));
#2049=IFCCARTESIANPOINT((-8.,-40.));
#2050=IFCCARTESIANPOINT((0.,-40.));
#2051=IFCCARTESIANPOINT((0.,40.));
#2052=IFCCARTESIANPOINT((-80.,40.));
#2053=IFCPOLYLINE((#2046,#2047,#2048,#2049,#2050,#2051,#2052));
#2054=IFCARBITRARYCLOSEDPROFILEDEF(.AREA.,$,#2053);
#2055=IFCCARTESIANPOINT((9181.8182,0.,3103.6185));
#2056=IFCDIRECTION((-0.703,-0.703,0.1074));
#2057=IFCDIRECTION((-0.0759,-0.0759,-0.9942));
#2058=IFCAXIS2PLACEMENT3D(#2055,#2056,#2057);
#2059=IFCCARTESIANPOINT((-3914.3014,0.,0.));
#2060=IFCDIRECTION((0.,1.,0.));
#2061=IFCAXIS1PLACEMENT(#2059,#2060);
#2062=IFCREVOLVEDAREASOLID(#2054,#2058,#2061,0.148468246087373);
#2063=IFCSHAPEREPRESENTATION(#17,'Body','SweptSolid',(#2062));
#2064=IFCPRODUCTDEFINITIONSHAPE($,$,(#2063));
#2070=IFCOWNERHISTORY(#3,#4,.READWRITE.,.MODIFIED.,1779428011,#3,#4,1779428011);
#2071=IFCBEAM('2em3YHmhrD8Rcd9QKHdYHE',#2070,'swept beam_0_0',$,$,#2076,#2064,$);
#2072=IFCCARTESIANPOINT((0.,0.,0.));
#2073=IFCDIRECTION((0.,0.,1.));
#2074=IFCDIRECTION((1.,0.,0.));
#2075=IFCAXIS2PLACEMENT3D(#2072,#2073,#2074);
#2076=IFCLOCALPLACEMENT(#39,#2075);
#2077=IFCPROPERTYSINGLEVALUE('Name',$,IFCLABEL('swept beam_0_0'),$);
#2078=IFCPROPERTYSINGLEVALUE('ArcLength',$,IFCLENGTHMEASURE(581.),$);
#2079=IFCPROPERTYSINGLEVALUE('ArcAngle_rad',$,IFCREAL(0.15),$);
#2080=IFCPROPERTYSINGLEVALUE('ArcAngle_deg',$,IFCREAL(8.5),$);
#2081=IFCPROPERTYSET('16wI8___5AluxHo9DKNFsY',$,'EPset_IfcKit_Geometry',$,(#2077,#2078,#2079,#2080));
#2082=IFCRELDEFINESBYPROPERTIES('372Oaqp4rEy9hiE$d$$Cff',$,$,$,(#2071),#2081);
#2083=IFCCOLOURRGB($,0.501960784313725,0.501960784313725,0.501960784313725);
#2084=IFCSURFACESTYLERENDERING(#2083,0.,$,$,$,$,$,$,.FLAT.);
#2085=IFCSURFACESTYLE($,.BOTH.,(#2084));
#2086=IFCPRESENTATIONSTYLEASSIGNMENT((#2085));
#2087=IFCSTYLEDITEM(#2062,(#2086),$);
#2088=IFCCARTESIANPOINT((-80.,40.));
#2089=IFCCARTESIANPOINT((-80.,32.));
#2090=IFCCARTESIANPOINT((-8.,32.));
#2091=IFCCARTESIANPOINT((-8.,-40.));
#2092=IFCCARTESIANPOINT((0.,-40.));
#2093=IFCCARTESIANPOINT((0.,40.));
#2094=IFCCARTESIANPOINT((-80.,40.));
#2095=IFCPOLYLINE((#2088,#2089,#2090,#2091,#2092,#2093,#2094));
#2096=IFCARBITRARYCLOSEDPROFILEDEF(.AREA.,$,#2095);
#2097=IFCCARTESIANPOINT((9592.1476,410.3294,3084.2724));
#2098=IFCDIRECTION((-0.7065,-0.7065,-0.0409));
#2099=IFCDIRECTION((0.0289,0.0289,-0.9992));
#2100=IFCAXIS2PLACEMENT3D(#2097,#2098,#2099);
#2101=IFCCARTESIANPOINT((-3923.5424,0.,0.));
#2102=IFCDIRECTION((0.,1.,0.));
#2103=IFCAXIS1PLACEMENT(#2101,#2102);
#2104=IFCREVOLVEDAREASOLID(#2096,#2100,#2103,0.148119841173536);
#2105=IFCSHAPEREPRESENTATION(#17,'Body','SweptSolid',(#2104));
#2106=IFCPRODUCTDEFINITIONSHAPE($,$,(#2105));
#2112=IFCOWNERHISTORY(#3,#4,.READWRITE.,.MODIFIED.,1779428011,#3,#4,1779428011);
#2113=IFCBEAM('19fOSMCCPC8BFc_3Rv$qpY',#2112,'swept beam_0_1',$,$,#2118,#2106,$);
#2114=IFCCARTESIANPOINT((0.,0.,0.));
#2115=IFCDIRECTION((0.,0.,1.));
#2116=IFCDIRECTION((1.,0.,0.));
#2117=IFCAXIS2PLACEMENT3D(#2114,#2115,#2116);
#2118=IFCLOCALPLACEMENT(#39,#2117);
#2119=IFCPROPERTYSINGLEVALUE('Name',$,IFCLABEL('swept beam_0_1'),$);
#2120=IFCPROPERTYSINGLEVALUE('ArcLength',$,IFCLENGTHMEASURE(581.),$);
#2121=IFCPROPERTYSINGLEVALUE('ArcAngle_rad',$,IFCREAL(0.15),$);
#2122=IFCPROPERTYSINGLEVALUE('ArcAngle_deg',$,IFCREAL(8.5),$);
#2123=IFCPROPERTYSET('0ZaxgnVWD7VeCkN6vmKHYV',$,'EPset_IfcKit_Geometry',$,(#2119,#2120,#2121,#2122));
#2124=IFCRELDEFINESBYPROPERTIES('1By7$CqQzDlPcsYGuMUiOR',$,$,$,(#2113),#2123);
#2125=IFCCOLOURRGB($,0.501960784313725,0.501960784313725,0.501960784313725);
#2126=IFCSURFACESTYLERENDERING(#2125,0.,$,$,$,$,$,$,.FLAT.);
#2127=IFCSURFACESTYLE($,.BOTH.,(#2126));
#2128=IFCPRESENTATIONSTYLEASSIGNMENT((#2127));
#2129=IFCSTYLEDITEM(#2104,(#2128),$);
#2130=IFCCARTESIANPOINT((-80.,40.));
#2131=IFCCARTESIANPOINT((-80.,32.));
#2132=IFCCARTESIANPOINT((-8.,32.));
#2133=IFCCARTESIANPOINT((-8.,-40.));
#2134=IFCCARTESIANPOINT((0.,-40.));
#2135=IFCCARTESIANPOINT((0.,40.));
#2136=IFCCARTESIANPOINT((-80.,40.));
#2137=IFCPOLYLINE((#2130,#2131,#2132,#2133,#2134,#2135,#2136));
#2138=IFCARBITRARYCLOSEDPROFILEDEF(.AREA.,$,#2137);
#2139=IFCCARTESIANPOINT((8772.7273,0.,3191.3516));
#2140=IFCDIRECTION((-0.7023,-0.7023,0.1163));
#2141=IFCDIRECTION((-0.0822,-0.0822,-0.9932));
#2142=IFCAXIS2PLACEMENT3D(#2139,#2140,#2141);
#2143=IFCCARTESIANPOINT((-4817.4244,0.,0.));
#2144=IFCDIRECTION((0.,1.,0.));
#2145=IFCAXIS1PLACEMENT(#2143,#2144);
#2146=IFCREVOLVEDAREASOLID(#2138,#2142,#2145,0.181258635026945);
#2147=IFCSHAPEREPRESENTATION(#17,'Body','SweptSolid',(#2146));
#2148=IFCPRODUCTDEFINITIONSHAPE($,$,(#2147));
#2154=IFCOWNERHISTORY(#3,#4,.READWRITE.,.MODIFIED.,1779428011,#3,#4,1779428011);
#2155=IFCBEAM('3GACKaXvH0GOue$MbfPcdA',#2154,'swept beam_0_0',$,$,#2160,#2148,$);
#2156=IFCCARTESIANPOINT((0.,0.,0.));
#2157=IFCDIRECTION((0.,0.,1.));
#2158=IFCDIRECTION((1.,0.,0.));
#2159=IFCAXIS2PLACEMENT3D(#2156,#2157,#2158);
#2160=IFCLOCALPLACEMENT(#39,#2159);
#2161=IFCPROPERTYSINGLEVALUE('Name',$,IFCLABEL('swept beam_0_0'),$);
#2162=IFCPROPERTYSINGLEVALUE('ArcLength',$,IFCLENGTHMEASURE(873.),$);
#2163=IFCPROPERTYSINGLEVALUE('ArcAngle_rad',$,IFCREAL(0.18),$);
#2164=IFCPROPERTYSINGLEVALUE('ArcAngle_deg',$,IFCREAL(10.4),$);
#2165=IFCPROPERTYSET('2RwR0dq1jCvg_N3GIKe7po',$,'EPset_IfcKit_Geometry',$,(#2161,#2162,#2163,#2164));
#2166=IFCRELDEFINESBYPROPERTIES('2CszDQk6T3CgUFzp1CU7fW',$,$,$,(#2155),#2165);
#2167=IFCCOLOURRGB($,0.501960784313725,0.501960784313725,0.501960784313725);
#2168=IFCSURFACESTYLERENDERING(#2167,0.,$,$,$,$,$,$,.FLAT.);
#2169=IFCSURFACESTYLE($,.BOTH.,(#2168));
#2170=IFCPRESENTATIONSTYLEASSIGNMENT((#2169));
#2171=IFCSTYLEDITEM(#2146,(#2170),$);
#2172=IFCCARTESIANPOINT((-80.,40.));
#2173=IFCCARTESIANPOINT((-80.,32.));
#2174=IFCCARTESIANPOINT((-8.,32.));
#2175=IFCCARTESIANPOINT((-8.,-40.));
#2176=IFCCARTESIANPOINT((0.,-40.));
#2177=IFCCARTESIANPOINT((0.,40.));
#2178=IFCCARTESIANPOINT((-80.,40.));
#2179=IFCPOLYLINE((#2172,#2173,#2174,#2175,#2176,#2177,#2178));
#2180=IFCARBITRARYCLOSEDPROFILEDEF(.AREA.,$,#2179);
#2181=IFCCARTESIANPOINT((9389.1208,616.3935,3168.7549));
#2182=IFCDIRECTION((-0.7056,-0.7056,-0.0647));
#2183=IFCDIRECTION((0.0457,0.0457,-0.9979));
#2184=IFCAXIS2PLACEMENT3D(#2181,#2182,#2183);
#2185=IFCCARTESIANPOINT((-5546.4713,0.,0.));
#2186=IFCDIRECTION((0.,1.,0.));
#2187=IFCAXIS1PLACEMENT(#2185,#2186);
#2188=IFCREVOLVEDAREASOLID(#2180,#2184,#2187,0.157539208439003);
#2189=IFCSHAPEREPRESENTATION(#17,'Body','SweptSolid',(#2188));
#2190=IFCPRODUCTDEFINITIONSHAPE($,$,(#2189));
#2196=IFCOWNERHISTORY(#3,#4,.READWRITE.,.MODIFIED.,1779428011,#3,#4,1779428011);
#2197=IFCBEAM('1j0txNnDPFNQlK6QQkzkxs',#2196,'swept beam_0_1',$,$,#2202,#2190,$);
#2198=IFCCARTESIANPOINT((0.,0.,0.));
#2199=IFCDIRECTION((0.,0.,1.));
#2200=IFCDIRECTION((1.,0.,0.));
#2201=IFCAXIS2PLACEMENT3D(#2198,#2199,#2200);
#2202=IFCLOCALPLACEMENT(#39,#2201);
#2203=IFCPROPERTYSINGLEVALUE('Name',$,IFCLABEL('swept beam_0_1'),$);
#2204=IFCPROPERTYSINGLEVALUE('ArcLength',$,IFCLENGTHMEASURE(874.),$);
#2205=IFCPROPERTYSINGLEVALUE('ArcAngle_rad',$,IFCREAL(0.16),$);
#2206=IFCPROPERTYSINGLEVALUE('ArcAngle_deg',$,IFCREAL(9.),$);
#2207=IFCPROPERTYSET('2kbfS5Pg1C_wzV6JZWYrJA',$,'EPset_IfcKit_Geometry',$,(#2203,#2204,#2205,#2206));
#2208=IFCRELDEFINESBYPROPERTIES('1Y2piFIm1EQe3HDAY_EQag',$,$,$,(#2197),#2207);
#2209=IFCCOLOURRGB($,0.501960784313725,0.501960784313725,0.501960784313725);
#2210=IFCSURFACESTYLERENDERING(#2209,0.,$,$,$,$,$,$,.FLAT.);
#2211=IFCSURFACESTYLE($,.BOTH.,(#2210));
#2212=IFCPRESENTATIONSTYLEASSIGNMENT((#2211));
#2213=IFCSTYLEDITEM(#2188,(#2212),$);
#2214=IFCCARTESIANPOINT((-80.,40.));
#2215=IFCCARTESIANPOINT((-80.,32.));
#2216=IFCCARTESIANPOINT((-8.,32.));
#2217=IFCCARTESIANPOINT((-8.,-40.));
#2218=IFCCARTESIANPOINT((0.,-40.));
#2219=IFCCARTESIANPOINT((0.,40.));
#2220=IFCCARTESIANPOINT((-80.,40.));
#2221=IFCPOLYLINE((#2214,#2215,#2216,#2217,#2218,#2219,#2220));
#2222=IFCARBITRARYCLOSEDPROFILEDEF(.AREA.,$,#2221);
#2223=IFCCARTESIANPOINT((8363.6364,0.,3285.832));
#2224=IFCDIRECTION((-0.7024,-0.7024,0.1151));
#2225=IFCDIRECTION((-0.0814,-0.0814,-0.9934));
#2226=IFCAXIS2PLACEMENT3D(#2223,#2224,#2225);
#2227=IFCCARTESIANPOINT((-5808.7924,0.,0.));
#2228=IFCDIRECTION((0.,1.,0.));
#2229=IFCAXIS1PLACEMENT(#2227,#2228);
#2230=IFCREVOLVEDAREASOLID(#2222,#2226,#2229,0.200504886997638);
#2231=IFCSHAPEREPRESENTATION(#17,'Body','SweptSolid',(#2230));
#2232=IFCPRODUCTDEFINITIONSHAPE($,$,(#2231));
#2238=IFCOWNERHISTORY(#3,#4,.READWRITE.,.MODIFIED.,1779428011,#3,#4,1779428011);
#2239=IFCBEAM('3edxp2prL5OP7UtcQk9XnD',#2238,'swept beam_0_0',$,$,#2244,#2232,$);
#2240=IFCCARTESIANPOINT((0.,0.,0.));
#2241=IFCDIRECTION((0.,0.,1.));
#2242=IFCDIRECTION((1.,0.,0.));
#2243=IFCAXIS2PLACEMENT3D(#2240,#2241,#2242);
#2244=IFCLOCALPLACEMENT(#39,#2243);
#2245=IFCPROPERTYSINGLEVALUE('Name',$,IFCLABEL('swept beam_0_0'),$);
#2246=IFCPROPERTYSINGLEVALUE('ArcLength',$,IFCLENGTHMEASURE(1165.),$);
#2247=IFCPROPERTYSINGLEVALUE('ArcAngle_rad',$,IFCREAL(0.2),$);
#2248=IFCPROPERTYSINGLEVALUE('ArcAngle_deg',$,IFCREAL(11.5),$);
#2249=IFCPROPERTYSET('0SrC0awkbB1BQI02Z771pE',$,'EPset_IfcKit_Geometry',$,(#2245,#2246,#2247,#2248));
#2250=IFCRELDEFINESBYPROPERTIES('0uRS3It5vDPP72ypIhGr5B',$,$,$,(#2239),#2249);
#2251=IFCCOLOURRGB($,0.501960784313725,0.501960784313725,0.501960784313725);
#2252=IFCSURFACESTYLERENDERING(#2251,0.,$,$,$,$,$,$,.FLAT.);
#2253=IFCSURFACESTYLE($,.BOTH.,(#2252));
#2254=IFCPRESENTATIONSTYLEASSIGNMENT((#2253));
#2255=IFCSTYLEDITEM(#2230,(#2254),$);
#2256=IFCCARTESIANPOINT((-80.,40.));
#2257=IFCCARTESIANPOINT((-80.,32.));
#2258=IFCCARTESIANPOINT((-8.,32.));
#2259=IFCCARTESIANPOINT((-8.,-40.));
#2260=IFCCARTESIANPOINT((0.,-40.));
#2261=IFCCARTESIANPOINT((0.,40.));
#2262=IFCCARTESIANPOINT((-80.,40.));
#2263=IFCPOLYLINE((#2256,#2257,#2258,#2259,#2260,#2261,#2262));
#2264=IFCARBITRARYCLOSEDPROFILEDEF(.AREA.,$,#2263);
#2265=IFCCARTESIANPOINT((9185.725,822.0887,3268.2905));
#2266=IFCDIRECTION((-0.7045,-0.7045,-0.0851));
#2267=IFCDIRECTION((0.0601,0.0601,-0.9964));
#2268=IFCAXIS2PLACEMENT3D(#2265,#2266,#2267);
#2269=IFCCARTESIANPOINT((-8250.8811,0.,0.));
#2270=IFCDIRECTION((0.,1.,0.));
#2271=IFCAXIS1PLACEMENT(#2269,#2270);
#2272=IFCREVOLVEDAREASOLID(#2264,#2268,#2271,0.141398381655801);
#2273=IFCSHAPEREPRESENTATION(#17,'Body','SweptSolid',(#2272));
#2274=IFCPRODUCTDEFINITIONSHAPE($,$,(#2273));
#2280=IFCOWNERHISTORY(#3,#4,.READWRITE.,.MODIFIED.,1779428011,#3,#4,1779428011);
#2281=IFCBEAM('34$wlnkt14qAXcbBIzvhRw',#2280,'swept beam_0_1',$,$,#2286,#2274,$);
#2282=IFCCARTESIANPOINT((0.,0.,0.));
#2283=IFCDIRECTION((0.,0.,1.));
#2284=IFCDIRECTION((1.,0.,0.));
#2285=IFCAXIS2PLACEMENT3D(#2282,#2283,#2284);
#2286=IFCLOCALPLACEMENT(#39,#2285);
#2287=IFCPROPERTYSINGLEVALUE('Name',$,IFCLABEL('swept beam_0_1'),$);
#2288=IFCPROPERTYSINGLEVALUE('ArcLength',$,IFCLENGTHMEASURE(1167.),$);
#2289=IFCPROPERTYSINGLEVALUE('ArcAngle_rad',$,IFCREAL(0.14),$);
#2290=IFCPROPERTYSINGLEVALUE('ArcAngle_deg',$,IFCREAL(8.1),$);
#2291=IFCPROPERTYSET('33RWA0AfX1_wsr8wEGXIbc',$,'EPset_IfcKit_Geometry',$,(#2287,#2288,#2289,#2290));
#2292=IFCRELDEFINESBYPROPERTIES('3_wyajn9n0iwa_hguqSChb',$,$,$,(#2281),#2291);
#2293=IFCCOLOURRGB($,0.501960784313725,0.501960784313725,0.501960784313725);
#2294=IFCSURFACESTYLERENDERING(#2293,0.,$,$,$,$,$,$,.FLAT.);
#2295=IFCSURFACESTYLE($,.BOTH.,(#2294));
#2296=IFCPRESENTATIONSTYLEASSIGNMENT((#2295));
#2297=IFCSTYLEDITEM(#2272,(#2296),$);
#2298=IFCCARTESIANPOINT((-80.,40.));
#2299=IFCCARTESIANPOINT((-80.,32.));
#2300=IFCCARTESIANPOINT((-8.,32.));
#2301=IFCCARTESIANPOINT((-8.,-40.));
#2302=IFCCARTESIANPOINT((0.,-40.));
#2303=IFCCARTESIANPOINT((0.,40.));
#2304=IFCCARTESIANPOINT((-80.,40.));
#2305=IFCPOLYLINE((#2298,#2299,#2300,#2301,#2302,#2303,#2304));
#2306=IFCARBITRARYCLOSEDPROFILEDEF(.AREA.,$,#2305);
#2307=IFCCARTESIANPOINT((7954.5455,0.,3381.0278));
#2308=IFCDIRECTION((-0.703,-0.703,0.1077));
#2309=IFCDIRECTION((-0.0762,-0.0762,-0.9942));
#2310=IFCAXIS2PLACEMENT3D(#2307,#2308,#2309);
#2311=IFCCARTESIANPOINT((-5448.8915,0.,0.));
#2312=IFCDIRECTION((0.,1.,0.));
#2313=IFCAXIS1PLACEMENT(#2311,#2312);
#2314=IFCREVOLVEDAREASOLID(#2306,#2310,#2313,0.133369045060307);
#2315=IFCSHAPEREPRESENTATION(#17,'Body','SweptSolid',(#2314));
#2316=IFCPRODUCTDEFINITIONSHAPE($,$,(#2315));
#2322=IFCOWNERHISTORY(#3,#4,.READWRITE.,.MODIFIED.,1779428011,#3,#4,1779428011);
#2323=IFCBEAM('3sHoXuMI50KgWAH4b2zBBQ',#2322,'swept beam_0_0',$,$,#2328,#2316,$);
#2324=IFCCARTESIANPOINT((0.,0.,0.));
#2325=IFCDIRECTION((0.,0.,1.));
#2326=IFCDIRECTION((1.,0.,0.));
#2327=IFCAXIS2PLACEMENT3D(#2324,#2325,#2326);
#2328=IFCLOCALPLACEMENT(#39,#2327);
#2329=IFCPROPERTYSINGLEVALUE('Name',$,IFCLABEL('swept beam_0_0'),$);
#2330=IFCPROPERTYSINGLEVALUE('ArcLength',$,IFCLENGTHMEASURE(727.),$);
#2331=IFCPROPERTYSINGLEVALUE('ArcAngle_rad',$,IFCREAL(0.13),$);
#2332=IFCPROPERTYSINGLEVALUE('ArcAngle_deg',$,IFCREAL(7.6),$);
#2333=IFCPROPERTYSET('2vqGGyXyP6M8I2hhb3QDNm',$,'EPset_IfcKit_Geometry',$,(#2329,#2330,#2331,#2332));
#2334=IFCRELDEFINESBYPROPERTIES('3$yotPwUnC1gN6kPD04xt6',$,$,$,(#2323),#2333);
#2335=IFCCOLOURRGB($,0.501960784313725,0.501960784313725,0.501960784313725);
#2336=IFCSURFACESTYLERENDERING(#2335,0.,$,$,$,$,$,$,.FLAT.);
#2337=IFCSURFACESTYLE($,.BOTH.,(#2336));
#2338=IFCPRESENTATIONSTYLEASSIGNMENT((#2337));
#2339=IFCSTYLEDITEM(#2314,(#2338),$);
#2340=IFCCARTESIANPOINT((-80.,40.));
#2341=IFCCARTESIANPOINT((-80.,32.));
#2342=IFCCARTESIANPOINT((-8.,32.));
#2343=IFCCARTESIANPOINT((-8.,-40.));
#2344=IFCCARTESIANPOINT((0.,-40.));
#2345=IFCCARTESIANPOINT((0.,40.));
#2346=IFCCARTESIANPOINT((-80.,40.));
#2347=IFCPOLYLINE((#2340,#2341,#2342,#2343,#2344,#2345,#2346));
#2348=IFCARBITRARYCLOSEDPROFILEDEF(.AREA.,$,#2347);
#2349=IFCCARTESIANPOINT((8467.5923,513.0469,3351.0953));
#2350=IFCDIRECTION((-0.7069,-0.7069,-0.0255));
#2351=IFCDIRECTION((0.018,0.018,-0.9997));
#2352=IFCAXIS2PLACEMENT3D(#2349,#2350,#2351);
#2353=IFCCARTESIANPOINT((-11236.4523,0.,0.));
#2354=IFCDIRECTION((0.,1.,0.));
#2355=IFCAXIS1PLACEMENT(#2353,#2354);
#2356=IFCREVOLVEDAREASOLID(#2348,#2352,#2355,0.0647480417192645);
#2357=IFCSHAPEREPRESENTATION(#17,'Body','SweptSolid',(#2356));
#2358=IFCPRODUCTDEFINITIONSHAPE($,$,(#2357));
#2364=IFCOWNERHISTORY(#3,#4,.READWRITE.,.MODIFIED.,1779428011,#3,#4,1779428011);
#2365=IFCBEAM('151QliK7HFI9CtAu4WIgJI',#2364,'swept beam_0_1',$,$,#2370,#2358,$);
#2366=IFCCARTESIANPOINT((0.,0.,0.));
#2367=IFCDIRECTION((0.,0.,1.));
#2368=IFCDIRECTION((1.,0.,0.));
#2369=IFCAXIS2PLACEMENT3D(#2366,#2367,#2368);
#2370=IFCLOCALPLACEMENT(#39,#2369);
#2371=IFCPROPERTYSINGLEVALUE('Name',$,IFCLABEL('swept beam_0_1'),$);
#2372=IFCPROPERTYSINGLEVALUE('ArcLength',$,IFCLENGTHMEASURE(728.),$);
#2373=IFCPROPERTYSINGLEVALUE('ArcAngle_rad',$,IFCREAL(0.06),$);
#2374=IFCPROPERTYSINGLEVALUE('ArcAngle_deg',$,IFCREAL(3.7),$);
#2375=IFCPROPERTYSET('2k6huFsVP6FumicdtM7ruX',$,'EPset_IfcKit_Geometry',$,(#2371,#2372,#2373,#2374));
#2376=IFCRELDEFINESBYPROPERTIES('12v3_q_kL3FxNgH8qRvL3H',$,$,$,(#2365),#2375);
#2377=IFCCOLOURRGB($,0.501960784313725,0.501960784313725,0.501960784313725);
#2378=IFCSURFACESTYLERENDERING(#2377,0.,$,$,$,$,$,$,.FLAT.);
#2379=IFCSURFACESTYLE($,.BOTH.,(#2378));
#2380=IFCPRESENTATIONSTYLEASSIGNMENT((#2379));
#2381=IFCSTYLEDITEM(#2356,(#2380),$);
#2382=IFCCARTESIANPOINT((-80.,40.));
#2383=IFCCARTESIANPOINT((-80.,32.));
#2384=IFCCARTESIANPOINT((-8.,32.));
#2385=IFCCARTESIANPOINT((-8.,-40.));
#2386=IFCCARTESIANPOINT((0.,-40.));
#2387=IFCCARTESIANPOINT((0.,40.));
#2388=IFCCARTESIANPOINT((-80.,40.));
#2389=IFCPOLYLINE((#2382,#2383,#2384,#2385,#2386,#2387,#2388));
#2390=IFCARBITRARYCLOSEDPROFILEDEF(.AREA.,$,#2389);
#2391=IFCCARTESIANPOINT((8981.0899,1026.5445,3393.1362));
#2392=IFCDIRECTION((-0.7042,-0.7042,-0.0901));
#2393=IFCDIRECTION((0.0637,0.0637,-0.9959));
#2394=IFCAXIS2PLACEMENT3D(#2391,#2392,#2393);
#2395=IFCCARTESIANPOINT((-15611.8635,0.,0.));
#2396=IFCDIRECTION((0.,1.,0.));
#2397=IFCAXIS1PLACEMENT(#2395,#2396);
#2398=IFCREVOLVEDAREASOLID(#2390,#2394,#2397,0.0466543578345378);
#2399=IFCSHAPEREPRESENTATION(#17,'Body','SweptSolid',(#2398));
#2400=IFCPRODUCTDEFINITIONSHAPE($,$,(#2399));
#2406=IFCOWNERHISTORY(#3,#4,.READWRITE.,.MODIFIED.,1779428011,#3,#4,1779428011);
#2407=IFCBEAM('0oYihLSs12jvXHyTq_Bms$',#2406,'swept beam_0_2',$,$,#2412,#2400,$);
#2408=IFCCARTESIANPOINT((0.,0.,0.));
#2409=IFCDIRECTION((0.,0.,1.));
#2410=IFCDIRECTION((1.,0.,0.));
#2411=IFCAXIS2PLACEMENT3D(#2408,#2409,#2410);
#2412=IFCLOCALPLACEMENT(#39,#2411);
#2413=IFCPROPERTYSINGLEVALUE('Name',$,IFCLABEL('swept beam_0_2'),$);
#2414=IFCPROPERTYSINGLEVALUE('ArcLength',$,IFCLENGTHMEASURE(728.),$);
#2415=IFCPROPERTYSINGLEVALUE('ArcAngle_rad',$,IFCREAL(0.05),$);
#2416=IFCPROPERTYSINGLEVALUE('ArcAngle_deg',$,IFCREAL(2.7),$);
#2417=IFCPROPERTYSET('09XP_dnAPA5xlYswfV54sg',$,'EPset_IfcKit_Geometry',$,(#2413,#2414,#2415,#2416));
#2418=IFCRELDEFINESBYPROPERTIES('3d98OzLMH2XB8x23uSUWTy',$,$,$,(#2407),#2417);
#2419=IFCCOLOURRGB($,0.501960784313725,0.501960784313725,0.501960784313725);
#2420=IFCSURFACESTYLERENDERING(#2419,0.,$,$,$,$,$,$,.FLAT.);
#2421=IFCSURFACESTYLE($,.BOTH.,(#2420));
#2422=IFCPRESENTATIONSTYLEASSIGNMENT((#2421));
#2423=IFCSTYLEDITEM(#2398,(#2422),$);
#2424=IFCCARTESIANPOINT((-80.,40.));
#2425=IFCCARTESIANPOINT((-80.,32.));
#2426=IFCCARTESIANPOINT((-8.,32.));
#2427=IFCCARTESIANPOINT((-8.,-40.));
#2428=IFCCARTESIANPOINT((0.,-40.));
#2429=IFCCARTESIANPOINT((0.,40.));
#2430=IFCCARTESIANPOINT((-80.,40.));
#2431=IFCPOLYLINE((#2424,#2425,#2426,#2427,#2428,#2429,#2430));
#2432=IFCARBITRARYCLOSEDPROFILEDEF(.AREA.,$,#2431);
#2433=IFCCARTESIANPOINT((9492.7574,1538.2119,3475.6411));
#2434=IFCDIRECTION((-0.7005,-0.7005,-0.1364));
#2435=IFCDIRECTION((0.0965,0.0965,-0.9906));
#2436=IFCAXIS2PLACEMENT3D(#2433,#2434,#2435);
#2437=IFCCARTESIANPOINT((-10456.2749,0.,0.));
#2438=IFCDIRECTION((0.,1.,0.));
#2439=IFCAXIS1PLACEMENT(#2437,#2438);
#2440=IFCREVOLVEDAREASOLID(#2432,#2436,#2439,0.0696423112078693);
#2441=IFCSHAPEREPRESENTATION(#17,'Body','SweptSolid',(#2440));
#2442=IFCPRODUCTDEFINITIONSHAPE($,$,(#2441));
#2448=IFCOWNERHISTORY(#3,#4,.READWRITE.,.MODIFIED.,1779428011,#3,#4,1779428011);
#2449=IFCBEAM('1Kf7jaY6f2kRi4Qe1SVXlF',#2448,'swept beam_0_3',$,$,#2454,#2442,$);
#2450=IFCCARTESIANPOINT((0.,0.,0.));
#2451=IFCDIRECTION((0.,0.,1.));
#2452=IFCDIRECTION((1.,0.,0.));
#2453=IFCAXIS2PLACEMENT3D(#2450,#2451,#2452);
#2454=IFCLOCALPLACEMENT(#39,#2453);
#2455=IFCPROPERTYSINGLEVALUE('Name',$,IFCLABEL('swept beam_0_3'),$);
#2456=IFCPROPERTYSINGLEVALUE('ArcLength',$,IFCLENGTHMEASURE(728.),$);
#2457=IFCPROPERTYSINGLEVALUE('ArcAngle_rad',$,IFCREAL(0.07),$);
#2458=IFCPROPERTYSINGLEVALUE('ArcAngle_deg',$,IFCREAL(4.),$);
#2459=IFCPROPERTYSET('3tvZ_NYY5CuhIBh8$Tz1Ct',$,'EPset_IfcKit_Geometry',$,(#2455,#2456,#2457,#2458));
#2460=IFCRELDEFINESBYPROPERTIES('20daLsewL98hXB$f_c60OF',$,$,$,(#2449),#2459);
#2461=IFCCOLOURRGB($,0.501960784313725,0.501960784313725,0.501960784313725);
#2462=IFCSURFACESTYLERENDERING(#2461,0.,$,$,$,$,$,$,.FLAT.);
#2463=IFCSURFACESTYLE($,.BOTH.,(#2462));
#2464=IFCPRESENTATIONSTYLEASSIGNMENT((#2463));
#2465=IFCSTYLEDITEM(#2440,(#2464),$);
#2466=IFCCARTESIANPOINT((-80.,40.));
#2467=IFCCARTESIANPOINT((-80.,32.));
#2468=IFCCARTESIANPOINT((-8.,32.));
#2469=IFCCARTESIANPOINT((-8.,-40.));
#2470=IFCCARTESIANPOINT((0.,-40.));
#2471=IFCCARTESIANPOINT((0.,40.));
#2472=IFCCARTESIANPOINT((-80.,40.));
#2473=IFCPOLYLINE((#2466,#2467,#2468,#2469,#2470,#2471,#2472));
#2474=IFCARBITRARYCLOSEDPROFILEDEF(.AREA.,$,#2473);
#2475=IFCCARTESIANPOINT((7545.4545,-0.,3472.8076));
#2476=IFCDIRECTION((-0.7038,-0.7038,0.096));
#2477=IFCDIRECTION((-0.0679,-0.0679,-0.9954));
#2478=IFCAXIS2PLACEMENT3D(#2475,#2476,#2477);
#2479=IFCCARTESIANPOINT((-6077.5018,0.,0.));
#2480=IFCDIRECTION((0.,1.,0.));
#2481=IFCAXIS1PLACEMENT(#2479,#2480);
#2482=IFCREVOLVEDAREASOLID(#2474,#2478,#2481,0.14356244259581);
#2483=IFCSHAPEREPRESENTATION(#17,'Body','SweptSolid',(#2482));
#2484=IFCPRODUCTDEFINITIONSHAPE($,$,(#2483));
#2490=IFCOWNERHISTORY(#3,#4,.READWRITE.,.MODIFIED.,1779428011,#3,#4,1779428011);
#2491=IFCBEAM('2sQidi4wn3NOwV7oZ9f2pa',#2490,'swept beam_0_0',$,$,#2496,#2484,$);
#2492=IFCCARTESIANPOINT((0.,0.,0.));
#2493=IFCDIRECTION((0.,0.,1.));
#2494=IFCDIRECTION((1.,0.,0.));
#2495=IFCAXIS2PLACEMENT3D(#2492,#2493,#2494);
#2496=IFCLOCALPLACEMENT(#39,#2495);
#2497=IFCPROPERTYSINGLEVALUE('Name',$,IFCLABEL('swept beam_0_0'),$);
#2498=IFCPROPERTYSINGLEVALUE('ArcLength',$,IFCLENGTHMEASURE(873.),$);
#2499=IFCPROPERTYSINGLEVALUE('ArcAngle_rad',$,IFCREAL(0.14),$);
#2500=IFCPROPERTYSINGLEVALUE('ArcAngle_deg',$,IFCREAL(8.2),$);
#2501=IFCPROPERTYSET('3YE9kA6EL8tfNKiuTeqNQX',$,'EPset_IfcKit_Geometry',$,(#2497,#2498,#2499,#2500));
#2502=IFCRELDEFINESBYPROPERTIES('1zcsv2G8jFWeCT3scz3esm',$,$,$,(#2491),#2501);
#2503=IFCCOLOURRGB($,0.501960784313725,0.501960784313725,0.501960784313725);
#2504=IFCSURFACESTYLERENDERING(#2503,0.,$,$,$,$,$,$,.FLAT.);
#2505=IFCSURFACESTYLE($,.BOTH.,(#2504));
#2506=IFCPRESENTATIONSTYLEASSIGNMENT((#2505));
#2507=IFCSTYLEDITEM(#2482,(#2506),$);
#2508=IFCCARTESIANPOINT((-80.,40.));
#2509=IFCCARTESIANPOINT((-80.,32.));
#2510=IFCCARTESIANPOINT((-8.,32.));
#2511=IFCCARTESIANPOINT((-8.,-40.));
#2512=IFCCARTESIANPOINT((0.,-40.));
#2513=IFCCARTESIANPOINT((0.,40.));
#2514=IFCCARTESIANPOINT((-80.,40.));
#2515=IFCPOLYLINE((#2508,#2509,#2510,#2511,#2512,#2513,#2514));
#2516=IFCARBITRARYCLOSEDPROFILEDEF(.AREA.,$,#2515);
#2517=IFCCARTESIANPOINT((8161.693,616.2384,3451.5524));
#2518=IFCDIRECTION((-0.7063,-0.7063,-0.0474));
#2519=IFCDIRECTION((0.0335,0.0335,-0.9989));
#2520=IFCAXIS2PLACEMENT3D(#2517,#2518,#2519);
#2521=IFCCARTESIANPOINT((-17896.4651,0.,0.));
#2522=IFCDIRECTION((0.,1.,0.));
#2523=IFCAXIS1PLACEMENT(#2521,#2522);
#2524=IFCREVOLVEDAREASOLID(#2516,#2520,#2523,0.0488269041884559);
#2525=IFCSHAPEREPRESENTATION(#17,'Body','SweptSolid',(#2524));
#2526=IFCPRODUCTDEFINITIONSHAPE($,$,(#2525));
#2532=IFCOWNERHISTORY(#3,#4,.READWRITE.,.MODIFIED.,1779428011,#3,#4,1779428011);
#2533=IFCBEAM('03LjGAr$T5I8yHivtLSc8W',#2532,'swept beam_0_1',$,$,#2538,#2526,$);
#2534=IFCCARTESIANPOINT((0.,0.,0.));
#2535=IFCDIRECTION((0.,0.,1.));
#2536=IFCDIRECTION((1.,0.,0.));
#2537=IFCAXIS2PLACEMENT3D(#2534,#2535,#2536);
#2538=IFCLOCALPLACEMENT(#39,#2537);
#2539=IFCPROPERTYSINGLEVALUE('Name',$,IFCLABEL('swept beam_0_1'),$);
#2540=IFCPROPERTYSINGLEVALUE('ArcLength',$,IFCLENGTHMEASURE(874.),$);
#2541=IFCPROPERTYSINGLEVALUE('ArcAngle_rad',$,IFCREAL(0.05),$);
#2542=IFCPROPERTYSINGLEVALUE('ArcAngle_deg',$,IFCREAL(2.8),$);
#2543=IFCPROPERTYSET('2sNMBJnNfBwx0ApvkRzuby',$,'EPset_IfcKit_Geometry',$,(#2539,#2540,#2541,#2542));
#2544=IFCRELDEFINESBYPROPERTIES('0lHeq57Qb4QhDcHlVYQSNn',$,$,$,(#2533),#2543);
#2545=IFCCOLOURRGB($,0.501960784313725,0.501960784313725,0.501960784313725);
#2546=IFCSURFACESTYLERENDERING(#2545,0.,$,$,$,$,$,$,.FLAT.);
#2547=IFCSURFACESTYLE($,.BOTH.,(#2546));
#2548=IFCPRESENTATIONSTYLEASSIGNMENT((#2547));
#2549=IFCSTYLEDITEM(#2524,(#2548),$);
#2550=IFCCARTESIANPOINT((-80.,40.));
#2551=IFCCARTESIANPOINT((-80.,32.));
#2552=IFCCARTESIANPOINT((-8.,32.));
#2553=IFCCARTESIANPOINT((-8.,-40.));
#2554=IFCCARTESIANPOINT((0.,-40.));
#2555=IFCCARTESIANPOINT((0.,40.));
#2556=IFCCARTESIANPOINT((-80.,40.));
#2557=IFCPOLYLINE((#2550,#2551,#2552,#2553,#2554,#2555,#2556));
#2558=IFCARBITRARYCLOSEDPROFILEDEF(.AREA.,$,#2557);
#2559=IFCCARTESIANPOINT((8777.9297,1232.4752,3514.242));
#2560=IFCDIRECTION((-0.7038,-0.7038,-0.0961));
#2561=IFCDIRECTION((0.0679,0.0679,-0.9954));
#2562=IFCAXIS2PLACEMENT3D(#2559,#2560,#2561);
#2563=IFCCARTESIANPOINT((-37740.6676,0.,0.));
#2564=IFCDIRECTION((0.,1.,0.));
#2565=IFCAXIS1PLACEMENT(#2563,#2564);
#2566=IFCREVOLVEDAREASOLID(#2558,#2562,#2565,0.0230825673943462);
#2567=IFCSHAPEREPRESENTATION(#17,'Body','SweptSolid',(#2566));
#2568=IFCPRODUCTDEFINITIONSHAPE($,$,(#2567));
#2574=IFCOWNERHISTORY(#3,#4,.READWRITE.,.MODIFIED.,1779428011,#3,#4,1779428011);
#2575=IFCBEAM('0LAhEaWtzCBu35Qzx8H4ro',#2574,'swept beam_0_2',$,$,#2580,#2568,$);
#2576=IFCCARTESIANPOINT((0.,0.,0.));
#2577=IFCDIRECTION((0.,0.,1.));
#2578=IFCDIRECTION((1.,0.,0.));
#2579=IFCAXIS2PLACEMENT3D(#2576,#2577,#2578);
#2580=IFCLOCALPLACEMENT(#39,#2579);
#2581=IFCPROPERTYSINGLEVALUE('Name',$,IFCLABEL('swept beam_0_2'),$);
#2582=IFCPROPERTYSINGLEVALUE('ArcLength',$,IFCLENGTHMEASURE(871.),$);
#2583=IFCPROPERTYSINGLEVALUE('ArcAngle_rad',$,IFCREAL(0.02),$);
#2584=IFCPROPERTYSINGLEVALUE('ArcAngle_deg',$,IFCREAL(1.3),$);
#2585=IFCPROPERTYSET('1pPZ7BpIH40Obf9eqroEkJ',$,'EPset_IfcKit_Geometry',$,(#2581,#2582,#2583,#2584));
#2586=IFCRELDEFINESBYPROPERTIES('3Y6YDEHYbEZPOt58Z3glgb',$,$,$,(#2575),#2585);
#2587=IFCCOLOURRGB($,0.501960784313725,0.501960784313725,0.501960784313725);
#2588=IFCSURFACESTYLERENDERING(#2587,0.,$,$,$,$,$,$,.FLAT.);
#2589=IFCSURFACESTYLE($,.BOTH.,(#2588));
#2590=IFCPRESENTATIONSTYLEASSIGNMENT((#2589));
#2591=IFCSTYLEDITEM(#2566,(#2590),$);
#2592=IFCCARTESIANPOINT((-80.,40.));
#2593=IFCCARTESIANPOINT((-80.,32.));
#2594=IFCCARTESIANPOINT((-8.,32.));
#2595=IFCCARTESIANPOINT((-8.,-40.));
#2596=IFCCARTESIANPOINT((0.,-40.));
#2597=IFCCARTESIANPOINT((0.,40.));
#2598=IFCCARTESIANPOINT((-80.,40.));
#2599=IFCPOLYLINE((#2592,#2593,#2594,#2595,#2596,#2597,#2598));
#2600=IFCARBITRARYCLOSEDPROFILEDEF(.AREA.,$,#2599);
#2601=IFCCARTESIANPOINT((9390.3399,1844.8853,3607.9378));
#2602=IFCDIRECTION((-0.7021,-0.7021,-0.119));
#2603=IFCDIRECTION((0.0842,0.0842,-0.9929));
#2604=IFCAXIS2PLACEMENT3D(#2601,#2602,#2603);
#2605=IFCCARTESIANPOINT((-19132.7484,0.,0.));
#2606=IFCDIRECTION((0.,1.,0.));
#2607=IFCAXIS1PLACEMENT(#2605,#2606);
#2608=IFCREVOLVEDAREASOLID(#2600,#2604,#2607,0.0455261153134948);
#2609=IFCSHAPEREPRESENTATION(#17,'Body','SweptSolid',(#2608));
#2610=IFCPRODUCTDEFINITIONSHAPE($,$,(#2609));
#2616=IFCOWNERHISTORY(#3,#4,.READWRITE.,.MODIFIED.,1779428011,#3,#4,1779428011);
#2617=IFCBEAM('2JyHr7iZL3iek3tJKDPADb',#2616,'swept beam_0_3',$,$,#2622,#2610,$);
#2618=IFCCARTESIANPOINT((0.,0.,0.));
#2619=IFCDIRECTION((0.,0.,1.));
#2620=IFCDIRECTION((1.,0.,0.));
#2621=IFCAXIS2PLACEMENT3D(#2618,#2619,#2620);
#2622=IFCLOCALPLACEMENT(#39,#2621);
#2623=IFCPROPERTYSINGLEVALUE('Name',$,IFCLABEL('swept beam_0_3'),$);
#2624=IFCPROPERTYSINGLEVALUE('ArcLength',$,IFCLENGTHMEASURE(871.),$);
#2625=IFCPROPERTYSINGLEVALUE('ArcAngle_rad',$,IFCREAL(0.05),$);
#2626=IFCPROPERTYSINGLEVALUE('ArcAngle_deg',$,IFCREAL(2.6),$);
#2627=IFCPROPERTYSET('1r$AGK8eL4Ux0tzf4vX7yh',$,'EPset_IfcKit_Geometry',$,(#2623,#2624,#2625,#2626));
#2628=IFCRELDEFINESBYPROPERTIES('2UAbT0_E93NvdVzZvS2RDM',$,$,$,(#2617),#2627);
#2629=IFCCOLOURRGB($,0.501960784313725,0.501960784313725,0.501960784313725);
#2630=IFCSURFACESTYLERENDERING(#2629,0.,$,$,$,$,$,$,.FLAT.);
#2631=IFCSURFACESTYLE($,.BOTH.,(#2630));
#2632=IFCPRESENTATIONSTYLEASSIGNMENT((#2631));
#2633=IFCSTYLEDITEM(#2608,(#2632),$);
#2634=IFCCARTESIANPOINT((-80.,40.));
#2635=IFCCARTESIANPOINT((-80.,32.));
#2636=IFCCARTESIANPOINT((-8.,32.));
#2637=IFCCARTESIANPOINT((-8.,-40.));
#2638=IFCCARTESIANPOINT((0.,-40.));
#2639=IFCCARTESIANPOINT((0.,40.));
#2640=IFCCARTESIANPOINT((-80.,40.));
#2641=IFCPOLYLINE((#2634,#2635,#2636,#2637,#2638,#2639,#2640));
#2642=IFCARBITRARYCLOSEDPROFILEDEF(.AREA.,$,#2641);
#2643=IFCCARTESIANPOINT((7136.3636,0.,3558.0096));
#2644=IFCDIRECTION((-0.7048,-0.7048,0.081));
#2645=IFCDIRECTION((-0.0573,-0.0573,-0.9967));
#2646=IFCAXIS2PLACEMENT3D(#2643,#2644,#2645);
#2647=IFCCARTESIANPOINT((-6777.1706,0.,0.));
#2648=IFCDIRECTION((0.,1.,0.));
#2649=IFCAXIS1PLACEMENT(#2647,#2648);
#2650=IFCREVOLVEDAREASOLID(#2642,#2646,#2649,0.150032014368829);
#2651=IFCSHAPEREPRESENTATION(#17,'Body','SweptSolid',(#2650));
#2652=IFCPRODUCTDEFINITIONSHAPE($,$,(#2651));
#2658=IFCOWNERHISTORY(#3,#4,.READWRITE.,.MODIFIED.,1779428011,#3,#4,1779428011);
#2659=IFCBEAM('2uYvjQmsLCtA5EbLUf9Dk3',#2658,'swept beam_0_0',$,$,#2664,#2652,$);
#2660=IFCCARTESIANPOINT((0.,0.,0.));
#2661=IFCDIRECTION((0.,0.,1.));
#2662=IFCDIRECTION((1.,0.,0.));
#2663=IFCAXIS2PLACEMENT3D(#2660,#2661,#2662);
#2664=IFCLOCALPLACEMENT(#39,#2663);
#2665=IFCPROPERTYSINGLEVALUE('Name',$,IFCLABEL('swept beam_0_0'),$);
#2666=IFCPROPERTYSINGLEVALUE('ArcLength',$,IFCLENGTHMEASURE(1017.),$);
#2667=IFCPROPERTYSINGLEVALUE('ArcAngle_rad',$,IFCREAL(0.15),$);
#2668=IFCPROPERTYSINGLEVALUE('ArcAngle_deg',$,IFCREAL(8.6),$);
#2669=IFCPROPERTYSET('0Ini3vk5fCkgMInn2haq_4',$,'EPset_IfcKit_Geometry',$,(#2665,#2666,#2667,#2668));
#2670=IFCRELDEFINESBYPROPERTIES('1sNSlWH$z8KxqKAguMw6GD',$,$,$,(#2659),#2669);
#2671=IFCCOLOURRGB($,0.501960784313725,0.501960784313725,0.501960784313725);
#2672=IFCSURFACESTYLERENDERING(#2671,0.,$,$,$,$,$,$,.FLAT.);
#2673=IFCSURFACESTYLE($,.BOTH.,(#2672));
#2674=IFCPRESENTATIONSTYLEASSIGNMENT((#2673));
#2675=IFCSTYLEDITEM(#2650,(#2674),$);
#2676=IFCCARTESIANPOINT((-80.,40.));
#2677=IFCCARTESIANPOINT((-80.,32.));
#2678=IFCCARTESIANPOINT((-8.,32.));
#2679=IFCCARTESIANPOINT((-8.,-40.));
#2680=IFCCARTESIANPOINT((0.,-40.));
#2681=IFCCARTESIANPOINT((0.,40.));
#2682=IFCCARTESIANPOINT((-80.,40.));
#2683=IFCPOLYLINE((#2676,#2677,#2678,#2679,#2680,#2681,#2682));
#2684=IFCARBITRARYCLOSEDPROFILEDEF(.AREA.,$,#2683);
#2685=IFCCARTESIANPOINT((7854.6573,718.2937,3551.8745));
#2686=IFCDIRECTION((-0.7054,-0.7054,-0.0689));
#2687=IFCDIRECTION((0.0487,0.0487,-0.9976));
#2688=IFCAXIS2PLACEMENT3D(#2685,#2686,#2687);
#2689=IFCCARTESIANPOINT((-35946.1782,0.,0.));
#2690=IFCDIRECTION((0.,1.,0.));
#2691=IFCAXIS1PLACEMENT(#2689,#2690);
#2692=IFCREVOLVEDAREASOLID(#2684,#2688,#2691,0.0283378105896288);
#2693=IFCSHAPEREPRESENTATION(#17,'Body','SweptSolid',(#2692));
#2694=IFCPRODUCTDEFINITIONSHAPE($,$,(#2693));
#2700=IFCOWNERHISTORY(#3,#4,.READWRITE.,.MODIFIED.,1779428011,#3,#4,1779428011);
#2701=IFCBEAM('0zjE2yD$16aPKrtM8Um6xv',#2700,'swept beam_0_1',$,$,#2706,#2694,$);
#2702=IFCCARTESIANPOINT((0.,0.,0.));
#2703=IFCDIRECTION((0.,0.,1.));
#2704=IFCDIRECTION((1.,0.,0.));
#2705=IFCAXIS2PLACEMENT3D(#2702,#2703,#2704);
#2706=IFCLOCALPLACEMENT(#39,#2705);
#2707=IFCPROPERTYSINGLEVALUE('Name',$,IFCLABEL('swept beam_0_1'),$);
#2708=IFCPROPERTYSINGLEVALUE('ArcLength',$,IFCLENGTHMEASURE(1019.),$);
#2709=IFCPROPERTYSINGLEVALUE('ArcAngle_rad',$,IFCREAL(0.03),$);
#2710=IFCPROPERTYSINGLEVALUE('ArcAngle_deg',$,IFCREAL(1.6),$);
#2711=IFCPROPERTYSET('12TVTG0xz66hfAHHXM$4A8',$,'EPset_IfcKit_Geometry',$,(#2707,#2708,#2709,#2710));
#2712=IFCRELDEFINESBYPROPERTIES('3B2MGuUFL2bBY_BDSrcUle',$,$,$,(#2701),#2711);
#2713=IFCCOLOURRGB($,0.501960784313725,0.501960784313725,0.501960784313725);
#2714=IFCSURFACESTYLERENDERING(#2713,0.,$,$,$,$,$,$,.FLAT.);
#2715=IFCSURFACESTYLE($,.BOTH.,(#2714));
#2716=IFCPRESENTATIONSTYLEASSIGNMENT((#2715));
#2717=IFCSTYLEDITEM(#2692,(#2716),$);
#2718=IFCCARTESIANPOINT((80.,-40.));
#2719=IFCCARTESIANPOINT((80.,-32.));
#2720=IFCCARTESIANPOINT((8.,-32.));
#2721=IFCCARTESIANPOINT((8.,40.));
#2722=IFCCARTESIANPOINT((0.,40.));
#2723=IFCCARTESIANPOINT((0.,-40.));
#2724=IFCCARTESIANPOINT((80.,-40.));
#2725=IFCPOLYLINE((#2718,#2719,#2720,#2721,#2722,#2723,#2724));
#2726=IFCARBITRARYCLOSEDPROFILEDEF(.AREA.,$,#2725);
#2727=IFCCARTESIANPOINT((8572.4294,1436.0658,3636.4691));
#2728=IFCDIRECTION((-0.7038,-0.7038,-0.0972));
#2729=IFCDIRECTION((-0.0687,-0.0687,0.9953));
#2730=IFCAXIS2PLACEMENT3D(#2727,#2728,#2729);
#2731=IFCCARTESIANPOINT((-171350.6589,0.,0.));
#2732=IFCDIRECTION((0.,1.,0.));
#2733=IFCAXIS1PLACEMENT(#2731,#2732);
#2734=IFCREVOLVEDAREASOLID(#2726,#2730,#2733,0.00591839280885694);
#2735=IFCSHAPEREPRESENTATION(#17,'Body','SweptSolid',(#2734));
#2736=IFCPRODUCTDEFINITIONSHAPE($,$,(#2735));
#2742=IFCOWNERHISTORY(#3,#4,.READWRITE.,.MODIFIED.,1779428011,#3,#4,1779428011);
#2743=IFCBEAM('0qzo6xPPDCExX9XTQtxTBx',#2742,'swept beam_0_2',$,$,#2748,#2736,$);
#2744=IFCCARTESIANPOINT((0.,0.,0.));
#2745=IFCDIRECTION((0.,0.,1.));
#2746=IFCDIRECTION((1.,0.,0.));
#2747=IFCAXIS2PLACEMENT3D(#2744,#2745,#2746);
#2748=IFCLOCALPLACEMENT(#39,#2747);
#2749=IFCPROPERTYSINGLEVALUE('Name',$,IFCLABEL('swept beam_0_2'),$);
#2750=IFCPROPERTYSINGLEVALUE('ArcLength',$,IFCLENGTHMEASURE(1014.),$);
#2751=IFCPROPERTYSINGLEVALUE('ArcAngle_rad',$,IFCREAL(0.01),$);
#2752=IFCPROPERTYSINGLEVALUE('ArcAngle_deg',$,IFCREAL(0.3),$);
#2753=IFCPROPERTYSET('0Hi2aIBd18j8vosFxYn6rS',$,'EPset_IfcKit_Geometry',$,(#2749,#2750,#2751,#2752));
#2754=IFCRELDEFINESBYPROPERTIES('0dXlhCzhv16wuJVOnvAWPI',$,$,$,(#2743),#2753);
#2755=IFCCOLOURRGB($,0.501960784313725,0.501960784313725,0.501960784313725);
#2756=IFCSURFACESTYLERENDERING(#2755,0.,$,$,$,$,$,$,.FLAT.);
#2757=IFCSURFACESTYLE($,.BOTH.,(#2756));
#2758=IFCPRESENTATIONSTYLEASSIGNMENT((#2757));
#2759=IFCSTYLEDITEM(#2734,(#2758),$);
#2760=IFCCARTESIANPOINT((-80.,40.));
#2761=IFCCARTESIANPOINT((-80.,32.));
#2762=IFCCARTESIANPOINT((-8.,32.));
#2763=IFCCARTESIANPOINT((-8.,-40.));
#2764=IFCCARTESIANPOINT((0.,-40.));
#2765=IFCCARTESIANPOINT((0.,40.));
#2766=IFCCARTESIANPOINT((-80.,40.));
#2767=IFCPOLYLINE((#2760,#2761,#2762,#2763,#2764,#2765,#2766));
#2768=IFCARBITRARYCLOSEDPROFILEDEF(.AREA.,$,#2767);
#2769=IFCCARTESIANPOINT((9286.3301,2149.9665,3732.0146));
#2770=IFCDIRECTION((-0.7042,-0.7042,-0.0913));
#2771=IFCDIRECTION((0.0645,0.0645,-0.9958));
#2772=IFCAXIS2PLACEMENT3D(#2769,#2770,#2771);
#2773=IFCCARTESIANPOINT((-82219.2424,0.,0.));
#2774=IFCDIRECTION((0.,1.,0.));
#2775=IFCAXIS1PLACEMENT(#2773,#2774);
#2776=IFCREVOLVEDAREASOLID(#2768,#2772,#2775,0.0123342247041438);
#2777=IFCSHAPEREPRESENTATION(#17,'Body','SweptSolid',(#2776));
#2778=IFCPRODUCTDEFINITIONSHAPE($,$,(#2777));
#2784=IFCOWNERHISTORY(#3,#4,.READWRITE.,.MODIFIED.,1779428011,#3,#4,1779428011);
#2785=IFCBEAM('0buHvXL1j7kecqg0Z22Lyc',#2784,'swept beam_0_3',$,$,#2790,#2778,$);
#2786=IFCCARTESIANPOINT((0.,0.,0.));
#2787=IFCDIRECTION((0.,0.,1.));
#2788=IFCDIRECTION((1.,0.,0.));
#2789=IFCAXIS2PLACEMENT3D(#2786,#2787,#2788);
#2790=IFCLOCALPLACEMENT(#39,#2789);
#2791=IFCPROPERTYSINGLEVALUE('Name',$,IFCLABEL('swept beam_0_3'),$);
#2792=IFCPROPERTYSINGLEVALUE('ArcLength',$,IFCLENGTHMEASURE(1014.),$);
#2793=IFCPROPERTYSINGLEVALUE('ArcAngle_rad',$,IFCREAL(0.01),$);
#2794=IFCPROPERTYSINGLEVALUE('ArcAngle_deg',$,IFCREAL(0.7),$);
#2795=IFCPROPERTYSET('1x2KnTUy5BiPLYhVQxqvsw',$,'EPset_IfcKit_Geometry',$,(#2791,#2792,#2793,#2794));
#2796=IFCRELDEFINESBYPROPERTIES('3v2gsl3gX8NeKxYxXis8a_',$,$,$,(#2785),#2795);
#2797=IFCCOLOURRGB($,0.501960784313725,0.501960784313725,0.501960784313725);
#2798=IFCSURFACESTYLERENDERING(#2797,0.,$,$,$,$,$,$,.FLAT.);
#2799=IFCSURFACESTYLE($,.BOTH.,(#2798));
#2800=IFCPRESENTATIONSTYLEASSIGNMENT((#2799));
#2801=IFCSTYLEDITEM(#2776,(#2800),$);
#2802=IFCCARTESIANPOINT((-80.,40.));
#2803=IFCCARTESIANPOINT((-80.,32.));
#2804=IFCCARTESIANPOINT((-8.,32.));
#2805=IFCCARTESIANPOINT((-8.,-40.));
#2806=IFCCARTESIANPOINT((0.,-40.));
#2807=IFCCARTESIANPOINT((0.,40.));
#2808=IFCCARTESIANPOINT((-80.,40.));
#2809=IFCPOLYLINE((#2802,#2803,#2804,#2805,#2806,#2807,#2808));
#2810=IFCARBITRARYCLOSEDPROFILEDEF(.AREA.,$,#2809);
#2811=IFCCARTESIANPOINT((6727.2727,-0.,3633.9815));
#2812=IFCDIRECTION((-0.7057,-0.7057,0.063));
#2813=IFCDIRECTION((-0.0446,-0.0446,-0.998));
#2814=IFCAXIS2PLACEMENT3D(#2811,#2812,#2813);
#2815=IFCCARTESIANPOINT((-7578.3416,0.,0.));
#2816=IFCDIRECTION((0.,1.,0.));
#2817=IFCAXIS1PLACEMENT(#2815,#2816);
#2818=IFCREVOLVEDAREASOLID(#2810,#2814,#2817,0.153176891461292);
#2819=IFCSHAPEREPRESENTATION(#17,'Body','SweptSolid',(#2818));
#2820=IFCPRODUCTDEFINITIONSHAPE($,$,(#2819));
#2826=IFCOWNERHISTORY(#3,#4,.READWRITE.,.MODIFIED.,1779428011,#3,#4,1779428011);
#2827=IFCBEAM('3mNtfZhqH19u6FTm7ZyUNl',#2826,'swept beam_0_0',$,$,#2832,#2820,$);
#2828=IFCCARTESIANPOINT((0.,0.,0.));
#2829=IFCDIRECTION((0.,0.,1.));
#2830=IFCDIRECTION((1.,0.,0.));
#2831=IFCAXIS2PLACEMENT3D(#2828,#2829,#2830);
#2832=IFCLOCALPLACEMENT(#39,#2831);
#2833=IFCPROPERTYSINGLEVALUE('Name',$,IFCLABEL('swept beam_0_0'),$);
#2834=IFCPROPERTYSINGLEVALUE('ArcLength',$,IFCLENGTHMEASURE(1161.),$);
#2835=IFCPROPERTYSINGLEVALUE('ArcAngle_rad',$,IFCREAL(0.15),$);
#2836=IFCPROPERTYSINGLEVALUE('ArcAngle_deg',$,IFCREAL(8.8),$);
#2837=IFCPROPERTYSET('0zXrLoCDz0nv15aeyZ1fRc',$,'EPset_IfcKit_Geometry',$,(#2833,#2834,#2835,#2836));
#2838=IFCRELDEFINESBYPROPERTIES('24ZiTIfEr1SOK$2YnF5XWu',$,$,$,(#2827),#2837);
#2839=IFCCOLOURRGB($,0.501960784313725,0.501960784313725,0.501960784313725);
#2840=IFCSURFACESTYLERENDERING(#2839,0.,$,$,$,$,$,$,.FLAT.);
#2841=IFCSURFACESTYLE($,.BOTH.,(#2840));
#2842=IFCPRESENTATIONSTYLEASSIGNMENT((#2841));
#2843=IFCSTYLEDITEM(#2818,(#2842),$);
#2844=IFCCARTESIANPOINT((-80.,40.));
#2845=IFCCARTESIANPOINT((-80.,32.));
#2846=IFCCARTESIANPOINT((-8.,32.));
#2847=IFCCARTESIANPOINT((-8.,-40.));
#2848=IFCCARTESIANPOINT((0.,-40.));
#2849=IFCCARTESIANPOINT((0.,40.));
#2850=IFCCARTESIANPOINT((-80.,40.));
#2851=IFCPOLYLINE((#2844,#2845,#2846,#2847,#2848,#2849,#2850));
#2852=IFCARBITRARYCLOSEDPROFILEDEF(.AREA.,$,#2851);
#2853=IFCCARTESIANPOINT((7547.2242,819.9515,3649.6471));
#2854=IFCDIRECTION((-0.7042,-0.7042,-0.09));
#2855=IFCDIRECTION((0.0636,0.0636,-0.9959));
#2856=IFCAXIS2PLACEMENT3D(#2853,#2854,#2855);
#2857=IFCCARTESIANPOINT((-287616.3472,0.,0.));
#2858=IFCDIRECTION((0.,1.,0.));
#2859=IFCAXIS1PLACEMENT(#2857,#2858);
#2860=IFCREVOLVEDAREASOLID(#2852,#2856,#2859,0.00404392969397487);
#2861=IFCSHAPEREPRESENTATION(#17,'Body','SweptSolid',(#2860));
#2862=IFCPRODUCTDEFINITIONSHAPE($,$,(#2861));
#2868=IFCOWNERHISTORY(#3,#4,.READWRITE.,.MODIFIED.,1779428011,#3,#4,1779428011);
#2869=IFCBEAM('1DXGeNunbAr96AFsU4K1kF',#2868,'swept beam_0_1',$,$,#2874,#2862,$);
#2870=IFCCARTESIANPOINT((0.,0.,0.));
#2871=IFCDIRECTION((0.,0.,1.));
#2872=IFCDIRECTION((1.,0.,0.));
#2873=IFCAXIS2PLACEMENT3D(#2870,#2871,#2872);
#2874=IFCLOCALPLACEMENT(#39,#2873);
#2875=IFCPROPERTYSINGLEVALUE('Name',$,IFCLABEL('swept beam_0_1'),$);
#2876=IFCPROPERTYSINGLEVALUE('ArcLength',$,IFCLENGTHMEASURE(1163.),$);
#2877=IFCPROPERTYSINGLEVALUE('ArcAngle_rad',$,IFCREAL(0.),$);
#2878=IFCPROPERTYSINGLEVALUE('ArcAngle_deg',$,IFCREAL(0.2),$);
#2879=IFCPROPERTYSET('3Oevd2iSL6tfmOy$PKngmJ',$,'EPset_IfcKit_Geometry',$,(#2875,#2876,#2877,#2878));
#2880=IFCRELDEFINESBYPROPERTIES('12YzG3ZVn02u99PV1Jv4nd',$,$,$,(#2869),#2879);
#2881=IFCCOLOURRGB($,0.501960784313725,0.501960784313725,0.501960784313725);
#2882=IFCSURFACESTYLERENDERING(#2881,0.,$,$,$,$,$,$,.FLAT.);
#2883=IFCSURFACESTYLE($,.BOTH.,(#2882));
#2884=IFCPRESENTATIONSTYLEASSIGNMENT((#2883));
#2885=IFCSTYLEDITEM(#2860,(#2884),$);
#2886=IFCCARTESIANPOINT((80.,-40.));
#2887=IFCCARTESIANPOINT((80.,-32.));
#2888=IFCCARTESIANPOINT((8.,-32.));
#2889=IFCCARTESIANPOINT((8.,40.));
#2890=IFCCARTESIANPOINT((0.,40.));
#2891=IFCCARTESIANPOINT((0.,-40.));
#2892=IFCCARTESIANPOINT((80.,-40.));
#2893=IFCPOLYLINE((#2886,#2887,#2888,#2889,#2890,#2891,#2892));
#2894=IFCARBITRARYCLOSEDPROFILEDEF(.AREA.,$,#2893);
#2895=IFCCARTESIANPOINT((8366.1726,1638.8999,3756.6395));
#2896=IFCDIRECTION((-0.704,-0.704,-0.094));
#2897=IFCDIRECTION((-0.0665,-0.0665,0.9956));
#2898=IFCAXIS2PLACEMENT3D(#2895,#2896,#2897);
#2899=IFCCARTESIANPOINT((-28806.711,0.,0.));
#2900=IFCDIRECTION((0.,1.,0.));
#2901=IFCAXIS1PLACEMENT(#2899,#2900);
#2902=IFCREVOLVEDAREASOLID(#2894,#2898,#2901,0.0401765407515595);
#2903=IFCSHAPEREPRESENTATION(#17,'Body','SweptSolid',(#2902));
#2904=IFCPRODUCTDEFINITIONSHAPE($,$,(#2903));
#2910=IFCOWNERHISTORY(#3,#4,.READWRITE.,.MODIFIED.,1779428011,#3,#4,1779428011);
#2911=IFCBEAM('3TdNWwPj1ETQSHJLP40mRD',#2910,'swept beam_0_2',$,$,#2916,#2904,$);
#2912=IFCCARTESIANPOINT((0.,0.,0.));
#2913=IFCDIRECTION((0.,0.,1.));
#2914=IFCDIRECTION((1.,0.,0.));
#2915=IFCAXIS2PLACEMENT3D(#2912,#2913,#2914);
#2916=IFCLOCALPLACEMENT(#39,#2915);
#2917=IFCPROPERTYSINGLEVALUE('Name',$,IFCLABEL('swept beam_0_2'),$);
#2918=IFCPROPERTYSINGLEVALUE('ArcLength',$,IFCLENGTHMEASURE(1157.),$);
#2919=IFCPROPERTYSINGLEVALUE('ArcAngle_rad',$,IFCREAL(0.04),$);
#2920=IFCPROPERTYSINGLEVALUE('ArcAngle_deg',$,IFCREAL(2.3),$);
#2921=IFCPROPERTYSET('288NLR_ZzEpRt_MpQrpSRD',$,'EPset_IfcKit_Geometry',$,(#2917,#2918,#2919,#2920));
#2922=IFCRELDEFINESBYPROPERTIES('3Rp$Drz39A78Q65ebSL5v9',$,$,$,(#2911),#2921);
#2923=IFCCOLOURRGB($,0.501960784313725,0.501960784313725,0.501960784313725);
#2924=IFCSURFACESTYLERENDERING(#2923,0.,$,$,$,$,$,$,.FLAT.);
#2925=IFCSURFACESTYLE($,.BOTH.,(#2924));
#2926=IFCPRESENTATIONSTYLEASSIGNMENT((#2925));
#2927=IFCSTYLEDITEM(#2902,(#2926),$);
#2928=IFCCARTESIANPOINT((80.,-40.));
#2929=IFCCARTESIANPOINT((80.,-32.));
#2930=IFCCARTESIANPOINT((8.,-32.));
#2931=IFCCARTESIANPOINT((8.,40.));
#2932=IFCCARTESIANPOINT((0.,40.));
#2933=IFCCARTESIANPOINT((0.,-40.));
#2934=IFCCARTESIANPOINT((80.,-40.));
#2935=IFCPOLYLINE((#2928,#2929,#2930,#2931,#2932,#2933,#2934));
#2936=IFCARBITRARYCLOSEDPROFILEDEF(.AREA.,$,#2935);
#2937=IFCCARTESIANPOINT((9182.2477,2454.975,3842.2609));
#2938=IFCDIRECTION((-0.7061,-0.7061,-0.0539));
#2939=IFCDIRECTION((-0.0381,-0.0381,0.9985));
#2940=IFCAXIS2PLACEMENT3D(#2937,#2938,#2939);
#2941=IFCCARTESIANPOINT((-40917.4064,0.,0.));
#2942=IFCDIRECTION((0.,1.,0.));
#2943=IFCAXIS1PLACEMENT(#2941,#2942);
#2944=IFCREVOLVEDAREASOLID(#2936,#2940,#2943,0.0282870450781915);
#2945=IFCSHAPEREPRESENTATION(#17,'Body','SweptSolid',(#2944));
#2946=IFCPRODUCTDEFINITIONSHAPE($,$,(#2945));
#2952=IFCOWNERHISTORY(#3,#4,.READWRITE.,.MODIFIED.,1779428011,#3,#4,1779428011);
#2953=IFCBEAM('28XmWML6PCWBpDp9IvPJd_',#2952,'swept beam_0_3',$,$,#2958,#2946,$);
#2954=IFCCARTESIANPOINT((0.,0.,0.));
#2955=IFCDIRECTION((0.,0.,1.));
#2956=IFCDIRECTION((1.,0.,0.));
#2957=IFCAXIS2PLACEMENT3D(#2954,#2955,#2956);
#2958=IFCLOCALPLACEMENT(#39,#2957);
#2959=IFCPROPERTYSINGLEVALUE('Name',$,IFCLABEL('swept beam_0_3'),$);
#2960=IFCPROPERTYSINGLEVALUE('ArcLength',$,IFCLENGTHMEASURE(1157.),$);
#2961=IFCPROPERTYSINGLEVALUE('ArcAngle_rad',$,IFCREAL(0.03),$);
#2962=IFCPROPERTYSINGLEVALUE('ArcAngle_deg',$,IFCREAL(1.6),$);
#2963=IFCPROPERTYSET('0XZKWpFYn92AkqMblzYArW',$,'EPset_IfcKit_Geometry',$,(#2959,#2960,#2961,#2962));
#2964=IFCRELDEFINESBYPROPERTIES('0XU0qPvhr5oez5FG5HZQDX',$,$,$,(#2953),#2963);
#2965=IFCCOLOURRGB($,0.501960784313725,0.501960784313725,0.501960784313725);
#2966=IFCSURFACESTYLERENDERING(#2965,0.,$,$,$,$,$,$,.FLAT.);
#2967=IFCSURFACESTYLE($,.BOTH.,(#2966));
#2968=IFCPRESENTATIONSTYLEASSIGNMENT((#2967));
#2969=IFCSTYLEDITEM(#2944,(#2968),$);
#2970=IFCCARTESIANPOINT((-80.,40.));
#2971=IFCCARTESIANPOINT((-80.,32.));
#2972=IFCCARTESIANPOINT((-8.,32.));
#2973=IFCCARTESIANPOINT((-8.,-40.));
#2974=IFCCARTESIANPOINT((0.,-40.));
#2975=IFCCARTESIANPOINT((0.,40.));
#2976=IFCCARTESIANPOINT((-80.,40.));
#2977=IFCPOLYLINE((#2970,#2971,#2972,#2973,#2974,#2975,#2976));
#2978=IFCARBITRARYCLOSEDPROFILEDEF(.AREA.,$,#2977);
#2979=IFCCARTESIANPOINT((6318.1818,0.,3698.3195));
#2980=IFCDIRECTION((-0.7065,-0.7065,0.0425));
#2981=IFCDIRECTION((-0.03,-0.03,-0.9991));
#2982=IFCAXIS2PLACEMENT3D(#2979,#2980,#2981);
#2983=IFCCARTESIANPOINT((-8518.8725,0.,0.));
#2984=IFCDIRECTION((0.,1.,0.));
#2985=IFCAXIS1PLACEMENT(#2983,#2984);
#2986=IFCREVOLVEDAREASOLID(#2978,#2982,#2985,0.153256298595299);
#2987=IFCSHAPEREPRESENTATION(#17,'Body','SweptSolid',(#2986));
#2988=IFCPRODUCTDEFINITIONSHAPE($,$,(#2987));
#2994=IFCOWNERHISTORY(#3,#4,.READWRITE.,.MODIFIED.,1779428011,#3,#4,1779428011);
#2995=IFCBEAM('08YnlJ1rL4Axz9JmPfBthy',#2994,'swept beam_0_0',$,$,#3000,#2988,$);
#2996=IFCCARTESIANPOINT((0.,0.,0.));
#2997=IFCDIRECTION((0.,0.,1.));
#2998=IFCDIRECTION((1.,0.,0.));
#2999=IFCAXIS2PLACEMENT3D(#2996,#2997,#2998);
#3000=IFCLOCALPLACEMENT(#39,#2999);
#3001=IFCPROPERTYSINGLEVALUE('Name',$,IFCLABEL('swept beam_0_0'),$);
#3002=IFCPROPERTYSINGLEVALUE('ArcLength',$,IFCLENGTHMEASURE(1306.),$);
#3003=IFCPROPERTYSINGLEVALUE('ArcAngle_rad',$,IFCREAL(0.15),$);
#3004=IFCPROPERTYSINGLEVALUE('ArcAngle_deg',$,IFCREAL(8.8),$);
#3005=IFCPROPERTYSET('3DjpOow_TAFuoG6_W1nPkf',$,'EPset_IfcKit_Geometry',$,(#3001,#3002,#3003,#3004));
#3006=IFCRELDEFINESBYPROPERTIES('0KyJcs_NH6u8KrsUPs_uRi',$,$,$,(#2995),#3005);
#3007=IFCCOLOURRGB($,0.501960784313725,0.501960784313725,0.501960784313725);
#3008=IFCSURFACESTYLERENDERING(#3007,0.,$,$,$,$,$,$,.FLAT.);
#3009=IFCSURFACESTYLE($,.BOTH.,(#3008));
#3010=IFCPRESENTATIONSTYLEASSIGNMENT((#3009));
#3011=IFCSTYLEDITEM(#2986,(#3010),$);
#3012=IFCCARTESIANPOINT((80.,-40.));
#3013=IFCCARTESIANPOINT((80.,-32.));
#3014=IFCCARTESIANPOINT((8.,-32.));
#3015=IFCCARTESIANPOINT((8.,40.));
#3016=IFCCARTESIANPOINT((0.,40.));
#3017=IFCCARTESIANPOINT((0.,-40.));
#3018=IFCCARTESIANPOINT((80.,-40.));
#3019=IFCPOLYLINE((#3012,#3013,#3014,#3015,#3016,#3017,#3018));
#3020=IFCARBITRARYCLOSEDPROFILEDEF(.AREA.,$,#3019);
#3021=IFCCARTESIANPOINT((7239.9185,921.7367,3742.8692));
#3022=IFCDIRECTION((-0.7028,-0.7028,-0.1106));
#3023=IFCDIRECTION((-0.0782,-0.0782,0.9939));
#3024=IFCAXIS2PLACEMENT3D(#3021,#3022,#3023);
#3025=IFCCARTESIANPOINT((-55201.6086,0.,0.));
#3026=IFCDIRECTION((0.,1.,0.));
#3027=IFCAXIS1PLACEMENT(#3025,#3026);
#3028=IFCREVOLVEDAREASOLID(#3020,#3024,#3027,0.0236962487650822);
#3029=IFCSHAPEREPRESENTATION(#17,'Body','SweptSolid',(#3028));
#3030=IFCPRODUCTDEFINITIONSHAPE($,$,(#3029));
#3036=IFCOWNERHISTORY(#3,#4,.READWRITE.,.MODIFIED.,1779428011,#3,#4,1779428011);
#3037=IFCBEAM('1V0r9kk7L4Chr1pDfDX3qL',#3036,'swept beam_0_1',$,$,#3042,#3030,$);
#3038=IFCCARTESIANPOINT((0.,0.,0.));
#3039=IFCDIRECTION((0.,0.,1.));
#3040=IFCDIRECTION((1.,0.,0.));
#3041=IFCAXIS2PLACEMENT3D(#3038,#3039,#3040);
#3042=IFCLOCALPLACEMENT(#39,#3041);
#3043=IFCPROPERTYSINGLEVALUE('Name',$,IFCLABEL('swept beam_0_1'),$);
#3044=IFCPROPERTYSINGLEVALUE('ArcLength',$,IFCLENGTHMEASURE(1308.),$);
#3045=IFCPROPERTYSINGLEVALUE('ArcAngle_rad',$,IFCREAL(0.02),$);
#3046=IFCPROPERTYSINGLEVALUE('ArcAngle_deg',$,IFCREAL(1.4),$);
#3047=IFCPROPERTYSET('0qMSBA5_T3puIz6VSS3Cis',$,'EPset_IfcKit_Geometry',$,(#3043,#3044,#3045,#3046));
#3048=IFCRELDEFINESBYPROPERTIES('0jVPRdKOz42PSJRcbtcR_d',$,$,$,(#3037),#3047);
#3049=IFCCOLOURRGB($,0.501960784313725,0.501960784313725,0.501960784313725);
#3050=IFCSURFACESTYLERENDERING(#3049,0.,$,$,$,$,$,$,.FLAT.);
#3051=IFCSURFACESTYLE($,.BOTH.,(#3050));
#3052=IFCPRESENTATIONSTYLEASSIGNMENT((#3051));
#3053=IFCSTYLEDITEM(#3028,(#3052),$);
#3054=IFCCARTESIANPOINT((80.,-40.));
#3055=IFCCARTESIANPOINT((80.,-32.));
#3056=IFCCARTESIANPOINT((8.,-32.));
#3057=IFCCARTESIANPOINT((8.,40.));
#3058=IFCCARTESIANPOINT((0.,40.));
#3059=IFCCARTESIANPOINT((0.,-40.));
#3060=IFCCARTESIANPOINT((80.,-40.));
#3061=IFCPOLYLINE((#3054,#3055,#3056,#3057,#3058,#3059,#3060));
#3062=IFCARBITRARYCLOSEDPROFILEDEF(.AREA.,$,#3061);
#3063=IFCCARTESIANPOINT((8160.3191,1842.1373,3872.0794));
#3064=IFCDIRECTION((-0.7044,-0.7044,-0.087));
#3065=IFCDIRECTION((-0.0615,-0.0615,0.9962));
#3066=IFCAXIS2PLACEMENT3D(#3063,#3064,#3065);
#3067=IFCCARTESIANPOINT((-23477.9086,0.,0.));
#3068=IFCDIRECTION((0.,1.,0.));
#3069=IFCAXIS1PLACEMENT(#3067,#3068);
#3070=IFCREVOLVEDAREASOLID(#3062,#3066,#3069,0.0277352489887832);
#3071=IFCSHAPEREPRESENTATION(#17,'Body','SweptSolid',(#3070));
#3072=IFCPRODUCTDEFINITIONSHAPE($,$,(#3071));
#3078=IFCOWNERHISTORY(#3,#4,.READWRITE.,.MODIFIED.,1779428011,#3,#4,1779428011);
#3079=IFCBEAM('2yKPVTTlDCbvUMjIKM5Ylz',#3078,'swept beam_0_2',$,$,#3084,#3072,$);
#3080=IFCCARTESIANPOINT((0.,0.,0.));
#3081=IFCDIRECTION((0.,0.,1.));
#3082=IFCDIRECTION((1.,0.,0.));
#3083=IFCAXIS2PLACEMENT3D(#3080,#3081,#3082);
#3084=IFCLOCALPLACEMENT(#39,#3083);
#3085=IFCPROPERTYSINGLEVALUE('Name',$,IFCLABEL('swept beam_0_2'),$);
#3086=IFCPROPERTYSINGLEVALUE('ArcLength',$,IFCLENGTHMEASURE(651.),$);
#3087=IFCPROPERTYSINGLEVALUE('ArcAngle_rad',$,IFCREAL(0.03),$);
#3088=IFCPROPERTYSINGLEVALUE('ArcAngle_deg',$,IFCREAL(1.6),$);
#3089=IFCPROPERTYSET('0olpgfDP55Mv2_GzOeurrP',$,'EPset_IfcKit_Geometry',$,(#3085,#3086,#3087,#3088));
#3090=IFCRELDEFINESBYPROPERTIES('1GTM1of0H2vB392BXPaqxR',$,$,$,(#3079),#3089);
#3091=IFCCOLOURRGB($,0.501960784313725,0.501960784313725,0.501960784313725);
#3092=IFCSURFACESTYLERENDERING(#3091,0.,$,$,$,$,$,$,.FLAT.);
#3093=IFCSURFACESTYLE($,.BOTH.,(#3092));
#3094=IFCPRESENTATIONSTYLEASSIGNMENT((#3093));
#3095=IFCSTYLEDITEM(#3070,(#3094),$);
#3096=IFCCARTESIANPOINT((80.,-40.));
#3097=IFCCARTESIANPOINT((80.,-32.));
#3098=IFCCARTESIANPOINT((8.,-32.));
#3099=IFCCARTESIANPOINT((8.,40.));
#3100=IFCCARTESIANPOINT((0.,40.));
#3101=IFCCARTESIANPOINT((0.,-40.));
#3102=IFCCARTESIANPOINT((80.,-40.));
#3103=IFCPOLYLINE((#3096,#3097,#3098,#3099,#3100,#3101,#3102));
#3104=IFCARBITRARYCLOSEDPROFILEDEF(.AREA.,$,#3103);
#3105=IFCCARTESIANPOINT((8619.5141,2301.3322,3919.7182));
#3106=IFCDIRECTION((-0.7059,-0.7059,-0.0593));
#3107=IFCDIRECTION((-0.0419,-0.0419,0.9982));
#3108=IFCAXIS2PLACEMENT3D(#3105,#3106,#3107);
#3109=IFCCARTESIANPOINT((-13498.6167,0.,0.));
#3110=IFCDIRECTION((0.,1.,0.));
#3111=IFCAXIS1PLACEMENT(#3109,#3110);
#3112=IFCREVOLVEDAREASOLID(#3104,#3108,#3111,0.0482331744887463);
#3113=IFCSHAPEREPRESENTATION(#17,'Body','SweptSolid',(#3112));
#3114=IFCPRODUCTDEFINITIONSHAPE($,$,(#3113));
#3120=IFCOWNERHISTORY(#3,#4,.READWRITE.,.MODIFIED.,1779428011,#3,#4,1779428011);
#3121=IFCBEAM('2On28nqZPBsA$gmPi2qB1e',#3120,'swept beam_0_3',$,$,#3126,#3114,$);
#3122=IFCCARTESIANPOINT((0.,0.,0.));
#3123=IFCDIRECTION((0.,0.,1.));
#3124=IFCDIRECTION((1.,0.,0.));
#3125=IFCAXIS2PLACEMENT3D(#3122,#3123,#3124);
#3126=IFCLOCALPLACEMENT(#39,#3125);
#3127=IFCPROPERTYSINGLEVALUE('Name',$,IFCLABEL('swept beam_0_3'),$);
#3128=IFCPROPERTYSINGLEVALUE('ArcLength',$,IFCLENGTHMEASURE(651.),$);
#3129=IFCPROPERTYSINGLEVALUE('ArcAngle_rad',$,IFCREAL(0.05),$);
#3130=IFCPROPERTYSINGLEVALUE('ArcAngle_deg',$,IFCREAL(2.8),$);
#3131=IFCPROPERTYSET('2IaEUH1c1AxQj84lp2xET4',$,'EPset_IfcKit_Geometry',$,(#3127,#3128,#3129,#3130));
#3132=IFCRELDEFINESBYPROPERTIES('3sOX5tmcTAeAWLP6AMaGKj',$,$,$,(#3121),#3131);
#3133=IFCCOLOURRGB($,0.501960784313725,0.501960784313725,0.501960784313725);
#3134=IFCSURFACESTYLERENDERING(#3133,0.,$,$,$,$,$,$,.FLAT.);
#3135=IFCSURFACESTYLE($,.BOTH.,(#3134));
#3136=IFCPRESENTATIONSTYLEASSIGNMENT((#3135));
#3137=IFCSTYLEDITEM(#3112,(#3136),$);
#3138=IFCCARTESIANPOINT((80.,-40.));
#3139=IFCCARTESIANPOINT((80.,-32.));
#3140=IFCCARTESIANPOINT((8.,-32.));
#3141=IFCCARTESIANPOINT((8.,40.));
#3142=IFCCARTESIANPOINT((0.,40.));
#3143=IFCCARTESIANPOINT((0.,-40.));
#3144=IFCCARTESIANPOINT((80.,-40.));
#3145=IFCPOLYLINE((#3138,#3139,#3140,#3141,#3142,#3143,#3144));
#3146=IFCARBITRARYCLOSEDPROFILEDEF(.AREA.,$,#3145);
#3147=IFCCARTESIANPOINT((9079.5675,2761.3857,3942.6572));
#3148=IFCDIRECTION((-0.7071,-0.7071,-0.0111));
#3149=IFCDIRECTION((-0.0079,-0.0079,0.9999));
#3150=IFCAXIS2PLACEMENT3D(#3147,#3148,#3149);
#3151=IFCCARTESIANPOINT((-11229.7902,0.,0.));
#3152=IFCDIRECTION((0.,1.,0.));
#3153=IFCAXIS1PLACEMENT(#3151,#3152);
#3154=IFCREVOLVEDAREASOLID(#3146,#3150,#3153,0.0580021813281896);
#3155=IFCSHAPEREPRESENTATION(#17,'Body','SweptSolid',(#3154));
#3156=IFCPRODUCTDEFINITIONSHAPE($,$,(#3155));
#3162=IFCOWNERHISTORY(#3,#4,.READWRITE.,.MODIFIED.,1779428011,#3,#4,1779428011);
#3163=IFCBEAM('3x2H58rIb8vxPGbwQWBzQn',#3162,'swept beam_0_4',$,$,#3168,#3156,$);
#3164=IFCCARTESIANPOINT((0.,0.,0.));
#3165=IFCDIRECTION((0.,0.,1.));
#3166=IFCDIRECTION((1.,0.,0.));
#3167=IFCAXIS2PLACEMENT3D(#3164,#3165,#3166);
#3168=IFCLOCALPLACEMENT(#39,#3167);
#3169=IFCPROPERTYSINGLEVALUE('Name',$,IFCLABEL('swept beam_0_4'),$);
#3170=IFCPROPERTYSINGLEVALUE('ArcLength',$,IFCLENGTHMEASURE(651.),$);
#3171=IFCPROPERTYSINGLEVALUE('ArcAngle_rad',$,IFCREAL(0.06),$);
#3172=IFCPROPERTYSINGLEVALUE('ArcAngle_deg',$,IFCREAL(3.3),$);
#3173=IFCPROPERTYSET('3Assi9XLzE5hEkTqvpnwkh',$,'EPset_IfcKit_Geometry',$,(#3169,#3170,#3171,#3172));
#3174=IFCRELDEFINESBYPROPERTIES('3lTwAPpKj9w9lldH2SNnJ7',$,$,$,(#3163),#3173);
#3175=IFCCOLOURRGB($,0.501960784313725,0.501960784313725,0.501960784313725);
#3176=IFCSURFACESTYLERENDERING(#3175,0.,$,$,$,$,$,$,.FLAT.);
#3177=IFCSURFACESTYLE($,.BOTH.,(#3176));
#3178=IFCPRESENTATIONSTYLEASSIGNMENT((#3177));
#3179=IFCSTYLEDITEM(#3154,(#3178),$);
#3180=IFCCARTESIANPOINT((80.,-40.));
#3181=IFCCARTESIANPOINT((80.,-32.));
#3182=IFCCARTESIANPOINT((8.,-32.));
#3183=IFCCARTESIANPOINT((8.,40.));
#3184=IFCCARTESIANPOINT((0.,40.));
#3185=IFCCARTESIANPOINT((0.,-40.));
#3186=IFCCARTESIANPOINT((80.,-40.));
#3187=IFCPOLYLINE((#3180,#3181,#3182,#3183,#3184,#3185,#3186));
#3188=IFCARBITRARYCLOSEDPROFILEDEF(.AREA.,$,#3187);
#3189=IFCCARTESIANPOINT((9540.005,3221.8232,3931.0167));
#3190=IFCDIRECTION((-0.7063,-0.7063,0.0469));
#3191=IFCDIRECTION((0.0331,0.0331,0.9989));
#3192=IFCAXIS2PLACEMENT3D(#3189,#3190,#3191);
#3193=IFCCARTESIANPOINT((-40443.3996,0.,0.));
#3194=IFCDIRECTION((0.,1.,0.));
#3195=IFCAXIS1PLACEMENT(#3193,#3194);
#3196=IFCREVOLVEDAREASOLID(#3188,#3192,#3195,0.0161094496085631);
#3197=IFCSHAPEREPRESENTATION(#17,'Body','SweptSolid',(#3196));
#3198=IFCPRODUCTDEFINITIONSHAPE($,$,(#3197));
#3204=IFCOWNERHISTORY(#3,#4,.READWRITE.,.MODIFIED.,1779428011,#3,#4,1779428011);
#3205=IFCBEAM('3cDVFo00zE$9GBvz107Keq',#3204,'swept beam_0_5',$,$,#3210,#3198,$);
#3206=IFCCARTESIANPOINT((0.,0.,0.));
#3207=IFCDIRECTION((0.,0.,1.));
#3208=IFCDIRECTION((1.,0.,0.));
#3209=IFCAXIS2PLACEMENT3D(#3206,#3207,#3208);
#3210=IFCLOCALPLACEMENT(#39,#3209);
#3211=IFCPROPERTYSINGLEVALUE('Name',$,IFCLABEL('swept beam_0_5'),$);
#3212=IFCPROPERTYSINGLEVALUE('ArcLength',$,IFCLENGTHMEASURE(652.),$);
#3213=IFCPROPERTYSINGLEVALUE('ArcAngle_rad',$,IFCREAL(0.02),$);
#3214=IFCPROPERTYSINGLEVALUE('ArcAngle_deg',$,IFCREAL(0.9),$);
#3215=IFCPROPERTYSET('0Kom3WiZn5BfS3kaMGERPu',$,'EPset_IfcKit_Geometry',$,(#3211,#3212,#3213,#3214));
#3216=IFCRELDEFINESBYPROPERTIES('0llF2AxYP0ZRR2bXCtbmn4',$,$,$,(#3205),#3215);
#3217=IFCCOLOURRGB($,0.501960784313725,0.501960784313725,0.501960784313725);
#3218=IFCSURFACESTYLERENDERING(#3217,0.,$,$,$,$,$,$,.FLAT.);
#3219=IFCSURFACESTYLE($,.BOTH.,(#3218));
#3220=IFCPRESENTATIONSTYLEASSIGNMENT((#3219));
#3221=IFCSTYLEDITEM(#3196,(#3220),$);
#3222=IFCCARTESIANPOINT((-80.,40.));
#3223=IFCCARTESIANPOINT((-80.,32.));
#3224=IFCCARTESIANPOINT((-8.,32.));
#3225=IFCCARTESIANPOINT((-8.,-40.));
#3226=IFCCARTESIANPOINT((0.,-40.));
#3227=IFCCARTESIANPOINT((0.,40.));
#3228=IFCCARTESIANPOINT((-80.,40.));
#3229=IFCPOLYLINE((#3222,#3223,#3224,#3225,#3226,#3227,#3228));
#3230=IFCARBITRARYCLOSEDPROFILEDEF(.AREA.,$,#3229);
#3231=IFCCARTESIANPOINT((5909.0909,0.,3748.6999));
#3232=IFCDIRECTION((-0.707,-0.707,0.0193));
#3233=IFCDIRECTION((-0.0136,-0.0136,-0.9998));
#3234=IFCAXIS2PLACEMENT3D(#3231,#3232,#3233);
#3235=IFCCARTESIANPOINT((-7320.5259,0.,0.));
#3236=IFCDIRECTION((0.,1.,0.));
#3237=IFCAXIS1PLACEMENT(#3235,#3236);
#3238=IFCREVOLVEDAREASOLID(#3230,#3234,#3237,0.0993272222540101);
#3239=IFCSHAPEREPRESENTATION(#17,'Body','SweptSolid',(#3238));
#3240=IFCPRODUCTDEFINITIONSHAPE($,$,(#3239));
#3246=IFCOWNERHISTORY(#3,#4,.READWRITE.,.MODIFIED.,1779428011,#3,#4,1779428011);
#3247=IFCBEAM('3z42S8iXD6hP8UDX40hmXl',#3246,'swept beam_0_0',$,$,#3252,#3240,$);
#3248=IFCCARTESIANPOINT((0.,0.,0.));
#3249=IFCDIRECTION((0.,0.,1.));
#3250=IFCDIRECTION((1.,0.,0.));
#3251=IFCAXIS2PLACEMENT3D(#3248,#3249,#3250);
#3252=IFCLOCALPLACEMENT(#39,#3251);
#3253=IFCPROPERTYSINGLEVALUE('Name',$,IFCLABEL('swept beam_0_0'),$);
#3254=IFCPROPERTYSINGLEVALUE('ArcLength',$,IFCLENGTHMEASURE(727.),$);
#3255=IFCPROPERTYSINGLEVALUE('ArcAngle_rad',$,IFCREAL(0.1),$);
#3256=IFCPROPERTYSINGLEVALUE('ArcAngle_deg',$,IFCREAL(5.7),$);
#3257=IFCPROPERTYSET('3lhIWqE_95ZvbENmVYuQ19',$,'EPset_IfcKit_Geometry',$,(#3253,#3254,#3255,#3256));
#3258=IFCRELDEFINESBYPROPERTIES('0fBpc55OP5teuBGK1arRwK',$,$,$,(#3247),#3257);
#3259=IFCCOLOURRGB($,0.501960784313725,0.501960784313725,0.501960784313725);
#3260=IFCSURFACESTYLERENDERING(#3259,0.,$,$,$,$,$,$,.FLAT.);
#3261=IFCSURFACESTYLE($,.BOTH.,(#3260));
#3262=IFCPRESENTATIONSTYLEASSIGNMENT((#3261));
#3263=IFCSTYLEDITEM(#3238,(#3262),$);
#3264=IFCCARTESIANPOINT((-80.,40.));
#3265=IFCCARTESIANPOINT((-80.,32.));
#3266=IFCCARTESIANPOINT((-8.,32.));
#3267=IFCCARTESIANPOINT((-8.,-40.));
#3268=IFCCARTESIANPOINT((0.,-40.));
#3269=IFCCARTESIANPOINT((0.,40.));
#3270=IFCCARTESIANPOINT((-80.,40.));
#3271=IFCPOLYLINE((#3264,#3265,#3266,#3267,#3268,#3269,#3270));
#3272=IFCARBITRARYCLOSEDPROFILEDEF(.AREA.,$,#3271);
#3273=IFCCARTESIANPOINT((6422.799,513.7081,3770.7876));
#3274=IFCDIRECTION((-0.7048,-0.7048,-0.08));
#3275=IFCDIRECTION((0.0565,0.0565,-0.9968));
#3276=IFCAXIS2PLACEMENT3D(#3273,#3274,#3275);
#3277=IFCCARTESIANPOINT((-31055.0423,0.,0.));
#3278=IFCDIRECTION((0.,1.,0.));
#3279=IFCAXIS1PLACEMENT(#3277,#3278);
#3280=IFCREVOLVEDAREASOLID(#3272,#3276,#3279,0.0234323497524503);
#3281=IFCSHAPEREPRESENTATION(#17,'Body','SweptSolid',(#3280));
#3282=IFCPRODUCTDEFINITIONSHAPE($,$,(#3281));
#3288=IFCOWNERHISTORY(#3,#4,.READWRITE.,.MODIFIED.,1779428011,#3,#4,1779428011);
#3289=IFCBEAM('34bFWB2Jr0tvgO$mzkKNqn',#3288,'swept beam_0_1',$,$,#3294,#3282,$);
#3290=IFCCARTESIANPOINT((0.,0.,0.));
#3291=IFCDIRECTION((0.,0.,1.));
#3292=IFCDIRECTION((1.,0.,0.));
#3293=IFCAXIS2PLACEMENT3D(#3290,#3291,#3292);
#3294=IFCLOCALPLACEMENT(#39,#3293);
#3295=IFCPROPERTYSINGLEVALUE('Name',$,IFCLABEL('swept beam_0_1'),$);
#3296=IFCPROPERTYSINGLEVALUE('ArcLength',$,IFCLENGTHMEASURE(728.),$);
#3297=IFCPROPERTYSINGLEVALUE('ArcAngle_rad',$,IFCREAL(0.02),$);
#3298=IFCPROPERTYSINGLEVALUE('ArcAngle_deg',$,IFCREAL(1.3),$);
#3299=IFCPROPERTYSET('0TKCk8R49DqBqauKfaPJpQ',$,'EPset_IfcKit_Geometry',$,(#3295,#3296,#3297,#3298));
#3300=IFCRELDEFINESBYPROPERTIES('3YcEacG1z5yRe4$4vuggrJ',$,$,$,(#3289),#3299);
#3301=IFCCOLOURRGB($,0.501960784313725,0.501960784313725,0.501960784313725);
#3302=IFCSURFACESTYLERENDERING(#3301,0.,$,$,$,$,$,$,.FLAT.);
#3303=IFCSURFACESTYLE($,.BOTH.,(#3302));
#3304=IFCPRESENTATIONSTYLEASSIGNMENT((#3303));
#3305=IFCSTYLEDITEM(#3280,(#3304),$);
#3306=IFCCARTESIANPOINT((-80.,40.));
#3307=IFCCARTESIANPOINT((-80.,32.));
#3308=IFCCARTESIANPOINT((-8.,32.));
#3309=IFCCARTESIANPOINT((-8.,-40.));
#3310=IFCCARTESIANPOINT((0.,-40.));
#3311=IFCCARTESIANPOINT((0.,40.));
#3312=IFCCARTESIANPOINT((-80.,40.));
#3313=IFCPOLYLINE((#3306,#3307,#3308,#3309,#3310,#3311,#3312));
#3314=IFCARBITRARYCLOSEDPROFILEDEF(.AREA.,$,#3313);
#3315=IFCCARTESIANPOINT((6935.1783,1026.0874,3837.4754));
#3316=IFCDIRECTION((-0.7033,-0.7033,-0.1033));
#3317=IFCDIRECTION((0.073,0.073,-0.9946));
#3318=IFCAXIS2PLACEMENT3D(#3315,#3316,#3317);
#3319=IFCCARTESIANPOINT((-180625.6095,0.,0.));
#3320=IFCDIRECTION((0.,1.,0.));
#3321=IFCAXIS1PLACEMENT(#3319,#3320);
#3322=IFCREVOLVEDAREASOLID(#3314,#3318,#3321,0.0040192436996475);
#3323=IFCSHAPEREPRESENTATION(#17,'Body','SweptSolid',(#3322));
#3324=IFCPRODUCTDEFINITIONSHAPE($,$,(#3323));
#3330=IFCOWNERHISTORY(#3,#4,.READWRITE.,.MODIFIED.,1779428011,#3,#4,1779428011);
#3331=IFCBEAM('0jmaZrJSX76AtVV8BcFW9x',#3330,'swept beam_0_2',$,$,#3336,#3324,$);
#3332=IFCCARTESIANPOINT((0.,0.,0.));
#3333=IFCDIRECTION((0.,0.,1.));
#3334=IFCDIRECTION((1.,0.,0.));
#3335=IFCAXIS2PLACEMENT3D(#3332,#3333,#3334);
#3336=IFCLOCALPLACEMENT(#39,#3335);
#3337=IFCPROPERTYSINGLEVALUE('Name',$,IFCLABEL('swept beam_0_2'),$);
#3338=IFCPROPERTYSINGLEVALUE('ArcLength',$,IFCLENGTHMEASURE(726.),$);
#3339=IFCPROPERTYSINGLEVALUE('ArcAngle_rad',$,IFCREAL(0.),$);
#3340=IFCPROPERTYSINGLEVALUE('ArcAngle_deg',$,IFCREAL(0.2),$);
#3341=IFCPROPERTYSET('0NoS0vS4n84BZGgqannzqC',$,'EPset_IfcKit_Geometry',$,(#3337,#3338,#3339,#3340));
#3342=IFCRELDEFINESBYPROPERTIES('2ZjOnou2T1AeXSMGPOJN04',$,$,$,(#3331),#3341);
#3343=IFCCOLOURRGB($,0.501960784313725,0.501960784313725,0.501960784313725);
#3344=IFCSURFACESTYLERENDERING(#3343,0.,$,$,$,$,$,$,.FLAT.);
#3345=IFCSURFACESTYLE($,.BOTH.,(#3344));
#3346=IFCPRESENTATIONSTYLEASSIGNMENT((#3345));
#3347=IFCSTYLEDITEM(#3322,(#3346),$);
#3348=IFCCARTESIANPOINT((80.,-40.));
#3349=IFCCARTESIANPOINT((80.,-32.));
#3350=IFCCARTESIANPOINT((8.,-32.));
#3351=IFCCARTESIANPOINT((8.,40.));
#3352=IFCCARTESIANPOINT((0.,40.));
#3353=IFCCARTESIANPOINT((0.,-40.));
#3354=IFCCARTESIANPOINT((80.,-40.));
#3355=IFCPOLYLINE((#3348,#3349,#3350,#3351,#3352,#3353,#3354));
#3356=IFCARBITRARYCLOSEDPROFILEDEF(.AREA.,$,#3355);
#3357=IFCCARTESIANPOINT((7445.668,1536.5771,3913.9236));
#3358=IFCDIRECTION((-0.703,-0.703,-0.1073));
#3359=IFCDIRECTION((-0.0759,-0.0759,0.9942));
#3360=IFCAXIS2PLACEMENT3D(#3357,#3358,#3359);
#3361=IFCCARTESIANPOINT((-23259.4761,0.,0.));
#3362=IFCDIRECTION((0.,1.,0.));
#3363=IFCAXIS1PLACEMENT(#3361,#3362);
#3364=IFCREVOLVEDAREASOLID(#3356,#3360,#3363,0.0312096621547693);
#3365=IFCSHAPEREPRESENTATION(#17,'Body','SweptSolid',(#3364));
#3366=IFCPRODUCTDEFINITIONSHAPE($,$,(#3365));
#3372=IFCOWNERHISTORY(#3,#4,.READWRITE.,.MODIFIED.,1779428011,#3,#4,1779428011);
#3373=IFCBEAM('1sleoIpnDAV9hpNPftbjAX',#3372,'swept beam_0_3',$,$,#3378,#3366,$);
#3374=IFCCARTESIANPOINT((0.,0.,0.));
#3375=IFCDIRECTION((0.,0.,1.));
#3376=IFCDIRECTION((1.,0.,0.));
#3377=IFCAXIS2PLACEMENT3D(#3374,#3375,#3376);
#3378=IFCLOCALPLACEMENT(#39,#3377);
#3379=IFCPROPERTYSINGLEVALUE('Name',$,IFCLABEL('swept beam_0_3'),$);
#3380=IFCPROPERTYSINGLEVALUE('ArcLength',$,IFCLENGTHMEASURE(726.),$);
#3381=IFCPROPERTYSINGLEVALUE('ArcAngle_rad',$,IFCREAL(0.03),$);
#3382=IFCPROPERTYSINGLEVALUE('ArcAngle_deg',$,IFCREAL(1.8),$);
#3383=IFCPROPERTYSET('3FhuuCYqzA4wX_sCcK5H16',$,'EPset_IfcKit_Geometry',$,(#3379,#3380,#3381,#3382));
#3384=IFCRELDEFINESBYPROPERTIES('3Y2245629AoRrC1tKNDvSB',$,$,$,(#3373),#3383);
#3385=IFCCOLOURRGB($,0.501960784313725,0.501960784313725,0.501960784313725);
#3386=IFCSURFACESTYLERENDERING(#3385,0.,$,$,$,$,$,$,.FLAT.);
#3387=IFCSURFACESTYLE($,.BOTH.,(#3386));
#3388=IFCPRESENTATIONSTYLEASSIGNMENT((#3387));
#3389=IFCSTYLEDITEM(#3364,(#3388),$);
#3390=IFCCARTESIANPOINT((80.,-40.));
#3391=IFCCARTESIANPOINT((80.,-32.));
#3392=IFCCARTESIANPOINT((8.,-32.));
#3393=IFCCARTESIANPOINT((8.,40.));
#3394=IFCCARTESIANPOINT((0.,40.));
#3395=IFCCARTESIANPOINT((0.,-40.));
#3396=IFCCARTESIANPOINT((80.,-40.));
#3397=IFCPOLYLINE((#3390,#3391,#3392,#3393,#3394,#3395,#3396));
#3398=IFCARBITRARYCLOSEDPROFILEDEF(.AREA.,$,#3397);
#3399=IFCCARTESIANPOINT((7956.7842,2047.6933,3980.5421));
#3400=IFCDIRECTION((-0.705,-0.705,-0.0762));
#3401=IFCDIRECTION((-0.0539,-0.0539,0.9971));
#3402=IFCAXIS2PLACEMENT3D(#3399,#3400,#3401);
#3403=IFCCARTESIANPOINT((-15321.1955,0.,0.));
#3404=IFCDIRECTION((0.,1.,0.));
#3405=IFCAXIS1PLACEMENT(#3403,#3404);
#3406=IFCREVOLVEDAREASOLID(#3398,#3402,#3405,0.0473095380978679);
#3407=IFCSHAPEREPRESENTATION(#17,'Body','SweptSolid',(#3406));
#3408=IFCPRODUCTDEFINITIONSHAPE($,$,(#3407));
#3414=IFCOWNERHISTORY(#3,#4,.READWRITE.,.MODIFIED.,1779428011,#3,#4,1779428011);
#3415=IFCBEAM('1TTXVA7GzA9uu2M7uONsg2',#3414,'swept beam_0_4',$,$,#3420,#3408,$);
#3416=IFCCARTESIANPOINT((0.,0.,0.));
#3417=IFCDIRECTION((0.,0.,1.));
#3418=IFCDIRECTION((1.,0.,0.));
#3419=IFCAXIS2PLACEMENT3D(#3416,#3417,#3418);
#3420=IFCLOCALPLACEMENT(#39,#3419);
#3421=IFCPROPERTYSINGLEVALUE('Name',$,IFCLABEL('swept beam_0_4'),$);
#3422=IFCPROPERTYSINGLEVALUE('ArcLength',$,IFCLENGTHMEASURE(725.),$);
#3423=IFCPROPERTYSINGLEVALUE('ArcAngle_rad',$,IFCREAL(0.05),$);
#3424=IFCPROPERTYSINGLEVALUE('ArcAngle_deg',$,IFCREAL(2.7),$);
#3425=IFCPROPERTYSET('2vpef7Nmb6GvNDoDN7bi3X',$,'EPset_IfcKit_Geometry',$,(#3421,#3422,#3423,#3424));
#3426=IFCRELDEFINESBYPROPERTIES('3jJ4ATqV1Duvw92spUYngJ',$,$,$,(#3415),#3425);
#3427=IFCCOLOURRGB($,0.501960784313725,0.501960784313725,0.501960784313725);
#3428=IFCSURFACESTYLERENDERING(#3427,0.,$,$,$,$,$,$,.FLAT.);
#3429=IFCSURFACESTYLE($,.BOTH.,(#3428));
#3430=IFCPRESENTATIONSTYLEASSIGNMENT((#3429));
#3431=IFCSTYLEDITEM(#3406,(#3430),$);
#3432=IFCCARTESIANPOINT((80.,-40.));
#3433=IFCCARTESIANPOINT((80.,-32.));
#3434=IFCCARTESIANPOINT((8.,-32.));
#3435=IFCCARTESIANPOINT((8.,40.));
#3436=IFCCARTESIANPOINT((0.,40.));
#3437=IFCCARTESIANPOINT((0.,-40.));
#3438=IFCCARTESIANPOINT((80.,-40.));
#3439=IFCPOLYLINE((#3432,#3433,#3434,#3435,#3436,#3437,#3438));
#3440=IFCARBITRARYCLOSEDPROFILEDEF(.AREA.,$,#3439);
#3441=IFCCARTESIANPOINT((8468.5648,2559.4739,4018.6798));
#3442=IFCDIRECTION((-0.7068,-0.7068,-0.029));
#3443=IFCDIRECTION((-0.0205,-0.0205,0.9996));
#3444=IFCAXIS2PLACEMENT3D(#3441,#3442,#3443);
#3445=IFCCARTESIANPOINT((-9835.4968,0.,0.));
#3446=IFCDIRECTION((0.,1.,0.));
#3447=IFCAXIS1PLACEMENT(#3445,#3446);
#3448=IFCREVOLVEDAREASOLID(#3440,#3444,#3447,0.0736765968551983);
#3449=IFCSHAPEREPRESENTATION(#17,'Body','SweptSolid',(#3448));
#3450=IFCPRODUCTDEFINITIONSHAPE($,$,(#3449));
#3456=IFCOWNERHISTORY(#3,#4,.READWRITE.,.MODIFIED.,1779428011,#3,#4,1779428011);
#3457=IFCBEAM('0EJ0QjU$556gVDmmpY9v0S',#3456,'swept beam_0_5',$,$,#3462,#3450,$);
#3458=IFCCARTESIANPOINT((0.,0.,0.));
#3459=IFCDIRECTION((0.,0.,1.));
#3460=IFCDIRECTION((1.,0.,0.));
#3461=IFCAXIS2PLACEMENT3D(#3458,#3459,#3460);
#3462=IFCLOCALPLACEMENT(#39,#3461);
#3463=IFCPROPERTYSINGLEVALUE('Name',$,IFCLABEL('swept beam_0_5'),$);
#3464=IFCPROPERTYSINGLEVALUE('ArcLength',$,IFCLENGTHMEASURE(725.),$);
#3465=IFCPROPERTYSINGLEVALUE('ArcAngle_rad',$,IFCREAL(0.07),$);
#3466=IFCPROPERTYSINGLEVALUE('ArcAngle_deg',$,IFCREAL(4.2),$);
#3467=IFCPROPERTYSET('0IHYiSn_TBlQWtHCAy0xGA',$,'EPset_IfcKit_Geometry',$,(#3463,#3464,#3465,#3466));
#3468=IFCRELDEFINESBYPROPERTIES('0iUHOZroL3l8a38ihmkpoH',$,$,$,(#3457),#3467);
#3469=IFCCOLOURRGB($,0.501960784313725,0.501960784313725,0.501960784313725);
#3470=IFCSURFACESTYLERENDERING(#3469,0.,$,$,$,$,$,$,.FLAT.);
#3471=IFCSURFACESTYLE($,.BOTH.,(#3470));
#3472=IFCPRESENTATIONSTYLEASSIGNMENT((#3471));
#3473=IFCSTYLEDITEM(#3448,(#3472),$);
#3474=IFCCARTESIANPOINT((80.,-40.));
#3475=IFCCARTESIANPOINT((80.,-32.));
#3476=IFCCARTESIANPOINT((8.,-32.));
#3477=IFCCARTESIANPOINT((8.,40.));
#3478=IFCCARTESIANPOINT((0.,40.));
#3479=IFCCARTESIANPOINT((0.,-40.));
#3480=IFCCARTESIANPOINT((80.,-40.));
#3481=IFCPOLYLINE((#3474,#3475,#3476,#3477,#3478,#3479,#3480));
#3482=IFCARBITRARYCLOSEDPROFILEDEF(.AREA.,$,#3481);
#3483=IFCCARTESIANPOINT((8980.8352,3071.7443,4012.9938));
#3484=IFCDIRECTION((-0.7064,-0.7064,0.0447));
#3485=IFCDIRECTION((0.0316,0.0316,0.999));
#3486=IFCAXIS2PLACEMENT3D(#3483,#3484,#3485);
#3487=IFCCARTESIANPOINT((-8123.6099,0.,0.));
#3488=IFCDIRECTION((0.,1.,0.));
#3489=IFCAXIS1PLACEMENT(#3487,#3488);
#3490=IFCREVOLVEDAREASOLID(#3482,#3486,#3489,0.0892646626492268);
#3491=IFCSHAPEREPRESENTATION(#17,'Body','SweptSolid',(#3490));
#3492=IFCPRODUCTDEFINITIONSHAPE($,$,(#3491));
#3498=IFCOWNERHISTORY(#3,#4,.READWRITE.,.MODIFIED.,1779428011,#3,#4,1779428011);
#3499=IFCBEAM('0wNJaYn7T6Xf4qiFKIK2sT',#3498,'swept beam_0_6',$,$,#3504,#3492,$);
#3500=IFCCARTESIANPOINT((0.,0.,0.));
#3501=IFCDIRECTION((0.,0.,1.));
#3502=IFCDIRECTION((1.,0.,0.));
#3503=IFCAXIS2PLACEMENT3D(#3500,#3501,#3502);
#3504=IFCLOCALPLACEMENT(#39,#3503);
#3505=IFCPROPERTYSINGLEVALUE('Name',$,IFCLABEL('swept beam_0_6'),$);
#3506=IFCPROPERTYSINGLEVALUE('ArcLength',$,IFCLENGTHMEASURE(725.),$);
#3507=IFCPROPERTYSINGLEVALUE('ArcAngle_rad',$,IFCREAL(0.09),$);
#3508=IFCPROPERTYSINGLEVALUE('ArcAngle_deg',$,IFCREAL(5.1),$);
#3509=IFCPROPERTYSET('0ZjYqCuBbCNhjRGoIxYc5b',$,'EPset_IfcKit_Geometry',$,(#3505,#3506,#3507,#3508));
#3510=IFCRELDEFINESBYPROPERTIES('0d0EdgUvH8ehH09eECb683',$,$,$,(#3499),#3509);
#3511=IFCCOLOURRGB($,0.501960784313725,0.501960784313725,0.501960784313725);
#3512=IFCSURFACESTYLERENDERING(#3511,0.,$,$,$,$,$,$,.FLAT.);
#3513=IFCSURFACESTYLE($,.BOTH.,(#3512));
#3514=IFCPRESENTATIONSTYLEASSIGNMENT((#3513));
#3515=IFCSTYLEDITEM(#3490,(#3514),$);
#3516=IFCCARTESIANPOINT((-80.,40.));
#3517=IFCCARTESIANPOINT((-80.,32.));
#3518=IFCCARTESIANPOINT((-8.,32.));
#3519=IFCCARTESIANPOINT((-8.,-40.));
#3520=IFCCARTESIANPOINT((0.,-40.));
#3521=IFCCARTESIANPOINT((0.,40.));
#3522=IFCCARTESIANPOINT((-80.,40.));
#3523=IFCPOLYLINE((#3516,#3517,#3518,#3519,#3520,#3521,#3522));
#3524=IFCARBITRARYCLOSEDPROFILEDEF(.AREA.,$,#3523);
#3525=IFCCARTESIANPOINT((9491.381,3582.2901,3948.3314));
#3526=IFCDIRECTION((-0.7008,-0.7008,0.1336));
#3527=IFCDIRECTION((-0.0944,-0.0944,-0.991));
#3528=IFCAXIS2PLACEMENT3D(#3525,#3526,#3527);
#3529=IFCCARTESIANPOINT((-213017.0182,0.,0.));
#3530=IFCDIRECTION((0.,1.,0.));
#3531=IFCAXIS1PLACEMENT(#3529,#3530);
#3532=IFCREVOLVEDAREASOLID(#3524,#3528,#3531,0.00340645312799912);
#3533=IFCSHAPEREPRESENTATION(#17,'Body','SweptSolid',(#3532));
#3534=IFCPRODUCTDEFINITIONSHAPE($,$,(#3533));
#3540=IFCOWNERHISTORY(#3,#4,.READWRITE.,.MODIFIED.,1779428011,#3,#4,1779428011);
#3541=IFCBEAM('0taC2hriz5qxNm06zDE2lQ',#3540,'swept beam_0_7',$,$,#3546,#3534,$);
#3542=IFCCARTESIANPOINT((0.,0.,0.));
#3543=IFCDIRECTION((0.,0.,1.));
#3544=IFCDIRECTION((1.,0.,0.));
#3545=IFCAXIS2PLACEMENT3D(#3542,#3543,#3544);
#3546=IFCLOCALPLACEMENT(#39,#3545);
#3547=IFCPROPERTYSINGLEVALUE('Name',$,IFCLABEL('swept beam_0_7'),$);
#3548=IFCPROPERTYSINGLEVALUE('ArcLength',$,IFCLENGTHMEASURE(726.),$);
#3549=IFCPROPERTYSINGLEVALUE('ArcAngle_rad',$,IFCREAL(0.),$);
#3550=IFCPROPERTYSINGLEVALUE('ArcAngle_deg',$,IFCREAL(0.2),$);
#3551=IFCPROPERTYSET('1nADjYaez5_xkHrDG81iaX',$,'EPset_IfcKit_Geometry',$,(#3547,#3548,#3549,#3550));
#3552=IFCRELDEFINESBYPROPERTIES('36$czMYrnAaQrUvu70tHIv',$,$,$,(#3541),#3551);
#3553=IFCCOLOURRGB($,0.501960784313725,0.501960784313725,0.501960784313725);
#3554=IFCSURFACESTYLERENDERING(#3553,0.,$,$,$,$,$,$,.FLAT.);
#3555=IFCSURFACESTYLE($,.BOTH.,(#3554));
#3556=IFCPRESENTATIONSTYLEASSIGNMENT((#3555));
#3557=IFCSTYLEDITEM(#3532,(#3556),$);
#3558=IFCCARTESIANPOINT((-80.,40.));
#3559=IFCCARTESIANPOINT((-80.,32.));
#3560=IFCCARTESIANPOINT((-8.,32.));
#3561=IFCCARTESIANPOINT((-8.,-40.));
#3562=IFCCARTESIANPOINT((0.,-40.));
#3563=IFCCARTESIANPOINT((0.,40.));
#3564=IFCCARTESIANPOINT((-80.,40.));
#3565=IFCPOLYLINE((#3558,#3559,#3560,#3561,#3562,#3563,#3564));
#3566=IFCARBITRARYCLOSEDPROFILEDEF(.AREA.,$,#3565);
#3567=IFCCARTESIANPOINT((5500.,0.,3782.7533));
#3568=IFCDIRECTION((-0.7071,-0.7071,-0.0066));
#3569=IFCDIRECTION((0.0046,0.0046,-1.));
#3570=IFCAXIS2PLACEMENT3D(#3567,#3568,#3569);
#3571=IFCCARTESIANPOINT((-8028.2744,0.,0.));
#3572=IFCDIRECTION((0.,1.,0.));
#3573=IFCAXIS1PLACEMENT(#3571,#3572);
#3574=IFCREVOLVEDAREASOLID(#3566,#3570,#3573,0.0999112365038573);
#3575=IFCSHAPEREPRESENTATION(#17,'Body','SweptSolid',(#3574));
#3576=IFCPRODUCTDEFINITIONSHAPE($,$,(#3575));
#3582=IFCOWNERHISTORY(#3,#4,.READWRITE.,.MODIFIED.,1779428011,#3,#4,1779428011);
#3583=IFCBEAM('2adciyk$bDagdhfcSTfc8G',#3582,'swept beam_0_0',$,$,#3588,#3576,$);
#3584=IFCCARTESIANPOINT((0.,0.,0.));
#3585=IFCDIRECTION((0.,0.,1.));
#3586=IFCDIRECTION((1.,0.,0.));
#3587=IFCAXIS2PLACEMENT3D(#3584,#3585,#3586);
#3588=IFCLOCALPLACEMENT(#39,#3587);
#3589=IFCPROPERTYSINGLEVALUE('Name',$,IFCLABEL('swept beam_0_0'),$);
#3590=IFCPROPERTYSINGLEVALUE('ArcLength',$,IFCLENGTHMEASURE(802.),$);
#3591=IFCPROPERTYSINGLEVALUE('ArcAngle_rad',$,IFCREAL(0.1),$);
#3592=IFCPROPERTYSINGLEVALUE('ArcAngle_deg',$,IFCREAL(5.7),$);
#3593=IFCPROPERTYSET('0gUz$VSLn1buRWEWsRqxkN',$,'EPset_IfcKit_Geometry',$,(#3589,#3590,#3591,#3592));
#3594=IFCRELDEFINESBYPROPERTIES('0fws3zJh1B5vbrHvV$QL6z',$,$,$,(#3583),#3593);
#3595=IFCCOLOURRGB($,0.501960784313725,0.501960784313725,0.501960784313725);
#3596=IFCSURFACESTYLERENDERING(#3595,0.,$,$,$,$,$,$,.FLAT.);
#3597=IFCSURFACESTYLE($,.BOTH.,(#3596));
#3598=IFCPRESENTATIONSTYLEASSIGNMENT((#3597));
#3599=IFCSTYLEDITEM(#3574,(#3598),$);
#3600=IFCCARTESIANPOINT((-80.,40.));
#3601=IFCCARTESIANPOINT((-80.,32.));
#3602=IFCCARTESIANPOINT((-8.,32.));
#3603=IFCCARTESIANPOINT((-8.,-40.));
#3604=IFCCARTESIANPOINT((0.,-40.));
#3605=IFCCARTESIANPOINT((0.,40.));
#3606=IFCCARTESIANPOINT((-80.,40.));
#3607=IFCPOLYLINE((#3600,#3601,#3602,#3603,#3604,#3605,#3606));
#3608=IFCARBITRARYCLOSEDPROFILEDEF(.AREA.,$,#3607);
#3609=IFCCARTESIANPOINT((6066.0394,566.0394,3828.0511));
#3610=IFCDIRECTION((-0.7031,-0.7031,-0.1063));
#3611=IFCDIRECTION((0.0752,0.0752,-0.9943));
#3612=IFCAXIS2PLACEMENT3D(#3609,#3610,#3611);
#3613=IFCCARTESIANPOINT((-62029.5685,0.,0.));
#3614=IFCDIRECTION((0.,1.,0.));
#3615=IFCAXIS1PLACEMENT(#3613,#3614);
#3616=IFCREVOLVEDAREASOLID(#3608,#3612,#3615,0.0129417557996245);
#3617=IFCSHAPEREPRESENTATION(#17,'Body','SweptSolid',(#3616));
#3618=IFCPRODUCTDEFINITIONSHAPE($,$,(#3617));
#3624=IFCOWNERHISTORY(#3,#4,.READWRITE.,.MODIFIED.,1779428011,#3,#4,1779428011);
#3625=IFCBEAM('2pjat_JJf3sAMNE67zjxNe',#3624,'swept beam_0_1',$,$,#3630,#3618,$);
#3626=IFCCARTESIANPOINT((0.,0.,0.));
#3627=IFCDIRECTION((0.,0.,1.));
#3628=IFCDIRECTION((1.,0.,0.));
#3629=IFCAXIS2PLACEMENT3D(#3626,#3627,#3628);
#3630=IFCLOCALPLACEMENT(#39,#3629);
#3631=IFCPROPERTYSINGLEVALUE('Name',$,IFCLABEL('swept beam_0_1'),$);
#3632=IFCPROPERTYSINGLEVALUE('ArcLength',$,IFCLENGTHMEASURE(803.),$);
#3633=IFCPROPERTYSINGLEVALUE('ArcAngle_rad',$,IFCREAL(0.01),$);
#3634=IFCPROPERTYSINGLEVALUE('ArcAngle_deg',$,IFCREAL(0.7),$);
#3635=IFCPROPERTYSET('3n96ucaAn7yhdXh0pk2ZkQ',$,'EPset_IfcKit_Geometry',$,(#3631,#3632,#3633,#3634));
#3636=IFCRELDEFINESBYPROPERTIES('1KQWSycrH25erqIM1Xv_gO',$,$,$,(#3625),#3635);
#3637=IFCCOLOURRGB($,0.501960784313725,0.501960784313725,0.501960784313725);
#3638=IFCSURFACESTYLERENDERING(#3637,0.,$,$,$,$,$,$,.FLAT.);
#3639=IFCSURFACESTYLE($,.BOTH.,(#3638));
#3640=IFCPRESENTATIONSTYLEASSIGNMENT((#3639));
#3641=IFCSTYLEDITEM(#3616,(#3640),$);
#3642=IFCCARTESIANPOINT((80.,-40.));
#3643=IFCCARTESIANPOINT((80.,-32.));
#3644=IFCCARTESIANPOINT((8.,-32.));
#3645=IFCCARTESIANPOINT((8.,40.));
#3646=IFCCARTESIANPOINT((0.,40.));
#3647=IFCCARTESIANPOINT((0.,-40.));
#3648=IFCCARTESIANPOINT((80.,-40.));
#3649=IFCPOLYLINE((#3642,#3643,#3644,#3645,#3646,#3647,#3648));
#3650=IFCARBITRARYCLOSEDPROFILEDEF(.AREA.,$,#3649);
#3651=IFCCARTESIANPOINT((6630.0634,1130.0634,3918.5333));
#3652=IFCDIRECTION((-0.7021,-0.7021,-0.1191));
#3653=IFCDIRECTION((-0.0842,-0.0842,0.9929));
#3654=IFCAXIS2PLACEMENT3D(#3651,#3652,#3653);
#3655=IFCCARTESIANPOINT((-97641.5436,0.,0.));
#3656=IFCDIRECTION((0.,1.,0.));
#3657=IFCAXIS1PLACEMENT(#3655,#3656);
#3658=IFCREVOLVEDAREASOLID(#3650,#3654,#3657,0.00820292277852974);
#3659=IFCSHAPEREPRESENTATION(#17,'Body','SweptSolid',(#3658));
#3660=IFCPRODUCTDEFINITIONSHAPE($,$,(#3659));
#3666=IFCOWNERHISTORY(#3,#4,.READWRITE.,.MODIFIED.,1779428011,#3,#4,1779428011);
#3667=IFCBEAM('0rd6pKaX908Av9tKGbEcFj',#3666,'swept beam_0_2',$,$,#3672,#3660,$);
#3668=IFCCARTESIANPOINT((0.,0.,0.));
#3669=IFCDIRECTION((0.,0.,1.));
#3670=IFCDIRECTION((1.,0.,0.));
#3671=IFCAXIS2PLACEMENT3D(#3668,#3669,#3670);
#3672=IFCLOCALPLACEMENT(#39,#3671);
#3673=IFCPROPERTYSINGLEVALUE('Name',$,IFCLABEL('swept beam_0_2'),$);
#3674=IFCPROPERTYSINGLEVALUE('ArcLength',$,IFCLENGTHMEASURE(801.),$);
#3675=IFCPROPERTYSINGLEVALUE('ArcAngle_rad',$,IFCREAL(0.01),$);
#3676=IFCPROPERTYSINGLEVALUE('ArcAngle_deg',$,IFCREAL(0.5),$);
#3677=IFCPROPERTYSET('2PgaxWS990GumazvqZxJdc',$,'EPset_IfcKit_Geometry',$,(#3673,#3674,#3675,#3676));
#3678=IFCRELDEFINESBYPROPERTIES('12c08q0f9AMuRhhv1b9QTt',$,$,$,(#3667),#3677);
#3679=IFCCOLOURRGB($,0.501960784313725,0.501960784313725,0.501960784313725);
#3680=IFCSURFACESTYLERENDERING(#3679,0.,$,$,$,$,$,$,.FLAT.);
#3681=IFCSURFACESTYLE($,.BOTH.,(#3680));
#3682=IFCPRESENTATIONSTYLEASSIGNMENT((#3681));
#3683=IFCSTYLEDITEM(#3658,(#3682),$);
#3684=IFCCARTESIANPOINT((80.,-40.));
#3685=IFCCARTESIANPOINT((80.,-32.));
#3686=IFCCARTESIANPOINT((8.,-32.));
#3687=IFCCARTESIANPOINT((8.,40.));
#3688=IFCCARTESIANPOINT((0.,40.));
#3689=IFCCARTESIANPOINT((0.,-40.));
#3690=IFCCARTESIANPOINT((80.,-40.));
#3691=IFCPOLYLINE((#3684,#3685,#3686,#3687,#3688,#3689,#3690));
#3692=IFCARBITRARYCLOSEDPROFILEDEF(.AREA.,$,#3691);
#3693=IFCCARTESIANPOINT((7192.6543,1692.6543,4010.6955));
#3694=IFCDIRECTION((-0.7027,-0.7027,-0.111));
#3695=IFCDIRECTION((-0.0785,-0.0785,0.9938));
#3696=IFCAXIS2PLACEMENT3D(#3693,#3694,#3695);
#3697=IFCCARTESIANPOINT((-16159.8719,0.,0.));
#3698=IFCDIRECTION((0.,1.,0.));
#3699=IFCAXIS1PLACEMENT(#3697,#3698);
#3700=IFCREVOLVEDAREASOLID(#3692,#3696,#3699,0.0495540204956351);
#3701=IFCSHAPEREPRESENTATION(#17,'Body','SweptSolid',(#3700));
#3702=IFCPRODUCTDEFINITIONSHAPE($,$,(#3701));
#3708=IFCOWNERHISTORY(#3,#4,.READWRITE.,.MODIFIED.,1779428011,#3,#4,1779428011);
#3709=IFCBEAM('0UU9ZZE3zE3Atk_1UbAauR',#3708,'swept beam_0_3',$,$,#3714,#3702,$);
#3710=IFCCARTESIANPOINT((0.,0.,0.));
#3711=IFCDIRECTION((0.,0.,1.));
#3712=IFCDIRECTION((1.,0.,0.));
#3713=IFCAXIS2PLACEMENT3D(#3710,#3711,#3712);
#3714=IFCLOCALPLACEMENT(#39,#3713);
#3715=IFCPROPERTYSINGLEVALUE('Name',$,IFCLABEL('swept beam_0_3'),$);
#3716=IFCPROPERTYSINGLEVALUE('ArcLength',$,IFCLENGTHMEASURE(801.),$);
#3717=IFCPROPERTYSINGLEVALUE('ArcAngle_rad',$,IFCREAL(0.05),$);
#3718=IFCPROPERTYSINGLEVALUE('ArcAngle_deg',$,IFCREAL(2.8),$);
#3719=IFCPROPERTYSET('020ta9pNX2VQl3JaJXQ8to',$,'EPset_IfcKit_Geometry',$,(#3715,#3716,#3717,#3718));
#3720=IFCRELDEFINESBYPROPERTIES('1AZgWuXD57MxLYoBbBOCxt',$,$,$,(#3709),#3719);
#3721=IFCCOLOURRGB($,0.501960784313725,0.501960784313725,0.501960784313725);
#3722=IFCSURFACESTYLERENDERING(#3721,0.,$,$,$,$,$,$,.FLAT.);
#3723=IFCSURFACESTYLE($,.BOTH.,(#3722));
#3724=IFCPRESENTATIONSTYLEASSIGNMENT((#3723));
#3725=IFCSTYLEDITEM(#3700,(#3724),$);
#3726=IFCCARTESIANPOINT((80.,-40.));
#3727=IFCCARTESIANPOINT((80.,-32.));
#3728=IFCCARTESIANPOINT((8.,-32.));
#3729=IFCCARTESIANPOINT((8.,40.));
#3730=IFCCARTESIANPOINT((0.,40.));
#3731=IFCCARTESIANPOINT((0.,-40.));
#3732=IFCCARTESIANPOINT((80.,-40.));
#3733=IFCPOLYLINE((#3726,#3727,#3728,#3729,#3730,#3731,#3732));
#3734=IFCARBITRARYCLOSEDPROFILEDEF(.AREA.,$,#3733);
#3735=IFCCARTESIANPOINT((7756.7239,2256.7239,4079.8255));
#3736=IFCDIRECTION((-0.7058,-0.7058,-0.0616));
#3737=IFCDIRECTION((-0.0436,-0.0436,0.9981));
#3738=IFCAXIS2PLACEMENT3D(#3735,#3736,#3737);
#3739=IFCCARTESIANPOINT((-11472.8413,0.,0.));
#3740=IFCDIRECTION((0.,1.,0.));
#3741=IFCAXIS1PLACEMENT(#3739,#3740);
#3742=IFCREVOLVEDAREASOLID(#3734,#3738,#3741,0.0697082336399402);
#3743=IFCSHAPEREPRESENTATION(#17,'Body','SweptSolid',(#3742));
#3744=IFCPRODUCTDEFINITIONSHAPE($,$,(#3743));
#3750=IFCOWNERHISTORY(#3,#4,.READWRITE.,.MODIFIED.,1779428011,#3,#4,1779428011);
#3751=IFCBEAM('23rYjCo815rxlQ_VJwZj$p',#3750,'swept beam_0_4',$,$,#3756,#3744,$);
#3752=IFCCARTESIANPOINT((0.,0.,0.));
#3753=IFCDIRECTION((0.,0.,1.));
#3754=IFCDIRECTION((1.,0.,0.));
#3755=IFCAXIS2PLACEMENT3D(#3752,#3753,#3754);
#3756=IFCLOCALPLACEMENT(#39,#3755);
#3757=IFCPROPERTYSINGLEVALUE('Name',$,IFCLABEL('swept beam_0_4'),$);
#3758=IFCPROPERTYSINGLEVALUE('ArcLength',$,IFCLENGTHMEASURE(800.),$);
#3759=IFCPROPERTYSINGLEVALUE('ArcAngle_rad',$,IFCREAL(0.07),$);
#3760=IFCPROPERTYSINGLEVALUE('ArcAngle_deg',$,IFCREAL(4.),$);
#3761=IFCPROPERTYSET('1E4Nansbv4DuMyb9kJccbS',$,'EPset_IfcKit_Geometry',$,(#3757,#3758,#3759,#3760));
#3762=IFCRELDEFINESBYPROPERTIES('1UBahv1QP7AeYDa7T$DWr3',$,$,$,(#3751),#3761);
#3763=IFCCOLOURRGB($,0.501960784313725,0.501960784313725,0.501960784313725);
#3764=IFCSURFACESTYLERENDERING(#3763,0.,$,$,$,$,$,$,.FLAT.);
#3765=IFCSURFACESTYLE($,.BOTH.,(#3764));
#3766=IFCPRESENTATIONSTYLEASSIGNMENT((#3765));
#3767=IFCSTYLEDITEM(#3742,(#3766),$);
#3768=IFCCARTESIANPOINT((80.,-40.));
#3769=IFCCARTESIANPOINT((80.,-32.));
#3770=IFCCARTESIANPOINT((8.,-32.));
#3771=IFCCARTESIANPOINT((8.,40.));
#3772=IFCCARTESIANPOINT((0.,40.));
#3773=IFCCARTESIANPOINT((0.,-40.));
#3774=IFCCARTESIANPOINT((80.,-40.));
#3775=IFCPOLYLINE((#3768,#3769,#3770,#3771,#3772,#3773,#3774));
#3776=IFCARBITRARYCLOSEDPROFILEDEF(.AREA.,$,#3775);
#3777=IFCCARTESIANPOINT((8321.9159,2821.9159,4101.2622));
#3778=IFCDIRECTION((-0.7071,-0.7071,0.008));
#3779=IFCDIRECTION((0.0057,0.0057,1.));
#3780=IFCAXIS2PLACEMENT3D(#3777,#3778,#3779);
#3781=IFCCARTESIANPOINT((-7891.3949,0.,0.));
#3782=IFCDIRECTION((0.,1.,0.));
#3783=IFCAXIS1PLACEMENT(#3781,#3782);
#3784=IFCREVOLVEDAREASOLID(#3776,#3780,#3783,0.10129910329152);
#3785=IFCSHAPEREPRESENTATION(#17,'Body','SweptSolid',(#3784));
#3786=IFCPRODUCTDEFINITIONSHAPE($,$,(#3785));
#3792=IFCOWNERHISTORY(#3,#4,.READWRITE.,.MODIFIED.,1779428011,#3,#4,1779428011);
#3793=IFCBEAM('3sPqutLIj0wRUh7inE90ry',#3792,'swept beam_0_5',$,$,#3798,#3786,$);
#3794=IFCCARTESIANPOINT((0.,0.,0.));
#3795=IFCDIRECTION((0.,0.,1.));
#3796=IFCDIRECTION((1.,0.,0.));
#3797=IFCAXIS2PLACEMENT3D(#3794,#3795,#3796);
#3798=IFCLOCALPLACEMENT(#39,#3797);
#3799=IFCPROPERTYSINGLEVALUE('Name',$,IFCLABEL('swept beam_0_5'),$);
#3800=IFCPROPERTYSINGLEVALUE('ArcLength',$,IFCLENGTHMEASURE(799.),$);
#3801=IFCPROPERTYSINGLEVALUE('ArcAngle_rad',$,IFCREAL(0.1),$);
#3802=IFCPROPERTYSINGLEVALUE('ArcAngle_deg',$,IFCREAL(5.8),$);
#3803=IFCPROPERTYSET('0ZSB2c4zf4$wSUYprLEghK',$,'EPset_IfcKit_Geometry',$,(#3799,#3800,#3801,#3802));
#3804=IFCRELDEFINESBYPROPERTIES('1NEaykyIf7a9FppeJ_zkjI',$,$,$,(#3793),#3803);
#3805=IFCCOLOURRGB($,0.501960784313725,0.501960784313725,0.501960784313725);
#3806=IFCSURFACESTYLERENDERING(#3805,0.,$,$,$,$,$,$,.FLAT.);
#3807=IFCSURFACESTYLE($,.BOTH.,(#3806));
#3808=IFCPRESENTATIONSTYLEASSIGNMENT((#3807));
#3809=IFCSTYLEDITEM(#3784,(#3808),$);
#3810=IFCCARTESIANPOINT((80.,-40.));
#3811=IFCCARTESIANPOINT((80.,-32.));
#3812=IFCCARTESIANPOINT((8.,-32.));
#3813=IFCCARTESIANPOINT((8.,40.));
#3814=IFCCARTESIANPOINT((0.,40.));
#3815=IFCCARTESIANPOINT((0.,-40.));
#3816=IFCCARTESIANPOINT((80.,-40.));
#3817=IFCPOLYLINE((#3810,#3811,#3812,#3813,#3814,#3815,#3816));
#3818=IFCARBITRARYCLOSEDPROFILEDEF(.AREA.,$,#3817);
#3819=IFCCARTESIANPOINT((8885.9564,3385.9564,4054.3923));
#3820=IFCDIRECTION((-0.7029,-0.7029,0.1091));
#3821=IFCDIRECTION((0.0772,0.0772,0.994));
#3822=IFCAXIS2PLACEMENT3D(#3819,#3820,#3821);
#3823=IFCCARTESIANPOINT((-7780.4533,0.,0.));
#3824=IFCDIRECTION((0.,1.,0.));
#3825=IFCAXIS1PLACEMENT(#3823,#3824);
#3826=IFCREVOLVEDAREASOLID(#3818,#3822,#3825,0.102847260835628);
#3827=IFCSHAPEREPRESENTATION(#17,'Body','SweptSolid',(#3826));
#3828=IFCPRODUCTDEFINITIONSHAPE($,$,(#3827));
#3834=IFCOWNERHISTORY(#3,#4,.READWRITE.,.MODIFIED.,1779428011,#3,#4,1779428011);
#3835=IFCBEAM('35sJyuSt5ADvabnFRIPMFx',#3834,'swept beam_0_6',$,$,#3840,#3828,$);
#3836=IFCCARTESIANPOINT((0.,0.,0.));
#3837=IFCDIRECTION((0.,0.,1.));
#3838=IFCDIRECTION((1.,0.,0.));
#3839=IFCAXIS2PLACEMENT3D(#3836,#3837,#3838);
#3840=IFCLOCALPLACEMENT(#39,#3839);
#3841=IFCPROPERTYSINGLEVALUE('Name',$,IFCLABEL('swept beam_0_6'),$);
#3842=IFCPROPERTYSINGLEVALUE('ArcLength',$,IFCLENGTHMEASURE(800.),$);
#3843=IFCPROPERTYSINGLEVALUE('ArcAngle_rad',$,IFCREAL(0.1),$);
#3844=IFCPROPERTYSINGLEVALUE('ArcAngle_deg',$,IFCREAL(5.9),$);
#3845=IFCPROPERTYSET('0sh2KoLkf8EQ9ltR7jFxsb',$,'EPset_IfcKit_Geometry',$,(#3841,#3842,#3843,#3844));
#3846=IFCRELDEFINESBYPROPERTIES('0wrS4FzcnCKfHpAA9_eM$p',$,$,$,(#3835),#3845);
#3847=IFCCOLOURRGB($,0.501960784313725,0.501960784313725,0.501960784313725);
#3848=IFCSURFACESTYLERENDERING(#3847,0.,$,$,$,$,$,$,.FLAT.);
#3849=IFCSURFACESTYLE($,.BOTH.,(#3848));
#3850=IFCPRESENTATIONSTYLEASSIGNMENT((#3849));
#3851=IFCSTYLEDITEM(#3826,(#3850),$);
#3852=IFCCARTESIANPOINT((-80.,40.));
#3853=IFCCARTESIANPOINT((-80.,32.));
#3854=IFCCARTESIANPOINT((-8.,32.));
#3855=IFCCARTESIANPOINT((-8.,-40.));
#3856=IFCCARTESIANPOINT((0.,-40.));
#3857=IFCCARTESIANPOINT((0.,40.));
#3858=IFCCARTESIANPOINT((-80.,40.));
#3859=IFCPOLYLINE((#3852,#3853,#3854,#3855,#3856,#3857,#3858));
#3860=IFCARBITRARYCLOSEDPROFILEDEF(.AREA.,$,#3859);
#3861=IFCCARTESIANPOINT((9444.2398,3944.2398,3926.3591));
#3862=IFCDIRECTION((-0.6912,-0.6912,0.2106));
#3863=IFCDIRECTION((-0.1489,-0.1489,-0.9776));
#3864=IFCAXIS2PLACEMENT3D(#3861,#3862,#3863);
#3865=IFCCARTESIANPOINT((-20299.416,0.,0.));
#3866=IFCDIRECTION((0.,1.,0.));
#3867=IFCAXIS1PLACEMENT(#3865,#3866);
#3868=IFCREVOLVEDAREASOLID(#3860,#3864,#3867,0.0394494368440291);
#3869=IFCSHAPEREPRESENTATION(#17,'Body','SweptSolid',(#3868));
#3870=IFCPRODUCTDEFINITIONSHAPE($,$,(#3869));
#3876=IFCOWNERHISTORY(#3,#4,.READWRITE.,.MODIFIED.,1779428011,#3,#4,1779428011);
#3877=IFCBEAM('0hvnDD0T90z98KoihnBO2y',#3876,'swept beam_0_7',$,$,#3882,#3870,$);
#3878=IFCCARTESIANPOINT((0.,0.,0.));
#3879=IFCDIRECTION((0.,0.,1.));
#3880=IFCDIRECTION((1.,0.,0.));
#3881=IFCAXIS2PLACEMENT3D(#3878,#3879,#3880);
#3882=IFCLOCALPLACEMENT(#39,#3881);
#3883=IFCPROPERTYSINGLEVALUE('Name',$,IFCLABEL('swept beam_0_7'),$);
#3884=IFCPROPERTYSINGLEVALUE('ArcLength',$,IFCLENGTHMEASURE(801.),$);
#3885=IFCPROPERTYSINGLEVALUE('ArcAngle_rad',$,IFCREAL(0.04),$);
#3886=IFCPROPERTYSINGLEVALUE('ArcAngle_deg',$,IFCREAL(2.3),$);
#3887=IFCPROPERTYSET('2uItVLbLH8BebM9WQyeGIx',$,'EPset_IfcKit_Geometry',$,(#3883,#3884,#3885,#3886));
#3888=IFCRELDEFINESBYPROPERTIES('3cC9CQJ0zEFxhsd8RB8HbI',$,$,$,(#3877),#3887);
#3889=IFCCOLOURRGB($,0.501960784313725,0.501960784313725,0.501960784313725);
#3890=IFCSURFACESTYLERENDERING(#3889,0.,$,$,$,$,$,$,.FLAT.);
#3891=IFCSURFACESTYLE($,.BOTH.,(#3890));
#3892=IFCPRESENTATIONSTYLEASSIGNMENT((#3891));
#3893=IFCSTYLEDITEM(#3868,(#3892),$);
#3894=IFCCARTESIANPOINT((-80.,40.));
#3895=IFCCARTESIANPOINT((-80.,32.));
#3896=IFCCARTESIANPOINT((-8.,32.));
#3897=IFCCARTESIANPOINT((-8.,-40.));
#3898=IFCCARTESIANPOINT((0.,-40.));
#3899=IFCCARTESIANPOINT((0.,40.));
#3900=IFCCARTESIANPOINT((-80.,40.));
#3901=IFCPOLYLINE((#3894,#3895,#3896,#3897,#3898,#3899,#3900));
#3902=IFCARBITRARYCLOSEDPROFILEDEF(.AREA.,$,#3901);
#3903=IFCCARTESIANPOINT((5090.9091,0.,3797.9556));
#3904=IFCDIRECTION((-0.7067,-0.7067,-0.0352));
#3905=IFCDIRECTION((0.0249,0.0249,-0.9994));
#3906=IFCAXIS2PLACEMENT3D(#3903,#3904,#3905);
#3907=IFCCARTESIANPOINT((-8878.8921,0.,0.));
#3908=IFCDIRECTION((0.,1.,0.));
#3909=IFCAXIS1PLACEMENT(#3907,#3908);
#3910=IFCREVOLVEDAREASOLID(#3902,#3906,#3909,0.0988733183718993);
#3911=IFCSHAPEREPRESENTATION(#17,'Body','SweptSolid',(#3910));
#3912=IFCPRODUCTDEFINITIONSHAPE($,$,(#3911));
#3918=IFCOWNERHISTORY(#3,#4,.READWRITE.,.MODIFIED.,1779428011,#3,#4,1779428011);
#3919=IFCBEAM('3RoYVt19z5a8SVxqbMZiv0',#3918,'swept beam_0_0',$,$,#3924,#3912,$);
#3920=IFCCARTESIANPOINT((0.,0.,0.));
#3921=IFCDIRECTION((0.,0.,1.));
#3922=IFCDIRECTION((1.,0.,0.));
#3923=IFCAXIS2PLACEMENT3D(#3920,#3921,#3922);
#3924=IFCLOCALPLACEMENT(#39,#3923);
#3925=IFCPROPERTYSINGLEVALUE('Name',$,IFCLABEL('swept beam_0_0'),$);
#3926=IFCPROPERTYSINGLEVALUE('ArcLength',$,IFCLENGTHMEASURE(878.),$);
#3927=IFCPROPERTYSINGLEVALUE('ArcAngle_rad',$,IFCREAL(0.1),$);
#3928=IFCPROPERTYSINGLEVALUE('ArcAngle_deg',$,IFCREAL(5.7),$);
#3929=IFCPROPERTYSET('0wYi$hnFv5EPcC3AubF2Ol',$,'EPset_IfcKit_Geometry',$,(#3925,#3926,#3927,#3928));
#3930=IFCRELDEFINESBYPROPERTIES('1a1W_tdrX2Kv3mvplvFLGi',$,$,$,(#3919),#3929);
#3931=IFCCOLOURRGB($,0.501960784313725,0.501960784313725,0.501960784313725);
#3932=IFCSURFACESTYLERENDERING(#3931,0.,$,$,$,$,$,$,.FLAT.);
#3933=IFCSURFACESTYLE($,.BOTH.,(#3932));
#3934=IFCPRESENTATIONSTYLEASSIGNMENT((#3933));
#3935=IFCSTYLEDITEM(#3910,(#3934),$);
#3936=IFCCARTESIANPOINT((-80.,40.));
#3937=IFCCARTESIANPOINT((-80.,32.));
#3938=IFCCARTESIANPOINT((-8.,32.));
#3939=IFCCARTESIANPOINT((-8.,-40.));
#3940=IFCCARTESIANPOINT((0.,-40.));
#3941=IFCCARTESIANPOINT((0.,40.));
#3942=IFCCARTESIANPOINT((-80.,40.));
#3943=IFCPOLYLINE((#3936,#3937,#3938,#3939,#3940,#3941,#3942));
#3944=IFCARBITRARYCLOSEDPROFILEDEF(.AREA.,$,#3943);
#3945=IFCCARTESIANPOINT((5709.193,618.2839,3872.1541));
#3946=IFCDIRECTION((-0.7008,-0.7008,-0.1337));
#3947=IFCDIRECTION((0.0945,0.0945,-0.991));
#3948=IFCAXIS2PLACEMENT3D(#3945,#3946,#3947);
#3949=IFCCARTESIANPOINT((-781653.4214,0.,0.));
#3950=IFCDIRECTION((0.,1.,0.));
#3951=IFCAXIS1PLACEMENT(#3949,#3950);
#3952=IFCREVOLVEDAREASOLID(#3944,#3948,#3951,0.00112402924889026);
#3953=IFCSHAPEREPRESENTATION(#17,'Body','SweptSolid',(#3952));
#3954=IFCPRODUCTDEFINITIONSHAPE($,$,(#3953));
#3960=IFCOWNERHISTORY(#3,#4,.READWRITE.,.MODIFIED.,1779428011,#3,#4,1779428011);
#3961=IFCBEAM('23Xk7zz8vBeAuInC0mZoXd',#3960,'swept beam_0_1',$,$,#3966,#3954,$);
#3962=IFCCARTESIANPOINT((0.,0.,0.));
#3963=IFCDIRECTION((0.,0.,1.));
#3964=IFCDIRECTION((1.,0.,0.));
#3965=IFCAXIS2PLACEMENT3D(#3962,#3963,#3964);
#3966=IFCLOCALPLACEMENT(#39,#3965);
#3967=IFCPROPERTYSINGLEVALUE('Name',$,IFCLABEL('swept beam_0_1'),$);
#3968=IFCPROPERTYSINGLEVALUE('ArcLength',$,IFCLENGTHMEASURE(879.),$);
#3969=IFCPROPERTYSINGLEVALUE('ArcAngle_rad',$,IFCREAL(0.),$);
#3970=IFCPROPERTYSINGLEVALUE('ArcAngle_deg',$,IFCREAL(0.1),$);
#3971=IFCPROPERTYSET('1cpQsxQyb7fhJrKeQOQKOt',$,'EPset_IfcKit_Geometry',$,(#3967,#3968,#3969,#3970));
#3972=IFCRELDEFINESBYPROPERTIES('2w1_gI7HzCqfg2h1SUm6r1',$,$,$,(#3961),#3971);
#3973=IFCCOLOURRGB($,0.501960784313725,0.501960784313725,0.501960784313725);
#3974=IFCSURFACESTYLERENDERING(#3973,0.,$,$,$,$,$,$,.FLAT.);
#3975=IFCSURFACESTYLE($,.BOTH.,(#3974));
#3976=IFCPRESENTATIONSTYLEASSIGNMENT((#3975));
#3977=IFCSTYLEDITEM(#3952,(#3976),$);
#3978=IFCCARTESIANPOINT((80.,-40.));
#3979=IFCCARTESIANPOINT((80.,-32.));
#3980=IFCCARTESIANPOINT((8.,-32.));
#3981=IFCCARTESIANPOINT((8.,40.));
#3982=IFCCARTESIANPOINT((0.,40.));
#3983=IFCCARTESIANPOINT((0.,-40.));
#3984=IFCCARTESIANPOINT((80.,-40.));
#3985=IFCPOLYLINE((#3978,#3979,#3980,#3981,#3982,#3983,#3984));
#3986=IFCARBITRARYCLOSEDPROFILEDEF(.AREA.,$,#3985);
#3987=IFCCARTESIANPOINT((6324.8341,1233.925,3990.104));
#3988=IFCDIRECTION((-0.7007,-0.7007,-0.1348));
#3989=IFCDIRECTION((-0.0953,-0.0953,0.9909));
#3990=IFCAXIS2PLACEMENT3D(#3987,#3988,#3989);
#3991=IFCCARTESIANPOINT((-40340.5125,0.,0.));
#3992=IFCDIRECTION((0.,1.,0.));
#3993=IFCAXIS1PLACEMENT(#3991,#3992);
#3994=IFCREVOLVEDAREASOLID(#3986,#3990,#3993,0.0217343895966731);
#3995=IFCSHAPEREPRESENTATION(#17,'Body','SweptSolid',(#3994));
#3996=IFCPRODUCTDEFINITIONSHAPE($,$,(#3995));
#4002=IFCOWNERHISTORY(#3,#4,.READWRITE.,.MODIFIED.,1779428011,#3,#4,1779428011);
#4003=IFCBEAM('0fOWBCH4b8hvaxu0t0MSiM',#4002,'swept beam_0_2',$,$,#4008,#3996,$);
#4004=IFCCARTESIANPOINT((0.,0.,0.));
#4005=IFCDIRECTION((0.,0.,1.));
#4006=IFCDIRECTION((1.,0.,0.));
#4007=IFCAXIS2PLACEMENT3D(#4004,#4005,#4006);
#4008=IFCLOCALPLACEMENT(#39,#4007);
#4009=IFCPROPERTYSINGLEVALUE('Name',$,IFCLABEL('swept beam_0_2'),$);
#4010=IFCPROPERTYSINGLEVALUE('ArcLength',$,IFCLENGTHMEASURE(877.),$);
#4011=IFCPROPERTYSINGLEVALUE('ArcAngle_rad',$,IFCREAL(0.02),$);
#4012=IFCPROPERTYSINGLEVALUE('ArcAngle_deg',$,IFCREAL(1.2),$);
#4013=IFCPROPERTYSET('2v_4CDEGD0augglO2754$P',$,'EPset_IfcKit_Geometry',$,(#4009,#4010,#4011,#4012));
#4014=IFCRELDEFINESBYPROPERTIES('2yfWHc2eHCOvzG0keThH7V',$,$,$,(#4003),#4013);
#4015=IFCCOLOURRGB($,0.501960784313725,0.501960784313725,0.501960784313725);
#4016=IFCSURFACESTYLERENDERING(#4015,0.,$,$,$,$,$,$,.FLAT.);
#4017=IFCSURFACESTYLE($,.BOTH.,(#4016));
#4018=IFCPRESENTATIONSTYLEASSIGNMENT((#4017));
#4019=IFCSTYLEDITEM(#3994,(#4018),$);
#4020=IFCCARTESIANPOINT((80.,-40.));
#4021=IFCCARTESIANPOINT((80.,-32.));
#4022=IFCCARTESIANPOINT((8.,-32.));
#4023=IFCCARTESIANPOINT((8.,40.));
#4024=IFCCARTESIANPOINT((0.,40.));
#4025=IFCCARTESIANPOINT((0.,-40.));
#4026=IFCCARTESIANPOINT((80.,-40.));
#4027=IFCPOLYLINE((#4020,#4021,#4022,#4023,#4024,#4025,#4026));
#4028=IFCARBITRARYCLOSEDPROFILEDEF(.AREA.,$,#4027);
#4029=IFCCARTESIANPOINT((6940.0095,1849.1004,4098.847));
#4030=IFCDIRECTION((-0.7026,-0.7026,-0.1132));
#4031=IFCDIRECTION((-0.0801,-0.0801,0.9936));
#4032=IFCAXIS2PLACEMENT3D(#4029,#4030,#4031);
#4033=IFCCARTESIANPOINT((-12505.8578,0.,0.));
#4034=IFCDIRECTION((0.,1.,0.));
#4035=IFCAXIS1PLACEMENT(#4033,#4034);
#4036=IFCREVOLVEDAREASOLID(#4028,#4032,#4035,0.0700833185568737);
#4037=IFCSHAPEREPRESENTATION(#17,'Body','SweptSolid',(#4036));
#4038=IFCPRODUCTDEFINITIONSHAPE($,$,(#4037));
#4044=IFCOWNERHISTORY(#3,#4,.READWRITE.,.MODIFIED.,1779428011,#3,#4,1779428011);
#4045=IFCBEAM('12D8fpgjn2VxkJldfV97xS',#4044,'swept beam_0_3',$,$,#4050,#4038,$);
#4046=IFCCARTESIANPOINT((0.,0.,0.));
#4047=IFCDIRECTION((0.,0.,1.));
#4048=IFCDIRECTION((1.,0.,0.));
#4049=IFCAXIS2PLACEMENT3D(#4046,#4047,#4048);
#4050=IFCLOCALPLACEMENT(#39,#4049);
#4051=IFCPROPERTYSINGLEVALUE('Name',$,IFCLABEL('swept beam_0_3'),$);
#4052=IFCPROPERTYSINGLEVALUE('ArcLength',$,IFCLENGTHMEASURE(876.),$);
#4053=IFCPROPERTYSINGLEVALUE('ArcAngle_rad',$,IFCREAL(0.07),$);
#4054=IFCPROPERTYSINGLEVALUE('ArcAngle_deg',$,IFCREAL(4.),$);
#4055=IFCPROPERTYSET('2D_T2ae899eArUYEt9H7kG',$,'EPset_IfcKit_Geometry',$,(#4051,#4052,#4053,#4054));
#4056=IFCRELDEFINESBYPROPERTIES('0HfSPtUdD4_uSlZ8Q1vTkf',$,$,$,(#4045),#4055);
#4057=IFCCOLOURRGB($,0.501960784313725,0.501960784313725,0.501960784313725);
#4058=IFCSURFACESTYLERENDERING(#4057,0.,$,$,$,$,$,$,.FLAT.);
#4059=IFCSURFACESTYLE($,.BOTH.,(#4058));
#4060=IFCPRESENTATIONSTYLEASSIGNMENT((#4059));
#4061=IFCSTYLEDITEM(#4036,(#4060),$);
#4062=IFCCARTESIANPOINT((80.,-40.));
#4063=IFCCARTESIANPOINT((80.,-32.));
#4064=IFCCARTESIANPOINT((8.,-32.));
#4065=IFCCARTESIANPOINT((8.,40.));
#4066=IFCCARTESIANPOINT((0.,40.));
#4067=IFCCARTESIANPOINT((0.,-40.));
#4068=IFCCARTESIANPOINT((80.,-40.));
#4069=IFCPOLYLINE((#4062,#4063,#4064,#4065,#4066,#4067,#4068));
#4070=IFCARBITRARYCLOSEDPROFILEDEF(.AREA.,$,#4069);
#4071=IFCCARTESIANPOINT((7557.7226,2466.8136,4167.5112));
#4072=IFCDIRECTION((-0.7064,-0.7064,-0.0434));
#4073=IFCDIRECTION((-0.0307,-0.0307,0.9991));
#4074=IFCAXIS2PLACEMENT3D(#4071,#4072,#4073);
#4075=IFCCARTESIANPOINT((-9138.6704,0.,0.));
#4076=IFCDIRECTION((0.,1.,0.));
#4077=IFCAXIS1PLACEMENT(#4075,#4076);
#4078=IFCREVOLVEDAREASOLID(#4070,#4074,#4077,0.0958684155520293);
#4079=IFCSHAPEREPRESENTATION(#17,'Body','SweptSolid',(#4078));
#4080=IFCPRODUCTDEFINITIONSHAPE($,$,(#4079));
#4086=IFCOWNERHISTORY(#3,#4,.READWRITE.,.MODIFIED.,1779428011,#3,#4,1779428011);
#4087=IFCBEAM('3Iq1UT7qvEvfoSRklp8fel',#4086,'swept beam_0_4',$,$,#4092,#4080,$);
#4088=IFCCARTESIANPOINT((0.,0.,0.));
#4089=IFCDIRECTION((0.,0.,1.));
#4090=IFCDIRECTION((1.,0.,0.));
#4091=IFCAXIS2PLACEMENT3D(#4088,#4089,#4090);
#4092=IFCLOCALPLACEMENT(#39,#4091);
#4093=IFCPROPERTYSINGLEVALUE('Name',$,IFCLABEL('swept beam_0_4'),$);
#4094=IFCPROPERTYSINGLEVALUE('ArcLength',$,IFCLENGTHMEASURE(876.),$);
#4095=IFCPROPERTYSINGLEVALUE('ArcAngle_rad',$,IFCREAL(0.1),$);
#4096=IFCPROPERTYSINGLEVALUE('ArcAngle_deg',$,IFCREAL(5.5),$);
#4097=IFCPROPERTYSET('2Klv8IZXT6PgHuxghIl93m',$,'EPset_IfcKit_Geometry',$,(#4093,#4094,#4095,#4096));
#4098=IFCRELDEFINESBYPROPERTIES('20EGKM6kf4AurVAhM_nQCK',$,$,$,(#4087),#4097);
#4099=IFCCOLOURRGB($,0.501960784313725,0.501960784313725,0.501960784313725);
#4100=IFCSURFACESTYLERENDERING(#4099,0.,$,$,$,$,$,$,.FLAT.);
#4101=IFCSURFACESTYLE($,.BOTH.,(#4100));
#4102=IFCPRESENTATIONSTYLEASSIGNMENT((#4101));
#4103=IFCSTYLEDITEM(#4078,(#4102),$);
#4104=IFCCARTESIANPOINT((80.,-40.));
#4105=IFCCARTESIANPOINT((80.,-32.));
#4106=IFCCARTESIANPOINT((8.,-32.));
#4107=IFCCARTESIANPOINT((8.,40.));
#4108=IFCCARTESIANPOINT((0.,40.));
#4109=IFCCARTESIANPOINT((0.,-40.));
#4110=IFCCARTESIANPOINT((80.,-40.));
#4111=IFCPOLYLINE((#4104,#4105,#4106,#4107,#4108,#4109,#4110));
#4112=IFCARBITRARYCLOSEDPROFILEDEF(.AREA.,$,#4111);
#4113=IFCCARTESIANPOINT((8176.9823,3086.0732,4163.5386));
#4114=IFCDIRECTION((-0.7061,-0.7061,0.0524));
#4115=IFCDIRECTION((0.0371,0.0371,0.9986));
#4116=IFCAXIS2PLACEMENT3D(#4113,#4114,#4115);
#4117=IFCCARTESIANPOINT((-6874.29,0.,0.));
#4118=IFCDIRECTION((0.,1.,0.));
#4119=IFCAXIS1PLACEMENT(#4117,#4118);
#4120=IFCREVOLVEDAREASOLID(#4112,#4116,#4119,0.127372538094651);
#4121=IFCSHAPEREPRESENTATION(#17,'Body','SweptSolid',(#4120));
#4122=IFCPRODUCTDEFINITIONSHAPE($,$,(#4121));
#4128=IFCOWNERHISTORY(#3,#4,.READWRITE.,.MODIFIED.,1779428011,#3,#4,1779428011);
#4129=IFCBEAM('0Znm0v9Fn6CQHDLHsjytcX',#4128,'swept beam_0_5',$,$,#4134,#4122,$);
#4130=IFCCARTESIANPOINT((0.,0.,0.));
#4131=IFCDIRECTION((0.,0.,1.));
#4132=IFCDIRECTION((1.,0.,0.));
#4133=IFCAXIS2PLACEMENT3D(#4130,#4131,#4132);
#4134=IFCLOCALPLACEMENT(#39,#4133);
#4135=IFCPROPERTYSINGLEVALUE('Name',$,IFCLABEL('swept beam_0_5'),$);
#4136=IFCPROPERTYSINGLEVALUE('ArcLength',$,IFCLENGTHMEASURE(876.),$);
#4137=IFCPROPERTYSINGLEVALUE('ArcAngle_rad',$,IFCREAL(0.13),$);
#4138=IFCPROPERTYSINGLEVALUE('ArcAngle_deg',$,IFCREAL(7.3),$);
#4139=IFCPROPERTYSET('3rwfQwuqH9Sxn1bxqVz11r',$,'EPset_IfcKit_Geometry',$,(#4135,#4136,#4137,#4138));
#4140=IFCRELDEFINESBYPROPERTIES('1ZrWghV5r2YuQclJse4rh$',$,$,$,(#4129),#4139);
#4141=IFCCOLOURRGB($,0.501960784313725,0.501960784313725,0.501960784313725);
#4142=IFCSURFACESTYLERENDERING(#4141,0.,$,$,$,$,$,$,.FLAT.);
#4143=IFCSURFACESTYLE($,.BOTH.,(#4142));
#4144=IFCPRESENTATIONSTYLEASSIGNMENT((#4143));
#4145=IFCSTYLEDITEM(#4120,(#4144),$);
#4146=IFCCARTESIANPOINT((80.,-40.));
#4147=IFCCARTESIANPOINT((80.,-32.));
#4148=IFCCARTESIANPOINT((8.,-32.));
#4149=IFCCARTESIANPOINT((8.,40.));
#4150=IFCCARTESIANPOINT((0.,40.));
#4151=IFCCARTESIANPOINT((0.,-40.));
#4152=IFCCARTESIANPOINT((80.,-40.));
#4153=IFCPOLYLINE((#4146,#4147,#4148,#4149,#4150,#4151,#4152));
#4154=IFCARBITRARYCLOSEDPROFILEDEF(.AREA.,$,#4153);
#4155=IFCCARTESIANPOINT((8791.5342,3700.6251,4062.1295));
#4156=IFCDIRECTION((-0.6957,-0.6957,0.1789));
#4157=IFCDIRECTION((0.1265,0.1265,0.9839));
#4158=IFCAXIS2PLACEMENT3D(#4155,#4156,#4157);
#4159=IFCCARTESIANPOINT((-10261.6461,0.,0.));
#4160=IFCDIRECTION((0.,1.,0.));
#4161=IFCAXIS1PLACEMENT(#4159,#4160);
#4162=IFCREVOLVEDAREASOLID(#4154,#4158,#4161,0.085463202575823);
#4163=IFCSHAPEREPRESENTATION(#17,'Body','SweptSolid',(#4162));
#4164=IFCPRODUCTDEFINITIONSHAPE($,$,(#4163));
#4170=IFCOWNERHISTORY(#3,#4,.READWRITE.,.MODIFIED.,1779428011,#3,#4,1779428011);
#4171=IFCBEAM('1O2zQecH5ExfYgYNfl$eyN',#4170,'swept beam_0_6',$,$,#4176,#4164,$);
#4172=IFCCARTESIANPOINT((0.,0.,0.));
#4173=IFCDIRECTION((0.,0.,1.));
#4174=IFCDIRECTION((1.,0.,0.));
#4175=IFCAXIS2PLACEMENT3D(#4172,#4173,#4174);
#4176=IFCLOCALPLACEMENT(#39,#4175);
#4177=IFCPROPERTYSINGLEVALUE('Name',$,IFCLABEL('swept beam_0_6'),$);
#4178=IFCPROPERTYSINGLEVALUE('ArcLength',$,IFCLENGTHMEASURE(877.),$);
#4179=IFCPROPERTYSINGLEVALUE('ArcAngle_rad',$,IFCREAL(0.09),$);
#4180=IFCPROPERTYSINGLEVALUE('ArcAngle_deg',$,IFCREAL(4.9),$);
#4181=IFCPROPERTYSET('0ZXdv$yxL5EfKGRuLT6WnT',$,'EPset_IfcKit_Geometry',$,(#4177,#4178,#4179,#4180));
#4182=IFCRELDEFINESBYPROPERTIES('0kgV2xxLz9QQdqezH0CtNd',$,$,$,(#4171),#4181);
#4183=IFCCOLOURRGB($,0.501960784313725,0.501960784313725,0.501960784313725);
#4184=IFCSURFACESTYLERENDERING(#4183,0.,$,$,$,$,$,$,.FLAT.);
#4185=IFCSURFACESTYLE($,.BOTH.,(#4184));
#4186=IFCPRESENTATIONSTYLEASSIGNMENT((#4185));
#4187=IFCSTYLEDITEM(#4162,(#4186),$);
#4188=IFCCARTESIANPOINT((-80.,40.));
#4189=IFCCARTESIANPOINT((-80.,32.));
#4190=IFCCARTESIANPOINT((-8.,32.));
#4191=IFCCARTESIANPOINT((-8.,-40.));
#4192=IFCCARTESIANPOINT((0.,-40.));
#4193=IFCCARTESIANPOINT((0.,40.));
#4194=IFCCARTESIANPOINT((-80.,40.));
#4195=IFCPOLYLINE((#4188,#4189,#4190,#4191,#4192,#4193,#4194));
#4196=IFCARBITRARYCLOSEDPROFILEDEF(.AREA.,$,#4195);
#4197=IFCCARTESIANPOINT((9396.1809,4305.2718,3868.5999));
#4198=IFCDIRECTION((-0.6824,-0.6824,0.2622));
#4199=IFCDIRECTION((-0.1854,-0.1854,-0.965));
#4200=IFCAXIS2PLACEMENT3D(#4197,#4198,#4199);
#4201=IFCCARTESIANPOINT((-12334.1354,0.,0.));
#4202=IFCDIRECTION((0.,1.,0.));
#4203=IFCAXIS1PLACEMENT(#4201,#4202);
#4204=IFCREVOLVEDAREASOLID(#4196,#4200,#4203,0.0711162495763482);
#4205=IFCSHAPEREPRESENTATION(#17,'Body','SweptSolid',(#4204));
#4206=IFCPRODUCTDEFINITIONSHAPE($,$,(#4205));
#4212=IFCOWNERHISTORY(#3,#4,.READWRITE.,.MODIFIED.,1779428011,#3,#4,1779428011);
#4213=IFCBEAM('1ywwJIkrXADhpYmta9CfhC',#4212,'swept beam_0_7',$,$,#4218,#4206,$);
#4214=IFCCARTESIANPOINT((0.,0.,0.));
#4215=IFCDIRECTION((0.,0.,1.));
#4216=IFCDIRECTION((1.,0.,0.));
#4217=IFCAXIS2PLACEMENT3D(#4214,#4215,#4216);
#4218=IFCLOCALPLACEMENT(#39,#4217);
#4219=IFCPROPERTYSINGLEVALUE('Name',$,IFCLABEL('swept beam_0_7'),$);
#4220=IFCPROPERTYSINGLEVALUE('ArcLength',$,IFCLENGTHMEASURE(877.),$);
#4221=IFCPROPERTYSINGLEVALUE('ArcAngle_rad',$,IFCREAL(0.07),$);
#4222=IFCPROPERTYSINGLEVALUE('ArcAngle_deg',$,IFCREAL(4.1),$);
#4223=IFCPROPERTYSET('2pYbiq3dDFBRSe0ONVZlgK',$,'EPset_IfcKit_Geometry',$,(#4219,#4220,#4221,#4222));
#4224=IFCRELDEFINESBYPROPERTIES('0m7j6MLdz9IOR6c8MLLLLe',$,$,$,(#4213),#4223);
#4225=IFCCOLOURRGB($,0.501960784313725,0.501960784313725,0.501960784313725);
#4226=IFCSURFACESTYLERENDERING(#4225,0.,$,$,$,$,$,$,.FLAT.);
#4227=IFCSURFACESTYLE($,.BOTH.,(#4226));
#4228=IFCPRESENTATIONSTYLEASSIGNMENT((#4227));
#4229=IFCSTYLEDITEM(#4204,(#4228),$);
#4230=IFCCARTESIANPOINT((-80.,40.));
#4231=IFCCARTESIANPOINT((-80.,32.));
#4232=IFCCARTESIANPOINT((-8.,32.));
#4233=IFCCARTESIANPOINT((-8.,-40.));
#4234=IFCCARTESIANPOINT((0.,-40.));
#4235=IFCCARTESIANPOINT((0.,40.));
#4236=IFCCARTESIANPOINT((-80.,40.));
#4237=IFCPOLYLINE((#4230,#4231,#4232,#4233,#4234,#4235,#4236));
#4238=IFCARBITRARYCLOSEDPROFILEDEF(.AREA.,$,#4237);
#4239=IFCCARTESIANPOINT((4681.8182,-0.,3791.9955));
#4240=IFCDIRECTION((-0.7057,-0.7057,-0.0639));
#4241=IFCDIRECTION((0.0452,0.0452,-0.998));
#4242=IFCAXIS2PLACEMENT3D(#4239,#4240,#4241);
#4243=IFCCARTESIANPOINT((-9527.9423,0.,0.));
#4244=IFCDIRECTION((0.,1.,0.));
#4245=IFCAXIS1PLACEMENT(#4243,#4244);
#4246=IFCREVOLVEDAREASOLID(#4238,#4242,#4245,0.100138384295468);
#4247=IFCSHAPEREPRESENTATION(#17,'Body','SweptSolid',(#4246));
#4248=IFCPRODUCTDEFINITIONSHAPE($,$,(#4247));
#4254=IFCOWNERHISTORY(#3,#4,.READWRITE.,.MODIFIED.,1779428011,#3,#4,1779428011);
#4255=IFCBEAM('3t9SfVNGn3qxXIKDqi2JB9',#4254,'swept beam_0_0',$,$,#4260,#4248,$);
#4256=IFCCARTESIANPOINT((0.,0.,0.));
#4257=IFCDIRECTION((0.,0.,1.));
#4258=IFCDIRECTION((1.,0.,0.));
#4259=IFCAXIS2PLACEMENT3D(#4256,#4257,#4258);
#4260=IFCLOCALPLACEMENT(#39,#4259);
#4261=IFCPROPERTYSINGLEVALUE('Name',$,IFCLABEL('swept beam_0_0'),$);
#4262=IFCPROPERTYSINGLEVALUE('ArcLength',$,IFCLENGTHMEASURE(954.),$);
#4263=IFCPROPERTYSINGLEVALUE('ArcAngle_rad',$,IFCREAL(0.1),$);
#4264=IFCPROPERTYSINGLEVALUE('ArcAngle_deg',$,IFCREAL(5.7),$);
#4265=IFCPROPERTYSET('2wJM1bH2D3e8CwiSpoFNXE',$,'EPset_IfcKit_Geometry',$,(#4261,#4262,#4263,#4264));
#4266=IFCRELDEFINESBYPROPERTIES('2Sf8PfU0XBRxqwp4pfWlQi',$,$,$,(#4255),#4265);
#4267=IFCCOLOURRGB($,0.501960784313725,0.501960784313725,0.501960784313725);
#4268=IFCSURFACESTYLERENDERING(#4267,0.,$,$,$,$,$,$,.FLAT.);
#4269=IFCSURFACESTYLE($,.BOTH.,(#4268));
#4270=IFCPRESENTATIONSTYLEASSIGNMENT((#4269));
#4271=IFCSTYLEDITEM(#4246,(#4270),$);
#4272=IFCCARTESIANPOINT((80.,-40.));
#4273=IFCCARTESIANPOINT((80.,-32.));
#4274=IFCCARTESIANPOINT((8.,-32.));
#4275=IFCCARTESIANPOINT((8.,40.));
#4276=IFCCARTESIANPOINT((0.,40.));
#4277=IFCCARTESIANPOINT((0.,-40.));
#4278=IFCCARTESIANPOINT((80.,-40.));
#4279=IFCPOLYLINE((#4272,#4273,#4274,#4275,#4276,#4277,#4278));
#4280=IFCARBITRARYCLOSEDPROFILEDEF(.AREA.,$,#4279);
#4281=IFCCARTESIANPOINT((5351.8183,670.0001,3900.4869));
#4282=IFCDIRECTION((-0.6976,-0.6976,-0.1633));
#4283=IFCDIRECTION((-0.1155,-0.1155,0.9866));
#4284=IFCAXIS2PLACEMENT3D(#4281,#4282,#4283);
#4285=IFCCARTESIANPOINT((-73971.9835,0.,0.));
#4286=IFCDIRECTION((0.,1.,0.));
#4287=IFCAXIS1PLACEMENT(#4285,#4286);
#4288=IFCREVOLVEDAREASOLID(#4280,#4284,#4287,0.0129089087132093);
#4289=IFCSHAPEREPRESENTATION(#17,'Body','SweptSolid',(#4288));
#4290=IFCPRODUCTDEFINITIONSHAPE($,$,(#4289));
#4296=IFCOWNERHISTORY(#3,#4,.READWRITE.,.MODIFIED.,1779428011,#3,#4,1779428011);
#4297=IFCBEAM('30MRYkVwf9KvBNSADpT$Ql',#4296,'swept beam_0_1',$,$,#4302,#4290,$);
#4298=IFCCARTESIANPOINT((0.,0.,0.));
#4299=IFCDIRECTION((0.,0.,1.));
#4300=IFCDIRECTION((1.,0.,0.));
#4301=IFCAXIS2PLACEMENT3D(#4298,#4299,#4300);
#4302=IFCLOCALPLACEMENT(#39,#4301);
#4303=IFCPROPERTYSINGLEVALUE('Name',$,IFCLABEL('swept beam_0_1'),$);
#4304=IFCPROPERTYSINGLEVALUE('ArcLength',$,IFCLENGTHMEASURE(955.),$);
#4305=IFCPROPERTYSINGLEVALUE('ArcAngle_rad',$,IFCREAL(0.01),$);
#4306=IFCPROPERTYSINGLEVALUE('ArcAngle_deg',$,IFCREAL(0.7),$);
#4307=IFCPROPERTYSET('29LBEN21j0qfphR5$zi165',$,'EPset_IfcKit_Geometry',$,(#4303,#4304,#4305,#4306));
#4308=IFCRELDEFINESBYPROPERTIES('3V76xTm458aBw1YZBPk6TI',$,$,$,(#4297),#4307);
#4309=IFCCOLOURRGB($,0.501960784313725,0.501960784313725,0.501960784313725);
#4310=IFCSURFACESTYLERENDERING(#4309,0.,$,$,$,$,$,$,.FLAT.);
#4311=IFCSURFACESTYLE($,.BOTH.,(#4310));
#4312=IFCPRESENTATIONSTYLEASSIGNMENT((#4311));
#4313=IFCSTYLEDITEM(#4288,(#4312),$);
#4314=IFCCARTESIANPOINT((80.,-40.));
#4315=IFCCARTESIANPOINT((80.,-32.));
#4316=IFCCARTESIANPOINT((8.,-32.));
#4317=IFCCARTESIANPOINT((8.,40.));
#4318=IFCCARTESIANPOINT((0.,40.));
#4319=IFCCARTESIANPOINT((0.,-40.));
#4320=IFCCARTESIANPOINT((80.,-40.));
#4321=IFCPOLYLINE((#4314,#4315,#4316,#4317,#4318,#4319,#4320));
#4322=IFCARBITRARYCLOSEDPROFILEDEF(.AREA.,$,#4321);
#4323=IFCCARTESIANPOINT((6018.6582,1336.84,4050.3727));
#4324=IFCDIRECTION((-0.699,-0.699,-0.1506));
#4325=IFCDIRECTION((-0.1065,-0.1065,0.9886));
#4326=IFCAXIS2PLACEMENT3D(#4323,#4324,#4325);
#4327=IFCCARTESIANPOINT((-26074.9419,0.,0.));
#4328=IFCDIRECTION((0.,1.,0.));
#4329=IFCAXIS1PLACEMENT(#4327,#4328);
#4330=IFCREVOLVEDAREASOLID(#4322,#4326,#4329,0.0365937008584);
#4331=IFCSHAPEREPRESENTATION(#17,'Body','SweptSolid',(#4330));
#4332=IFCPRODUCTDEFINITIONSHAPE($,$,(#4331));
#4338=IFCOWNERHISTORY(#3,#4,.READWRITE.,.MODIFIED.,1779428011,#3,#4,1779428011);
#4339=IFCBEAM('1wrhjn5MH2L9yxS1f2iAAh',#4338,'swept beam_0_2',$,$,#4344,#4332,$);
#4340=IFCCARTESIANPOINT((0.,0.,0.));
#4341=IFCDIRECTION((0.,0.,1.));
#4342=IFCDIRECTION((1.,0.,0.));
#4343=IFCAXIS2PLACEMENT3D(#4340,#4341,#4342);
#4344=IFCLOCALPLACEMENT(#39,#4343);
#4345=IFCPROPERTYSINGLEVALUE('Name',$,IFCLABEL('swept beam_0_2'),$);
#4346=IFCPROPERTYSINGLEVALUE('ArcLength',$,IFCLENGTHMEASURE(954.),$);
#4347=IFCPROPERTYSINGLEVALUE('ArcAngle_rad',$,IFCREAL(0.04),$);
#4348=IFCPROPERTYSINGLEVALUE('ArcAngle_deg',$,IFCREAL(2.1),$);
#4349=IFCPROPERTYSET('1q0JdjPWjFexP_kPJIMlDj',$,'EPset_IfcKit_Geometry',$,(#4345,#4346,#4347,#4348));
#4350=IFCRELDEFINESBYPROPERTIES('38ouJiFTXEaQMjqnDdXCtD',$,$,$,(#4339),#4349);
#4351=IFCCOLOURRGB($,0.501960784313725,0.501960784313725,0.501960784313725);
#4352=IFCSURFACESTYLERENDERING(#4351,0.,$,$,$,$,$,$,.FLAT.);
#4353=IFCSURFACESTYLE($,.BOTH.,(#4352));
#4354=IFCPRESENTATIONSTYLEASSIGNMENT((#4353));
#4355=IFCSTYLEDITEM(#4330,(#4354),$);
#4356=IFCCARTESIANPOINT((80.,-40.));
#4357=IFCCARTESIANPOINT((80.,-32.));
#4358=IFCCARTESIANPOINT((8.,-32.));
#4359=IFCCARTESIANPOINT((8.,40.));
#4360=IFCCARTESIANPOINT((0.,40.));
#4361=IFCCARTESIANPOINT((0.,-40.));
#4362=IFCCARTESIANPOINT((80.,-40.));
#4363=IFCPOLYLINE((#4356,#4357,#4358,#4359,#4360,#4361,#4362));
#4364=IFCARBITRARYCLOSEDPROFILEDEF(.AREA.,$,#4363);
#4365=IFCCARTESIANPOINT((6687.3803,2005.5621,4176.7718));
#4366=IFCDIRECTION((-0.7025,-0.7025,-0.1143));
#4367=IFCDIRECTION((-0.0808,-0.0808,0.9934));
#4368=IFCAXIS2PLACEMENT3D(#4365,#4366,#4367);
#4369=IFCCARTESIANPOINT((-10244.2991,0.,0.));
#4370=IFCDIRECTION((0.,1.,0.));
#4371=IFCAXIS1PLACEMENT(#4369,#4370);
#4372=IFCREVOLVEDAREASOLID(#4364,#4368,#4371,0.0930855237190494);
#4373=IFCSHAPEREPRESENTATION(#17,'Body','SweptSolid',(#4372));
#4374=IFCPRODUCTDEFINITIONSHAPE($,$,(#4373));
#4380=IFCOWNERHISTORY(#3,#4,.READWRITE.,.MODIFIED.,1779428011,#3,#4,1779428011);
#4381=IFCBEAM('1BkjTisZ9B6hRypXcRu0yg',#4380,'swept beam_0_3',$,$,#4386,#4374,$);
#4382=IFCCARTESIANPOINT((0.,0.,0.));
#4383=IFCDIRECTION((0.,0.,1.));
#4384=IFCDIRECTION((1.,0.,0.));
#4385=IFCAXIS2PLACEMENT3D(#4382,#4383,#4384);
#4386=IFCLOCALPLACEMENT(#39,#4385);
#4387=IFCPROPERTYSINGLEVALUE('Name',$,IFCLABEL('swept beam_0_3'),$);
#4388=IFCPROPERTYSINGLEVALUE('ArcLength',$,IFCLENGTHMEASURE(954.),$);
#4389=IFCPROPERTYSINGLEVALUE('ArcAngle_rad',$,IFCREAL(0.09),$);
#4390=IFCPROPERTYSINGLEVALUE('ArcAngle_deg',$,IFCREAL(5.3),$);
#4391=IFCPROPERTYSET('3rRlnw1E99JBangoxgY6rt',$,'EPset_IfcKit_Geometry',$,(#4387,#4388,#4389,#4390));
#4392=IFCRELDEFINESBYPROPERTIES('347nNOXvb9WBQH1q4KuPY8',$,$,$,(#4381),#4391);
#4393=IFCCOLOURRGB($,0.501960784313725,0.501960784313725,0.501960784313725);
#4394=IFCSURFACESTYLERENDERING(#4393,0.,$,$,$,$,$,$,.FLAT.);
#4395=IFCSURFACESTYLE($,.BOTH.,(#4394));
#4396=IFCPRESENTATIONSTYLEASSIGNMENT((#4395));
#4397=IFCSTYLEDITEM(#4372,(#4396),$);
#4398=IFCCARTESIANPOINT((80.,-40.));
#4399=IFCCARTESIANPOINT((80.,-32.));
#4400=IFCCARTESIANPOINT((8.,-32.));
#4401=IFCCARTESIANPOINT((8.,40.));
#4402=IFCCARTESIANPOINT((0.,40.));
#4403=IFCCARTESIANPOINT((0.,-40.));
#4404=IFCCARTESIANPOINT((80.,-40.));
#4405=IFCPOLYLINE((#4398,#4399,#4400,#4401,#4402,#4403,#4404));
#4406=IFCARBITRARYCLOSEDPROFILEDEF(.AREA.,$,#4405);
#4407=IFCCARTESIANPOINT((7359.872,2678.0538,4241.569));
#4408=IFCDIRECTION((-0.7069,-0.7069,-0.0215));
#4409=IFCDIRECTION((-0.0152,-0.0152,0.9998));
#4410=IFCAXIS2PLACEMENT3D(#4407,#4408,#4409);
#4411=IFCCARTESIANPOINT((-7331.9189,0.,0.));
#4412=IFCDIRECTION((0.,1.,0.));
#4413=IFCAXIS1PLACEMENT(#4411,#4412);
#4414=IFCREVOLVEDAREASOLID(#4406,#4410,#4413,0.129881183636557);
#4415=IFCSHAPEREPRESENTATION(#17,'Body','SweptSolid',(#4414));
#4416=IFCPRODUCTDEFINITIONSHAPE($,$,(#4415));
#4422=IFCOWNERHISTORY(#3,#4,.READWRITE.,.MODIFIED.,1779428011,#3,#4,1779428011);
#4423=IFCBEAM('0KE4OLgSX4MxbdWBuZr_Q_',#4422,'swept beam_0_4',$,$,#4428,#4416,$);
#4424=IFCCARTESIANPOINT((0.,0.,0.));
#4425=IFCDIRECTION((0.,0.,1.));
#4426=IFCDIRECTION((1.,0.,0.));
#4427=IFCAXIS2PLACEMENT3D(#4424,#4425,#4426);
#4428=IFCLOCALPLACEMENT(#39,#4427);
#4429=IFCPROPERTYSINGLEVALUE('Name',$,IFCLABEL('swept beam_0_4'),$);
#4430=IFCPROPERTYSINGLEVALUE('ArcLength',$,IFCLENGTHMEASURE(952.),$);
#4431=IFCPROPERTYSINGLEVALUE('ArcAngle_rad',$,IFCREAL(0.13),$);
#4432=IFCPROPERTYSINGLEVALUE('ArcAngle_deg',$,IFCREAL(7.4),$);
#4433=IFCPROPERTYSET('3$QwfNGhn9Jh3XW6PJP_1j',$,'EPset_IfcKit_Geometry',$,(#4429,#4430,#4431,#4432));
#4434=IFCRELDEFINESBYPROPERTIES('0toVTlajj0pR5I5VmrYrNK',$,$,$,(#4423),#4433);
#4435=IFCCOLOURRGB($,0.501960784313725,0.501960784313725,0.501960784313725);
#4436=IFCSURFACESTYLERENDERING(#4435,0.,$,$,$,$,$,$,.FLAT.);
#4437=IFCSURFACESTYLE($,.BOTH.,(#4436));
#4438=IFCPRESENTATIONSTYLEASSIGNMENT((#4437));
#4439=IFCSTYLEDITEM(#4414,(#4438),$);
#4440=IFCCARTESIANPOINT((80.,-40.));
#4441=IFCCARTESIANPOINT((80.,-32.));
#4442=IFCCARTESIANPOINT((8.,-32.));
#4443=IFCCARTESIANPOINT((8.,40.));
#4444=IFCCARTESIANPOINT((0.,40.));
#4445=IFCCARTESIANPOINT((0.,-40.));
#4446=IFCCARTESIANPOINT((80.,-40.));
#4447=IFCPOLYLINE((#4440,#4441,#4442,#4443,#4444,#4445,#4446));
#4448=IFCARBITRARYCLOSEDPROFILEDEF(.AREA.,$,#4447);
#4449=IFCCARTESIANPOINT((8032.126,3350.3078,4200.2288));
#4450=IFCDIRECTION((-0.703,-0.703,0.1082));
#4451=IFCDIRECTION((0.0765,0.0765,0.9941));
#4452=IFCAXIS2PLACEMENT3D(#4449,#4450,#4451);
#4453=IFCCARTESIANPOINT((-7389.4443,0.,0.));
#4454=IFCDIRECTION((0.,1.,0.));
#4455=IFCAXIS1PLACEMENT(#4453,#4454);
#4456=IFCREVOLVEDAREASOLID(#4448,#4452,#4455,0.128872889772009);
#4457=IFCSHAPEREPRESENTATION(#17,'Body','SweptSolid',(#4456));
#4458=IFCPRODUCTDEFINITIONSHAPE($,$,(#4457));
#4464=IFCOWNERHISTORY(#3,#4,.READWRITE.,.MODIFIED.,1779428011,#3,#4,1779428011);
#4465=IFCBEAM('0_Jl2H0lnDpOxUMgn9_7a9',#4464,'swept beam_0_5',$,$,#4470,#4458,$);
#4466=IFCCARTESIANPOINT((0.,0.,0.));
#4467=IFCDIRECTION((0.,0.,1.));
#4468=IFCDIRECTION((1.,0.,0.));
#4469=IFCAXIS2PLACEMENT3D(#4466,#4467,#4468);
#4470=IFCLOCALPLACEMENT(#39,#4469);
#4471=IFCPROPERTYSINGLEVALUE('Name',$,IFCLABEL('swept beam_0_5'),$);
#4472=IFCPROPERTYSINGLEVALUE('ArcLength',$,IFCLENGTHMEASURE(952.),$);
#4473=IFCPROPERTYSINGLEVALUE('ArcAngle_rad',$,IFCREAL(0.13),$);
#4474=IFCPROPERTYSINGLEVALUE('ArcAngle_deg',$,IFCREAL(7.4),$);
#4475=IFCPROPERTYSET('00e60OVmX5_8Z2aaiJlix9',$,'EPset_IfcKit_Geometry',$,(#4471,#4472,#4473,#4474));
#4476=IFCRELDEFINESBYPROPERTIES('3DDfqxJsb6lOkm3giAB6y7',$,$,$,(#4465),#4475);
#4477=IFCCOLOURRGB($,0.501960784313725,0.501960784313725,0.501960784313725);
#4478=IFCSURFACESTYLERENDERING(#4477,0.,$,$,$,$,$,$,.FLAT.);
#4479=IFCSURFACESTYLE($,.BOTH.,(#4478));
#4480=IFCPRESENTATIONSTYLEASSIGNMENT((#4479));
#4481=IFCSTYLEDITEM(#4456,(#4480),$);
#4482=IFCCARTESIANPOINT((80.,-40.));
#4483=IFCCARTESIANPOINT((80.,-32.));
#4484=IFCCARTESIANPOINT((8.,-32.));
#4485=IFCCARTESIANPOINT((8.,40.));
#4486=IFCCARTESIANPOINT((0.,40.));
#4487=IFCCARTESIANPOINT((0.,-40.));
#4488=IFCCARTESIANPOINT((80.,-40.));
#4489=IFCPOLYLINE((#4482,#4483,#4484,#4485,#4486,#4487,#4488));
#4490=IFCARBITRARYCLOSEDPROFILEDEF(.AREA.,$,#4489);
#4491=IFCCARTESIANPOINT((8695.0119,4013.1937,4036.5716));
#4492=IFCDIRECTION((-0.6873,-0.6873,0.235));
#4493=IFCDIRECTION((0.1662,0.1662,0.972));
#4494=IFCAXIS2PLACEMENT3D(#4491,#4492,#4493);
#4495=IFCCARTESIANPOINT((-15970.6877,0.,0.));
#4496=IFCDIRECTION((0.,1.,0.));
#4497=IFCAXIS1PLACEMENT(#4495,#4496);
#4498=IFCREVOLVEDAREASOLID(#4490,#4494,#4497,0.05978452483529);
#4499=IFCSHAPEREPRESENTATION(#17,'Body','SweptSolid',(#4498));
#4500=IFCPRODUCTDEFINITIONSHAPE($,$,(#4499));
#4506=IFCOWNERHISTORY(#3,#4,.READWRITE.,.MODIFIED.,1779428011,#3,#4,1779428011);
#4507=IFCBEAM('1u9xqQXKL0Ah$H2hrs9cae',#4506,'swept beam_0_6',$,$,#4512,#4500,$);
#4508=IFCCARTESIANPOINT((0.,0.,0.));
#4509=IFCDIRECTION((0.,0.,1.));
#4510=IFCDIRECTION((1.,0.,0.));
#4511=IFCAXIS2PLACEMENT3D(#4508,#4509,#4510);
#4512=IFCLOCALPLACEMENT(#39,#4511);
#4513=IFCPROPERTYSINGLEVALUE('Name',$,IFCLABEL('swept beam_0_6'),$);
#4514=IFCPROPERTYSINGLEVALUE('ArcLength',$,IFCLENGTHMEASURE(955.),$);
#4515=IFCPROPERTYSINGLEVALUE('ArcAngle_rad',$,IFCREAL(0.06),$);
#4516=IFCPROPERTYSINGLEVALUE('ArcAngle_deg',$,IFCREAL(3.4),$);
#4517=IFCPROPERTYSET('1YcoeNpB9E3QHkap1eSCtH',$,'EPset_IfcKit_Geometry',$,(#4513,#4514,#4515,#4516));
#4518=IFCRELDEFINESBYPROPERTIES('2bnJYr9j5ARRkqhCEvR5e7',$,$,$,(#4507),#4517);
#4519=IFCCOLOURRGB($,0.501960784313725,0.501960784313725,0.501960784313725);
#4520=IFCSURFACESTYLERENDERING(#4519,0.,$,$,$,$,$,$,.FLAT.);
#4521=IFCSURFACESTYLE($,.BOTH.,(#4520));
#4522=IFCPRESENTATIONSTYLEASSIGNMENT((#4521));
#4523=IFCSTYLEDITEM(#4498,(#4522),$);
#4524=IFCCARTESIANPOINT((-80.,40.));
#4525=IFCCARTESIANPOINT((-80.,32.));
#4526=IFCCARTESIANPOINT((-8.,32.));
#4527=IFCCARTESIANPOINT((-8.,-40.));
#4528=IFCCARTESIANPOINT((0.,-40.));
#4529=IFCCARTESIANPOINT((0.,40.));
#4530=IFCCARTESIANPOINT((-80.,40.));
#4531=IFCPOLYLINE((#4524,#4525,#4526,#4527,#4528,#4529,#4530));
#4532=IFCARBITRARYCLOSEDPROFILEDEF(.AREA.,$,#4531);
#4533=IFCCARTESIANPOINT((9346.109,4664.2908,3784.5467));
#4534=IFCDIRECTION((-0.6761,-0.6761,0.2927));
#4535=IFCDIRECTION((-0.207,-0.207,-0.9562));
#4536=IFCAXIS2PLACEMENT3D(#4533,#4534,#4535);
#4537=IFCCARTESIANPOINT((-9736.3929,0.,0.));
#4538=IFCDIRECTION((0.,1.,0.));
#4539=IFCAXIS1PLACEMENT(#4537,#4538);
#4540=IFCREVOLVEDAREASOLID(#4532,#4536,#4539,0.0980157350923617);
#4541=IFCSHAPEREPRESENTATION(#17,'Body','SweptSolid',(#4540));
#4542=IFCPRODUCTDEFINITIONSHAPE($,$,(#4541));
#4548=IFCOWNERHISTORY(#3,#4,.READWRITE.,.MODIFIED.,1779428011,#3,#4,1779428011);
#4549=IFCBEAM('0TO9VKGXzEFBvHkw$E2dNv',#4548,'swept beam_0_7',$,$,#4554,#4542,$);
#4550=IFCCARTESIANPOINT((0.,0.,0.));
#4551=IFCDIRECTION((0.,0.,1.));
#4552=IFCDIRECTION((1.,0.,0.));
#4553=IFCAXIS2PLACEMENT3D(#4550,#4551,#4552);
#4554=IFCLOCALPLACEMENT(#39,#4553);
#4555=IFCPROPERTYSINGLEVALUE('Name',$,IFCLABEL('swept beam_0_7'),$);
#4556=IFCPROPERTYSINGLEVALUE('ArcLength',$,IFCLENGTHMEASURE(954.),$);
#4557=IFCPROPERTYSINGLEVALUE('ArcAngle_rad',$,IFCREAL(0.1),$);
#4558=IFCPROPERTYSINGLEVALUE('ArcAngle_deg',$,IFCREAL(5.6),$);
#4559=IFCPROPERTYSET('3KAFHGjl92DPQK08vwcVC8',$,'EPset_IfcKit_Geometry',$,(#4555,#4556,#4557,#4558));
#4560=IFCRELDEFINESBYPROPERTIES('3MciRpV_jCIvfGiRZc2TPk',$,$,$,(#4549),#4559);
#4561=IFCCOLOURRGB($,0.501960784313725,0.501960784313725,0.501960784313725);
#4562=IFCSURFACESTYLERENDERING(#4561,0.,$,$,$,$,$,$,.FLAT.);
#4563=IFCSURFACESTYLE($,.BOTH.,(#4562));
#4564=IFCPRESENTATIONSTYLEASSIGNMENT((#4563));
#4565=IFCSTYLEDITEM(#4540,(#4564),$);
#4566=IFCCARTESIANPOINT((-80.,40.));
#4567=IFCCARTESIANPOINT((-80.,32.));
#4568=IFCCARTESIANPOINT((-8.,32.));
#4569=IFCCARTESIANPOINT((-8.,-40.));
#4570=IFCCARTESIANPOINT((0.,-40.));
#4571=IFCCARTESIANPOINT((0.,40.));
#4572=IFCCARTESIANPOINT((-80.,40.));
#4573=IFCPOLYLINE((#4566,#4567,#4568,#4569,#4570,#4571,#4572));
#4574=IFCARBITRARYCLOSEDPROFILEDEF(.AREA.,$,#4573);
#4575=IFCCARTESIANPOINT((4272.7273,0.,3765.9957));
#4576=IFCDIRECTION((-0.7045,-0.7045,-0.0866));
#4577=IFCDIRECTION((0.0612,0.0612,-0.9962));
#4578=IFCAXIS2PLACEMENT3D(#4575,#4576,#4577);
#4579=IFCCARTESIANPOINT((-9437.5995,0.,0.));
#4580=IFCDIRECTION((0.,1.,0.));
#4581=IFCAXIS1PLACEMENT(#4579,#4580);
#4582=IFCREVOLVEDAREASOLID(#4574,#4578,#4581,0.109236958991101);
#4583=IFCSHAPEREPRESENTATION(#17,'Body','SweptSolid',(#4582));
#4584=IFCPRODUCTDEFINITIONSHAPE($,$,(#4583));
#4590=IFCOWNERHISTORY(#3,#4,.READWRITE.,.MODIFIED.,1779428011,#3,#4,1779428011);
#4591=IFCBEAM('2gmspksNzBKuyj4XOu_oKc',#4590,'swept beam_0_0',$,$,#4596,#4584,$);
#4592=IFCCARTESIANPOINT((0.,0.,0.));
#4593=IFCDIRECTION((0.,0.,1.));
#4594=IFCDIRECTION((1.,0.,0.));
#4595=IFCAXIS2PLACEMENT3D(#4592,#4593,#4594);
#4596=IFCLOCALPLACEMENT(#39,#4595);
#4597=IFCPROPERTYSINGLEVALUE('Name',$,IFCLABEL('swept beam_0_0'),$);
#4598=IFCPROPERTYSINGLEVALUE('ArcLength',$,IFCLENGTHMEASURE(1031.),$);
#4599=IFCPROPERTYSINGLEVALUE('ArcAngle_rad',$,IFCREAL(0.11),$);
#4600=IFCPROPERTYSINGLEVALUE('ArcAngle_deg',$,IFCREAL(6.3),$);
#4601=IFCPROPERTYSET('3DqeVjtELFUwKAuIc9fhkx',$,'EPset_IfcKit_Geometry',$,(#4597,#4598,#4599,#4600));
#4602=IFCRELDEFINESBYPROPERTIES('3OPLouFerFevw6FSbv63za',$,$,$,(#4591),#4601);
#4603=IFCCOLOURRGB($,0.501960784313725,0.501960784313725,0.501960784313725);
#4604=IFCSURFACESTYLERENDERING(#4603,0.,$,$,$,$,$,$,.FLAT.);
#4605=IFCSURFACESTYLE($,.BOTH.,(#4604));
#4606=IFCPRESENTATIONSTYLEASSIGNMENT((#4605));
#4607=IFCSTYLEDITEM(#4582,(#4606),$);
#4608=IFCCARTESIANPOINT((80.,-40.));
#4609=IFCCARTESIANPOINT((80.,-32.));
#4610=IFCCARTESIANPOINT((8.,-32.));
#4611=IFCCARTESIANPOINT((8.,40.));
#4612=IFCCARTESIANPOINT((0.,40.));
#4613=IFCCARTESIANPOINT((0.,-40.));
#4614=IFCCARTESIANPOINT((80.,-40.));
#4615=IFCPOLYLINE((#4608,#4609,#4610,#4611,#4612,#4613,#4614));
#4616=IFCARBITRARYCLOSEDPROFILEDEF(.AREA.,$,#4615);
#4617=IFCCARTESIANPOINT((4994.0832,721.3559,3911.1206));
#4618=IFCDIRECTION((-0.6936,-0.6936,-0.1947));
#4619=IFCDIRECTION((-0.1377,-0.1377,0.9809));
#4620=IFCAXIS2PLACEMENT3D(#4617,#4618,#4619);
#4621=IFCCARTESIANPOINT((-36441.5216,0.,0.));
#4622=IFCDIRECTION((0.,1.,0.));
#4623=IFCAXIS1PLACEMENT(#4621,#4622);
#4624=IFCREVOLVEDAREASOLID(#4616,#4620,#4623,0.0283163831595291);
#4625=IFCSHAPEREPRESENTATION(#17,'Body','SweptSolid',(#4624));
#4626=IFCPRODUCTDEFINITIONSHAPE($,$,(#4625));
#4632=IFCOWNERHISTORY(#3,#4,.READWRITE.,.MODIFIED.,1779428011,#3,#4,1779428011);
#4633=IFCBEAM('1dBfr$9cj5owfKiIiIrXbN',#4632,'swept beam_0_1',$,$,#4638,#4626,$);
#4634=IFCCARTESIANPOINT((0.,0.,0.));
#4635=IFCDIRECTION((0.,0.,1.));
#4636=IFCDIRECTION((1.,0.,0.));
#4637=IFCAXIS2PLACEMENT3D(#4634,#4635,#4636);
#4638=IFCLOCALPLACEMENT(#39,#4637);
#4639=IFCPROPERTYSINGLEVALUE('Name',$,IFCLABEL('swept beam_0_1'),$);
#4640=IFCPROPERTYSINGLEVALUE('ArcLength',$,IFCLENGTHMEASURE(1032.),$);
#4641=IFCPROPERTYSINGLEVALUE('ArcAngle_rad',$,IFCREAL(0.03),$);
#4642=IFCPROPERTYSINGLEVALUE('ArcAngle_deg',$,IFCREAL(1.6),$);
#4643=IFCPROPERTYSET('1_fawi1_PEAeKlon1VIZsD',$,'EPset_IfcKit_Geometry',$,(#4639,#4640,#4641,#4642));
#4644=IFCRELDEFINESBYPROPERTIES('1Ibri2zzr2Sek84McnLuZS',$,$,$,(#4633),#4643);
#4645=IFCCOLOURRGB($,0.501960784313725,0.501960784313725,0.501960784313725);
#4646=IFCSURFACESTYLERENDERING(#4645,0.,$,$,$,$,$,$,.FLAT.);
#4647=IFCSURFACESTYLE($,.BOTH.,(#4646));
#4648=IFCPRESENTATIONSTYLEASSIGNMENT((#4647));
#4649=IFCSTYLEDITEM(#4624,(#4648),$);
#4650=IFCCARTESIANPOINT((80.,-40.));
#4651=IFCCARTESIANPOINT((80.,-32.));
#4652=IFCCARTESIANPOINT((8.,-32.));
#4653=IFCCARTESIANPOINT((8.,40.));
#4654=IFCCARTESIANPOINT((0.,40.));
#4655=IFCCARTESIANPOINT((0.,-40.));
#4656=IFCCARTESIANPOINT((80.,-40.));
#4657=IFCPOLYLINE((#4650,#4651,#4652,#4653,#4654,#4655,#4656));
#4658=IFCARBITRARYCLOSEDPROFILEDEF(.AREA.,$,#4657);
#4659=IFCCARTESIANPOINT((5711.6961,1438.9688,4097.6505));
#4660=IFCDIRECTION((-0.6972,-0.6972,-0.1668));
#4661=IFCDIRECTION((-0.118,-0.118,0.986));
#4662=IFCAXIS2PLACEMENT3D(#4659,#4660,#4661);
#4663=IFCCARTESIANPOINT((-19536.0505,0.,0.));
#4664=IFCDIRECTION((0.,1.,0.));
#4665=IFCAXIS1PLACEMENT(#4663,#4664);
#4666=IFCREVOLVEDAREASOLID(#4658,#4662,#4665,0.0528144992179211);
#4667=IFCSHAPEREPRESENTATION(#17,'Body','SweptSolid',(#4666));
#4668=IFCPRODUCTDEFINITIONSHAPE($,$,(#4667));
#4674=IFCOWNERHISTORY(#3,#4,.READWRITE.,.MODIFIED.,1779428011,#3,#4,1779428011);
#4675=IFCBEAM('0heIvgSRj0cQyOzDAZ_8Xi',#4674,'swept beam_0_2',$,$,#4680,#4668,$);
#4676=IFCCARTESIANPOINT((0.,0.,0.));
#4677=IFCDIRECTION((0.,0.,1.));
#4678=IFCDIRECTION((1.,0.,0.));
#4679=IFCAXIS2PLACEMENT3D(#4676,#4677,#4678);
#4680=IFCLOCALPLACEMENT(#39,#4679);
#4681=IFCPROPERTYSINGLEVALUE('Name',$,IFCLABEL('swept beam_0_2'),$);
#4682=IFCPROPERTYSINGLEVALUE('ArcLength',$,IFCLENGTHMEASURE(1032.),$);
#4683=IFCPROPERTYSINGLEVALUE('ArcAngle_rad',$,IFCREAL(0.05),$);
#4684=IFCPROPERTYSINGLEVALUE('ArcAngle_deg',$,IFCREAL(3.),$);
#4685=IFCPROPERTYSET('3u3xiDwf51QRhFmgtoKiJT',$,'EPset_IfcKit_Geometry',$,(#4681,#4682,#4683,#4684));
#4686=IFCRELDEFINESBYPROPERTIES('1tLgqbDHH9zA6drmrHtO_y',$,$,$,(#4675),#4685);
#4687=IFCCOLOURRGB($,0.501960784313725,0.501960784313725,0.501960784313725);
#4688=IFCSURFACESTYLERENDERING(#4687,0.,$,$,$,$,$,$,.FLAT.);
#4689=IFCSURFACESTYLE($,.BOTH.,(#4688));
#4690=IFCPRESENTATIONSTYLEASSIGNMENT((#4689));
#4691=IFCSTYLEDITEM(#4666,(#4690),$);
#4692=IFCCARTESIANPOINT((80.,-40.));
#4693=IFCCARTESIANPOINT((80.,-32.));
#4694=IFCCARTESIANPOINT((8.,-32.));
#4695=IFCCARTESIANPOINT((8.,40.));
#4696=IFCCARTESIANPOINT((0.,40.));
#4697=IFCCARTESIANPOINT((0.,-40.));
#4698=IFCCARTESIANPOINT((80.,-40.));
#4699=IFCPOLYLINE((#4692,#4693,#4694,#4695,#4696,#4697,#4698));
#4700=IFCARBITRARYCLOSEDPROFILEDEF(.AREA.,$,#4699);
#4701=IFCCARTESIANPOINT((6433.9341,2161.2069,4242.8432));
#4702=IFCDIRECTION((-0.7025,-0.7025,-0.1145));
#4703=IFCDIRECTION((-0.081,-0.081,0.9934));
#4704=IFCAXIS2PLACEMENT3D(#4701,#4702,#4703);
#4705=IFCCARTESIANPOINT((-8690.9873,0.,0.));
#4706=IFCDIRECTION((0.,1.,0.));
#4707=IFCAXIS1PLACEMENT(#4705,#4706);
#4708=IFCREVOLVEDAREASOLID(#4700,#4704,#4707,0.11860752343673);
#4709=IFCSHAPEREPRESENTATION(#17,'Body','SweptSolid',(#4708));
#4710=IFCPRODUCTDEFINITIONSHAPE($,$,(#4709));
#4716=IFCOWNERHISTORY(#3,#4,.READWRITE.,.MODIFIED.,1779428011,#3,#4,1779428011);
#4717=IFCBEAM('3if6tie7T6hAdSrme2b$dQ',#4716,'swept beam_0_3',$,$,#4722,#4710,$);
#4718=IFCCARTESIANPOINT((0.,0.,0.));
#4719=IFCDIRECTION((0.,0.,1.));
#4720=IFCDIRECTION((1.,0.,0.));
#4721=IFCAXIS2PLACEMENT3D(#4718,#4719,#4720);
#4722=IFCLOCALPLACEMENT(#39,#4721);
#4723=IFCPROPERTYSINGLEVALUE('Name',$,IFCLABEL('swept beam_0_3'),$);
#4724=IFCPROPERTYSINGLEVALUE('ArcLength',$,IFCLENGTHMEASURE(1031.),$);
#4725=IFCPROPERTYSINGLEVALUE('ArcAngle_rad',$,IFCREAL(0.12),$);
#4726=IFCPROPERTYSINGLEVALUE('ArcAngle_deg',$,IFCREAL(6.8),$);
#4727=IFCPROPERTYSET('06itqnMMH8pAbygE6ay$3O',$,'EPset_IfcKit_Geometry',$,(#4723,#4724,#4725,#4726));
#4728=IFCRELDEFINESBYPROPERTIES('3M59tpxpn9vgXX$ccs2zhy',$,$,$,(#4717),#4727);
#4729=IFCCOLOURRGB($,0.501960784313725,0.501960784313725,0.501960784313725);
#4730=IFCSURFACESTYLERENDERING(#4729,0.,$,$,$,$,$,$,.FLAT.);
#4731=IFCSURFACESTYLE($,.BOTH.,(#4730));
#4732=IFCPRESENTATIONSTYLEASSIGNMENT((#4731));
#4733=IFCSTYLEDITEM(#4708,(#4732),$);
#4734=IFCCARTESIANPOINT((80.,-40.));
#4735=IFCCARTESIANPOINT((80.,-32.));
#4736=IFCCARTESIANPOINT((8.,-32.));
#4737=IFCCARTESIANPOINT((8.,40.));
#4738=IFCCARTESIANPOINT((0.,40.));
#4739=IFCCARTESIANPOINT((0.,-40.));
#4740=IFCCARTESIANPOINT((80.,-40.));
#4741=IFCPOLYLINE((#4734,#4735,#4736,#4737,#4738,#4739,#4740));
#4742=IFCARBITRARYCLOSEDPROFILEDEF(.AREA.,$,#4741);
#4743=IFCCARTESIANPOINT((7161.2829,2888.5556,4299.9843));
#4744=IFCDIRECTION((-0.7071,-0.7071,0.0038));
#4745=IFCDIRECTION((0.0027,0.0027,1.));
#4746=IFCAXIS2PLACEMENT3D(#4743,#4744,#4745);
#4747=IFCCARTESIANPOINT((-6265.2942,0.,0.));
#4748=IFCDIRECTION((0.,1.,0.));
#4749=IFCAXIS1PLACEMENT(#4747,#4748);
#4750=IFCREVOLVEDAREASOLID(#4742,#4746,#4749,0.164226541238535);
#4751=IFCSHAPEREPRESENTATION(#17,'Body','SweptSolid',(#4750));
#4752=IFCPRODUCTDEFINITIONSHAPE($,$,(#4751));
#4758=IFCOWNERHISTORY(#3,#4,.READWRITE.,.MODIFIED.,1779428011,#3,#4,1779428011);
#4759=IFCBEAM('1gB_nQwuz9W9bpeb8bTjUP',#4758,'swept beam_0_4',$,$,#4764,#4752,$);
#4760=IFCCARTESIANPOINT((0.,0.,0.));
#4761=IFCDIRECTION((0.,0.,1.));
#4762=IFCDIRECTION((1.,0.,0.));
#4763=IFCAXIS2PLACEMENT3D(#4760,#4761,#4762);
#4764=IFCLOCALPLACEMENT(#39,#4763);
#4765=IFCPROPERTYSINGLEVALUE('Name',$,IFCLABEL('swept beam_0_4'),$);
#4766=IFCPROPERTYSINGLEVALUE('ArcLength',$,IFCLENGTHMEASURE(1029.),$);
#4767=IFCPROPERTYSINGLEVALUE('ArcAngle_rad',$,IFCREAL(0.16),$);
#4768=IFCPROPERTYSINGLEVALUE('ArcAngle_deg',$,IFCREAL(9.4),$);
#4769=IFCPROPERTYSET('27q4Qnei103BU6cojZQake',$,'EPset_IfcKit_Geometry',$,(#4765,#4766,#4767,#4768));
#4770=IFCRELDEFINESBYPROPERTIES('2EQy1WHzfFaBZ5E2zCM0MS',$,$,$,(#4759),#4769);
#4771=IFCCOLOURRGB($,0.501960784313725,0.501960784313725,0.501960784313725);
#4772=IFCSURFACESTYLERENDERING(#4771,0.,$,$,$,$,$,$,.FLAT.);
#4773=IFCSURFACESTYLE($,.BOTH.,(#4772));
#4774=IFCPRESENTATIONSTYLEASSIGNMENT((#4773));
#4775=IFCSTYLEDITEM(#4750,(#4774),$);
#4776=IFCCARTESIANPOINT((80.,-40.));
#4777=IFCCARTESIANPOINT((80.,-32.));
#4778=IFCCARTESIANPOINT((8.,-32.));
#4779=IFCCARTESIANPOINT((8.,40.));
#4780=IFCCARTESIANPOINT((0.,40.));
#4781=IFCCARTESIANPOINT((0.,-40.));
#4782=IFCCARTESIANPOINT((80.,-40.));
#4783=IFCPOLYLINE((#4776,#4777,#4778,#4779,#4780,#4781,#4782));
#4784=IFCARBITRARYCLOSEDPROFILEDEF(.AREA.,$,#4783);
#4785=IFCCARTESIANPOINT((7885.3462,3612.6189,4211.7835));
#4786=IFCDIRECTION((-0.6971,-0.6971,0.1672));
#4787=IFCDIRECTION((0.1183,0.1183,0.9859));
#4788=IFCAXIS2PLACEMENT3D(#4785,#4786,#4787);
#4789=IFCCARTESIANPOINT((-9368.9576,0.,0.));
#4790=IFCDIRECTION((0.,1.,0.));
#4791=IFCAXIS1PLACEMENT(#4789,#4790);
#4792=IFCREVOLVEDAREASOLID(#4784,#4788,#4791,0.10995962963861);
#4793=IFCSHAPEREPRESENTATION(#17,'Body','SweptSolid',(#4792));
#4794=IFCPRODUCTDEFINITIONSHAPE($,$,(#4793));
#4800=IFCOWNERHISTORY(#3,#4,.READWRITE.,.MODIFIED.,1779428011,#3,#4,1779428011);
#4801=IFCBEAM('2qanhr7rH28B3K0xRm0Ok_',#4800,'swept beam_0_5',$,$,#4806,#4794,$);
#4802=IFCCARTESIANPOINT((0.,0.,0.));
#4803=IFCDIRECTION((0.,0.,1.));
#4804=IFCDIRECTION((1.,0.,0.));
#4805=IFCAXIS2PLACEMENT3D(#4802,#4803,#4804);
#4806=IFCLOCALPLACEMENT(#39,#4805);
#4807=IFCPROPERTYSINGLEVALUE('Name',$,IFCLABEL('swept beam_0_5'),$);
#4808=IFCPROPERTYSINGLEVALUE('ArcLength',$,IFCLENGTHMEASURE(1030.),$);
#4809=IFCPROPERTYSINGLEVALUE('ArcAngle_rad',$,IFCREAL(0.11),$);
#4810=IFCPROPERTYSINGLEVALUE('ArcAngle_deg',$,IFCREAL(6.3),$);
#4811=IFCPROPERTYSET('1iBG4Fsfn7Jw1L3h4i9RIu',$,'EPset_IfcKit_Geometry',$,(#4807,#4808,#4809,#4810));
#4812=IFCRELDEFINESBYPROPERTIES('2W0pmyRPLDrBv5wgrO$xYw',$,$,$,(#4801),#4811);
#4813=IFCCOLOURRGB($,0.501960784313725,0.501960784313725,0.501960784313725);
#4814=IFCSURFACESTYLERENDERING(#4813,0.,$,$,$,$,$,$,.FLAT.);
#4815=IFCSURFACESTYLE($,.BOTH.,(#4814));
#4816=IFCPRESENTATIONSTYLEASSIGNMENT((#4815));
#4817=IFCSTYLEDITEM(#4792,(#4816),$);
#4818=IFCCARTESIANPOINT((80.,-40.));
#4819=IFCCARTESIANPOINT((80.,-32.));
#4820=IFCCARTESIANPOINT((8.,-32.));
#4821=IFCCARTESIANPOINT((8.,40.));
#4822=IFCCARTESIANPOINT((0.,40.));
#4823=IFCCARTESIANPOINT((0.,-40.));
#4824=IFCCARTESIANPOINT((80.,-40.));
#4825=IFCPOLYLINE((#4818,#4819,#4820,#4821,#4822,#4823,#4824));
#4826=IFCARBITRARYCLOSEDPROFILEDEF(.AREA.,$,#4825);
#4827=IFCCARTESIANPOINT((8595.4141,4322.6868,3984.045));
#4828=IFCDIRECTION((-0.68,-0.68,0.2744));
#4829=IFCDIRECTION((0.1941,0.1941,0.9616));
#4830=IFCAXIS2PLACEMENT3D(#4827,#4828,#4829);
#4831=IFCCARTESIANPOINT((-30011.2168,0.,0.));
#4832=IFCDIRECTION((0.,1.,0.));
#4833=IFCAXIS1PLACEMENT(#4831,#4832);
#4834=IFCREVOLVEDAREASOLID(#4826,#4830,#4833,0.0344097653055437);
#4835=IFCSHAPEREPRESENTATION(#17,'Body','SweptSolid',(#4834));
#4836=IFCPRODUCTDEFINITIONSHAPE($,$,(#4835));
#4842=IFCOWNERHISTORY(#3,#4,.READWRITE.,.MODIFIED.,1779428011,#3,#4,1779428011);
#4843=IFCBEAM('2cAyn1k6X4rucG8dOAB3PT',#4842,'swept beam_0_6',$,$,#4848,#4836,$);
#4844=IFCCARTESIANPOINT((0.,0.,0.));
#4845=IFCDIRECTION((0.,0.,1.));
#4846=IFCDIRECTION((1.,0.,0.));
#4847=IFCAXIS2PLACEMENT3D(#4844,#4845,#4846);
#4848=IFCLOCALPLACEMENT(#39,#4847);
#4849=IFCPROPERTYSINGLEVALUE('Name',$,IFCLABEL('swept beam_0_6'),$);
#4850=IFCPROPERTYSINGLEVALUE('ArcLength',$,IFCLENGTHMEASURE(1033.),$);
#4851=IFCPROPERTYSINGLEVALUE('ArcAngle_rad',$,IFCREAL(0.03),$);
#4852=IFCPROPERTYSINGLEVALUE('ArcAngle_deg',$,IFCREAL(2.),$);
#4853=IFCPROPERTYSET('3DPvUisf9CjfbJKD85yDGs',$,'EPset_IfcKit_Geometry',$,(#4849,#4850,#4851,#4852));
#4854=IFCRELDEFINESBYPROPERTIES('12waG$3KPAH9PQcSq4_OLI',$,$,$,(#4843),#4853);
#4855=IFCCOLOURRGB($,0.501960784313725,0.501960784313725,0.501960784313725);
#4856=IFCSURFACESTYLERENDERING(#4855,0.,$,$,$,$,$,$,.FLAT.);
#4857=IFCSURFACESTYLE($,.BOTH.,(#4856));
#4858=IFCPRESENTATIONSTYLEASSIGNMENT((#4857));
#4859=IFCSTYLEDITEM(#4834,(#4858),$);
#4860=IFCCARTESIANPOINT((-80.,40.));
#4861=IFCCARTESIANPOINT((-80.,32.));
#4862=IFCCARTESIANPOINT((-8.,32.));
#4863=IFCCARTESIANPOINT((-8.,-40.));
#4864=IFCCARTESIANPOINT((0.,-40.));
#4865=IFCCARTESIANPOINT((0.,40.));
#4866=IFCCARTESIANPOINT((-80.,40.));
#4867=IFCPOLYLINE((#4860,#4861,#4862,#4863,#4864,#4865,#4866));
#4868=IFCARBITRARYCLOSEDPROFILEDEF(.AREA.,$,#4867);
#4869=IFCCARTESIANPOINT((9294.0075,5021.2803,3683.6204));
#4870=IFCDIRECTION((-0.6729,-0.6729,0.3073));
#4871=IFCDIRECTION((-0.2173,-0.2173,-0.9516));
#4872=IFCAXIS2PLACEMENT3D(#4869,#4870,#4871);
#4873=IFCCARTESIANPOINT((-8475.8178,0.,0.));
#4874=IFCDIRECTION((0.,1.,0.));
#4875=IFCAXIS1PLACEMENT(#4873,#4874);
#4876=IFCREVOLVEDAREASOLID(#4868,#4872,#4875,0.121699858215214);
#4877=IFCSHAPEREPRESENTATION(#17,'Body','SweptSolid',(#4876));
#4878=IFCPRODUCTDEFINITIONSHAPE($,$,(#4877));
#4884=IFCOWNERHISTORY(#3,#4,.READWRITE.,.MODIFIED.,1779428011,#3,#4,1779428011);
#4885=IFCBEAM('334a5VVbL6eQO5Gq2ZouLr',#4884,'swept beam_0_7',$,$,#4890,#4878,$);
#4886=IFCCARTESIANPOINT((0.,0.,0.));
#4887=IFCDIRECTION((0.,0.,1.));
#4888=IFCDIRECTION((1.,0.,0.));
#4889=IFCAXIS2PLACEMENT3D(#4886,#4887,#4888);
#4890=IFCLOCALPLACEMENT(#39,#4889);
#4891=IFCPROPERTYSINGLEVALUE('Name',$,IFCLABEL('swept beam_0_7'),$);
#4892=IFCPROPERTYSINGLEVALUE('ArcLength',$,IFCLENGTHMEASURE(1032.),$);
#4893=IFCPROPERTYSINGLEVALUE('ArcAngle_rad',$,IFCREAL(0.12),$);
#4894=IFCPROPERTYSINGLEVALUE('ArcAngle_deg',$,IFCREAL(7.),$);
#4895=IFCPROPERTYSET('1UMFncqLv13BijjqOBkUqp',$,'EPset_IfcKit_Geometry',$,(#4891,#4892,#4893,#4894));
#4896=IFCRELDEFINESBYPROPERTIES('1sLBOJbz96VAoIAgnAiIVP',$,$,$,(#4885),#4895);
#4897=IFCCOLOURRGB($,0.501960784313725,0.501960784313725,0.501960784313725);
#4898=IFCSURFACESTYLERENDERING(#4897,0.,$,$,$,$,$,$,.FLAT.);
#4899=IFCSURFACESTYLE($,.BOTH.,(#4898));
#4900=IFCPRESENTATIONSTYLEASSIGNMENT((#4899));
#4901=IFCSTYLEDITEM(#4876,(#4900),$);
#4902=IFCCARTESIANPOINT((-80.,40.));
#4903=IFCCARTESIANPOINT((-80.,32.));
#4904=IFCCARTESIANPOINT((-8.,32.));
#4905=IFCCARTESIANPOINT((-8.,-40.));
#4906=IFCCARTESIANPOINT((0.,-40.));
#4907=IFCCARTESIANPOINT((0.,40.));
#4908=IFCCARTESIANPOINT((-80.,40.));
#4909=IFCPOLYLINE((#4902,#4903,#4904,#4905,#4906,#4907,#4908));
#4910=IFCARBITRARYCLOSEDPROFILEDEF(.AREA.,$,#4909);
#4911=IFCCARTESIANPOINT((3863.6364,-0.,3722.5725));
#4912=IFCDIRECTION((-0.7033,-0.7033,-0.1039));
#4913=IFCDIRECTION((0.0735,0.0735,-0.9946));
#4914=IFCAXIS2PLACEMENT3D(#4911,#4912,#4913);
#4915=IFCCARTESIANPOINT((-9134.8611,0.,0.));
#4916=IFCDIRECTION((0.,1.,0.));
#4917=IFCAXIS1PLACEMENT(#4915,#4916);
#4918=IFCREVOLVEDAREASOLID(#4910,#4914,#4917,0.121314557556631);
#4919=IFCSHAPEREPRESENTATION(#17,'Body','SweptSolid',(#4918));
#4920=IFCPRODUCTDEFINITIONSHAPE($,$,(#4919));
#4926=IFCOWNERHISTORY(#3,#4,.READWRITE.,.MODIFIED.,1779428011,#3,#4,1779428011);
#4927=IFCBEAM('1pewZGzpn7Mx3wR6haX3h3',#4926,'swept beam_0_0',$,$,#4932,#4920,$);
#4928=IFCCARTESIANPOINT((0.,0.,0.));
#4929=IFCDIRECTION((0.,0.,1.));
#4930=IFCDIRECTION((1.,0.,0.));
#4931=IFCAXIS2PLACEMENT3D(#4928,#4929,#4930);
#4932=IFCLOCALPLACEMENT(#39,#4931);
#4933=IFCPROPERTYSINGLEVALUE('Name',$,IFCLABEL('swept beam_0_0'),$);
#4934=IFCPROPERTYSINGLEVALUE('ArcLength',$,IFCLENGTHMEASURE(1108.),$);
#4935=IFCPROPERTYSINGLEVALUE('ArcAngle_rad',$,IFCREAL(0.12),$);
#4936=IFCPROPERTYSINGLEVALUE('ArcAngle_deg',$,IFCREAL(7.),$);
#4937=IFCPROPERTYSET('1HqBKhi_b79BPhczmEFk0I',$,'EPset_IfcKit_Geometry',$,(#4933,#4934,#4935,#4936));
#4938=IFCRELDEFINESBYPROPERTIES('1EjmxB29zAGOyc9$zCSOjJ',$,$,$,(#4927),#4937);
#4939=IFCCOLOURRGB($,0.501960784313725,0.501960784313725,0.501960784313725);
#4940=IFCSURFACESTYLERENDERING(#4939,0.,$,$,$,$,$,$,.FLAT.);
#4941=IFCSURFACESTYLE($,.BOTH.,(#4940));
#4942=IFCPRESENTATIONSTYLEASSIGNMENT((#4941));
#4943=IFCSTYLEDITEM(#4918,(#4942),$);
#4944=IFCCARTESIANPOINT((80.,-40.));
#4945=IFCCARTESIANPOINT((80.,-32.));
#4946=IFCCARTESIANPOINT((8.,-32.));
#4947=IFCCARTESIANPOINT((8.,40.));
#4948=IFCCARTESIANPOINT((0.,40.));
#4949=IFCCARTESIANPOINT((0.,-40.));
#4950=IFCCARTESIANPOINT((80.,-40.));
#4951=IFCPOLYLINE((#4944,#4945,#4946,#4947,#4948,#4949,#4950));
#4952=IFCARBITRARYCLOSEDPROFILEDEF(.AREA.,$,#4951);
#4953=IFCCARTESIANPOINT((4636.1638,772.5274,3904.1928));
#4954=IFCDIRECTION((-0.6892,-0.6892,-0.2235));
#4955=IFCDIRECTION((-0.158,-0.158,0.9747));
#4956=IFCAXIS2PLACEMENT3D(#4953,#4954,#4955);
#4957=IFCCARTESIANPOINT((-27412.0853,0.,0.));
#4958=IFCDIRECTION((0.,1.,0.));
#4959=IFCAXIS1PLACEMENT(#4957,#4958);
#4960=IFCREVOLVEDAREASOLID(#4952,#4956,#4959,0.0404712481366191);
#4961=IFCSHAPEREPRESENTATION(#17,'Body','SweptSolid',(#4960));
#4962=IFCPRODUCTDEFINITIONSHAPE($,$,(#4961));
#4968=IFCOWNERHISTORY(#3,#4,.READWRITE.,.MODIFIED.,1779428011,#3,#4,1779428011);
#4969=IFCBEAM('0xHo$tLlr15A315gm7lodq',#4968,'swept beam_0_1',$,$,#4974,#4962,$);
#4970=IFCCARTESIANPOINT((0.,0.,0.));
#4971=IFCDIRECTION((0.,0.,1.));
#4972=IFCDIRECTION((1.,0.,0.));
#4973=IFCAXIS2PLACEMENT3D(#4970,#4971,#4972);
#4974=IFCLOCALPLACEMENT(#39,#4973);
#4975=IFCPROPERTYSINGLEVALUE('Name',$,IFCLABEL('swept beam_0_1'),$);
#4976=IFCPROPERTYSINGLEVALUE('ArcLength',$,IFCLENGTHMEASURE(1109.),$);
#4977=IFCPROPERTYSINGLEVALUE('ArcAngle_rad',$,IFCREAL(0.04),$);
#4978=IFCPROPERTYSINGLEVALUE('ArcAngle_deg',$,IFCREAL(2.3),$);
#4979=IFCPROPERTYSET('37ZcL1gzf268l09zXSowNc',$,'EPset_IfcKit_Geometry',$,(#4975,#4976,#4977,#4978));
#4980=IFCRELDEFINESBYPROPERTIES('3JOg8KlS15vfOMJnd5NzRY',$,$,$,(#4969),#4979);
#4981=IFCCOLOURRGB($,0.501960784313725,0.501960784313725,0.501960784313725);
#4982=IFCSURFACESTYLERENDERING(#4981,0.,$,$,$,$,$,$,.FLAT.);
#4983=IFCSURFACESTYLE($,.BOTH.,(#4982));
#4984=IFCPRESENTATIONSTYLEASSIGNMENT((#4983));
#4985=IFCSTYLEDITEM(#4960,(#4984),$);
#4986=IFCCARTESIANPOINT((80.,-40.));
#4987=IFCCARTESIANPOINT((80.,-32.));
#4988=IFCCARTESIANPOINT((8.,-32.));
#4989=IFCCARTESIANPOINT((8.,40.));
#4990=IFCCARTESIANPOINT((0.,40.));
#4991=IFCCARTESIANPOINT((0.,-40.));
#4992=IFCCARTESIANPOINT((80.,-40.));
#4993=IFCPOLYLINE((#4986,#4987,#4988,#4989,#4990,#4991,#4992));
#4994=IFCARBITRARYCLOSEDPROFILEDEF(.AREA.,$,#4993);
#4995=IFCCARTESIANPOINT((5404.1259,1540.4895,4130.1836));
#4996=IFCDIRECTION((-0.6951,-0.6951,-0.1839));
#4997=IFCDIRECTION((-0.13,-0.13,0.983));
#4998=IFCAXIS2PLACEMENT3D(#4995,#4996,#4997);
#4999=IFCCARTESIANPOINT((-15734.2112,0.,0.));
#5000=IFCDIRECTION((0.,1.,0.));
#5001=IFCAXIS1PLACEMENT(#4999,#5000);
#5002=IFCREVOLVEDAREASOLID(#4994,#4998,#5001,0.0705280896641371);
#5003=IFCSHAPEREPRESENTATION(#17,'Body','SweptSolid',(#5002));
#5004=IFCPRODUCTDEFINITIONSHAPE($,$,(#5003));
#5010=IFCOWNERHISTORY(#3,#4,.READWRITE.,.MODIFIED.,1779428011,#3,#4,1779428011);
#5011=IFCBEAM('2uCpZplS91ahvtVX9XbUiS',#5010,'swept beam_0_2',$,$,#5016,#5004,$);
#5012=IFCCARTESIANPOINT((0.,0.,0.));
#5013=IFCDIRECTION((0.,0.,1.));
#5014=IFCDIRECTION((1.,0.,0.));
#5015=IFCAXIS2PLACEMENT3D(#5012,#5013,#5014);
#5016=IFCLOCALPLACEMENT(#39,#5015);
#5017=IFCPROPERTYSINGLEVALUE('Name',$,IFCLABEL('swept beam_0_2'),$);
#5018=IFCPROPERTYSINGLEVALUE('ArcLength',$,IFCLENGTHMEASURE(1110.),$);
#5019=IFCPROPERTYSINGLEVALUE('ArcAngle_rad',$,IFCREAL(0.07),$);
#5020=IFCPROPERTYSINGLEVALUE('ArcAngle_deg',$,IFCREAL(4.),$);
#5021=IFCPROPERTYSET('0YlcT9xIvFvgyQpQ2OhwA2',$,'EPset_IfcKit_Geometry',$,(#5017,#5018,#5019,#5020));
#5022=IFCRELDEFINESBYPROPERTIES('1tdLZEpnrEuggpbaQ5dYQm',$,$,$,(#5011),#5021);
#5023=IFCCOLOURRGB($,0.501960784313725,0.501960784313725,0.501960784313725);
#5024=IFCSURFACESTYLERENDERING(#5023,0.,$,$,$,$,$,$,.FLAT.);
#5025=IFCSURFACESTYLE($,.BOTH.,(#5024));
#5026=IFCPRESENTATIONSTYLEASSIGNMENT((#5025));
#5027=IFCSTYLEDITEM(#5002,(#5026),$);
#5028=IFCCARTESIANPOINT((80.,-40.));
#5029=IFCCARTESIANPOINT((80.,-32.));
#5030=IFCCARTESIANPOINT((8.,-32.));
#5031=IFCCARTESIANPOINT((8.,40.));
#5032=IFCCARTESIANPOINT((0.,40.));
#5033=IFCCARTESIANPOINT((0.,-40.));
#5034=IFCCARTESIANPOINT((80.,-40.));
#5035=IFCPOLYLINE((#5028,#5029,#5030,#5031,#5032,#5033,#5034));
#5036=IFCARBITRARYCLOSEDPROFILEDEF(.AREA.,$,#5035);
#5037=IFCCARTESIANPOINT((6179.8734,2316.2371,4295.6034));
#5038=IFCDIRECTION((-0.7025,-0.7025,-0.1141));
#5039=IFCDIRECTION((-0.0807,-0.0807,0.9935));
#5040=IFCAXIS2PLACEMENT3D(#5037,#5038,#5039);
#5041=IFCCARTESIANPOINT((-7542.3099,0.,0.));
#5042=IFCDIRECTION((0.,1.,0.));
#5043=IFCAXIS1PLACEMENT(#5041,#5042);
#5044=IFCREVOLVEDAREASOLID(#5036,#5040,#5043,0.146926635927917);
#5045=IFCSHAPEREPRESENTATION(#17,'Body','SweptSolid',(#5044));
#5046=IFCPRODUCTDEFINITIONSHAPE($,$,(#5045));
#5052=IFCOWNERHISTORY(#3,#4,.READWRITE.,.MODIFIED.,1779428011,#3,#4,1779428011);
#5053=IFCBEAM('1qopKiSUP049S6psp2Nbqv',#5052,'swept beam_0_3',$,$,#5058,#5046,$);
#5054=IFCCARTESIANPOINT((0.,0.,0.));
#5055=IFCDIRECTION((0.,0.,1.));
#5056=IFCDIRECTION((1.,0.,0.));
#5057=IFCAXIS2PLACEMENT3D(#5054,#5055,#5056);
#5058=IFCLOCALPLACEMENT(#39,#5057);
#5059=IFCPROPERTYSINGLEVALUE('Name',$,IFCLABEL('swept beam_0_3'),$);
#5060=IFCPROPERTYSINGLEVALUE('ArcLength',$,IFCLENGTHMEASURE(1108.),$);
#5061=IFCPROPERTYSINGLEVALUE('ArcAngle_rad',$,IFCREAL(0.15),$);
#5062=IFCPROPERTYSINGLEVALUE('ArcAngle_deg',$,IFCREAL(8.4),$);
#5063=IFCPROPERTYSET('01y2fTUOnDggVF4ulfP7lO',$,'EPset_IfcKit_Geometry',$,(#5059,#5060,#5061,#5062));
#5064=IFCRELDEFINESBYPROPERTIES('12OjQ7E8X3POvgciQFoigt',$,$,$,(#5053),#5063);
#5065=IFCCOLOURRGB($,0.501960784313725,0.501960784313725,0.501960784313725);
#5066=IFCSURFACESTYLERENDERING(#5065,0.,$,$,$,$,$,$,.FLAT.);
#5067=IFCSURFACESTYLE($,.BOTH.,(#5066));
#5068=IFCPRESENTATIONSTYLEASSIGNMENT((#5067));
#5069=IFCSTYLEDITEM(#5044,(#5068),$);
#5070=IFCCARTESIANPOINT((80.,-40.));
#5071=IFCCARTESIANPOINT((80.,-32.));
#5072=IFCCARTESIANPOINT((8.,-32.));
#5073=IFCCARTESIANPOINT((8.,40.));
#5074=IFCCARTESIANPOINT((0.,40.));
#5075=IFCCARTESIANPOINT((0.,-40.));
#5076=IFCCARTESIANPOINT((80.,-40.));
#5077=IFCPOLYLINE((#5070,#5071,#5072,#5073,#5074,#5075,#5076));
#5078=IFCARBITRARYCLOSEDPROFILEDEF(.AREA.,$,#5077);
#5079=IFCCARTESIANPOINT((6962.105,3098.4687,4340.9052));
#5080=IFCDIRECTION((-0.7067,-0.7067,0.0325));
#5081=IFCDIRECTION((0.023,0.023,0.9995));
#5082=IFCAXIS2PLACEMENT3D(#5079,#5080,#5081);
#5083=IFCCARTESIANPOINT((-5777.467,0.,0.));
#5084=IFCDIRECTION((0.,1.,0.));
#5085=IFCAXIS1PLACEMENT(#5083,#5084);
#5086=IFCREVOLVEDAREASOLID(#5078,#5082,#5085,0.191158897998163);
#5087=IFCSHAPEREPRESENTATION(#17,'Body','SweptSolid',(#5086));
#5088=IFCPRODUCTDEFINITIONSHAPE($,$,(#5087));
#5094=IFCOWNERHISTORY(#3,#4,.READWRITE.,.MODIFIED.,1779428011,#3,#4,1779428011);
#5095=IFCBEAM('0Z9zci_VvAAhW$8swB6v82',#5094,'swept beam_0_4',$,$,#5100,#5088,$);
#5096=IFCCARTESIANPOINT((0.,0.,0.));
#5097=IFCDIRECTION((0.,0.,1.));
#5098=IFCDIRECTION((1.,0.,0.));
#5099=IFCAXIS2PLACEMENT3D(#5096,#5097,#5098);
#5100=IFCLOCALPLACEMENT(#39,#5099);
#5101=IFCPROPERTYSINGLEVALUE('Name',$,IFCLABEL('swept beam_0_4'),$);
#5102=IFCPROPERTYSINGLEVALUE('ArcLength',$,IFCLENGTHMEASURE(1104.),$);
#5103=IFCPROPERTYSINGLEVALUE('ArcAngle_rad',$,IFCREAL(0.19),$);
#5104=IFCPROPERTYSINGLEVALUE('ArcAngle_deg',$,IFCREAL(11.),$);
#5105=IFCPROPERTYSET('3dNqfsroPCrx4RILcKC7MH',$,'EPset_IfcKit_Geometry',$,(#5101,#5102,#5103,#5104));
#5106=IFCRELDEFINESBYPROPERTIES('2yPjAGLqfDCA2Vaj7jDP27',$,$,$,(#5095),#5105);
#5107=IFCCOLOURRGB($,0.501960784313725,0.501960784313725,0.501960784313725);
#5108=IFCSURFACESTYLERENDERING(#5107,0.,$,$,$,$,$,$,.FLAT.);
#5109=IFCSURFACESTYLE($,.BOTH.,(#5108));
#5110=IFCPRESENTATIONSTYLEASSIGNMENT((#5109));
#5111=IFCSTYLEDITEM(#5086,(#5110),$);
#5112=IFCCARTESIANPOINT((80.,-40.));
#5113=IFCCARTESIANPOINT((80.,-32.));
#5114=IFCCARTESIANPOINT((8.,-32.));
#5115=IFCCARTESIANPOINT((8.,40.));
#5116=IFCCARTESIANPOINT((0.,40.));
#5117=IFCCARTESIANPOINT((0.,-40.));
#5118=IFCCARTESIANPOINT((80.,-40.));
#5119=IFCPOLYLINE((#5112,#5113,#5114,#5115,#5116,#5117,#5118));
#5120=IFCARBITRARYCLOSEDPROFILEDEF(.AREA.,$,#5119);
#5121=IFCCARTESIANPOINT((7735.4649,3871.8286,4200.0151));
#5122=IFCDIRECTION((-0.6895,-0.6895,0.2218));
#5123=IFCDIRECTION((0.1569,0.1569,0.9751));
#5124=IFCAXIS2PLACEMENT3D(#5121,#5122,#5123);
#5125=IFCCARTESIANPOINT((-13840.5066,0.,0.));
#5126=IFCDIRECTION((0.,1.,0.));
#5127=IFCAXIS1PLACEMENT(#5125,#5126);
#5128=IFCREVOLVEDAREASOLID(#5120,#5124,#5127,0.0799969868741223);
#5129=IFCSHAPEREPRESENTATION(#17,'Body','SweptSolid',(#5128));
#5130=IFCPRODUCTDEFINITIONSHAPE($,$,(#5129));
#5136=IFCOWNERHISTORY(#3,#4,.READWRITE.,.MODIFIED.,1779428011,#3,#4,1779428011);
#5137=IFCBEAM('0DslEqJo98EPRdQyGzCX6Y',#5136,'swept beam_0_5',$,$,#5142,#5130,$);
#5138=IFCCARTESIANPOINT((0.,0.,0.));
#5139=IFCDIRECTION((0.,0.,1.));
#5140=IFCDIRECTION((1.,0.,0.));
#5141=IFCAXIS2PLACEMENT3D(#5138,#5139,#5140);
#5142=IFCLOCALPLACEMENT(#39,#5141);
#5143=IFCPROPERTYSINGLEVALUE('Name',$,IFCLABEL('swept beam_0_5'),$);
#5144=IFCPROPERTYSINGLEVALUE('ArcLength',$,IFCLENGTHMEASURE(1107.),$);
#5145=IFCPROPERTYSINGLEVALUE('ArcAngle_rad',$,IFCREAL(0.08),$);
#5146=IFCPROPERTYSINGLEVALUE('ArcAngle_deg',$,IFCREAL(4.6),$);
#5147=IFCPROPERTYSET('33b0OZsu55fBHNI6ZNE6mG',$,'EPset_IfcKit_Geometry',$,(#5143,#5144,#5145,#5146));
#5148=IFCRELDEFINESBYPROPERTIES('2U7NVdxgPBogfzY$tDNOaZ',$,$,$,(#5137),#5147);
#5149=IFCCOLOURRGB($,0.501960784313725,0.501960784313725,0.501960784313725);
#5150=IFCSURFACESTYLERENDERING(#5149,0.,$,$,$,$,$,$,.FLAT.);
#5151=IFCSURFACESTYLE($,.BOTH.,(#5150));
#5152=IFCPRESENTATIONSTYLEASSIGNMENT((#5151));
#5153=IFCSTYLEDITEM(#5128,(#5152),$);
#5154=IFCCARTESIANPOINT((80.,-40.));
#5155=IFCCARTESIANPOINT((80.,-32.));
#5156=IFCCARTESIANPOINT((8.,-32.));
#5157=IFCCARTESIANPOINT((8.,40.));
#5158=IFCCARTESIANPOINT((0.,40.));
#5159=IFCCARTESIANPOINT((0.,-40.));
#5160=IFCCARTESIANPOINT((80.,-40.));
#5161=IFCPOLYLINE((#5154,#5155,#5156,#5157,#5158,#5159,#5160));
#5162=IFCARBITRARYCLOSEDPROFILEDEF(.AREA.,$,#5161);
#5163=IFCCARTESIANPOINT((8491.1093,4627.4729,3911.5037));
#5164=IFCDIRECTION((-0.6747,-0.6747,0.299));
#5165=IFCDIRECTION((0.2115,0.2115,0.9542));
#5166=IFCAXIS2PLACEMENT3D(#5163,#5164,#5165);
#5167=IFCCARTESIANPOINT((-108820.3104,0.,0.));
#5168=IFCDIRECTION((0.,1.,0.));
#5169=IFCAXIS1PLACEMENT(#5167,#5168);
#5170=IFCREVOLVEDAREASOLID(#5162,#5166,#5169,0.0102084014821946);
#5171=IFCSHAPEREPRESENTATION(#17,'Body','SweptSolid',(#5170));
#5172=IFCPRODUCTDEFINITIONSHAPE($,$,(#5171));
#5178=IFCOWNERHISTORY(#3,#4,.READWRITE.,.MODIFIED.,1779428011,#3,#4,1779428011);
#5179=IFCBEAM('3IMZ4mmsz1b8naiNvz_UTb',#5178,'swept beam_0_6',$,$,#5184,#5172,$);
#5180=IFCCARTESIANPOINT((0.,0.,0.));
#5181=IFCDIRECTION((0.,0.,1.));
#5182=IFCDIRECTION((1.,0.,0.));
#5183=IFCAXIS2PLACEMENT3D(#5180,#5181,#5182);
#5184=IFCLOCALPLACEMENT(#39,#5183);
#5185=IFCPROPERTYSINGLEVALUE('Name',$,IFCLABEL('swept beam_0_6'),$);
#5186=IFCPROPERTYSINGLEVALUE('ArcLength',$,IFCLENGTHMEASURE(1111.),$);
#5187=IFCPROPERTYSINGLEVALUE('ArcAngle_rad',$,IFCREAL(0.01),$);
#5188=IFCPROPERTYSINGLEVALUE('ArcAngle_deg',$,IFCREAL(0.6),$);
#5189=IFCPROPERTYSET('0xFyv0kBn05RfsiGTemz0R',$,'EPset_IfcKit_Geometry',$,(#5185,#5186,#5187,#5188));
#5190=IFCRELDEFINESBYPROPERTIES('1gTGJ967T0$PJ6eC1OdsGu',$,$,$,(#5179),#5189);
#5191=IFCCOLOURRGB($,0.501960784313725,0.501960784313725,0.501960784313725);
#5192=IFCSURFACESTYLERENDERING(#5191,0.,$,$,$,$,$,$,.FLAT.);
#5193=IFCSURFACESTYLE($,.BOTH.,(#5192));
#5194=IFCPRESENTATIONSTYLEASSIGNMENT((#5193));
#5195=IFCSTYLEDITEM(#5170,(#5194),$);
#5196=IFCCARTESIANPOINT((-80.,40.));
#5197=IFCCARTESIANPOINT((-80.,32.));
#5198=IFCCARTESIANPOINT((-8.,32.));
#5199=IFCCARTESIANPOINT((-8.,-40.));
#5200=IFCCARTESIANPOINT((0.,-40.));
#5201=IFCCARTESIANPOINT((0.,40.));
#5202=IFCCARTESIANPOINT((-80.,40.));
#5203=IFCPOLYLINE((#5196,#5197,#5198,#5199,#5200,#5201,#5202));
#5204=IFCARBITRARYCLOSEDPROFILEDEF(.AREA.,$,#5203);
#5205=IFCCARTESIANPOINT((9239.4634,5375.8271,3573.896));
#5206=IFCDIRECTION((-0.6726,-0.6726,0.3088));
#5207=IFCDIRECTION((-0.2183,-0.2183,-0.9511));
#5208=IFCAXIS2PLACEMENT3D(#5205,#5206,#5207);
#5209=IFCCARTESIANPOINT((-7811.5959,0.,0.));
#5210=IFCDIRECTION((0.,1.,0.));
#5211=IFCAXIS1PLACEMENT(#5209,#5210);
#5212=IFCREVOLVEDAREASOLID(#5204,#5208,#5211,0.141971567515928);
#5213=IFCSHAPEREPRESENTATION(#17,'Body','SweptSolid',(#5212));
#5214=IFCPRODUCTDEFINITIONSHAPE($,$,(#5213));
#5220=IFCOWNERHISTORY(#3,#4,.READWRITE.,.MODIFIED.,1779428011,#3,#4,1779428011);
#5221=IFCBEAM('1A08WhDl97Qun3CjNJnrUg',#5220,'swept beam_0_7',$,$,#5226,#5214,$);
#5222=IFCCARTESIANPOINT((0.,0.,0.));
#5223=IFCDIRECTION((0.,0.,1.));
#5224=IFCDIRECTION((1.,0.,0.));
#5225=IFCAXIS2PLACEMENT3D(#5222,#5223,#5224);
#5226=IFCLOCALPLACEMENT(#39,#5225);
#5227=IFCPROPERTYSINGLEVALUE('Name',$,IFCLABEL('swept beam_0_7'),$);
#5228=IFCPROPERTYSINGLEVALUE('ArcLength',$,IFCLENGTHMEASURE(1109.),$);
#5229=IFCPROPERTYSINGLEVALUE('ArcAngle_rad',$,IFCREAL(0.14),$);
#5230=IFCPROPERTYSINGLEVALUE('ArcAngle_deg',$,IFCREAL(8.1),$);
#5231=IFCPROPERTYSET('3RJkmntSn9$uxWSILoAcgl',$,'EPset_IfcKit_Geometry',$,(#5227,#5228,#5229,#5230));
#5232=IFCRELDEFINESBYPROPERTIES('2Ns9L00UbDs9b3RsJp_9Nz',$,$,$,(#5221),#5231);
#5233=IFCCOLOURRGB($,0.501960784313725,0.501960784313725,0.501960784313725);
#5234=IFCSURFACESTYLERENDERING(#5233,0.,$,$,$,$,$,$,.FLAT.);
#5235=IFCSURFACESTYLE($,.BOTH.,(#5234));
#5236=IFCPRESENTATIONSTYLEASSIGNMENT((#5235));
#5237=IFCSTYLEDITEM(#5212,(#5236),$);
#5238=IFCCARTESIANPOINT((-80.,40.));
#5239=IFCCARTESIANPOINT((-80.,32.));
#5240=IFCCARTESIANPOINT((-8.,32.));
#5241=IFCCARTESIANPOINT((-8.,-40.));
#5242=IFCCARTESIANPOINT((0.,-40.));
#5243=IFCCARTESIANPOINT((0.,40.));
#5244=IFCCARTESIANPOINT((-80.,40.));
#5245=IFCPOLYLINE((#5238,#5239,#5240,#5241,#5242,#5243,#5244));
#5246=IFCARBITRARYCLOSEDPROFILEDEF(.AREA.,$,#5245);
#5247=IFCCARTESIANPOINT((3454.5455,0.,3664.1508));
#5248=IFCDIRECTION((-0.7023,-0.7023,-0.1165));
#5249=IFCDIRECTION((0.0824,0.0824,-0.9932));
#5250=IFCAXIS2PLACEMENT3D(#5247,#5248,#5249);
#5251=IFCCARTESIANPOINT((-8951.7309,0.,0.));
#5252=IFCDIRECTION((0.,1.,0.));
#5253=IFCAXIS1PLACEMENT(#5251,#5252);
#5254=IFCREVOLVEDAREASOLID(#5246,#5250,#5253,0.132328457180545);
#5255=IFCSHAPEREPRESENTATION(#17,'Body','SweptSolid',(#5254));
#5256=IFCPRODUCTDEFINITIONSHAPE($,$,(#5255));
#5262=IFCOWNERHISTORY(#3,#4,.READWRITE.,.MODIFIED.,1779428011,#3,#4,1779428011);
#5263=IFCBEAM('16Llqp1djDqggsEdO$vmqb',#5262,'swept beam_0_0',$,$,#5268,#5256,$);
#5264=IFCCARTESIANPOINT((0.,0.,0.));
#5265=IFCDIRECTION((0.,0.,1.));
#5266=IFCDIRECTION((1.,0.,0.));
#5267=IFCAXIS2PLACEMENT3D(#5264,#5265,#5266);
#5268=IFCLOCALPLACEMENT(#39,#5267);
#5269=IFCPROPERTYSINGLEVALUE('Name',$,IFCLABEL('swept beam_0_0'),$);
#5270=IFCPROPERTYSINGLEVALUE('ArcLength',$,IFCLENGTHMEASURE(1185.),$);
#5271=IFCPROPERTYSINGLEVALUE('ArcAngle_rad',$,IFCREAL(0.13),$);
#5272=IFCPROPERTYSINGLEVALUE('ArcAngle_deg',$,IFCREAL(7.6),$);
#5273=IFCPROPERTYSET('0nRgqxXRnE6h10V9kR$pxm',$,'EPset_IfcKit_Geometry',$,(#5269,#5270,#5271,#5272));
#5274=IFCRELDEFINESBYPROPERTIES('1aCqMRSqz5ighnGFbVDZlK',$,$,$,(#5263),#5273);
#5275=IFCCOLOURRGB($,0.501960784313725,0.501960784313725,0.501960784313725);
#5276=IFCSURFACESTYLERENDERING(#5275,0.,$,$,$,$,$,$,.FLAT.);
#5277=IFCSURFACESTYLE($,.BOTH.,(#5276));
#5278=IFCPRESENTATIONSTYLEASSIGNMENT((#5277));
#5279=IFCSTYLEDITEM(#5254,(#5278),$);
#5280=IFCCARTESIANPOINT((80.,-40.));
#5281=IFCCARTESIANPOINT((80.,-32.));
#5282=IFCCARTESIANPOINT((8.,-32.));
#5283=IFCCARTESIANPOINT((8.,40.));
#5284=IFCCARTESIANPOINT((0.,40.));
#5285=IFCCARTESIANPOINT((0.,-40.));
#5286=IFCCARTESIANPOINT((80.,-40.));
#5287=IFCPOLYLINE((#5280,#5281,#5282,#5283,#5284,#5285,#5286));
#5288=IFCARBITRARYCLOSEDPROFILEDEF(.AREA.,$,#5287);
#5289=IFCCARTESIANPOINT((4277.5788,823.0333,3879.5319));
#5290=IFCDIRECTION((-0.6853,-0.6853,-0.2466));
#5291=IFCDIRECTION((-0.1744,-0.1744,0.9691));
#5292=IFCAXIS2PLACEMENT3D(#5289,#5290,#5291);
#5293=IFCCARTESIANPOINT((-26038.3006,0.,0.));
#5294=IFCDIRECTION((0.,1.,0.));
#5295=IFCAXIS1PLACEMENT(#5293,#5294);
#5296=IFCREVOLVEDAREASOLID(#5288,#5292,#5295,0.0455519436900635);
#5297=IFCSHAPEREPRESENTATION(#17,'Body','SweptSolid',(#5296));
#5298=IFCPRODUCTDEFINITIONSHAPE($,$,(#5297));
#5304=IFCOWNERHISTORY(#3,#4,.READWRITE.,.MODIFIED.,1779428011,#3,#4,1779428011);
#5305=IFCBEAM('1o15HPOxvDVuzs$yAx95mk',#5304,'swept beam_0_1',$,$,#5310,#5298,$);
#5306=IFCCARTESIANPOINT((0.,0.,0.));
#5307=IFCDIRECTION((0.,0.,1.));
#5308=IFCDIRECTION((1.,0.,0.));
#5309=IFCAXIS2PLACEMENT3D(#5306,#5307,#5308);
#5310=IFCLOCALPLACEMENT(#39,#5309);
#5311=IFCPROPERTYSINGLEVALUE('Name',$,IFCLABEL('swept beam_0_1'),$);
#5312=IFCPROPERTYSINGLEVALUE('ArcLength',$,IFCLENGTHMEASURE(1186.),$);
#5313=IFCPROPERTYSINGLEVALUE('ArcAngle_rad',$,IFCREAL(0.05),$);
#5314=IFCPROPERTYSINGLEVALUE('ArcAngle_deg',$,IFCREAL(2.6),$);
#5315=IFCPROPERTYSET('2Aasa$JQb5QxJY3W9A0C60',$,'EPset_IfcKit_Geometry',$,(#5311,#5312,#5313,#5314));
#5316=IFCRELDEFINESBYPROPERTIES('3vBKv6udP5mestq8aLJMZ9',$,$,$,(#5305),#5315);
#5317=IFCCOLOURRGB($,0.501960784313725,0.501960784313725,0.501960784313725);
#5318=IFCSURFACESTYLERENDERING(#5317,0.,$,$,$,$,$,$,.FLAT.);
#5319=IFCSURFACESTYLE($,.BOTH.,(#5318));
#5320=IFCPRESENTATIONSTYLEASSIGNMENT((#5319));
#5321=IFCSTYLEDITEM(#5296,(#5320),$);
#5322=IFCCARTESIANPOINT((80.,-40.));
#5323=IFCCARTESIANPOINT((80.,-32.));
#5324=IFCCARTESIANPOINT((8.,-32.));
#5325=IFCCARTESIANPOINT((8.,40.));
#5326=IFCCARTESIANPOINT((0.,40.));
#5327=IFCCARTESIANPOINT((0.,-40.));
#5328=IFCCARTESIANPOINT((80.,-40.));
#5329=IFCPOLYLINE((#5322,#5323,#5324,#5325,#5326,#5327,#5328));
#5330=IFCARBITRARYCLOSEDPROFILEDEF(.AREA.,$,#5329);
#5331=IFCCARTESIANPOINT((5094.8083,1640.2628,4145.7095));
#5332=IFCDIRECTION((-0.6925,-0.6925,-0.2022));
#5333=IFCDIRECTION((-0.143,-0.143,0.9793));
#5334=IFCAXIS2PLACEMENT3D(#5331,#5332,#5333);
#5335=IFCCARTESIANPOINT((-13230.6218,0.,0.));
#5336=IFCDIRECTION((0.,1.,0.));
#5337=IFCAXIS1PLACEMENT(#5335,#5336);
#5338=IFCREVOLVEDAREASOLID(#5330,#5334,#5337,0.0896598530856977);
#5339=IFCSHAPEREPRESENTATION(#17,'Body','SweptSolid',(#5338));
#5340=IFCPRODUCTDEFINITIONSHAPE($,$,(#5339));
#5346=IFCOWNERHISTORY(#3,#4,.READWRITE.,.MODIFIED.,1779428011,#3,#4,1779428011);
#5347=IFCBEAM('3LnUlMDwP2KBPQ5sJzvGEZ',#5346,'swept beam_0_2',$,$,#5352,#5340,$);
#5348=IFCCARTESIANPOINT((0.,0.,0.));
#5349=IFCDIRECTION((0.,0.,1.));
#5350=IFCDIRECTION((1.,0.,0.));
#5351=IFCAXIS2PLACEMENT3D(#5348,#5349,#5350);
#5352=IFCLOCALPLACEMENT(#39,#5351);
#5353=IFCPROPERTYSINGLEVALUE('Name',$,IFCLABEL('swept beam_0_2'),$);
#5354=IFCPROPERTYSINGLEVALUE('ArcLength',$,IFCLENGTHMEASURE(1186.),$);
#5355=IFCPROPERTYSINGLEVALUE('ArcAngle_rad',$,IFCREAL(0.09),$);
#5356=IFCPROPERTYSINGLEVALUE('ArcAngle_deg',$,IFCREAL(5.1),$);
#5357=IFCPROPERTYSET('2sA_GcZC9DfOoQEyppGRcw',$,'EPset_IfcKit_Geometry',$,(#5353,#5354,#5355,#5356));
#5358=IFCRELDEFINESBYPROPERTIES('1eN7ep38jEfRROD5DiOA7W',$,$,$,(#5347),#5357);
#5359=IFCCOLOURRGB($,0.501960784313725,0.501960784313725,0.501960784313725);
#5360=IFCSURFACESTYLERENDERING(#5359,0.,$,$,$,$,$,$,.FLAT.);
#5361=IFCSURFACESTYLE($,.BOTH.,(#5360));
#5362=IFCPRESENTATIONSTYLEASSIGNMENT((#5361));
#5363=IFCSTYLEDITEM(#5338,(#5362),$);
#5364=IFCCARTESIANPOINT((80.,-40.));
#5365=IFCCARTESIANPOINT((80.,-32.));
#5366=IFCCARTESIANPOINT((8.,-32.));
#5367=IFCCARTESIANPOINT((8.,40.));
#5368=IFCCARTESIANPOINT((0.,40.));
#5369=IFCCARTESIANPOINT((0.,-40.));
#5370=IFCCARTESIANPOINT((80.,-40.));
#5371=IFCPOLYLINE((#5364,#5365,#5366,#5367,#5368,#5369,#5370));
#5372=IFCARBITRARYCLOSEDPROFILEDEF(.AREA.,$,#5371);
#5373=IFCCARTESIANPOINT((5922.7919,2468.2464,4333.1826));
#5374=IFCDIRECTION((-0.7025,-0.7025,-0.1137));
#5375=IFCDIRECTION((-0.0804,-0.0804,0.9935));
#5376=IFCAXIS2PLACEMENT3D(#5373,#5374,#5375);
#5377=IFCCARTESIANPOINT((-6657.1478,0.,0.));
#5378=IFCDIRECTION((0.,1.,0.));
#5379=IFCAXIS1PLACEMENT(#5377,#5378);
#5380=IFCREVOLVEDAREASOLID(#5372,#5376,#5379,0.177842023968038);
#5381=IFCSHAPEREPRESENTATION(#17,'Body','SweptSolid',(#5380));
#5382=IFCPRODUCTDEFINITIONSHAPE($,$,(#5381));
#5388=IFCOWNERHISTORY(#3,#4,.READWRITE.,.MODIFIED.,1779428011,#3,#4,1779428011);
#5389=IFCBEAM('29eJGRfKT8v8wlawPHKC8F',#5388,'swept beam_0_3',$,$,#5394,#5382,$);
#5390=IFCCARTESIANPOINT((0.,0.,0.));
#5391=IFCDIRECTION((0.,0.,1.));
#5392=IFCDIRECTION((1.,0.,0.));
#5393=IFCAXIS2PLACEMENT3D(#5390,#5391,#5392);
#5394=IFCLOCALPLACEMENT(#39,#5393);
#5395=IFCPROPERTYSINGLEVALUE('Name',$,IFCLABEL('swept beam_0_3'),$);
#5396=IFCPROPERTYSINGLEVALUE('ArcLength',$,IFCLENGTHMEASURE(1184.),$);
#5397=IFCPROPERTYSINGLEVALUE('ArcAngle_rad',$,IFCREAL(0.18),$);
#5398=IFCPROPERTYSINGLEVALUE('ArcAngle_deg',$,IFCREAL(10.2),$);
#5399=IFCPROPERTYSET('3O162k0u55sQnT2AJcK2RC',$,'EPset_IfcKit_Geometry',$,(#5395,#5396,#5397,#5398));
#5400=IFCRELDEFINESBYPROPERTIES('0oHieiTZz0UQ5i4S1zTIbe',$,$,$,(#5389),#5399);
#5401=IFCCOLOURRGB($,0.501960784313725,0.501960784313725,0.501960784313725);
#5402=IFCSURFACESTYLERENDERING(#5401,0.,$,$,$,$,$,$,.FLAT.);
#5403=IFCSURFACESTYLE($,.BOTH.,(#5402));
#5404=IFCPRESENTATIONSTYLEASSIGNMENT((#5403));
#5405=IFCSTYLEDITEM(#5380,(#5404),$);
#5406=IFCCARTESIANPOINT((80.,-40.));
#5407=IFCCARTESIANPOINT((80.,-32.));
#5408=IFCCARTESIANPOINT((8.,-32.));
#5409=IFCCARTESIANPOINT((8.,40.));
#5410=IFCCARTESIANPOINT((0.,40.));
#5411=IFCCARTESIANPOINT((0.,-40.));
#5412=IFCCARTESIANPOINT((80.,-40.));
#5413=IFCPOLYLINE((#5406,#5407,#5408,#5409,#5410,#5411,#5412));
#5414=IFCARBITRARYCLOSEDPROFILEDEF(.AREA.,$,#5413);
#5415=IFCCARTESIANPOINT((6758.586,3304.0406,4362.7454));
#5416=IFCDIRECTION((-0.7057,-0.7057,0.0639));
#5417=IFCDIRECTION((0.0452,0.0452,0.998));
#5418=IFCAXIS2PLACEMENT3D(#5415,#5416,#5417);
#5419=IFCCARTESIANPOINT((-5733.8047,0.,0.));
#5420=IFCDIRECTION((0.,1.,0.));
#5421=IFCAXIS1PLACEMENT(#5419,#5420);
#5422=IFCREVOLVEDAREASOLID(#5414,#5418,#5421,0.206152763160402);
#5423=IFCSHAPEREPRESENTATION(#17,'Body','SweptSolid',(#5422));
#5424=IFCPRODUCTDEFINITIONSHAPE($,$,(#5423));
#5430=IFCOWNERHISTORY(#3,#4,.READWRITE.,.MODIFIED.,1779428011,#3,#4,1779428011);
#5431=IFCBEAM('3Al6l6xODF4B9fj_gJ$f4t',#5430,'swept beam_0_4',$,$,#5436,#5424,$);
#5432=IFCCARTESIANPOINT((0.,0.,0.));
#5433=IFCDIRECTION((0.,0.,1.));
#5434=IFCDIRECTION((1.,0.,0.));
#5435=IFCAXIS2PLACEMENT3D(#5432,#5433,#5434);
#5436=IFCLOCALPLACEMENT(#39,#5435);
#5437=IFCPROPERTYSINGLEVALUE('Name',$,IFCLABEL('swept beam_0_4'),$);
#5438=IFCPROPERTYSINGLEVALUE('ArcLength',$,IFCLENGTHMEASURE(1182.),$);
#5439=IFCPROPERTYSINGLEVALUE('ArcAngle_rad',$,IFCREAL(0.21),$);
#5440=IFCPROPERTYSINGLEVALUE('ArcAngle_deg',$,IFCREAL(11.8),$);
#5441=IFCPROPERTYSET('3UL5OcPUP0Fu4jxl73XmKR',$,'EPset_IfcKit_Geometry',$,(#5437,#5438,#5439,#5440));
#5442=IFCRELDEFINESBYPROPERTIES('2g5dftQYn4De88518Bxa2q',$,$,$,(#5431),#5441);
#5443=IFCCOLOURRGB($,0.501960784313725,0.501960784313725,0.501960784313725);
#5444=IFCSURFACESTYLERENDERING(#5443,0.,$,$,$,$,$,$,.FLAT.);
#5445=IFCSURFACESTYLE($,.BOTH.,(#5444));
#5446=IFCPRESENTATIONSTYLEASSIGNMENT((#5445));
#5447=IFCSTYLEDITEM(#5422,(#5446),$);
#5448=IFCCARTESIANPOINT((80.,-40.));
#5449=IFCCARTESIANPOINT((80.,-32.));
#5450=IFCCARTESIANPOINT((8.,-32.));
#5451=IFCCARTESIANPOINT((8.,40.));
#5452=IFCCARTESIANPOINT((0.,40.));
#5453=IFCCARTESIANPOINT((0.,-40.));
#5454=IFCCARTESIANPOINT((80.,-40.));
#5455=IFCPOLYLINE((#5448,#5449,#5450,#5451,#5452,#5453,#5454));
#5456=IFCARBITRARYCLOSEDPROFILEDEF(.AREA.,$,#5455);
#5457=IFCCARTESIANPOINT((7581.3286,4126.7832,4166.6185));
#5458=IFCDIRECTION((-0.6815,-0.6815,0.2668));
#5459=IFCDIRECTION((0.1887,0.1887,0.9638));
#5460=IFCAXIS2PLACEMENT3D(#5457,#5458,#5459);
#5461=IFCCARTESIANPOINT((-25726.088,0.,0.));
#5462=IFCDIRECTION((0.,1.,0.));
#5463=IFCAXIS1PLACEMENT(#5461,#5462);
#5464=IFCREVOLVEDAREASOLID(#5456,#5460,#5463,0.046102373875907);
#5465=IFCSHAPEREPRESENTATION(#17,'Body','SweptSolid',(#5464));
#5466=IFCPRODUCTDEFINITIONSHAPE($,$,(#5465));
#5472=IFCOWNERHISTORY(#3,#4,.READWRITE.,.MODIFIED.,1779428011,#3,#4,1779428011);
#5473=IFCBEAM('38Xhf1qQj91eTJDWGBUKBf',#5472,'swept beam_0_5',$,$,#5478,#5466,$);
#5474=IFCCARTESIANPOINT((0.,0.,0.));
#5475=IFCDIRECTION((0.,0.,1.));
#5476=IFCDIRECTION((1.,0.,0.));
#5477=IFCAXIS2PLACEMENT3D(#5474,#5475,#5476);
#5478=IFCLOCALPLACEMENT(#39,#5477);
#5479=IFCPROPERTYSINGLEVALUE('Name',$,IFCLABEL('swept beam_0_5'),$);
#5480=IFCPROPERTYSINGLEVALUE('ArcLength',$,IFCLENGTHMEASURE(1186.),$);
#5481=IFCPROPERTYSINGLEVALUE('ArcAngle_rad',$,IFCREAL(0.05),$);
#5482=IFCPROPERTYSINGLEVALUE('ArcAngle_deg',$,IFCREAL(2.6),$);
#5483=IFCPROPERTYSET('24M9jIplr98Oi6NQibl3yf',$,'EPset_IfcKit_Geometry',$,(#5479,#5480,#5481,#5482));
#5484=IFCRELDEFINESBYPROPERTIES('2aBs4tShTEOg_lvjIrk6Se',$,$,$,(#5473),#5483);
#5485=IFCCOLOURRGB($,0.501960784313725,0.501960784313725,0.501960784313725);
#5486=IFCSURFACESTYLERENDERING(#5485,0.,$,$,$,$,$,$,.FLAT.);
#5487=IFCSURFACESTYLE($,.BOTH.,(#5486));
#5488=IFCPRESENTATIONSTYLEASSIGNMENT((#5487));
#5489=IFCSTYLEDITEM(#5464,(#5488),$);
#5490=IFCCARTESIANPOINT((-80.,40.));
#5491=IFCCARTESIANPOINT((-80.,32.));
#5492=IFCCARTESIANPOINT((-8.,32.));
#5493=IFCCARTESIANPOINT((-8.,-40.));
#5494=IFCCARTESIANPOINT((0.,-40.));
#5495=IFCCARTESIANPOINT((0.,40.));
#5496=IFCCARTESIANPOINT((-80.,40.));
#5497=IFCPOLYLINE((#5490,#5491,#5492,#5493,#5494,#5495,#5496));
#5498=IFCARBITRARYCLOSEDPROFILEDEF(.AREA.,$,#5497);
#5499=IFCCARTESIANPOINT((8384.1392,4929.5937,3823.9566));
#5500=IFCDIRECTION((-0.6721,-0.6721,0.3109));
#5501=IFCDIRECTION((-0.2199,-0.2199,-0.9504));
#5502=IFCAXIS2PLACEMENT3D(#5499,#5500,#5501);
#5503=IFCCARTESIANPOINT((-92548.8529,0.,0.));
#5504=IFCDIRECTION((0.,1.,0.));
#5505=IFCAXIS1PLACEMENT(#5503,#5504);
#5506=IFCREVOLVEDAREASOLID(#5498,#5502,#5505,0.0128310824015809);
#5507=IFCSHAPEREPRESENTATION(#17,'Body','SweptSolid',(#5506));
#5508=IFCPRODUCTDEFINITIONSHAPE($,$,(#5507));
#5514=IFCOWNERHISTORY(#3,#4,.READWRITE.,.MODIFIED.,1779428011,#3,#4,1779428011);
#5515=IFCBEAM('1os40jxPD8m9M3FIP94pe4',#5514,'swept beam_0_6',$,$,#5520,#5508,$);
#5516=IFCCARTESIANPOINT((0.,0.,0.));
#5517=IFCDIRECTION((0.,0.,1.));
#5518=IFCDIRECTION((1.,0.,0.));
#5519=IFCAXIS2PLACEMENT3D(#5516,#5517,#5518);
#5520=IFCLOCALPLACEMENT(#39,#5519);
#5521=IFCPROPERTYSINGLEVALUE('Name',$,IFCLABEL('swept beam_0_6'),$);
#5522=IFCPROPERTYSINGLEVALUE('ArcLength',$,IFCLENGTHMEASURE(1188.),$);
#5523=IFCPROPERTYSINGLEVALUE('ArcAngle_rad',$,IFCREAL(0.01),$);
#5524=IFCPROPERTYSINGLEVALUE('ArcAngle_deg',$,IFCREAL(0.7),$);
#5525=IFCPROPERTYSET('0FCLO5EY5Ej8Huv0nW7JBT',$,'EPset_IfcKit_Geometry',$,(#5521,#5522,#5523,#5524));
#5526=IFCRELDEFINESBYPROPERTIES('38rCYF$5X3PhLS4s6RbAzV',$,$,$,(#5515),#5525);
#5527=IFCCOLOURRGB($,0.501960784313725,0.501960784313725,0.501960784313725);
#5528=IFCSURFACESTYLERENDERING(#5527,0.,$,$,$,$,$,$,.FLAT.);
#5529=IFCSURFACESTYLE($,.BOTH.,(#5528));
#5530=IFCPRESENTATIONSTYLEASSIGNMENT((#5529));
#5531=IFCSTYLEDITEM(#5506,(#5530),$);
#5532=IFCCARTESIANPOINT((-80.,40.));
#5533=IFCCARTESIANPOINT((-80.,32.));
#5534=IFCCARTESIANPOINT((-8.,32.));
#5535=IFCCARTESIANPOINT((-8.,-40.));
#5536=IFCCARTESIANPOINT((0.,-40.));
#5537=IFCCARTESIANPOINT((0.,40.));
#5538=IFCCARTESIANPOINT((-80.,40.));
#5539=IFCPOLYLINE((#5532,#5533,#5534,#5535,#5536,#5537,#5538));
#5540=IFCARBITRARYCLOSEDPROFILEDEF(.AREA.,$,#5539);
#5541=IFCCARTESIANPOINT((9183.8621,5729.3167,3461.9786));
#5542=IFCDIRECTION((-0.6748,-0.6748,0.2987));
#5543=IFCDIRECTION((-0.2112,-0.2112,-0.9543));
#5544=IFCAXIS2PLACEMENT3D(#5541,#5542,#5543);
#5545=IFCCARTESIANPOINT((-7476.161,0.,0.));
#5546=IFCDIRECTION((0.,1.,0.));
#5547=IFCAXIS1PLACEMENT(#5545,#5546);
#5548=IFCREVOLVEDAREASOLID(#5540,#5544,#5547,0.158507938078128);
#5549=IFCSHAPEREPRESENTATION(#17,'Body','SweptSolid',(#5548));
#5550=IFCPRODUCTDEFINITIONSHAPE($,$,(#5549));
#5556=IFCOWNERHISTORY(#3,#4,.READWRITE.,.MODIFIED.,1779428011,#3,#4,1779428011);
#5557=IFCBEAM('0RHU9q3gf1qQPbEA9fSWNT',#5556,'swept beam_0_7',$,$,#5562,#5550,$);
#5558=IFCCARTESIANPOINT((0.,0.,0.));
#5559=IFCDIRECTION((0.,0.,1.));
#5560=IFCDIRECTION((1.,0.,0.));
#5561=IFCAXIS2PLACEMENT3D(#5558,#5559,#5560);
#5562=IFCLOCALPLACEMENT(#39,#5561);
#5563=IFCPROPERTYSINGLEVALUE('Name',$,IFCLABEL('swept beam_0_7'),$);
#5564=IFCPROPERTYSINGLEVALUE('ArcLength',$,IFCLENGTHMEASURE(1185.),$);
#5565=IFCPROPERTYSINGLEVALUE('ArcAngle_rad',$,IFCREAL(0.16),$);
#5566=IFCPROPERTYSINGLEVALUE('ArcAngle_deg',$,IFCREAL(9.1),$);
#5567=IFCPROPERTYSET('2ZlFCiSrT2DhElFjKfgPsY',$,'EPset_IfcKit_Geometry',$,(#5563,#5564,#5565,#5566));
#5568=IFCRELDEFINESBYPROPERTIES('05fiLvrLn9ueTFVatWeKir',$,$,$,(#5557),#5567);
#5569=IFCCOLOURRGB($,0.501960784313725,0.501960784313725,0.501960784313725);
#5570=IFCSURFACESTYLERENDERING(#5569,0.,$,$,$,$,$,$,.FLAT.);
#5571=IFCSURFACESTYLE($,.BOTH.,(#5570));
#5572=IFCPRESENTATIONSTYLEASSIGNMENT((#5571));
#5573=IFCSTYLEDITEM(#5548,(#5572),$);
#5574=IFCCARTESIANPOINT((-80.,40.));
#5575=IFCCARTESIANPOINT((-80.,32.));
#5576=IFCCARTESIANPOINT((-8.,32.));
#5577=IFCCARTESIANPOINT((-8.,-40.));
#5578=IFCCARTESIANPOINT((0.,-40.));
#5579=IFCCARTESIANPOINT((0.,40.));
#5580=IFCCARTESIANPOINT((-80.,40.));
#5581=IFCPOLYLINE((#5574,#5575,#5576,#5577,#5578,#5579,#5580));
#5582=IFCARBITRARYCLOSEDPROFILEDEF(.AREA.,$,#5581);
#5583=IFCCARTESIANPOINT((3045.4545,-0.,3593.0608));
#5584=IFCDIRECTION((-0.7015,-0.7015,-0.1252));
#5585=IFCDIRECTION((0.0885,0.0885,-0.9921));
#5586=IFCAXIS2PLACEMENT3D(#5583,#5584,#5585);
#5587=IFCCARTESIANPOINT((-8953.9887,0.,0.));
#5588=IFCDIRECTION((0.,1.,0.));
#5589=IFCAXIS1PLACEMENT(#5587,#5588);
#5590=IFCREVOLVEDAREASOLID(#5582,#5586,#5589,0.140768135382484);
#5591=IFCSHAPEREPRESENTATION(#17,'Body','SweptSolid',(#5590));
#5592=IFCPRODUCTDEFINITIONSHAPE($,$,(#5591));
#5598=IFCOWNERHISTORY(#3,#4,.READWRITE.,.MODIFIED.,1779428011,#3,#4,1779428011);
#5599=IFCBEAM('3zE1_iQL55Cg2sfGu91h0h',#5598,'swept beam_0_0',$,$,#5604,#5592,$);
#5600=IFCCARTESIANPOINT((0.,0.,0.));
#5601=IFCDIRECTION((0.,0.,1.));
#5602=IFCDIRECTION((1.,0.,0.));
#5603=IFCAXIS2PLACEMENT3D(#5600,#5601,#5602);
#5604=IFCLOCALPLACEMENT(#39,#5603);
#5605=IFCPROPERTYSINGLEVALUE('Name',$,IFCLABEL('swept beam_0_0'),$);
#5606=IFCPROPERTYSINGLEVALUE('ArcLength',$,IFCLENGTHMEASURE(1260.),$);
#5607=IFCPROPERTYSINGLEVALUE('ArcAngle_rad',$,IFCREAL(0.14),$);
#5608=IFCPROPERTYSINGLEVALUE('ArcAngle_deg',$,IFCREAL(8.1),$);
#5609=IFCPROPERTYSET('1OChc1VVf9jesDZJGTjrU8',$,'EPset_IfcKit_Geometry',$,(#5605,#5606,#5607,#5608));
#5610=IFCRELDEFINESBYPROPERTIES('21lZxysJ13xv$Ox$3H6gkh',$,$,$,(#5599),#5609);
#5611=IFCCOLOURRGB($,0.501960784313725,0.501960784313725,0.501960784313725);
#5612=IFCSURFACESTYLERENDERING(#5611,0.,$,$,$,$,$,$,.FLAT.);
#5613=IFCSURFACESTYLE($,.BOTH.,(#5612));
#5614=IFCPRESENTATIONSTYLEASSIGNMENT((#5613));
#5615=IFCSTYLEDITEM(#5590,(#5614),$);
#5616=IFCCARTESIANPOINT((80.,-40.));
#5617=IFCCARTESIANPOINT((80.,-32.));
#5618=IFCCARTESIANPOINT((8.,-32.));
#5619=IFCCARTESIANPOINT((8.,40.));
#5620=IFCCARTESIANPOINT((0.,40.));
#5621=IFCCARTESIANPOINT((0.,-40.));
#5622=IFCCARTESIANPOINT((80.,-40.));
#5623=IFCPOLYLINE((#5616,#5617,#5618,#5619,#5620,#5621,#5622));
#5624=IFCARBITRARYCLOSEDPROFILEDEF(.AREA.,$,#5623);
#5625=IFCCARTESIANPOINT((3918.9516,873.4971,3838.1804));
#5626=IFCDIRECTION((-0.6822,-0.6822,-0.2631));
#5627=IFCDIRECTION((-0.1861,-0.1861,0.9648));
#5628=IFCAXIS2PLACEMENT3D(#5625,#5626,#5627);
#5629=IFCCARTESIANPOINT((-28035.2013,0.,0.));
#5630=IFCDIRECTION((0.,1.,0.));
#5631=IFCAXIS1PLACEMENT(#5629,#5630);
#5632=IFCREVOLVEDAREASOLID(#5624,#5628,#5631,0.0450258399493708);
#5633=IFCSHAPEREPRESENTATION(#17,'Body','SweptSolid',(#5632));
#5634=IFCPRODUCTDEFINITIONSHAPE($,$,(#5633));
#5640=IFCOWNERHISTORY(#3,#4,.READWRITE.,.MODIFIED.,1779428011,#3,#4,1779428011);
#5641=IFCBEAM('3AJ4FLAjXECwXSsuECsyej',#5640,'swept beam_0_1',$,$,#5646,#5634,$);
#5642=IFCCARTESIANPOINT((0.,0.,0.));
#5643=IFCDIRECTION((0.,0.,1.));
#5644=IFCDIRECTION((1.,0.,0.));
#5645=IFCAXIS2PLACEMENT3D(#5642,#5643,#5644);
#5646=IFCLOCALPLACEMENT(#39,#5645);
#5647=IFCPROPERTYSINGLEVALUE('Name',$,IFCLABEL('swept beam_0_1'),$);
#5648=IFCPROPERTYSINGLEVALUE('ArcLength',$,IFCLENGTHMEASURE(1262.),$);
#5649=IFCPROPERTYSINGLEVALUE('ArcAngle_rad',$,IFCREAL(0.05),$);
#5650=IFCPROPERTYSINGLEVALUE('ArcAngle_deg',$,IFCREAL(2.6),$);
#5651=IFCPROPERTYSET('1tKRkTONT0hOBYA0jiEjrF',$,'EPset_IfcKit_Geometry',$,(#5647,#5648,#5649,#5650));
#5652=IFCRELDEFINESBYPROPERTIES('0$fGZQntj3y8ogobUd1B4P',$,$,$,(#5641),#5651);
#5653=IFCCOLOURRGB($,0.501960784313725,0.501960784313725,0.501960784313725);
#5654=IFCSURFACESTYLERENDERING(#5653,0.,$,$,$,$,$,$,.FLAT.);
#5655=IFCSURFACESTYLE($,.BOTH.,(#5654));
#5656=IFCPRESENTATIONSTYLEASSIGNMENT((#5655));
#5657=IFCSTYLEDITEM(#5632,(#5656),$);
#5658=IFCCARTESIANPOINT((80.,-40.));
#5659=IFCCARTESIANPOINT((80.,-32.));
#5660=IFCCARTESIANPOINT((8.,-32.));
#5661=IFCCARTESIANPOINT((8.,40.));
#5662=IFCCARTESIANPOINT((0.,40.));
#5663=IFCCARTESIANPOINT((0.,-40.));
#5664=IFCCARTESIANPOINT((80.,-40.));
#5665=IFCPOLYLINE((#5658,#5659,#5660,#5661,#5662,#5663,#5664));
#5666=IFCARBITRARYCLOSEDPROFILEDEF(.AREA.,$,#5665);
#5667=IFCCARTESIANPOINT((4785.0794,1739.6249,4142.8095));
#5668=IFCDIRECTION((-0.6899,-0.6899,-0.2194));
#5669=IFCDIRECTION((-0.1552,-0.1552,0.9756));
#5670=IFCAXIS2PLACEMENT3D(#5667,#5668,#5669);
#5671=IFCCARTESIANPOINT((-11824.2778,0.,0.));
#5672=IFCDIRECTION((0.,1.,0.));
#5673=IFCAXIS1PLACEMENT(#5671,#5672);
#5674=IFCREVOLVEDAREASOLID(#5666,#5670,#5673,0.106763831811096);
#5675=IFCSHAPEREPRESENTATION(#17,'Body','SweptSolid',(#5674));
#5676=IFCPRODUCTDEFINITIONSHAPE($,$,(#5675));
#5682=IFCOWNERHISTORY(#3,#4,.READWRITE.,.MODIFIED.,1779428011,#3,#4,1779428011);
#5683=IFCBEAM('0MS9$8AnPEt9jAEcoMij6u',#5682,'swept beam_0_2',$,$,#5688,#5676,$);
#5684=IFCCARTESIANPOINT((0.,0.,0.));
#5685=IFCDIRECTION((0.,0.,1.));
#5686=IFCDIRECTION((1.,0.,0.));
#5687=IFCAXIS2PLACEMENT3D(#5684,#5685,#5686);
#5688=IFCLOCALPLACEMENT(#39,#5687);
#5689=IFCPROPERTYSINGLEVALUE('Name',$,IFCLABEL('swept beam_0_2'),$);
#5690=IFCPROPERTYSINGLEVALUE('ArcLength',$,IFCLENGTHMEASURE(1262.),$);
#5691=IFCPROPERTYSINGLEVALUE('ArcAngle_rad',$,IFCREAL(0.11),$);
#5692=IFCPROPERTYSINGLEVALUE('ArcAngle_deg',$,IFCREAL(6.1),$);
#5693=IFCPROPERTYSET('1NF326zSnAixJHnMEq5xEH',$,'EPset_IfcKit_Geometry',$,(#5689,#5690,#5691,#5692));
#5694=IFCRELDEFINESBYPROPERTIES('0dkfNEIor5DxzBe$LoqTK8',$,$,$,(#5683),#5693);
#5695=IFCCOLOURRGB($,0.501960784313725,0.501960784313725,0.501960784313725);
#5696=IFCSURFACESTYLERENDERING(#5695,0.,$,$,$,$,$,$,.FLAT.);
#5697=IFCSURFACESTYLE($,.BOTH.,(#5696));
#5698=IFCPRESENTATIONSTYLEASSIGNMENT((#5697));
#5699=IFCSTYLEDITEM(#5674,(#5698),$);
#5700=IFCCARTESIANPOINT((80.,-40.));
#5701=IFCCARTESIANPOINT((80.,-32.));
#5702=IFCCARTESIANPOINT((8.,-32.));
#5703=IFCCARTESIANPOINT((8.,40.));
#5704=IFCCARTESIANPOINT((0.,40.));
#5705=IFCCARTESIANPOINT((0.,-40.));
#5706=IFCCARTESIANPOINT((80.,-40.));
#5707=IFCPOLYLINE((#5700,#5701,#5702,#5703,#5704,#5705,#5706));
#5708=IFCARBITRARYCLOSEDPROFILEDEF(.AREA.,$,#5707);
#5709=IFCCARTESIANPOINT((5664.7702,2619.3157,4353.622));
#5710=IFCDIRECTION((-0.7025,-0.7025,-0.1142));
#5711=IFCDIRECTION((-0.0808,-0.0808,0.9935));
#5712=IFCAXIS2PLACEMENT3D(#5709,#5710,#5711);
#5713=IFCCARTESIANPOINT((-5910.5865,0.,0.));
#5714=IFCDIRECTION((0.,1.,0.));
#5715=IFCAXIS1PLACEMENT(#5713,#5714);
#5716=IFCREVOLVEDAREASOLID(#5708,#5712,#5715,0.212978137617775);
#5717=IFCSHAPEREPRESENTATION(#17,'Body','SweptSolid',(#5716));
#5718=IFCPRODUCTDEFINITIONSHAPE($,$,(#5717));
#5724=IFCOWNERHISTORY(#3,#4,.READWRITE.,.MODIFIED.,1779428011,#3,#4,1779428011);
#5725=IFCBEAM('3FynVhhbT7Nft3nofuf0Gq',#5724,'swept beam_0_3',$,$,#5730,#5718,$);
#5726=IFCCARTESIANPOINT((0.,0.,0.));
#5727=IFCDIRECTION((0.,0.,1.));
#5728=IFCDIRECTION((1.,0.,0.));
#5729=IFCAXIS2PLACEMENT3D(#5726,#5727,#5728);
#5730=IFCLOCALPLACEMENT(#39,#5729);
#5731=IFCPROPERTYSINGLEVALUE('Name',$,IFCLABEL('swept beam_0_3'),$);
#5732=IFCPROPERTYSINGLEVALUE('ArcLength',$,IFCLENGTHMEASURE(1259.),$);
#5733=IFCPROPERTYSINGLEVALUE('ArcAngle_rad',$,IFCREAL(0.21),$);
#5734=IFCPROPERTYSINGLEVALUE('ArcAngle_deg',$,IFCREAL(12.2),$);
#5735=IFCPROPERTYSET('3SnAG4pM1FgfZHxNqY7k0Q',$,'EPset_IfcKit_Geometry',$,(#5731,#5732,#5733,#5734));
#5736=IFCRELDEFINESBYPROPERTIES('3nD6Hqdfv6eg9tYkoSMaJr',$,$,$,(#5725),#5735);
#5737=IFCCOLOURRGB($,0.501960784313725,0.501960784313725,0.501960784313725);
#5738=IFCSURFACESTYLERENDERING(#5737,0.,$,$,$,$,$,$,.FLAT.);
#5739=IFCSURFACESTYLE($,.BOTH.,(#5738));
#5740=IFCPRESENTATIONSTYLEASSIGNMENT((#5739));
#5741=IFCSTYLEDITEM(#5716,(#5740),$);
#5742=IFCCARTESIANPOINT((80.,-40.));
#5743=IFCCARTESIANPOINT((80.,-32.));
#5744=IFCCARTESIANPOINT((8.,-32.));
#5745=IFCCARTESIANPOINT((8.,40.));
#5746=IFCCARTESIANPOINT((0.,40.));
#5747=IFCCARTESIANPOINT((0.,-40.));
#5748=IFCCARTESIANPOINT((80.,-40.));
#5749=IFCPOLYLINE((#5742,#5743,#5744,#5745,#5746,#5747,#5748));
#5750=IFCARBITRARYCLOSEDPROFILEDEF(.AREA.,$,#5749);
#5751=IFCCARTESIANPOINT((6553.1847,3507.7301,4363.6587));
#5752=IFCDIRECTION((-0.7037,-0.7037,0.0983));
#5753=IFCDIRECTION((0.0695,0.0695,0.9952));
#5754=IFCAXIS2PLACEMENT3D(#5751,#5752,#5753);
#5755=IFCCARTESIANPOINT((-6129.0182,0.,0.));
#5756=IFCDIRECTION((0.,1.,0.));
#5757=IFCAXIS1PLACEMENT(#5755,#5756);
#5758=IFCREVOLVEDAREASOLID(#5750,#5754,#5757,0.205234198733089);
#5759=IFCSHAPEREPRESENTATION(#17,'Body','SweptSolid',(#5758));
#5760=IFCPRODUCTDEFINITIONSHAPE($,$,(#5759));
#5766=IFCOWNERHISTORY(#3,#4,.READWRITE.,.MODIFIED.,1779428011,#3,#4,1779428011);
#5767=IFCBEAM('1M4HrGiCL4kxH7hNNL1Gyr',#5766,'swept beam_0_4',$,$,#5772,#5760,$);
#5768=IFCCARTESIANPOINT((0.,0.,0.));
#5769=IFCDIRECTION((0.,0.,1.));
#5770=IFCDIRECTION((1.,0.,0.));
#5771=IFCAXIS2PLACEMENT3D(#5768,#5769,#5770);
#5772=IFCLOCALPLACEMENT(#39,#5771);
#5773=IFCPROPERTYSINGLEVALUE('Name',$,IFCLABEL('swept beam_0_4'),$);
#5774=IFCPROPERTYSINGLEVALUE('ArcLength',$,IFCLENGTHMEASURE(1258.),$);
#5775=IFCPROPERTYSINGLEVALUE('ArcAngle_rad',$,IFCREAL(0.21),$);
#5776=IFCPROPERTYSINGLEVALUE('ArcAngle_deg',$,IFCREAL(11.8),$);
#5777=IFCPROPERTYSET('2fOOXwSnHDTvOHg9s1QjYJ',$,'EPset_IfcKit_Geometry',$,(#5773,#5774,#5775,#5776));
#5778=IFCRELDEFINESBYPROPERTIES('3aDQbQBEr1hAIyxWzpSDkZ',$,$,$,(#5767),#5777);
#5779=IFCCOLOURRGB($,0.501960784313725,0.501960784313725,0.501960784313725);
#5780=IFCSURFACESTYLERENDERING(#5779,0.,$,$,$,$,$,$,.FLAT.);
#5781=IFCSURFACESTYLE($,.BOTH.,(#5780));
#5782=IFCPRESENTATIONSTYLEASSIGNMENT((#5781));
#5783=IFCSTYLEDITEM(#5758,(#5782),$);
#5784=IFCCARTESIANPOINT((80.,-40.));
#5785=IFCCARTESIANPOINT((80.,-32.));
#5786=IFCCARTESIANPOINT((8.,-32.));
#5787=IFCCARTESIANPOINT((8.,40.));
#5788=IFCCARTESIANPOINT((0.,40.));
#5789=IFCCARTESIANPOINT((0.,-40.));
#5790=IFCCARTESIANPOINT((80.,-40.));
#5791=IFCPOLYLINE((#5784,#5785,#5786,#5787,#5788,#5789,#5790));
#5792=IFCARBITRARYCLOSEDPROFILEDEF(.AREA.,$,#5791);
#5793=IFCCARTESIANPOINT((7423.1863,4377.7317,4112.8185));
#5794=IFCDIRECTION((-0.6747,-0.6747,0.2991));
#5795=IFCDIRECTION((0.2115,0.2115,0.9542));
#5796=IFCAXIS2PLACEMENT3D(#5793,#5794,#5795);
#5797=IFCCARTESIANPOINT((-96571.9892,0.,0.));
#5798=IFCDIRECTION((0.,1.,0.));
#5799=IFCAXIS1PLACEMENT(#5797,#5798);
#5800=IFCREVOLVEDAREASOLID(#5792,#5796,#5799,0.013071079256505);
#5801=IFCSHAPEREPRESENTATION(#17,'Body','SweptSolid',(#5800));
#5802=IFCPRODUCTDEFINITIONSHAPE($,$,(#5801));
#5808=IFCOWNERHISTORY(#3,#4,.READWRITE.,.MODIFIED.,1779428011,#3,#4,1779428011);
#5809=IFCBEAM('2e7sNJ0GnAVBZNNNu$uH48',#5808,'swept beam_0_5',$,$,#5814,#5802,$);
#5810=IFCCARTESIANPOINT((0.,0.,0.));
#5811=IFCDIRECTION((0.,0.,1.));
#5812=IFCDIRECTION((1.,0.,0.));
#5813=IFCAXIS2PLACEMENT3D(#5810,#5811,#5812);
#5814=IFCLOCALPLACEMENT(#39,#5813);
#5815=IFCPROPERTYSINGLEVALUE('Name',$,IFCLABEL('swept beam_0_5'),$);
#5816=IFCPROPERTYSINGLEVALUE('ArcLength',$,IFCLENGTHMEASURE(1262.),$);
#5817=IFCPROPERTYSINGLEVALUE('ArcAngle_rad',$,IFCREAL(0.01),$);
#5818=IFCPROPERTYSINGLEVALUE('ArcAngle_deg',$,IFCREAL(0.7),$);
#5819=IFCPROPERTYSET('3UA3yp2MLAQu7LbPkdkOi3',$,'EPset_IfcKit_Geometry',$,(#5815,#5816,#5817,#5818));
#5820=IFCRELDEFINESBYPROPERTIES('3l2z_lkRn05wjUt6pse6FL',$,$,$,(#5809),#5819);
#5821=IFCCOLOURRGB($,0.501960784313725,0.501960784313725,0.501960784313725);
#5822=IFCSURFACESTYLERENDERING(#5821,0.,$,$,$,$,$,$,.FLAT.);
#5823=IFCSURFACESTYLE($,.BOTH.,(#5822));
#5824=IFCPRESENTATIONSTYLEASSIGNMENT((#5823));
#5825=IFCSTYLEDITEM(#5800,(#5824),$);
#5826=IFCCARTESIANPOINT((-80.,40.));
#5827=IFCCARTESIANPOINT((-80.,32.));
#5828=IFCCARTESIANPOINT((-8.,32.));
#5829=IFCCARTESIANPOINT((-8.,-40.));
#5830=IFCCARTESIANPOINT((0.,-40.));
#5831=IFCCARTESIANPOINT((0.,40.));
#5832=IFCCARTESIANPOINT((-80.,40.));
#5833=IFCPOLYLINE((#5826,#5827,#5828,#5829,#5830,#5831,#5832));
#5834=IFCARBITRARYCLOSEDPROFILEDEF(.AREA.,$,#5833);
#5835=IFCCARTESIANPOINT((8273.1413,5227.6868,3727.4204));
#5836=IFCDIRECTION((-0.6719,-0.6719,0.3115));
#5837=IFCDIRECTION((-0.2203,-0.2203,-0.9502));
#5838=IFCAXIS2PLACEMENT3D(#5835,#5836,#5837);
#5839=IFCCARTESIANPOINT((-36654.0073,0.,0.));
#5840=IFCDIRECTION((0.,1.,0.));
#5841=IFCAXIS1PLACEMENT(#5839,#5840);
#5842=IFCREVOLVEDAREASOLID(#5834,#5838,#5841,0.0344745998460332);
#5843=IFCSHAPEREPRESENTATION(#17,'Body','SweptSolid',(#5842));
#5844=IFCPRODUCTDEFINITIONSHAPE($,$,(#5843));
#5850=IFCOWNERHISTORY(#3,#4,.READWRITE.,.MODIFIED.,1779428011,#3,#4,1779428011);
#5851=IFCBEAM('1BR1VQxdD6bR8oNKp5X_bk',#5850,'swept beam_0_6',$,$,#5856,#5844,$);
#5852=IFCCARTESIANPOINT((0.,0.,0.));
#5853=IFCDIRECTION((0.,0.,1.));
#5854=IFCDIRECTION((1.,0.,0.));
#5855=IFCAXIS2PLACEMENT3D(#5852,#5853,#5854);
#5856=IFCLOCALPLACEMENT(#39,#5855);
#5857=IFCPROPERTYSINGLEVALUE('Name',$,IFCLABEL('swept beam_0_6'),$);
#5858=IFCPROPERTYSINGLEVALUE('ArcLength',$,IFCLENGTHMEASURE(1264.),$);
#5859=IFCPROPERTYSINGLEVALUE('ArcAngle_rad',$,IFCREAL(0.03),$);
#5860=IFCPROPERTYSINGLEVALUE('ArcAngle_deg',$,IFCREAL(2.),$);
#5861=IFCPROPERTYSET('0lHymyoef6xeDS8NwVBubJ',$,'EPset_IfcKit_Geometry',$,(#5857,#5858,#5859,#5860));
#5862=IFCRELDEFINESBYPROPERTIES('0Kw7DwIz5As9YP1ZYYIj0k',$,$,$,(#5851),#5861);
#5863=IFCCOLOURRGB($,0.501960784313725,0.501960784313725,0.501960784313725);
#5864=IFCSURFACESTYLERENDERING(#5863,0.,$,$,$,$,$,$,.FLAT.);
#5865=IFCSURFACESTYLE($,.BOTH.,(#5864));
#5866=IFCPRESENTATIONSTYLEASSIGNMENT((#5865));
#5867=IFCSTYLEDITEM(#5842,(#5866),$);
#5868=IFCCARTESIANPOINT((-80.,40.));
#5869=IFCCARTESIANPOINT((-80.,32.));
#5870=IFCCARTESIANPOINT((-8.,32.));
#5871=IFCCARTESIANPOINT((-8.,-40.));
#5872=IFCCARTESIANPOINT((0.,-40.));
#5873=IFCCARTESIANPOINT((0.,40.));
#5874=IFCCARTESIANPOINT((-80.,40.));
#5875=IFCPOLYLINE((#5868,#5869,#5870,#5871,#5872,#5873,#5874));
#5876=IFCARBITRARYCLOSEDPROFILEDEF(.AREA.,$,#5875);
#5877=IFCCARTESIANPOINT((9126.8279,6081.3734,3354.5306));
#5878=IFCDIRECTION((-0.6791,-0.6791,0.2786));
#5879=IFCDIRECTION((-0.197,-0.197,-0.9604));
#5880=IFCAXIS2PLACEMENT3D(#5877,#5878,#5879);
#5881=IFCCARTESIANPOINT((-7357.9568,0.,0.));
#5882=IFCDIRECTION((0.,1.,0.));
#5883=IFCAXIS1PLACEMENT(#5881,#5882);
#5884=IFCREVOLVEDAREASOLID(#5876,#5880,#5883,0.17133348877027);
#5885=IFCSHAPEREPRESENTATION(#17,'Body','SweptSolid',(#5884));
#5886=IFCPRODUCTDEFINITIONSHAPE($,$,(#5885));
#5892=IFCOWNERHISTORY(#3,#4,.READWRITE.,.MODIFIED.,1779428011,#3,#4,1779428011);
#5893=IFCBEAM('2rHuZxpzr5IArILdPi__oK',#5892,'swept beam_0_7',$,$,#5898,#5886,$);
#5894=IFCCARTESIANPOINT((0.,0.,0.));
#5895=IFCDIRECTION((0.,0.,1.));
#5896=IFCDIRECTION((1.,0.,0.));
#5897=IFCAXIS2PLACEMENT3D(#5894,#5895,#5896);
#5898=IFCLOCALPLACEMENT(#39,#5897);
#5899=IFCPROPERTYSINGLEVALUE('Name',$,IFCLABEL('swept beam_0_7'),$);
#5900=IFCPROPERTYSINGLEVALUE('ArcLength',$,IFCLENGTHMEASURE(1261.),$);
#5901=IFCPROPERTYSINGLEVALUE('ArcAngle_rad',$,IFCREAL(0.17),$);
#5902=IFCPROPERTYSINGLEVALUE('ArcAngle_deg',$,IFCREAL(9.8),$);
#5903=IFCPROPERTYSET('2zL4nQcZL9VOPFP1B6j1ZO',$,'EPset_IfcKit_Geometry',$,(#5899,#5900,#5901,#5902));
#5904=IFCRELDEFINESBYPROPERTIES('1q4uZUGC12xO$GdMcZGCfH',$,$,$,(#5893),#5903);
#5905=IFCCOLOURRGB($,0.501960784313725,0.501960784313725,0.501960784313725);
#5906=IFCSURFACESTYLERENDERING(#5905,0.,$,$,$,$,$,$,.FLAT.);
#5907=IFCSURFACESTYLE($,.BOTH.,(#5906));
#5908=IFCPRESENTATIONSTYLEASSIGNMENT((#5907));
#5909=IFCSTYLEDITEM(#5884,(#5908),$);
#5910=IFCCARTESIANPOINT((-80.,40.));
#5911=IFCCARTESIANPOINT((-80.,32.));
#5912=IFCCARTESIANPOINT((-8.,32.));
#5913=IFCCARTESIANPOINT((-8.,-40.));
#5914=IFCCARTESIANPOINT((0.,-40.));
#5915=IFCCARTESIANPOINT((0.,40.));
#5916=IFCCARTESIANPOINT((-80.,40.));
#5917=IFCPOLYLINE((#5910,#5911,#5912,#5913,#5914,#5915,#5916));
#5918=IFCARBITRARYCLOSEDPROFILEDEF(.AREA.,$,#5917);
#5919=IFCCARTESIANPOINT((2636.3636,-0.,3511.6531));
#5920=IFCDIRECTION((-0.7011,-0.7011,-0.1302));
#5921=IFCDIRECTION((0.0921,0.0921,-0.9915));
#5922=IFCAXIS2PLACEMENT3D(#5919,#5920,#5921);
#5923=IFCCARTESIANPOINT((-9025.2323,0.,0.));
#5924=IFCDIRECTION((0.,1.,0.));
#5925=IFCAXIS1PLACEMENT(#5923,#5924);
#5926=IFCREVOLVEDAREASOLID(#5918,#5922,#5925,0.147945313297229);
#5927=IFCSHAPEREPRESENTATION(#17,'Body','SweptSolid',(#5926));
#5928=IFCPRODUCTDEFINITIONSHAPE($,$,(#5927));
#5934=IFCOWNERHISTORY(#3,#4,.READWRITE.,.MODIFIED.,1779428011,#3,#4,1779428011);
#5935=IFCBEAM('2SuxeVlCT5J8IXF9XJGGLK',#5934,'swept beam_0_0',$,$,#5940,#5928,$);
#5936=IFCCARTESIANPOINT((0.,0.,0.));
#5937=IFCDIRECTION((0.,0.,1.));
#5938=IFCDIRECTION((1.,0.,0.));
#5939=IFCAXIS2PLACEMENT3D(#5936,#5937,#5938);
#5940=IFCLOCALPLACEMENT(#39,#5939);
#5941=IFCPROPERTYSINGLEVALUE('Name',$,IFCLABEL('swept beam_0_0'),$);
#5942=IFCPROPERTYSINGLEVALUE('ArcLength',$,IFCLENGTHMEASURE(1335.),$);
#5943=IFCPROPERTYSINGLEVALUE('ArcAngle_rad',$,IFCREAL(0.15),$);
#5944=IFCPROPERTYSINGLEVALUE('ArcAngle_deg',$,IFCREAL(8.5),$);
#5945=IFCPROPERTYSET('2fc2vfG1H7Se$Z5DFEi7Nz',$,'EPset_IfcKit_Geometry',$,(#5941,#5942,#5943,#5944));
#5946=IFCRELDEFINESBYPROPERTIES('3V1BTHgg5EPf3LnEokVdA$',$,$,$,(#5935),#5945);
#5947=IFCCOLOURRGB($,0.501960784313725,0.501960784313725,0.501960784313725);
#5948=IFCSURFACESTYLERENDERING(#5947,0.,$,$,$,$,$,$,.FLAT.);
#5949=IFCSURFACESTYLE($,.BOTH.,(#5948));
#5950=IFCPRESENTATIONSTYLEASSIGNMENT((#5949));
#5951=IFCSTYLEDITEM(#5926,(#5950),$);
#5952=IFCCARTESIANPOINT((80.,-40.));
#5953=IFCCARTESIANPOINT((80.,-32.));
#5954=IFCCARTESIANPOINT((8.,-32.));
#5955=IFCCARTESIANPOINT((8.,40.));
#5956=IFCCARTESIANPOINT((0.,40.));
#5957=IFCCARTESIANPOINT((0.,-40.));
#5958=IFCCARTESIANPOINT((80.,-40.));
#5959=IFCPOLYLINE((#5952,#5953,#5954,#5955,#5956,#5957,#5958));
#5960=IFCARBITRARYCLOSEDPROFILEDEF(.AREA.,$,#5959);
#5961=IFCCARTESIANPOINT((3559.9873,923.6237,3782.6827));
#5962=IFCDIRECTION((-0.6798,-0.6798,-0.275));
#5963=IFCDIRECTION((-0.1944,-0.1944,0.9615));
#5964=IFCAXIS2PLACEMENT3D(#5961,#5962,#5963);
#5965=IFCCARTESIANPOINT((-30049.4438,0.,0.));
#5966=IFCDIRECTION((0.,1.,0.));
#5967=IFCAXIS1PLACEMENT(#5965,#5966);
#5968=IFCREVOLVEDAREASOLID(#5960,#5964,#5967,0.0445086700530685);
#5969=IFCSHAPEREPRESENTATION(#17,'Body','SweptSolid',(#5968));
#5970=IFCPRODUCTDEFINITIONSHAPE($,$,(#5969));
#5976=IFCOWNERHISTORY(#3,#4,.READWRITE.,.MODIFIED.,1779428011,#3,#4,1779428011);
#5977=IFCBEAM('0yl32Eom1D0w1OqR2Kfz0S',#5976,'swept beam_0_1',$,$,#5982,#5970,$);
#5978=IFCCARTESIANPOINT((0.,0.,0.));
#5979=IFCDIRECTION((0.,0.,1.));
#5980=IFCDIRECTION((1.,0.,0.));
#5981=IFCAXIS2PLACEMENT3D(#5978,#5979,#5980);
#5982=IFCLOCALPLACEMENT(#39,#5981);
#5983=IFCPROPERTYSINGLEVALUE('Name',$,IFCLABEL('swept beam_0_1'),$);
#5984=IFCPROPERTYSINGLEVALUE('ArcLength',$,IFCLENGTHMEASURE(1337.),$);
#5985=IFCPROPERTYSINGLEVALUE('ArcAngle_rad',$,IFCREAL(0.04),$);
#5986=IFCPROPERTYSINGLEVALUE('ArcAngle_deg',$,IFCREAL(2.6),$);
#5987=IFCPROPERTYSET('1rhZuOYFnDbvf48WO86f3X',$,'EPset_IfcKit_Geometry',$,(#5983,#5984,#5985,#5986));
#5988=IFCRELDEFINESBYPROPERTIES('3x0iKC4x96TfjA$Ccav242',$,$,$,(#5977),#5987);
#5989=IFCCOLOURRGB($,0.501960784313725,0.501960784313725,0.501960784313725);
#5990=IFCSURFACESTYLERENDERING(#5989,0.,$,$,$,$,$,$,.FLAT.);
#5991=IFCSURFACESTYLE($,.BOTH.,(#5990));
#5992=IFCPRESENTATIONSTYLEASSIGNMENT((#5991));
#5993=IFCSTYLEDITEM(#5968,(#5992),$);
#5994=IFCCARTESIANPOINT((80.,-40.));
#5995=IFCCARTESIANPOINT((80.,-32.));
#5996=IFCCARTESIANPOINT((8.,-32.));
#5997=IFCCARTESIANPOINT((8.,40.));
#5998=IFCCARTESIANPOINT((0.,40.));
#5999=IFCCARTESIANPOINT((0.,-40.));
#6000=IFCCARTESIANPOINT((80.,-40.));
#6001=IFCPOLYLINE((#5994,#5995,#5996,#5997,#5998,#5999,#6000));
#6002=IFCARBITRARYCLOSEDPROFILEDEF(.AREA.,$,#6001);
#6003=IFCCARTESIANPOINT((4474.7445,1838.3808,4121.7177));
#6004=IFCDIRECTION((-0.6878,-0.6878,-0.2319));
#6005=IFCDIRECTION((-0.164,-0.164,0.9727));
#6006=IFCAXIS2PLACEMENT3D(#6003,#6004,#6005);
#6007=IFCCARTESIANPOINT((-11372.748,0.,0.));
#6008=IFCDIRECTION((0.,1.,0.));
#6009=IFCAXIS1PLACEMENT(#6007,#6008);
#6010=IFCREVOLVEDAREASOLID(#6002,#6006,#6009,0.11759486060841);
#6011=IFCSHAPEREPRESENTATION(#17,'Body','SweptSolid',(#6010));
#6012=IFCPRODUCTDEFINITIONSHAPE($,$,(#6011));
#6018=IFCOWNERHISTORY(#3,#4,.READWRITE.,.MODIFIED.,1779428011,#3,#4,1779428011);
#6019=IFCBEAM('1JGLEykWj8PhEjYDAOhMuz',#6018,'swept beam_0_2',$,$,#6024,#6012,$);
#6020=IFCCARTESIANPOINT((0.,0.,0.));
#6021=IFCDIRECTION((0.,0.,1.));
#6022=IFCDIRECTION((1.,0.,0.));
#6023=IFCAXIS2PLACEMENT3D(#6020,#6021,#6022);
#6024=IFCLOCALPLACEMENT(#39,#6023);
#6025=IFCPROPERTYSINGLEVALUE('Name',$,IFCLABEL('swept beam_0_2'),$);
#6026=IFCPROPERTYSINGLEVALUE('ArcLength',$,IFCLENGTHMEASURE(1337.),$);
#6027=IFCPROPERTYSINGLEVALUE('ArcAngle_rad',$,IFCREAL(0.12),$);
#6028=IFCPROPERTYSINGLEVALUE('ArcAngle_deg',$,IFCREAL(6.7),$);
#6029=IFCPROPERTYSET('3HDXpCKGDAfR6KGeyE7bZD',$,'EPset_IfcKit_Geometry',$,(#6025,#6026,#6027,#6028));
#6030=IFCRELDEFINESBYPROPERTIES('0HMIyyT8PFw90ZFEZ4ePXr',$,$,$,(#6019),#6029);
#6031=IFCCOLOURRGB($,0.501960784313725,0.501960784313725,0.501960784313725);
#6032=IFCSURFACESTYLERENDERING(#6031,0.,$,$,$,$,$,$,.FLAT.);
#6033=IFCSURFACESTYLE($,.BOTH.,(#6032));
#6034=IFCPRESENTATIONSTYLEASSIGNMENT((#6033));
#6035=IFCSTYLEDITEM(#6010,(#6034),$);
#6036=IFCCARTESIANPOINT((80.,-40.));
#6037=IFCCARTESIANPOINT((80.,-32.));
#6038=IFCCARTESIANPOINT((8.,-32.));
#6039=IFCCARTESIANPOINT((8.,40.));
#6040=IFCCARTESIANPOINT((0.,40.));
#6041=IFCCARTESIANPOINT((0.,-40.));
#6042=IFCCARTESIANPOINT((80.,-40.));
#6043=IFCPOLYLINE((#6036,#6037,#6038,#6039,#6040,#6041,#6042));
#6044=IFCARBITRARYCLOSEDPROFILEDEF(.AREA.,$,#6043);
#6045=IFCCARTESIANPOINT((5405.3901,2769.0264,4354.7712));
#6046=IFCDIRECTION((-0.7023,-0.7023,-0.1162));
#6047=IFCDIRECTION((-0.0822,-0.0822,0.9932));
#6048=IFCAXIS2PLACEMENT3D(#6045,#6046,#6047);
#6049=IFCCARTESIANPOINT((-5278.7832,0.,0.));
#6050=IFCDIRECTION((0.,1.,0.));
#6051=IFCAXIS1PLACEMENT(#6049,#6050);
#6052=IFCREVOLVEDAREASOLID(#6044,#6048,#6051,0.252294941864058);
#6053=IFCSHAPEREPRESENTATION(#17,'Body','SweptSolid',(#6052));
#6054=IFCPRODUCTDEFINITIONSHAPE($,$,(#6053));
#6060=IFCOWNERHISTORY(#3,#4,.READWRITE.,.MODIFIED.,1779428011,#3,#4,1779428011);
#6061=IFCBEAM('0nEpQMw_59iQ36kVdooGBr',#6060,'swept beam_0_3',$,$,#6066,#6054,$);
#6062=IFCCARTESIANPOINT((0.,0.,0.));
#6063=IFCDIRECTION((0.,0.,1.));
#6064=IFCDIRECTION((1.,0.,0.));
#6065=IFCAXIS2PLACEMENT3D(#6062,#6063,#6064);
#6066=IFCLOCALPLACEMENT(#39,#6065);
#6067=IFCPROPERTYSINGLEVALUE('Name',$,IFCLABEL('swept beam_0_3'),$);
#6068=IFCPROPERTYSINGLEVALUE('ArcLength',$,IFCLENGTHMEASURE(1332.),$);
#6069=IFCPROPERTYSINGLEVALUE('ArcAngle_rad',$,IFCREAL(0.25),$);
#6070=IFCPROPERTYSINGLEVALUE('ArcAngle_deg',$,IFCREAL(14.5),$);
#6071=IFCPROPERTYSET('2QITWPVR5CGhuC1gR5FQfo',$,'EPset_IfcKit_Geometry',$,(#6067,#6068,#6069,#6070));
#6072=IFCRELDEFINESBYPROPERTIES('0y0$wuEJH1tuDV0Q_OrHCe',$,$,$,(#6061),#6071);
#6073=IFCCOLOURRGB($,0.501960784313725,0.501960784313725,0.501960784313725);
#6074=IFCSURFACESTYLERENDERING(#6073,0.,$,$,$,$,$,$,.FLAT.);
#6075=IFCSURFACESTYLE($,.BOTH.,(#6074));
#6076=IFCPRESENTATIONSTYLEASSIGNMENT((#6075));
#6077=IFCSTYLEDITEM(#6052,(#6076),$);
#6078=IFCCARTESIANPOINT((80.,-40.));
#6079=IFCCARTESIANPOINT((80.,-32.));
#6080=IFCCARTESIANPOINT((8.,-32.));
#6081=IFCCARTESIANPOINT((8.,40.));
#6082=IFCCARTESIANPOINT((0.,40.));
#6083=IFCCARTESIANPOINT((0.,-40.));
#6084=IFCCARTESIANPOINT((80.,-40.));
#6085=IFCPOLYLINE((#6078,#6079,#6080,#6081,#6082,#6083,#6084));
#6086=IFCARBITRARYCLOSEDPROFILEDEF(.AREA.,$,#6085);
#6087=IFCCARTESIANPOINT((6344.5824,3708.2188,4341.9043));
#6088=IFCDIRECTION((-0.7006,-0.7006,0.1354));
#6089=IFCDIRECTION((0.0958,0.0958,0.9908));
#6090=IFCAXIS2PLACEMENT3D(#6087,#6088,#6089);
#6091=IFCCARTESIANPOINT((-7144.93,0.,0.));
#6092=IFCDIRECTION((0.,1.,0.));
#6093=IFCAXIS1PLACEMENT(#6091,#6092);
#6094=IFCREVOLVEDAREASOLID(#6086,#6090,#6093,0.186571269416375);
#6095=IFCSHAPEREPRESENTATION(#17,'Body','SweptSolid',(#6094));
#6096=IFCPRODUCTDEFINITIONSHAPE($,$,(#6095));
#6102=IFCOWNERHISTORY(#3,#4,.READWRITE.,.MODIFIED.,1779428011,#3,#4,1779428011);
#6103=IFCBEAM('3$TqFeJt15dRIdpWo8Efo9',#6102,'swept beam_0_4',$,$,#6108,#6096,$);
#6104=IFCCARTESIANPOINT((0.,0.,0.));
#6105=IFCDIRECTION((0.,0.,1.));
#6106=IFCDIRECTION((1.,0.,0.));
#6107=IFCAXIS2PLACEMENT3D(#6104,#6105,#6106);
#6108=IFCLOCALPLACEMENT(#39,#6107);
#6109=IFCPROPERTYSINGLEVALUE('Name',$,IFCLABEL('swept beam_0_4'),$);
#6110=IFCPROPERTYSINGLEVALUE('ArcLength',$,IFCLENGTHMEASURE(1333.),$);
#6111=IFCPROPERTYSINGLEVALUE('ArcAngle_rad',$,IFCREAL(0.19),$);
#6112=IFCPROPERTYSINGLEVALUE('ArcAngle_deg',$,IFCREAL(10.7),$);
#6113=IFCPROPERTYSET('1_wRXWPfP88fchRbEbItVU',$,'EPset_IfcKit_Geometry',$,(#6109,#6110,#6111,#6112));
#6114=IFCRELDEFINESBYPROPERTIES('1Lv$e9BPX3bPBgxrY7DK_n',$,$,$,(#6103),#6113);
#6115=IFCCOLOURRGB($,0.501960784313725,0.501960784313725,0.501960784313725);
#6116=IFCSURFACESTYLERENDERING(#6115,0.,$,$,$,$,$,$,.FLAT.);
#6117=IFCSURFACESTYLE($,.BOTH.,(#6116));
#6118=IFCPRESENTATIONSTYLEASSIGNMENT((#6117));
#6119=IFCSTYLEDITEM(#6094,(#6118),$);
#6120=IFCCARTESIANPOINT((-80.,40.));
#6121=IFCCARTESIANPOINT((-80.,32.));
#6122=IFCCARTESIANPOINT((-8.,32.));
#6123=IFCCARTESIANPOINT((-8.,-40.));
#6124=IFCCARTESIANPOINT((0.,-40.));
#6125=IFCCARTESIANPOINT((0.,40.));
#6126=IFCCARTESIANPOINT((-80.,40.));
#6127=IFCPOLYLINE((#6120,#6121,#6122,#6123,#6124,#6125,#6126));
#6128=IFCARBITRARYCLOSEDPROFILEDEF(.AREA.,$,#6127);
#6129=IFCCARTESIANPOINT((7261.2189,4624.8553,4039.5825));
#6130=IFCDIRECTION((-0.6707,-0.6707,0.3168));
#6131=IFCDIRECTION((-0.224,-0.224,-0.9485));
#6132=IFCAXIS2PLACEMENT3D(#6129,#6130,#6131);
#6133=IFCCARTESIANPOINT((-85334.65,0.,0.));
#6134=IFCDIRECTION((0.,1.,0.));
#6135=IFCAXIS1PLACEMENT(#6133,#6134);
#6136=IFCREVOLVEDAREASOLID(#6128,#6132,#6135,0.0156664567938427);
#6137=IFCSHAPEREPRESENTATION(#17,'Body','SweptSolid',(#6136));
#6138=IFCPRODUCTDEFINITIONSHAPE($,$,(#6137));
#6144=IFCOWNERHISTORY(#3,#4,.READWRITE.,.MODIFIED.,1779428011,#3,#4,1779428011);
#6145=IFCBEAM('1tkB1lV0L5HOjyVD77O7Qq',#6144,'swept beam_0_5',$,$,#6150,#6138,$);
#6146=IFCCARTESIANPOINT((0.,0.,0.));
#6147=IFCDIRECTION((0.,0.,1.));
#6148=IFCDIRECTION((1.,0.,0.));
#6149=IFCAXIS2PLACEMENT3D(#6146,#6147,#6148);
#6150=IFCLOCALPLACEMENT(#39,#6149);
#6151=IFCPROPERTYSINGLEVALUE('Name',$,IFCLABEL('swept beam_0_5'),$);
#6152=IFCPROPERTYSINGLEVALUE('ArcLength',$,IFCLENGTHMEASURE(1337.),$);
#6153=IFCPROPERTYSINGLEVALUE('ArcAngle_rad',$,IFCREAL(0.02),$);
#6154=IFCPROPERTYSINGLEVALUE('ArcAngle_deg',$,IFCREAL(0.9),$);
#6155=IFCPROPERTYSET('3oQaL4CkDBTugUG9J4E5LM',$,'EPset_IfcKit_Geometry',$,(#6151,#6152,#6153,#6154));
#6156=IFCRELDEFINESBYPROPERTIES('0sHasjv1L3WQ3h39YS6pk6',$,$,$,(#6145),#6155);
#6157=IFCCOLOURRGB($,0.501960784313725,0.501960784313725,0.501960784313725);
#6158=IFCSURFACESTYLERENDERING(#6157,0.,$,$,$,$,$,$,.FLAT.);
#6159=IFCSURFACESTYLE($,.BOTH.,(#6158));
#6160=IFCPRESENTATIONSTYLEASSIGNMENT((#6159));
#6161=IFCSTYLEDITEM(#6136,(#6160),$);
#6162=IFCCARTESIANPOINT((-80.,40.));
#6163=IFCCARTESIANPOINT((-80.,32.));
#6164=IFCCARTESIANPOINT((-8.,32.));
#6165=IFCCARTESIANPOINT((-8.,-40.));
#6166=IFCCARTESIANPOINT((0.,-40.));
#6167=IFCCARTESIANPOINT((0.,40.));
#6168=IFCCARTESIANPOINT((-80.,40.));
#6169=IFCPOLYLINE((#6162,#6163,#6164,#6165,#6166,#6167,#6168));
#6170=IFCARBITRARYCLOSEDPROFILEDEF(.AREA.,$,#6169);
#6171=IFCCARTESIANPOINT((8160.1466,5523.7829,3625.9391));
#6172=IFCDIRECTION((-0.6741,-0.6741,0.302));
#6173=IFCDIRECTION((-0.2135,-0.2135,-0.9533));
#6174=IFCAXIS2PLACEMENT3D(#6171,#6172,#6173);
#6175=IFCCARTESIANPOINT((-24463.1251,0.,0.));
#6176=IFCDIRECTION((0.,1.,0.));
#6177=IFCAXIS1PLACEMENT(#6175,#6176);
#6178=IFCREVOLVEDAREASOLID(#6170,#6174,#6177,0.0547051640998262);
#6179=IFCSHAPEREPRESENTATION(#17,'Body','SweptSolid',(#6178));
#6180=IFCPRODUCTDEFINITIONSHAPE($,$,(#6179));
#6186=IFCOWNERHISTORY(#3,#4,.READWRITE.,.MODIFIED.,1779428011,#3,#4,1779428011);
#6187=IFCBEAM('220Dfqqdb85RCNlsTTJF1b',#6186,'swept beam_0_6',$,$,#6192,#6180,$);
#6188=IFCCARTESIANPOINT((0.,0.,0.));
#6189=IFCDIRECTION((0.,0.,1.));
#6190=IFCDIRECTION((1.,0.,0.));
#6191=IFCAXIS2PLACEMENT3D(#6188,#6189,#6190);
#6192=IFCLOCALPLACEMENT(#39,#6191);
#6193=IFCPROPERTYSINGLEVALUE('Name',$,IFCLABEL('swept beam_0_6'),$);
#6194=IFCPROPERTYSINGLEVALUE('ArcLength',$,IFCLENGTHMEASURE(1338.),$);
#6195=IFCPROPERTYSINGLEVALUE('ArcAngle_rad',$,IFCREAL(0.05),$);
#6196=IFCPROPERTYSINGLEVALUE('ArcAngle_deg',$,IFCREAL(3.1),$);
#6197=IFCPROPERTYSET('04cv_oTPX74BeWIlBt8Gjq',$,'EPset_IfcKit_Geometry',$,(#6193,#6194,#6195,#6196));
#6198=IFCRELDEFINESBYPROPERTIES('1POxVu03vDpvrN_TdUW_W5',$,$,$,(#6187),#6197);
#6199=IFCCOLOURRGB($,0.501960784313725,0.501960784313725,0.501960784313725);
#6200=IFCSURFACESTYLERENDERING(#6199,0.,$,$,$,$,$,$,.FLAT.);
#6201=IFCSURFACESTYLE($,.BOTH.,(#6200));
#6202=IFCPRESENTATIONSTYLEASSIGNMENT((#6201));
#6203=IFCSTYLEDITEM(#6178,(#6202),$);
#6204=IFCCARTESIANPOINT((-80.,40.));
#6205=IFCCARTESIANPOINT((-80.,32.));
#6206=IFCCARTESIANPOINT((-8.,32.));
#6207=IFCCARTESIANPOINT((-8.,-40.));
#6208=IFCCARTESIANPOINT((0.,-40.));
#6209=IFCCARTESIANPOINT((0.,40.));
#6210=IFCCARTESIANPOINT((-80.,40.));
#6211=IFCPOLYLINE((#6204,#6205,#6206,#6207,#6208,#6209,#6210));
#6212=IFCARBITRARYCLOSEDPROFILEDEF(.AREA.,$,#6211);
#6213=IFCCARTESIANPOINT((9069.6326,6433.269,3256.9385));
#6214=IFCDIRECTION((-0.6848,-0.6848,0.2494));
#6215=IFCDIRECTION((-0.1763,-0.1763,-0.9684));
#6216=IFCAXIS2PLACEMENT3D(#6213,#6214,#6215);
#6217=IFCCARTESIANPOINT((-7394.3904,0.,0.));
#6218=IFCDIRECTION((0.,1.,0.));
#6219=IFCAXIS1PLACEMENT(#6217,#6218);
#6220=IFCREVOLVEDAREASOLID(#6212,#6216,#6219,0.180536231588355);
#6221=IFCSHAPEREPRESENTATION(#17,'Body','SweptSolid',(#6220));
#6222=IFCPRODUCTDEFINITIONSHAPE($,$,(#6221));
#6228=IFCOWNERHISTORY(#3,#4,.READWRITE.,.MODIFIED.,1779428011,#3,#4,1779428011);
#6229=IFCBEAM('3v4X64LUDFuh377otWVdgq',#6228,'swept beam_0_7',$,$,#6234,#6222,$);
#6230=IFCCARTESIANPOINT((0.,0.,0.));
#6231=IFCDIRECTION((0.,0.,1.));
#6232=IFCDIRECTION((1.,0.,0.));
#6233=IFCAXIS2PLACEMENT3D(#6230,#6231,#6232);
#6234=IFCLOCALPLACEMENT(#39,#6233);
#6235=IFCPROPERTYSINGLEVALUE('Name',$,IFCLABEL('swept beam_0_7'),$);
#6236=IFCPROPERTYSINGLEVALUE('ArcLength',$,IFCLENGTHMEASURE(1335.),$);
#6237=IFCPROPERTYSINGLEVALUE('ArcAngle_rad',$,IFCREAL(0.18),$);
#6238=IFCPROPERTYSINGLEVALUE('ArcAngle_deg',$,IFCREAL(10.3),$);
#6239=IFCPROPERTYSET('30OAt0dR57fR6gD0EK0PtZ',$,'EPset_IfcKit_Geometry',$,(#6235,#6236,#6237,#6238));
#6240=IFCRELDEFINESBYPROPERTIES('3vhC0J9aj5ruKzzHllASKt',$,$,$,(#6229),#6239);
#6241=IFCCOLOURRGB($,0.501960784313725,0.501960784313725,0.501960784313725);
#6242=IFCSURFACESTYLERENDERING(#6241,0.,$,$,$,$,$,$,.FLAT.);
#6243=IFCSURFACESTYLE($,.BOTH.,(#6242));
#6244=IFCPRESENTATIONSTYLEASSIGNMENT((#6243));
#6245=IFCSTYLEDITEM(#6220,(#6244),$);
#6246=IFCCARTESIANPOINT((-80.,40.));
#6247=IFCCARTESIANPOINT((-80.,32.));
#6248=IFCCARTESIANPOINT((-8.,32.));
#6249=IFCCARTESIANPOINT((-8.,-40.));
#6250=IFCCARTESIANPOINT((0.,-40.));
#6251=IFCCARTESIANPOINT((0.,40.));
#6252=IFCCARTESIANPOINT((-80.,40.));
#6253=IFCPOLYLINE((#6246,#6247,#6248,#6249,#6250,#6251,#6252));
#6254=IFCARBITRARYCLOSEDPROFILEDEF(.AREA.,$,#6253);
#6255=IFCCARTESIANPOINT((2227.2727,0.,3422.4444));
#6256=IFCDIRECTION((-0.7009,-0.7009,-0.1321));
#6257=IFCDIRECTION((0.0934,0.0934,-0.9912));
#6258=IFCAXIS2PLACEMENT3D(#6255,#6256,#6257);
#6259=IFCCARTESIANPOINT((-7108.2125,0.,0.));
#6260=IFCDIRECTION((0.,1.,0.));
#6261=IFCAXIS1PLACEMENT(#6259,#6260);
#6262=IFCREVOLVEDAREASOLID(#6254,#6258,#6261,0.0992479459843325);
#6263=IFCSHAPEREPRESENTATION(#17,'Body','SweptSolid',(#6262));
#6264=IFCPRODUCTDEFINITIONSHAPE($,$,(#6263));
#6270=IFCOWNERHISTORY(#3,#4,.READWRITE.,.MODIFIED.,1779428011,#3,#4,1779428011);
#6271=IFCBEAM('1EY0TzmrbE68bSMOi1K4IB',#6270,'swept beam_0_0',$,$,#6276,#6264,$);
#6272=IFCCARTESIANPOINT((0.,0.,0.));
#6273=IFCDIRECTION((0.,0.,1.));
#6274=IFCDIRECTION((1.,0.,0.));
#6275=IFCAXIS2PLACEMENT3D(#6272,#6273,#6274);
#6276=IFCLOCALPLACEMENT(#39,#6275);
#6277=IFCPROPERTYSINGLEVALUE('Name',$,IFCLABEL('swept beam_0_0'),$);
#6278=IFCPROPERTYSINGLEVALUE('ArcLength',$,IFCLENGTHMEASURE(705.),$);
#6279=IFCPROPERTYSINGLEVALUE('ArcAngle_rad',$,IFCREAL(0.1),$);
#6280=IFCPROPERTYSINGLEVALUE('ArcAngle_deg',$,IFCREAL(5.7),$);
#6281=IFCPROPERTYSET('2oqQpwN2T2QBgGQ_nc7h6Y',$,'EPset_IfcKit_Geometry',$,(#6277,#6278,#6279,#6280));
#6282=IFCRELDEFINESBYPROPERTIES('390tnS5sn78hjsyYNFd88v',$,$,$,(#6271),#6281);
#6283=IFCCOLOURRGB($,0.501960784313725,0.501960784313725,0.501960784313725);
#6284=IFCSURFACESTYLERENDERING(#6283,0.,$,$,$,$,$,$,.FLAT.);
#6285=IFCSURFACESTYLE($,.BOTH.,(#6284));
#6286=IFCPRESENTATIONSTYLEASSIGNMENT((#6285));
#6287=IFCSTYLEDITEM(#6262,(#6286),$);
#6288=IFCCARTESIANPOINT((-80.,40.));
#6289=IFCCARTESIANPOINT((-80.,32.));
#6290=IFCCARTESIANPOINT((-8.,32.));
#6291=IFCCARTESIANPOINT((-8.,-40.));
#6292=IFCCARTESIANPOINT((0.,-40.));
#6293=IFCCARTESIANPOINT((0.,40.));
#6294=IFCCARTESIANPOINT((-80.,40.));
#6295=IFCPOLYLINE((#6288,#6289,#6290,#6291,#6292,#6293,#6294));
#6296=IFCARBITRARYCLOSEDPROFILEDEF(.AREA.,$,#6295);
#6297=IFCCARTESIANPOINT((2717.67,490.3972,3550.1485));
#6298=IFCDIRECTION((-0.6882,-0.6882,-0.2297));
#6299=IFCDIRECTION((0.1624,0.1624,-0.9733));
#6300=IFCAXIS2PLACEMENT3D(#6297,#6298,#6299);
#6301=IFCCARTESIANPOINT((-25642.9344,0.,0.));
#6302=IFCDIRECTION((0.,1.,0.));
#6303=IFCAXIS1PLACEMENT(#6301,#6302);
#6304=IFCREVOLVEDAREASOLID(#6296,#6300,#6303,0.0275323617228531);
#6305=IFCSHAPEREPRESENTATION(#17,'Body','SweptSolid',(#6304));
#6306=IFCPRODUCTDEFINITIONSHAPE($,$,(#6305));
#6312=IFCOWNERHISTORY(#3,#4,.READWRITE.,.MODIFIED.,1779428011,#3,#4,1779428011);
#6313=IFCBEAM('3HBSi7YHb7JOXYZXVrNyka',#6312,'swept beam_0_1',$,$,#6318,#6306,$);
#6314=IFCCARTESIANPOINT((0.,0.,0.));
#6315=IFCDIRECTION((0.,0.,1.));
#6316=IFCDIRECTION((1.,0.,0.));
#6317=IFCAXIS2PLACEMENT3D(#6314,#6315,#6316);
#6318=IFCLOCALPLACEMENT(#39,#6317);
#6319=IFCPROPERTYSINGLEVALUE('Name',$,IFCLABEL('swept beam_0_1'),$);
#6320=IFCPROPERTYSINGLEVALUE('ArcLength',$,IFCLENGTHMEASURE(706.),$);
#6321=IFCPROPERTYSINGLEVALUE('ArcAngle_rad',$,IFCREAL(0.03),$);
#6322=IFCPROPERTYSINGLEVALUE('ArcAngle_deg',$,IFCREAL(1.6),$);
#6323=IFCPROPERTYSET('0F9Uhxz4X9hh6qEaXE$zjO',$,'EPset_IfcKit_Geometry',$,(#6319,#6320,#6321,#6322));
#6324=IFCRELDEFINESBYPROPERTIES('3OJOIwakb1LOg3I_N6X2h1',$,$,$,(#6313),#6323);
#6325=IFCCOLOURRGB($,0.501960784313725,0.501960784313725,0.501960784313725);
#6326=IFCSURFACESTYLERENDERING(#6325,0.,$,$,$,$,$,$,.FLAT.);
#6327=IFCSURFACESTYLE($,.BOTH.,(#6326));
#6328=IFCPRESENTATIONSTYLEASSIGNMENT((#6327));
#6329=IFCSTYLEDITEM(#6304,(#6328),$);
#6330=IFCCARTESIANPOINT((-80.,40.));
#6331=IFCCARTESIANPOINT((-80.,32.));
#6332=IFCCARTESIANPOINT((-8.,32.));
#6333=IFCCARTESIANPOINT((-8.,-40.));
#6334=IFCCARTESIANPOINT((0.,-40.));
#6335=IFCCARTESIANPOINT((0.,40.));
#6336=IFCCARTESIANPOINT((-80.,40.));
#6337=IFCPOLYLINE((#6330,#6331,#6332,#6333,#6334,#6335,#6336));
#6338=IFCARBITRARYCLOSEDPROFILEDEF(.AREA.,$,#6337);
#6339=IFCCARTESIANPOINT((3201.9122,974.6395,3721.7245));
#6340=IFCDIRECTION((-0.6835,-0.6835,-0.2564));
#6341=IFCDIRECTION((0.1813,0.1813,-0.9666));
#6342=IFCAXIS2PLACEMENT3D(#6339,#6340,#6341);
#6343=IFCCARTESIANPOINT((-70891.3628,0.,0.));
#6344=IFCDIRECTION((0.,1.,0.));
#6345=IFCAXIS1PLACEMENT(#6343,#6344);
#6346=IFCREVOLVEDAREASOLID(#6338,#6342,#6345,0.00992200015510108);
#6347=IFCSHAPEREPRESENTATION(#17,'Body','SweptSolid',(#6346));
#6348=IFCPRODUCTDEFINITIONSHAPE($,$,(#6347));
#6354=IFCOWNERHISTORY(#3,#4,.READWRITE.,.MODIFIED.,1779428011,#3,#4,1779428011);
#6355=IFCBEAM('0YyOyaWKb4IxA3hVt$QsJn',#6354,'swept beam_0_2',$,$,#6360,#6348,$);
#6356=IFCCARTESIANPOINT((0.,0.,0.));
#6357=IFCDIRECTION((0.,0.,1.));
#6358=IFCDIRECTION((1.,0.,0.));
#6359=IFCAXIS2PLACEMENT3D(#6356,#6357,#6358);
#6360=IFCLOCALPLACEMENT(#39,#6359);
#6361=IFCPROPERTYSINGLEVALUE('Name',$,IFCLABEL('swept beam_0_2'),$);
#6362=IFCPROPERTYSINGLEVALUE('ArcLength',$,IFCLENGTHMEASURE(703.),$);
#6363=IFCPROPERTYSINGLEVALUE('ArcAngle_rad',$,IFCREAL(0.01),$);
#6364=IFCPROPERTYSINGLEVALUE('ArcAngle_deg',$,IFCREAL(0.6),$);
#6365=IFCPROPERTYSET('1JK8VbghXFkQrmoQXxuJdH',$,'EPset_IfcKit_Geometry',$,(#6361,#6362,#6363,#6364));
#6366=IFCRELDEFINESBYPROPERTIES('0KpNCkkcL2zxHhpI4c2wmX',$,$,$,(#6355),#6365);
#6367=IFCCOLOURRGB($,0.501960784313725,0.501960784313725,0.501960784313725);
#6368=IFCSURFACESTYLERENDERING(#6367,0.,$,$,$,$,$,$,.FLAT.);
#6369=IFCSURFACESTYLE($,.BOTH.,(#6368));
#6370=IFCPRESENTATIONSTYLEASSIGNMENT((#6369));
#6371=IFCSTYLEDITEM(#6346,(#6370),$);
#6372=IFCCARTESIANPOINT((80.,-40.));
#6373=IFCCARTESIANPOINT((80.,-32.));
#6374=IFCCARTESIANPOINT((8.,-32.));
#6375=IFCCARTESIANPOINT((8.,40.));
#6376=IFCCARTESIANPOINT((0.,40.));
#6377=IFCCARTESIANPOINT((0.,-40.));
#6378=IFCCARTESIANPOINT((80.,-40.));
#6379=IFCPOLYLINE((#6372,#6373,#6374,#6375,#6376,#6377,#6378));
#6380=IFCARBITRARYCLOSEDPROFILEDEF(.AREA.,$,#6379);
#6381=IFCCARTESIANPOINT((3682.0182,1454.7455,3905.4135));
#6382=IFCDIRECTION((-0.6816,-0.6816,-0.2659));
#6383=IFCDIRECTION((-0.188,-0.188,0.964));
#6384=IFCAXIS2PLACEMENT3D(#6381,#6382,#6383);
#6385=IFCCARTESIANPOINT((-26110.1914,0.,0.));
#6386=IFCDIRECTION((0.,1.,0.));
#6387=IFCAXIS1PLACEMENT(#6385,#6386);
#6388=IFCREVOLVEDAREASOLID(#6380,#6384,#6387,0.02693765574424);
#6389=IFCSHAPEREPRESENTATION(#17,'Body','SweptSolid',(#6388));
#6390=IFCPRODUCTDEFINITIONSHAPE($,$,(#6389));
#6396=IFCOWNERHISTORY(#3,#4,.READWRITE.,.MODIFIED.,1779428011,#3,#4,1779428011);
#6397=IFCBEAM('2F56xaRJTBNe2sQBO$3PNr',#6396,'swept beam_0_3',$,$,#6402,#6390,$);
#6398=IFCCARTESIANPOINT((0.,0.,0.));
#6399=IFCDIRECTION((0.,0.,1.));
#6400=IFCDIRECTION((1.,0.,0.));
#6401=IFCAXIS2PLACEMENT3D(#6398,#6399,#6400);
#6402=IFCLOCALPLACEMENT(#39,#6401);
#6403=IFCPROPERTYSINGLEVALUE('Name',$,IFCLABEL('swept beam_0_3'),$);
#6404=IFCPROPERTYSINGLEVALUE('ArcLength',$,IFCLENGTHMEASURE(703.),$);
#6405=IFCPROPERTYSINGLEVALUE('ArcAngle_rad',$,IFCREAL(0.03),$);
#6406=IFCPROPERTYSINGLEVALUE('ArcAngle_deg',$,IFCREAL(1.5),$);
#6407=IFCPROPERTYSET('0Pv2S4ioT0hA5XThNpd8p7',$,'EPset_IfcKit_Geometry',$,(#6403,#6404,#6405,#6406));
#6408=IFCRELDEFINESBYPROPERTIES('2W3RKzwAT2qQ5xm$qxotzU',$,$,$,(#6397),#6407);
#6409=IFCCOLOURRGB($,0.501960784313725,0.501960784313725,0.501960784313725);
#6410=IFCSURFACESTYLERENDERING(#6409,0.,$,$,$,$,$,$,.FLAT.);
#6411=IFCSURFACESTYLE($,.BOTH.,(#6410));
#6412=IFCPRESENTATIONSTYLEASSIGNMENT((#6411));
#6413=IFCSTYLEDITEM(#6388,(#6412),$);
#6414=IFCCARTESIANPOINT((80.,-40.));
#6415=IFCCARTESIANPOINT((80.,-32.));
#6416=IFCCARTESIANPOINT((8.,-32.));
#6417=IFCCARTESIANPOINT((8.,40.));
#6418=IFCCARTESIANPOINT((0.,40.));
#6419=IFCCARTESIANPOINT((0.,-40.));
#6420=IFCCARTESIANPOINT((80.,-40.));
#6421=IFCPOLYLINE((#6414,#6415,#6416,#6417,#6418,#6419,#6420));
#6422=IFCARBITRARYCLOSEDPROFILEDEF(.AREA.,$,#6421);
#6423=IFCCARTESIANPOINT((4163.1741,1935.9014,4083.3055));
#6424=IFCDIRECTION((-0.6865,-0.6865,-0.2399));
#6425=IFCDIRECTION((-0.1696,-0.1696,0.9708));
#6426=IFCAXIS2PLACEMENT3D(#6423,#6424,#6425);
#6427=IFCCARTESIANPOINT((-11084.986,0.,0.));
#6428=IFCDIRECTION((0.,1.,0.));
#6429=IFCAXIS1PLACEMENT(#6427,#6428);
#6430=IFCREVOLVEDAREASOLID(#6422,#6426,#6429,0.12728902014514);
#6431=IFCSHAPEREPRESENTATION(#17,'Body','SweptSolid',(#6430));
#6432=IFCPRODUCTDEFINITIONSHAPE($,$,(#6431));
#6438=IFCOWNERHISTORY(#3,#4,.READWRITE.,.MODIFIED.,1779428011,#3,#4,1779428011);
#6439=IFCBEAM('3oSDMqLGL72u0x9aQ2g8$P',#6438,'swept beam_0_4',$,$,#6444,#6432,$);
#6440=IFCCARTESIANPOINT((0.,0.,0.));
#6441=IFCDIRECTION((0.,0.,1.));
#6442=IFCDIRECTION((1.,0.,0.));
#6443=IFCAXIS2PLACEMENT3D(#6440,#6441,#6442);
#6444=IFCLOCALPLACEMENT(#39,#6443);
#6445=IFCPROPERTYSINGLEVALUE('Name',$,IFCLABEL('swept beam_0_4'),$);
#6446=IFCPROPERTYSINGLEVALUE('ArcLength',$,IFCLENGTHMEASURE(1411.),$);
#6447=IFCPROPERTYSINGLEVALUE('ArcAngle_rad',$,IFCREAL(0.13),$);
#6448=IFCPROPERTYSINGLEVALUE('ArcAngle_deg',$,IFCREAL(7.3),$);
#6449=IFCPROPERTYSET('1GLWc01DvE7BNcSQYqxgae',$,'EPset_IfcKit_Geometry',$,(#6445,#6446,#6447,#6448));
#6450=IFCRELDEFINESBYPROPERTIES('22t6QblCD8t8sOLvBD9yiI',$,$,$,(#6439),#6449);
#6451=IFCCOLOURRGB($,0.501960784313725,0.501960784313725,0.501960784313725);
#6452=IFCSURFACESTYLERENDERING(#6451,0.,$,$,$,$,$,$,.FLAT.);
#6453=IFCSURFACESTYLE($,.BOTH.,(#6452));
#6454=IFCPRESENTATIONSTYLEASSIGNMENT((#6453));
#6455=IFCSTYLEDITEM(#6430,(#6454),$);
#6456=IFCCARTESIANPOINT((80.,-40.));
#6457=IFCCARTESIANPOINT((80.,-32.));
#6458=IFCCARTESIANPOINT((8.,-32.));
#6459=IFCCARTESIANPOINT((8.,40.));
#6460=IFCCARTESIANPOINT((0.,40.));
#6461=IFCCARTESIANPOINT((0.,-40.));
#6462=IFCCARTESIANPOINT((80.,-40.));
#6463=IFCPOLYLINE((#6456,#6457,#6458,#6459,#6460,#6461,#6462));
#6464=IFCARBITRARYCLOSEDPROFILEDEF(.AREA.,$,#6463);
#6465=IFCCARTESIANPOINT((5144.3676,2917.0949,4333.7941));
#6466=IFCDIRECTION((-0.7024,-0.7024,-0.1147));
#6467=IFCDIRECTION((-0.0811,-0.0811,0.9934));
#6468=IFCAXIS2PLACEMENT3D(#6465,#6466,#6467);
#6469=IFCCARTESIANPOINT((-4949.799,0.,0.));
#6470=IFCDIRECTION((0.,1.,0.));
#6471=IFCAXIS1PLACEMENT(#6469,#6470);
#6472=IFCREVOLVEDAREASOLID(#6464,#6468,#6471,0.283532155020385);
#6473=IFCSHAPEREPRESENTATION(#17,'Body','SweptSolid',(#6472));
#6474=IFCPRODUCTDEFINITIONSHAPE($,$,(#6473));
#6480=IFCOWNERHISTORY(#3,#4,.READWRITE.,.MODIFIED.,1779428011,#3,#4,1779428011);
#6481=IFCBEAM('1SE7WiXw1CxPu_81fqnOHh',#6480,'swept beam_0_5',$,$,#6486,#6474,$);
#6482=IFCCARTESIANPOINT((0.,0.,0.));
#6483=IFCDIRECTION((0.,0.,1.));
#6484=IFCDIRECTION((1.,0.,0.));
#6485=IFCAXIS2PLACEMENT3D(#6482,#6483,#6484);
#6486=IFCLOCALPLACEMENT(#39,#6485);
#6487=IFCPROPERTYSINGLEVALUE('Name',$,IFCLABEL('swept beam_0_5'),$);
#6488=IFCPROPERTYSINGLEVALUE('ArcLength',$,IFCLENGTHMEASURE(1403.),$);
#6489=IFCPROPERTYSINGLEVALUE('ArcAngle_rad',$,IFCREAL(0.28),$);
#6490=IFCPROPERTYSINGLEVALUE('ArcAngle_deg',$,IFCREAL(16.2),$);
#6491=IFCPROPERTYSET('0fA8s5AcX2thl2WnvYaGXQ',$,'EPset_IfcKit_Geometry',$,(#6487,#6488,#6489,#6490));
#6492=IFCRELDEFINESBYPROPERTIES('1NKeR9C9zAEf033eChjlVm',$,$,$,(#6481),#6491);
#6493=IFCCOLOURRGB($,0.501960784313725,0.501960784313725,0.501960784313725);
#6494=IFCSURFACESTYLERENDERING(#6493,0.,$,$,$,$,$,$,.FLAT.);
#6495=IFCSURFACESTYLE($,.BOTH.,(#6494));
#6496=IFCPRESENTATIONSTYLEASSIGNMENT((#6495));
#6497=IFCSTYLEDITEM(#6472,(#6496),$);
#6498=IFCCARTESIANPOINT((80.,-40.));
#6499=IFCCARTESIANPOINT((80.,-32.));
#6500=IFCCARTESIANPOINT((8.,-32.));
#6501=IFCCARTESIANPOINT((8.,40.));
#6502=IFCCARTESIANPOINT((0.,40.));
#6503=IFCCARTESIANPOINT((0.,-40.));
#6504=IFCCARTESIANPOINT((80.,-40.));
#6505=IFCPOLYLINE((#6498,#6499,#6500,#6501,#6502,#6503,#6504));
#6506=IFCARBITRARYCLOSEDPROFILEDEF(.AREA.,$,#6505);
#6507=IFCCARTESIANPOINT((6133.0641,3905.7914,4296.289));
#6508=IFCDIRECTION((-0.6971,-0.6971,0.1678));
#6509=IFCDIRECTION((0.1186,0.1186,0.9858));
#6510=IFCAXIS2PLACEMENT3D(#6507,#6508,#6509);
#6511=IFCCARTESIANPOINT((-6930.7574,0.,0.));
#6512=IFCDIRECTION((0.,1.,0.));
#6513=IFCAXIS1PLACEMENT(#6511,#6512);
#6514=IFCREVOLVEDAREASOLID(#6506,#6510,#6513,0.101580656789069);
#6515=IFCSHAPEREPRESENTATION(#17,'Body','SweptSolid',(#6514));
#6516=IFCPRODUCTDEFINITIONSHAPE($,$,(#6515));
#6522=IFCOWNERHISTORY(#3,#4,.READWRITE.,.MODIFIED.,1779428011,#3,#4,1779428011);
#6523=IFCBEAM('3eLJD7A7P6kBjE1mAB7n_L',#6522,'swept beam_0_6',$,$,#6528,#6516,$);
#6524=IFCCARTESIANPOINT((0.,0.,0.));
#6525=IFCDIRECTION((0.,0.,1.));
#6526=IFCDIRECTION((1.,0.,0.));
#6527=IFCAXIS2PLACEMENT3D(#6524,#6525,#6526);
#6528=IFCLOCALPLACEMENT(#39,#6527);
#6529=IFCPROPERTYSINGLEVALUE('Name',$,IFCLABEL('swept beam_0_6'),$);
#6530=IFCPROPERTYSINGLEVALUE('ArcLength',$,IFCLENGTHMEASURE(704.),$);
#6531=IFCPROPERTYSINGLEVALUE('ArcAngle_rad',$,IFCREAL(0.1),$);
#6532=IFCPROPERTYSINGLEVALUE('ArcAngle_deg',$,IFCREAL(5.8),$);
#6533=IFCPROPERTYSET('0eHngn3VHEiRPP7IjvpnEY',$,'EPset_IfcKit_Geometry',$,(#6529,#6530,#6531,#6532));
#6534=IFCRELDEFINESBYPROPERTIES('00mI4O8vr6OuTFOqFQ_1kN',$,$,$,(#6523),#6533);
#6535=IFCCOLOURRGB($,0.501960784313725,0.501960784313725,0.501960784313725);
#6536=IFCSURFACESTYLERENDERING(#6535,0.,$,$,$,$,$,$,.FLAT.);
#6537=IFCSURFACESTYLE($,.BOTH.,(#6536));
#6538=IFCPRESENTATIONSTYLEASSIGNMENT((#6537));
#6539=IFCSTYLEDITEM(#6514,(#6538),$);
#6540=IFCCARTESIANPOINT((80.,-40.));
#6541=IFCCARTESIANPOINT((80.,-32.));
#6542=IFCCARTESIANPOINT((8.,-32.));
#6543=IFCCARTESIANPOINT((8.,40.));
#6544=IFCCARTESIANPOINT((0.,40.));
#6545=IFCCARTESIANPOINT((0.,-40.));
#6546=IFCCARTESIANPOINT((80.,-40.));
#6547=IFCPOLYLINE((#6540,#6541,#6542,#6543,#6544,#6545,#6546));
#6548=IFCARBITRARYCLOSEDPROFILEDEF(.AREA.,$,#6547);
#6549=IFCCARTESIANPOINT((6618.7494,4391.4767,4143.1451));
#6550=IFCDIRECTION((-0.6815,-0.6815,0.2669));
#6551=IFCDIRECTION((0.1887,0.1887,0.9637));
#6552=IFCAXIS2PLACEMENT3D(#6549,#6550,#6551);
#6553=IFCCARTESIANPOINT((-21441.5289,0.,0.));
#6554=IFCDIRECTION((0.,1.,0.));
#6555=IFCAXIS1PLACEMENT(#6553,#6554);
#6556=IFCREVOLVEDAREASOLID(#6548,#6552,#6555,0.0328602264059162);
#6557=IFCSHAPEREPRESENTATION(#17,'Body','SweptSolid',(#6556));
#6558=IFCPRODUCTDEFINITIONSHAPE($,$,(#6557));
#6564=IFCOWNERHISTORY(#3,#4,.READWRITE.,.MODIFIED.,1779428011,#3,#4,1779428011);
#6565=IFCBEAM('2zsPcKdJf2$Bozr$2U_6ZX',#6564,'swept beam_0_7',$,$,#6570,#6558,$);
#6566=IFCCARTESIANPOINT((0.,0.,0.));
#6567=IFCDIRECTION((0.,0.,1.));
#6568=IFCDIRECTION((1.,0.,0.));
#6569=IFCAXIS2PLACEMENT3D(#6566,#6567,#6568);
#6570=IFCLOCALPLACEMENT(#39,#6569);
#6571=IFCPROPERTYSINGLEVALUE('Name',$,IFCLABEL('swept beam_0_7'),$);
#6572=IFCPROPERTYSINGLEVALUE('ArcLength',$,IFCLENGTHMEASURE(705.),$);
#6573=IFCPROPERTYSINGLEVALUE('ArcAngle_rad',$,IFCREAL(0.03),$);
#6574=IFCPROPERTYSINGLEVALUE('ArcAngle_deg',$,IFCREAL(1.9),$);
#6575=IFCPROPERTYSET('375141VZX0K8$YlOsXk8qq',$,'EPset_IfcKit_Geometry',$,(#6571,#6572,#6573,#6574));
#6576=IFCRELDEFINESBYPROPERTIES('04fp0Zhh11ZBYTzEFQ9YYy',$,$,$,(#6565),#6575);
#6577=IFCCOLOURRGB($,0.501960784313725,0.501960784313725,0.501960784313725);
#6578=IFCSURFACESTYLERENDERING(#6577,0.,$,$,$,$,$,$,.FLAT.);
#6579=IFCSURFACESTYLE($,.BOTH.,(#6578));
#6580=IFCPRESENTATIONSTYLEASSIGNMENT((#6579));
#6581=IFCSTYLEDITEM(#6556,(#6580),$);
#6582=IFCCARTESIANPOINT((80.,-40.));
#6583=IFCCARTESIANPOINT((80.,-32.));
#6584=IFCCARTESIANPOINT((8.,-32.));
#6585=IFCCARTESIANPOINT((8.,40.));
#6586=IFCCARTESIANPOINT((0.,40.));
#6587=IFCCARTESIANPOINT((0.,-40.));
#6588=IFCCARTESIANPOINT((80.,-40.));
#6589=IFCPOLYLINE((#6582,#6583,#6584,#6585,#6586,#6587,#6588));
#6590=IFCARBITRARYCLOSEDPROFILEDEF(.AREA.,$,#6589);
#6591=IFCCARTESIANPOINT((7096.6158,4869.3431,3943.9807));
#6592=IFCDIRECTION((-0.6749,-0.6749,0.2984));
#6593=IFCDIRECTION((0.211,0.211,0.9544));
#6594=IFCAXIS2PLACEMENT3D(#6591,#6592,#6593);
#6595=IFCCARTESIANPOINT((-81060.4972,0.,0.));
#6596=IFCDIRECTION((0.,1.,0.));
#6597=IFCAXIS1PLACEMENT(#6595,#6596);
#6598=IFCREVOLVEDAREASOLID(#6590,#6594,#6597,0.00867958331322039);
#6599=IFCSHAPEREPRESENTATION(#17,'Body','SweptSolid',(#6598));
#6600=IFCPRODUCTDEFINITIONSHAPE($,$,(#6599));
#6606=IFCOWNERHISTORY(#3,#4,.READWRITE.,.MODIFIED.,1779428011,#3,#4,1779428011);
#6607=IFCBEAM('32lunSxS134APMy5UXwCKQ',#6606,'swept beam_0_8',$,$,#6612,#6600,$);
#6608=IFCCARTESIANPOINT((0.,0.,0.));
#6609=IFCDIRECTION((0.,0.,1.));
#6610=IFCDIRECTION((1.,0.,0.));
#6611=IFCAXIS2PLACEMENT3D(#6608,#6609,#6610);
#6612=IFCLOCALPLACEMENT(#39,#6611);
#6613=IFCPROPERTYSINGLEVALUE('Name',$,IFCLABEL('swept beam_0_8'),$);
#6614=IFCPROPERTYSINGLEVALUE('ArcLength',$,IFCLENGTHMEASURE(704.),$);
#6615=IFCPROPERTYSINGLEVALUE('ArcAngle_rad',$,IFCREAL(0.01),$);
#6616=IFCPROPERTYSINGLEVALUE('ArcAngle_deg',$,IFCREAL(0.5),$);
#6617=IFCPROPERTYSET('3ifFhuHHz7zRs8KlXIW40U',$,'EPset_IfcKit_Geometry',$,(#6613,#6614,#6615,#6616));
#6618=IFCRELDEFINESBYPROPERTIES('1V3OG$vHz6Zv3bhKpi2X35',$,$,$,(#6607),#6617);
#6619=IFCCOLOURRGB($,0.501960784313725,0.501960784313725,0.501960784313725);
#6620=IFCSURFACESTYLERENDERING(#6619,0.,$,$,$,$,$,$,.FLAT.);
#6621=IFCSURFACESTYLE($,.BOTH.,(#6620));
#6622=IFCPRESENTATIONSTYLEASSIGNMENT((#6621));
#6623=IFCSTYLEDITEM(#6598,(#6622),$);
#6624=IFCCARTESIANPOINT((-80.,40.));
#6625=IFCCARTESIANPOINT((-80.,32.));
#6626=IFCCARTESIANPOINT((-8.,32.));
#6627=IFCCARTESIANPOINT((-8.,-40.));
#6628=IFCCARTESIANPOINT((0.,-40.));
#6629=IFCCARTESIANPOINT((0.,40.));
#6630=IFCCARTESIANPOINT((-80.,40.));
#6631=IFCPOLYLINE((#6624,#6625,#6626,#6627,#6628,#6629,#6630));
#6632=IFCARBITRARYCLOSEDPROFILEDEF(.AREA.,$,#6631);
#6633=IFCCARTESIANPOINT((7570.7988,5343.5261,3731.118));
#6634=IFCDIRECTION((-0.673,-0.673,0.3067));
#6635=IFCDIRECTION((-0.2169,-0.2169,-0.9518));
#6636=IFCAXIS2PLACEMENT3D(#6633,#6634,#6635);
#6637=IFCCARTESIANPOINT((-28319.3754,0.,0.));
#6638=IFCDIRECTION((0.,1.,0.));
#6639=IFCAXIS1PLACEMENT(#6637,#6638);
#6640=IFCREVOLVEDAREASOLID(#6632,#6636,#6639,0.0248430468885586);
#6641=IFCSHAPEREPRESENTATION(#17,'Body','SweptSolid',(#6640));
#6642=IFCPRODUCTDEFINITIONSHAPE($,$,(#6641));
#6648=IFCOWNERHISTORY(#3,#4,.READWRITE.,.MODIFIED.,1779428011,#3,#4,1779428011);
#6649=IFCBEAM('2NEmvpF09FaO$jTprSppWS',#6648,'swept beam_0_9',$,$,#6654,#6642,$);
#6650=IFCCARTESIANPOINT((0.,0.,0.));
#6651=IFCDIRECTION((0.,0.,1.));
#6652=IFCDIRECTION((1.,0.,0.));
#6653=IFCAXIS2PLACEMENT3D(#6650,#6651,#6652);
#6654=IFCLOCALPLACEMENT(#39,#6653);
#6655=IFCPROPERTYSINGLEVALUE('Name',$,IFCLABEL('swept beam_0_9'),$);
#6656=IFCPROPERTYSINGLEVALUE('ArcLength',$,IFCLENGTHMEASURE(704.),$);
#6657=IFCPROPERTYSINGLEVALUE('ArcAngle_rad',$,IFCREAL(0.02),$);
#6658=IFCPROPERTYSINGLEVALUE('ArcAngle_deg',$,IFCREAL(1.4),$);
#6659=IFCPROPERTYSET('1SjSpYXSr208l4_$G1weNS',$,'EPset_IfcKit_Geometry',$,(#6655,#6656,#6657,#6658));
#6660=IFCRELDEFINESBYPROPERTIES('3LBIOskfbDPwY7iZ$eS4Ns',$,$,$,(#6649),#6659);
#6661=IFCCOLOURRGB($,0.501960784313725,0.501960784313725,0.501960784313725);
#6662=IFCSURFACESTYLERENDERING(#6661,0.,$,$,$,$,$,$,.FLAT.);
#6663=IFCSURFACESTYLE($,.BOTH.,(#6662));
#6664=IFCPRESENTATIONSTYLEASSIGNMENT((#6663));
#6665=IFCSTYLEDITEM(#6640,(#6664),$);
#6666=IFCCARTESIANPOINT((-80.,40.));
#6667=IFCCARTESIANPOINT((-80.,32.));
#6668=IFCCARTESIANPOINT((-8.,32.));
#6669=IFCCARTESIANPOINT((-8.,-40.));
#6670=IFCCARTESIANPOINT((0.,-40.));
#6671=IFCCARTESIANPOINT((0.,40.));
#6672=IFCCARTESIANPOINT((-80.,40.));
#6673=IFCPOLYLINE((#6666,#6667,#6668,#6669,#6670,#6671,#6672));
#6674=IFCARBITRARYCLOSEDPROFILEDEF(.AREA.,$,#6673);
#6675=IFCCARTESIANPOINT((8046.1506,5818.8778,3523.6959));
#6676=IFCDIRECTION((-0.6782,-0.6782,0.2829));
#6677=IFCDIRECTION((-0.2001,-0.2001,-0.9591));
#6678=IFCAXIS2PLACEMENT3D(#6675,#6676,#6677);
#6679=IFCCARTESIANPOINT((-19254.7408,0.,0.));
#6680=IFCDIRECTION((0.,1.,0.));
#6681=IFCAXIS1PLACEMENT(#6679,#6680);
#6682=IFCREVOLVEDAREASOLID(#6674,#6678,#6681,0.0733087579409345);
#6683=IFCSHAPEREPRESENTATION(#17,'Body','SweptSolid',(#6682));
#6684=IFCPRODUCTDEFINITIONSHAPE($,$,(#6683));
#6690=IFCOWNERHISTORY(#3,#4,.READWRITE.,.MODIFIED.,1779428011,#3,#4,1779428011);
#6691=IFCBEAM('1bvBeirdv5CvAGXKZcvjxI',#6690,'swept beam_0_10',$,$,#6696,#6684,$);
#6692=IFCCARTESIANPOINT((0.,0.,0.));
#6693=IFCDIRECTION((0.,0.,1.));
#6694=IFCDIRECTION((1.,0.,0.));
#6695=IFCAXIS2PLACEMENT3D(#6692,#6693,#6694);
#6696=IFCLOCALPLACEMENT(#39,#6695);
#6697=IFCPROPERTYSINGLEVALUE('Name',$,IFCLABEL('swept beam_0_10'),$);
#6698=IFCPROPERTYSINGLEVALUE('ArcLength',$,IFCLENGTHMEASURE(1412.),$);
#6699=IFCPROPERTYSINGLEVALUE('ArcAngle_rad',$,IFCREAL(0.07),$);
#6700=IFCPROPERTYSINGLEVALUE('ArcAngle_deg',$,IFCREAL(4.2),$);
#6701=IFCPROPERTYSET('3qGbQNabH2QvuClseWAgXd',$,'EPset_IfcKit_Geometry',$,(#6697,#6698,#6699,#6700));
#6702=IFCRELDEFINESBYPROPERTIES('374i88dwbEdeixeBICVQV8',$,$,$,(#6691),#6701);
#6703=IFCCOLOURRGB($,0.501960784313725,0.501960784313725,0.501960784313725);
#6704=IFCSURFACESTYLERENDERING(#6703,0.,$,$,$,$,$,$,.FLAT.);
#6705=IFCSURFACESTYLE($,.BOTH.,(#6704));
#6706=IFCPRESENTATIONSTYLEASSIGNMENT((#6705));
#6707=IFCSTYLEDITEM(#6682,(#6706),$);
#6708=IFCCARTESIANPOINT((-80.,40.));
#6709=IFCCARTESIANPOINT((-80.,32.));
#6710=IFCCARTESIANPOINT((-8.,32.));
#6711=IFCCARTESIANPOINT((-8.,-40.));
#6712=IFCCARTESIANPOINT((0.,-40.));
#6713=IFCCARTESIANPOINT((0.,40.));
#6714=IFCCARTESIANPOINT((-80.,40.));
#6715=IFCPOLYLINE((#6708,#6709,#6710,#6711,#6712,#6713,#6714));
#6716=IFCARBITRARYCLOSEDPROFILEDEF(.AREA.,$,#6715);
#6717=IFCCARTESIANPOINT((9012.9646,6785.6919,3174.2717));
#6718=IFCDIRECTION((-0.691,-0.691,0.2119));
#6719=IFCDIRECTION((-0.1499,-0.1499,-0.9773));
#6720=IFCAXIS2PLACEMENT3D(#6717,#6718,#6719);
#6721=IFCCARTESIANPOINT((-7544.254,0.,0.));
#6722=IFCDIRECTION((0.,1.,0.));
#6723=IFCAXIS1PLACEMENT(#6721,#6722);
#6724=IFCREVOLVEDAREASOLID(#6716,#6720,#6723,0.186641623976816);
#6725=IFCSHAPEREPRESENTATION(#17,'Body','SweptSolid',(#6724));
#6726=IFCPRODUCTDEFINITIONSHAPE($,$,(#6725));
#6732=IFCOWNERHISTORY(#3,#4,.READWRITE.,.MODIFIED.,1779428011,#3,#4,1779428011);
#6733=IFCBEAM('03Zxh88Ub0SREOZyCLmQPc',#6732,'swept beam_0_11',$,$,#6738,#6726,$);
#6734=IFCCARTESIANPOINT((0.,0.,0.));
#6735=IFCDIRECTION((0.,0.,1.));
#6736=IFCDIRECTION((1.,0.,0.));
#6737=IFCAXIS2PLACEMENT3D(#6734,#6735,#6736);
#6738=IFCLOCALPLACEMENT(#39,#6737);
#6739=IFCPROPERTYSINGLEVALUE('Name',$,IFCLABEL('swept beam_0_11'),$);
#6740=IFCPROPERTYSINGLEVALUE('ArcLength',$,IFCLENGTHMEASURE(1408.),$);
#6741=IFCPROPERTYSINGLEVALUE('ArcAngle_rad',$,IFCREAL(0.19),$);
#6742=IFCPROPERTYSINGLEVALUE('ArcAngle_deg',$,IFCREAL(10.7),$);
#6743=IFCPROPERTYSET('16K1DDPsTERA0E55TQAvjD',$,'EPset_IfcKit_Geometry',$,(#6739,#6740,#6741,#6742));
#6744=IFCRELDEFINESBYPROPERTIES('2a29RIBiX9tAnd3F$nT5IP',$,$,$,(#6733),#6743);
#6745=IFCCOLOURRGB($,0.501960784313725,0.501960784313725,0.501960784313725);
#6746=IFCSURFACESTYLERENDERING(#6745,0.,$,$,$,$,$,$,.FLAT.);
#6747=IFCSURFACESTYLE($,.BOTH.,(#6746));
#6748=IFCPRESENTATIONSTYLEASSIGNMENT((#6747));
#6749=IFCSTYLEDITEM(#6724,(#6748),$);
#6750=IFCCARTESIANPOINT((-80.,40.));
#6751=IFCCARTESIANPOINT((-80.,32.));
#6752=IFCCARTESIANPOINT((-8.,32.));
#6753=IFCCARTESIANPOINT((-8.,-40.));
#6754=IFCCARTESIANPOINT((0.,-40.));
#6755=IFCCARTESIANPOINT((0.,40.));
#6756=IFCCARTESIANPOINT((-80.,40.));
#6757=IFCPOLYLINE((#6750,#6751,#6752,#6753,#6754,#6755,#6756));
#6758=IFCARBITRARYCLOSEDPROFILEDEF(.AREA.,$,#6757);
#6759=IFCCARTESIANPOINT((1818.1818,0.,3328.3286));
#6760=IFCDIRECTION((-0.701,-0.701,-0.1307));
#6761=IFCDIRECTION((0.0924,0.0924,-0.9914));
#6762=IFCAXIS2PLACEMENT3D(#6759,#6760,#6761);
#6763=IFCCARTESIANPOINT((-7204.8883,0.,0.));
#6764=IFCDIRECTION((0.,1.,0.));
#6765=IFCAXIS1PLACEMENT(#6763,#6764);
#6766=IFCREVOLVEDAREASOLID(#6758,#6762,#6765,0.100540214251851);
#6767=IFCSHAPEREPRESENTATION(#17,'Body','SweptSolid',(#6766));
#6768=IFCPRODUCTDEFINITIONSHAPE($,$,(#6767));
#6774=IFCOWNERHISTORY(#3,#4,.READWRITE.,.MODIFIED.,1779428011,#3,#4,1779428011);
#6775=IFCBEAM('0uRPuetgHDhAH6EHHAUaTe',#6774,'swept beam_0_0',$,$,#6780,#6768,$);
#6776=IFCCARTESIANPOINT((0.,0.,0.));
#6777=IFCDIRECTION((0.,0.,1.));
#6778=IFCDIRECTION((1.,0.,0.));
#6779=IFCAXIS2PLACEMENT3D(#6776,#6777,#6778);
#6780=IFCLOCALPLACEMENT(#39,#6779);
#6781=IFCPROPERTYSINGLEVALUE('Name',$,IFCLABEL('swept beam_0_0'),$);
#6782=IFCPROPERTYSINGLEVALUE('ArcLength',$,IFCLENGTHMEASURE(724.),$);
#6783=IFCPROPERTYSINGLEVALUE('ArcAngle_rad',$,IFCREAL(0.1),$);
#6784=IFCPROPERTYSINGLEVALUE('ArcAngle_deg',$,IFCREAL(5.8),$);
#6785=IFCPROPERTYSET('04scPdscTBQh2Bd8sE0rtN',$,'EPset_IfcKit_Geometry',$,(#6781,#6782,#6783,#6784));
#6786=IFCRELDEFINESBYPROPERTIES('2atregULD3KRYrRyqFdYuc',$,$,$,(#6775),#6785);
#6787=IFCCOLOURRGB($,0.501960784313725,0.501960784313725,0.501960784313725);
#6788=IFCSURFACESTYLERENDERING(#6787,0.,$,$,$,$,$,$,.FLAT.);
#6789=IFCSURFACESTYLE($,.BOTH.,(#6788));
#6790=IFCPRESENTATIONSTYLEASSIGNMENT((#6789));
#6791=IFCSTYLEDITEM(#6766,(#6790),$);
#6792=IFCCARTESIANPOINT((-80.,40.));
#6793=IFCCARTESIANPOINT((-80.,32.));
#6794=IFCCARTESIANPOINT((-8.,32.));
#6795=IFCCARTESIANPOINT((-8.,-40.));
#6796=IFCCARTESIANPOINT((0.,-40.));
#6797=IFCCARTESIANPOINT((0.,40.));
#6798=IFCCARTESIANPOINT((-80.,40.));
#6799=IFCPOLYLINE((#6792,#6793,#6794,#6795,#6796,#6797,#6798));
#6800=IFCARBITRARYCLOSEDPROFILEDEF(.AREA.,$,#6799);
#6801=IFCCARTESIANPOINT((2321.784,503.6022,3458.9259));
#6802=IFCDIRECTION((-0.6882,-0.6882,-0.2296));
#6803=IFCDIRECTION((0.1623,0.1623,-0.9733));
#6804=IFCAXIS2PLACEMENT3D(#6801,#6802,#6803);
#6805=IFCCARTESIANPOINT((-24819.44,0.,0.));
#6806=IFCDIRECTION((0.,1.,0.));
#6807=IFCAXIS1PLACEMENT(#6805,#6806);
#6808=IFCREVOLVEDAREASOLID(#6800,#6804,#6807,0.0292085668275549);
#6809=IFCSHAPEREPRESENTATION(#17,'Body','SweptSolid',(#6808));
#6810=IFCPRODUCTDEFINITIONSHAPE($,$,(#6809));
#6816=IFCOWNERHISTORY(#3,#4,.READWRITE.,.MODIFIED.,1779428011,#3,#4,1779428011);
#6817=IFCBEAM('1sW$1tykX4neJwXV_Xm9Cs',#6816,'swept beam_0_1',$,$,#6822,#6810,$);
#6818=IFCCARTESIANPOINT((0.,0.,0.));
#6819=IFCDIRECTION((0.,0.,1.));
#6820=IFCDIRECTION((1.,0.,0.));
#6821=IFCAXIS2PLACEMENT3D(#6818,#6819,#6820);
#6822=IFCLOCALPLACEMENT(#39,#6821);
#6823=IFCPROPERTYSINGLEVALUE('Name',$,IFCLABEL('swept beam_0_1'),$);
#6824=IFCPROPERTYSINGLEVALUE('ArcLength',$,IFCLENGTHMEASURE(725.),$);
#6825=IFCPROPERTYSINGLEVALUE('ArcAngle_rad',$,IFCREAL(0.03),$);
#6826=IFCPROPERTYSINGLEVALUE('ArcAngle_deg',$,IFCREAL(1.7),$);
#6827=IFCPROPERTYSET('26UEfJbGD36gc6d9mLySKc',$,'EPset_IfcKit_Geometry',$,(#6823,#6824,#6825,#6826));
#6828=IFCRELDEFINESBYPROPERTIES('2VyZb3_wf08hmTfENwE6eu',$,$,$,(#6817),#6827);
#6829=IFCCOLOURRGB($,0.501960784313725,0.501960784313725,0.501960784313725);
#6830=IFCSURFACESTYLERENDERING(#6829,0.,$,$,$,$,$,$,.FLAT.);
#6831=IFCSURFACESTYLE($,.BOTH.,(#6830));
#6832=IFCPRESENTATIONSTYLEASSIGNMENT((#6831));
#6833=IFCSTYLEDITEM(#6808,(#6832),$);
#6834=IFCCARTESIANPOINT((-80.,40.));
#6835=IFCCARTESIANPOINT((-80.,32.));
#6836=IFCCARTESIANPOINT((-8.,32.));
#6837=IFCCARTESIANPOINT((-8.,-40.));
#6838=IFCCARTESIANPOINT((0.,-40.));
#6839=IFCCARTESIANPOINT((0.,40.));
#6840=IFCCARTESIANPOINT((-80.,40.));
#6841=IFCPOLYLINE((#6834,#6835,#6836,#6837,#6838,#6839,#6840));
#6842=IFCARBITRARYCLOSEDPROFILEDEF(.AREA.,$,#6841);
#6843=IFCCARTESIANPOINT((2818.9152,1000.7334,3635.6241));
#6844=IFCDIRECTION((-0.6832,-0.6832,-0.2579));
#6845=IFCDIRECTION((0.1824,0.1824,-0.9662));
#6846=IFCAXIS2PLACEMENT3D(#6843,#6844,#6845);
#6847=IFCCARTESIANPOINT((-59488.302,0.,0.));
#6848=IFCDIRECTION((0.,1.,0.));
#6849=IFCAXIS1PLACEMENT(#6847,#6848);
#6850=IFCREVOLVEDAREASOLID(#6842,#6846,#6849,0.0121652735158957);
#6851=IFCSHAPEREPRESENTATION(#17,'Body','SweptSolid',(#6850));
#6852=IFCPRODUCTDEFINITIONSHAPE($,$,(#6851));
#6858=IFCOWNERHISTORY(#3,#4,.READWRITE.,.MODIFIED.,1779428011,#3,#4,1779428011);
#6859=IFCBEAM('3Pjm92sLH4pvoWOLMNTfJY',#6858,'swept beam_0_2',$,$,#6864,#6852,$);
#6860=IFCCARTESIANPOINT((0.,0.,0.));
#6861=IFCDIRECTION((0.,0.,1.));
#6862=IFCDIRECTION((1.,0.,0.));
#6863=IFCAXIS2PLACEMENT3D(#6860,#6861,#6862);
#6864=IFCLOCALPLACEMENT(#39,#6863);
#6865=IFCPROPERTYSINGLEVALUE('Name',$,IFCLABEL('swept beam_0_2'),$);
#6866=IFCPROPERTYSINGLEVALUE('ArcLength',$,IFCLENGTHMEASURE(724.),$);
#6867=IFCPROPERTYSINGLEVALUE('ArcAngle_rad',$,IFCREAL(0.01),$);
#6868=IFCPROPERTYSINGLEVALUE('ArcAngle_deg',$,IFCREAL(0.7),$);
#6869=IFCPROPERTYSET('3namqimwDEDwlVrbXAPvuX',$,'EPset_IfcKit_Geometry',$,(#6865,#6866,#6867,#6868));
#6870=IFCRELDEFINESBYPROPERTIES('28G_YDEyfDUPTB8tQ4dCdi',$,$,$,(#6859),#6869);
#6871=IFCCOLOURRGB($,0.501960784313725,0.501960784313725,0.501960784313725);
#6872=IFCSURFACESTYLERENDERING(#6871,0.,$,$,$,$,$,$,.FLAT.);
#6873=IFCSURFACESTYLE($,.BOTH.,(#6872));
#6874=IFCPRESENTATIONSTYLEASSIGNMENT((#6873));
#6875=IFCSTYLEDITEM(#6850,(#6874),$);
#6876=IFCCARTESIANPOINT((80.,-40.));
#6877=IFCCARTESIANPOINT((80.,-32.));
#6878=IFCCARTESIANPOINT((8.,-32.));
#6879=IFCCARTESIANPOINT((8.,40.));
#6880=IFCCARTESIANPOINT((0.,40.));
#6881=IFCCARTESIANPOINT((0.,-40.));
#6882=IFCCARTESIANPOINT((80.,-40.));
#6883=IFCPOLYLINE((#6876,#6877,#6878,#6879,#6880,#6881,#6882));
#6884=IFCARBITRARYCLOSEDPROFILEDEF(.AREA.,$,#6883);
#6885=IFCCARTESIANPOINT((3312.5182,1494.3364,3826.5035));
#6886=IFCDIRECTION((-0.6809,-0.6809,-0.2696));
#6887=IFCDIRECTION((-0.1907,-0.1907,0.963));
#6888=IFCAXIS2PLACEMENT3D(#6885,#6886,#6887);
#6889=IFCCARTESIANPOINT((-30111.5346,0.,0.));
#6890=IFCDIRECTION((0.,1.,0.));
#6891=IFCAXIS1PLACEMENT(#6889,#6890);
#6892=IFCREVOLVEDAREASOLID(#6884,#6888,#6891,0.0240328354448826);
#6893=IFCSHAPEREPRESENTATION(#17,'Body','SweptSolid',(#6892));
#6894=IFCPRODUCTDEFINITIONSHAPE($,$,(#6893));
#6900=IFCOWNERHISTORY(#3,#4,.READWRITE.,.MODIFIED.,1779428011,#3,#4,1779428011);
#6901=IFCBEAM('1KcSe7MZD5eQ3IrvlCgauh',#6900,'swept beam_0_3',$,$,#6906,#6894,$);
#6902=IFCCARTESIANPOINT((0.,0.,0.));
#6903=IFCDIRECTION((0.,0.,1.));
#6904=IFCDIRECTION((1.,0.,0.));
#6905=IFCAXIS2PLACEMENT3D(#6902,#6903,#6904);
#6906=IFCLOCALPLACEMENT(#39,#6905);
#6907=IFCPROPERTYSINGLEVALUE('Name',$,IFCLABEL('swept beam_0_3'),$);
#6908=IFCPROPERTYSINGLEVALUE('ArcLength',$,IFCLENGTHMEASURE(724.),$);
#6909=IFCPROPERTYSINGLEVALUE('ArcAngle_rad',$,IFCREAL(0.02),$);
#6910=IFCPROPERTYSINGLEVALUE('ArcAngle_deg',$,IFCREAL(1.4),$);
#6911=IFCPROPERTYSET('2bjgM9ybr0rfWTlte2Y$17',$,'EPset_IfcKit_Geometry',$,(#6907,#6908,#6909,#6910));
#6912=IFCRELDEFINESBYPROPERTIES('2IZykH75nARxN7LFFCc6Ha',$,$,$,(#6901),#6911);
#6913=IFCCOLOURRGB($,0.501960784313725,0.501960784313725,0.501960784313725);
#6914=IFCSURFACESTYLERENDERING(#6913,0.,$,$,$,$,$,$,.FLAT.);
#6915=IFCSURFACESTYLE($,.BOTH.,(#6914));
#6916=IFCPRESENTATIONSTYLEASSIGNMENT((#6915));
#6917=IFCSTYLEDITEM(#6892,(#6916),$);
#6918=IFCCARTESIANPOINT((80.,-40.));
#6919=IFCCARTESIANPOINT((80.,-32.));
#6920=IFCCARTESIANPOINT((8.,-32.));
#6921=IFCCARTESIANPOINT((8.,40.));
#6922=IFCCARTESIANPOINT((0.,40.));
#6923=IFCCARTESIANPOINT((0.,-40.));
#6924=IFCCARTESIANPOINT((80.,-40.));
#6925=IFCPOLYLINE((#6918,#6919,#6920,#6921,#6922,#6923,#6924));
#6926=IFCARBITRARYCLOSEDPROFILEDEF(.AREA.,$,#6925);
#6927=IFCCARTESIANPOINT((3806.8869,1988.7051,4013.2275));
#6928=IFCDIRECTION((-0.6853,-0.6853,-0.2464));
#6929=IFCDIRECTION((-0.1742,-0.1742,0.9692));
#6930=IFCAXIS2PLACEMENT3D(#6927,#6928,#6929);
#6931=IFCCARTESIANPOINT((-11838.0658,0.,0.));
#6932=IFCDIRECTION((0.,1.,0.));
#6933=IFCAXIS1PLACEMENT(#6931,#6932);
#6934=IFCREVOLVEDAREASOLID(#6926,#6930,#6933,0.1226158560662);
#6935=IFCSHAPEREPRESENTATION(#17,'Body','SweptSolid',(#6934));
#6936=IFCPRODUCTDEFINITIONSHAPE($,$,(#6935));
#6942=IFCOWNERHISTORY(#3,#4,.READWRITE.,.MODIFIED.,1779428011,#3,#4,1779428011);
#6943=IFCBEAM('2TR3FUCTjDggKDnXswfd4O',#6942,'swept beam_0_4',$,$,#6948,#6936,$);
#6944=IFCCARTESIANPOINT((0.,0.,0.));
#6945=IFCDIRECTION((0.,0.,1.));
#6946=IFCDIRECTION((1.,0.,0.));
#6947=IFCAXIS2PLACEMENT3D(#6944,#6945,#6946);
#6948=IFCLOCALPLACEMENT(#39,#6947);
#6949=IFCPROPERTYSINGLEVALUE('Name',$,IFCLABEL('swept beam_0_4'),$);
#6950=IFCPROPERTYSINGLEVALUE('ArcLength',$,IFCLENGTHMEASURE(1452.),$);
#6951=IFCPROPERTYSINGLEVALUE('ArcAngle_rad',$,IFCREAL(0.12),$);
#6952=IFCPROPERTYSINGLEVALUE('ArcAngle_deg',$,IFCREAL(7.),$);
#6953=IFCPROPERTYSET('26$wol2xjDO93dk1RATE42',$,'EPset_IfcKit_Geometry',$,(#6949,#6950,#6951,#6952));
#6954=IFCRELDEFINESBYPROPERTIES('3odW60A4zENg6zvWb49P1e',$,$,$,(#6943),#6953);
#6955=IFCCOLOURRGB($,0.501960784313725,0.501960784313725,0.501960784313725);
#6956=IFCSURFACESTYLERENDERING(#6955,0.,$,$,$,$,$,$,.FLAT.);
#6957=IFCSURFACESTYLE($,.BOTH.,(#6956));
#6958=IFCPRESENTATIONSTYLEASSIGNMENT((#6957));
#6959=IFCSTYLEDITEM(#6934,(#6958),$);
#6960=IFCCARTESIANPOINT((80.,-40.));
#6961=IFCCARTESIANPOINT((80.,-32.));
#6962=IFCCARTESIANPOINT((8.,-32.));
#6963=IFCCARTESIANPOINT((8.,40.));
#6964=IFCCARTESIANPOINT((0.,40.));
#6965=IFCCARTESIANPOINT((0.,-40.));
#6966=IFCCARTESIANPOINT((80.,-40.));
#6967=IFCPOLYLINE((#6960,#6961,#6962,#6963,#6964,#6965,#6966));
#6968=IFCARBITRARYCLOSEDPROFILEDEF(.AREA.,$,#6967);
#6969=IFCCARTESIANPOINT((4814.6255,2996.4436,4283.8565));
#6970=IFCDIRECTION((-0.7015,-0.7015,-0.126));
#6971=IFCDIRECTION((-0.0891,-0.0891,0.992));
#6972=IFCAXIS2PLACEMENT3D(#6969,#6970,#6971);
#6973=IFCCARTESIANPOINT((-4820.5608,0.,0.));
#6974=IFCDIRECTION((0.,1.,0.));
#6975=IFCAXIS1PLACEMENT(#6973,#6974);
#6976=IFCREVOLVEDAREASOLID(#6968,#6972,#6975,0.299237971046914);
#6977=IFCSHAPEREPRESENTATION(#17,'Body','SweptSolid',(#6976));
#6978=IFCPRODUCTDEFINITIONSHAPE($,$,(#6977));
#6984=IFCOWNERHISTORY(#3,#4,.READWRITE.,.MODIFIED.,1779428011,#3,#4,1779428011);
#6985=IFCBEAM('2su_Mz$3DD_ez7GiHr7LjM',#6984,'swept beam_0_5',$,$,#6990,#6978,$);
#6986=IFCCARTESIANPOINT((0.,0.,0.));
#6987=IFCDIRECTION((0.,0.,1.));
#6988=IFCDIRECTION((1.,0.,0.));
#6989=IFCAXIS2PLACEMENT3D(#6986,#6987,#6988);
#6990=IFCLOCALPLACEMENT(#39,#6989);
#6991=IFCPROPERTYSINGLEVALUE('Name',$,IFCLABEL('swept beam_0_5'),$);
#6992=IFCPROPERTYSINGLEVALUE('ArcLength',$,IFCLENGTHMEASURE(1442.),$);
#6993=IFCPROPERTYSINGLEVALUE('ArcAngle_rad',$,IFCREAL(0.3),$);
#6994=IFCPROPERTYSINGLEVALUE('ArcAngle_deg',$,IFCREAL(17.1),$);
#6995=IFCPROPERTYSET('0jGiz6Pk58DPOmlvldlSTT',$,'EPset_IfcKit_Geometry',$,(#6991,#6992,#6993,#6994));
#6996=IFCRELDEFINESBYPROPERTIES('3DyHKzIwP6pv6GwBJB8tC6',$,$,$,(#6985),#6995);
#6997=IFCCOLOURRGB($,0.501960784313725,0.501960784313725,0.501960784313725);
#6998=IFCSURFACESTYLERENDERING(#6997,0.,$,$,$,$,$,$,.FLAT.);
#6999=IFCSURFACESTYLE($,.BOTH.,(#6998));
#7000=IFCPRESENTATIONSTYLEASSIGNMENT((#6999));
#7001=IFCSTYLEDITEM(#6976,(#7000),$);
#7002=IFCCARTESIANPOINT((80.,-40.));
#7003=IFCCARTESIANPOINT((80.,-32.));
#7004=IFCCARTESIANPOINT((8.,-32.));
#7005=IFCCARTESIANPOINT((8.,40.));
#7006=IFCCARTESIANPOINT((0.,40.));
#7007=IFCCARTESIANPOINT((0.,-40.));
#7008=IFCCARTESIANPOINT((80.,-40.));
#7009=IFCPOLYLINE((#7002,#7003,#7004,#7005,#7006,#7007,#7008));
#7010=IFCARBITRARYCLOSEDPROFILEDEF(.AREA.,$,#7009);
#7011=IFCCARTESIANPOINT((5830.547,4012.3651,4250.4219));
#7012=IFCDIRECTION((-0.6966,-0.6966,0.172));
#7013=IFCDIRECTION((0.1216,0.1216,0.9851));
#7014=IFCAXIS2PLACEMENT3D(#7011,#7012,#7013);
#7015=IFCCARTESIANPOINT((-7401.3472,0.,0.));
#7016=IFCDIRECTION((0.,1.,0.));
#7017=IFCAXIS1PLACEMENT(#7015,#7016);
#7018=IFCREVOLVEDAREASOLID(#7010,#7014,#7017,0.0978581860950693);
#7019=IFCSHAPEREPRESENTATION(#17,'Body','SweptSolid',(#7018));
#7020=IFCPRODUCTDEFINITIONSHAPE($,$,(#7019));
#7026=IFCOWNERHISTORY(#3,#4,.READWRITE.,.MODIFIED.,1779428011,#3,#4,1779428011);
#7027=IFCBEAM('20heXsWxb2_85KT8mGooHQ',#7026,'swept beam_0_6',$,$,#7032,#7020,$);
#7028=IFCCARTESIANPOINT((0.,0.,0.));
#7029=IFCDIRECTION((0.,0.,1.));
#7030=IFCDIRECTION((1.,0.,0.));
#7031=IFCAXIS2PLACEMENT3D(#7028,#7029,#7030);
#7032=IFCLOCALPLACEMENT(#39,#7031);
#7033=IFCPROPERTYSINGLEVALUE('Name',$,IFCLABEL('swept beam_0_6'),$);
#7034=IFCPROPERTYSINGLEVALUE('ArcLength',$,IFCLENGTHMEASURE(724.),$);
#7035=IFCPROPERTYSINGLEVALUE('ArcAngle_rad',$,IFCREAL(0.1),$);
#7036=IFCPROPERTYSINGLEVALUE('ArcAngle_deg',$,IFCREAL(5.6),$);
#7037=IFCPROPERTYSET('0mulXeKWrEx9iedK4vKk2s',$,'EPset_IfcKit_Geometry',$,(#7033,#7034,#7035,#7036));
#7038=IFCRELDEFINESBYPROPERTIES('2IX_bRkhD4COggavx1AnH6',$,$,$,(#7027),#7037);
#7039=IFCCOLOURRGB($,0.501960784313725,0.501960784313725,0.501960784313725);
#7040=IFCSURFACESTYLERENDERING(#7039,0.,$,$,$,$,$,$,.FLAT.);
#7041=IFCSURFACESTYLE($,.BOTH.,(#7040));
#7042=IFCPRESENTATIONSTYLEASSIGNMENT((#7041));
#7043=IFCSTYLEDITEM(#7018,(#7042),$);
#7044=IFCCARTESIANPOINT((80.,-40.));
#7045=IFCCARTESIANPOINT((80.,-32.));
#7046=IFCCARTESIANPOINT((8.,-32.));
#7047=IFCCARTESIANPOINT((8.,40.));
#7048=IFCCARTESIANPOINT((0.,40.));
#7049=IFCCARTESIANPOINT((0.,-40.));
#7050=IFCCARTESIANPOINT((80.,-40.));
#7051=IFCPOLYLINE((#7044,#7045,#7046,#7047,#7048,#7049,#7050));
#7052=IFCARBITRARYCLOSEDPROFILEDEF(.AREA.,$,#7051);
#7053=IFCCARTESIANPOINT((6329.9449,4511.7631,4091.1428));
#7054=IFCDIRECTION((-0.6813,-0.6813,0.2674));
#7055=IFCDIRECTION((0.1891,0.1891,0.9636));
#7056=IFCAXIS2PLACEMENT3D(#7053,#7054,#7055);
#7057=IFCCARTESIANPOINT((-27935.5907,0.,0.));
#7058=IFCDIRECTION((0.,1.,0.));
#7059=IFCAXIS1PLACEMENT(#7057,#7058);
#7060=IFCREVOLVEDAREASOLID(#7052,#7056,#7059,0.0259461236232304);
#7061=IFCSHAPEREPRESENTATION(#17,'Body','SweptSolid',(#7060));
#7062=IFCPRODUCTDEFINITIONSHAPE($,$,(#7061));
#7068=IFCOWNERHISTORY(#3,#4,.READWRITE.,.MODIFIED.,1779428011,#3,#4,1779428011);
#7069=IFCBEAM('0ViisVX21FYPS6NZP4RPi8',#7068,'swept beam_0_7',$,$,#7074,#7062,$);
#7070=IFCCARTESIANPOINT((0.,0.,0.));
#7071=IFCDIRECTION((0.,0.,1.));
#7072=IFCDIRECTION((1.,0.,0.));
#7073=IFCAXIS2PLACEMENT3D(#7070,#7071,#7072);
#7074=IFCLOCALPLACEMENT(#39,#7073);
#7075=IFCPROPERTYSINGLEVALUE('Name',$,IFCLABEL('swept beam_0_7'),$);
#7076=IFCPROPERTYSINGLEVALUE('ArcLength',$,IFCLENGTHMEASURE(725.),$);
#7077=IFCPROPERTYSINGLEVALUE('ArcAngle_rad',$,IFCREAL(0.03),$);
#7078=IFCPROPERTYSINGLEVALUE('ArcAngle_deg',$,IFCREAL(1.5),$);
#7079=IFCPROPERTYSET('1ZGbmKcNn529GWOryku9Wb',$,'EPset_IfcKit_Geometry',$,(#7075,#7076,#7077,#7078));
#7080=IFCRELDEFINESBYPROPERTIES('3lnQk1emb8GwbIpmPzdeHS',$,$,$,(#7069),#7079);
#7081=IFCCOLOURRGB($,0.501960784313725,0.501960784313725,0.501960784313725);
#7082=IFCSURFACESTYLERENDERING(#7081,0.,$,$,$,$,$,$,.FLAT.);
#7083=IFCSURFACESTYLE($,.BOTH.,(#7082));
#7084=IFCPRESENTATIONSTYLEASSIGNMENT((#7083));
#7085=IFCSTYLEDITEM(#7060,(#7084),$);
#7086=IFCCARTESIANPOINT((80.,-40.));
#7087=IFCCARTESIANPOINT((80.,-32.));
#7088=IFCCARTESIANPOINT((8.,-32.));
#7089=IFCCARTESIANPOINT((8.,40.));
#7090=IFCCARTESIANPOINT((0.,40.));
#7091=IFCCARTESIANPOINT((0.,-40.));
#7092=IFCCARTESIANPOINT((80.,-40.));
#7093=IFCPOLYLINE((#7086,#7087,#7088,#7089,#7090,#7091,#7092));
#7094=IFCARBITRARYCLOSEDPROFILEDEF(.AREA.,$,#7093);
#7095=IFCCARTESIANPOINT((6821.9665,5003.7847,3888.2522));
#7096=IFCDIRECTION((-0.6762,-0.6762,0.2924));
#7097=IFCDIRECTION((0.2067,0.2067,0.9563));
#7098=IFCAXIS2PLACEMENT3D(#7095,#7096,#7097);
#7099=IFCCARTESIANPOINT((-419880.8054,0.,0.));
#7100=IFCDIRECTION((0.,1.,0.));
#7101=IFCAXIS1PLACEMENT(#7099,#7100);
#7102=IFCREVOLVEDAREASOLID(#7094,#7098,#7101,0.00172322405651445);
#7103=IFCSHAPEREPRESENTATION(#17,'Body','SweptSolid',(#7102));
#7104=IFCPRODUCTDEFINITIONSHAPE($,$,(#7103));
#7110=IFCOWNERHISTORY(#3,#4,.READWRITE.,.MODIFIED.,1779428011,#3,#4,1779428011);
#7111=IFCBEAM('0n_NBPHZTDP9ARCj04lKTp',#7110,'swept beam_0_8',$,$,#7116,#7104,$);
#7112=IFCCARTESIANPOINT((0.,0.,0.));
#7113=IFCDIRECTION((0.,0.,1.));
#7114=IFCDIRECTION((1.,0.,0.));
#7115=IFCAXIS2PLACEMENT3D(#7112,#7113,#7114);
#7116=IFCLOCALPLACEMENT(#39,#7115);
#7117=IFCPROPERTYSINGLEVALUE('Name',$,IFCLABEL('swept beam_0_8'),$);
#7118=IFCPROPERTYSINGLEVALUE('ArcLength',$,IFCLENGTHMEASURE(724.),$);
#7119=IFCPROPERTYSINGLEVALUE('ArcAngle_rad',$,IFCREAL(0.),$);
#7120=IFCPROPERTYSINGLEVALUE('ArcAngle_deg',$,IFCREAL(0.1),$);
#7121=IFCPROPERTYSET('2VOMmsEab3BxxA21vzTX7F',$,'EPset_IfcKit_Geometry',$,(#7117,#7118,#7119,#7120));
#7122=IFCRELDEFINESBYPROPERTIES('2wdOGl1QL0PRlwg4IIxAia',$,$,$,(#7111),#7121);
#7123=IFCCOLOURRGB($,0.501960784313725,0.501960784313725,0.501960784313725);
#7124=IFCSURFACESTYLERENDERING(#7123,0.,$,$,$,$,$,$,.FLAT.);
#7125=IFCSURFACESTYLE($,.BOTH.,(#7124));
#7126=IFCPRESENTATIONSTYLEASSIGNMENT((#7125));
#7127=IFCSTYLEDITEM(#7102,(#7126),$);
#7128=IFCCARTESIANPOINT((-80.,40.));
#7129=IFCCARTESIANPOINT((-80.,32.));
#7130=IFCCARTESIANPOINT((-8.,32.));
#7131=IFCCARTESIANPOINT((-8.,-40.));
#7132=IFCCARTESIANPOINT((0.,-40.));
#7133=IFCCARTESIANPOINT((0.,40.));
#7134=IFCCARTESIANPOINT((-80.,40.));
#7135=IFCPOLYLINE((#7128,#7129,#7130,#7131,#7132,#7133,#7134));
#7136=IFCARBITRARYCLOSEDPROFILEDEF(.AREA.,$,#7135);
#7137=IFCCARTESIANPOINT((7311.1102,5492.9284,3676.1217));
#7138=IFCDIRECTION((-0.6759,-0.6759,0.294));
#7139=IFCDIRECTION((-0.2079,-0.2079,-0.9558));
#7140=IFCAXIS2PLACEMENT3D(#7137,#7138,#7139);
#7141=IFCCARTESIANPOINT((-23598.2303,0.,0.));
#7142=IFCDIRECTION((0.,1.,0.));
#7143=IFCAXIS1PLACEMENT(#7141,#7142);
#7144=IFCREVOLVEDAREASOLID(#7136,#7140,#7143,0.0306587485101327);
#7145=IFCSHAPEREPRESENTATION(#17,'Body','SweptSolid',(#7144));
#7146=IFCPRODUCTDEFINITIONSHAPE($,$,(#7145));
#7152=IFCOWNERHISTORY(#3,#4,.READWRITE.,.MODIFIED.,1779428011,#3,#4,1779428011);
#7153=IFCBEAM('1h$$rd4MfC7voA_$g6Lq_Q',#7152,'swept beam_0_9',$,$,#7158,#7146,$);
#7154=IFCCARTESIANPOINT((0.,0.,0.));
#7155=IFCDIRECTION((0.,0.,1.));
#7156=IFCDIRECTION((1.,0.,0.));
#7157=IFCAXIS2PLACEMENT3D(#7154,#7155,#7156);
#7158=IFCLOCALPLACEMENT(#39,#7157);
#7159=IFCPROPERTYSINGLEVALUE('Name',$,IFCLABEL('swept beam_0_9'),$);
#7160=IFCPROPERTYSINGLEVALUE('ArcLength',$,IFCLENGTHMEASURE(723.),$);
#7161=IFCPROPERTYSINGLEVALUE('ArcAngle_rad',$,IFCREAL(0.03),$);
#7162=IFCPROPERTYSINGLEVALUE('ArcAngle_deg',$,IFCREAL(1.8),$);
#7163=IFCPROPERTYSET('3BXNsoCqr7zAmwp8i7lu91',$,'EPset_IfcKit_Geometry',$,(#7159,#7160,#7161,#7162));
#7164=IFCRELDEFINESBYPROPERTIES('038pF5PPLEmxXXHBouBEgN',$,$,$,(#7153),#7163);
#7165=IFCCOLOURRGB($,0.501960784313725,0.501960784313725,0.501960784313725);
#7166=IFCSURFACESTYLERENDERING(#7165,0.,$,$,$,$,$,$,.FLAT.);
#7167=IFCSURFACESTYLE($,.BOTH.,(#7166));
#7168=IFCPRESENTATIONSTYLEASSIGNMENT((#7167));
#7169=IFCSTYLEDITEM(#7144,(#7168),$);
#7170=IFCCARTESIANPOINT((-80.,40.));
#7171=IFCCARTESIANPOINT((-80.,32.));
#7172=IFCCARTESIANPOINT((-8.,32.));
#7173=IFCCARTESIANPOINT((-8.,-40.));
#7174=IFCCARTESIANPOINT((0.,-40.));
#7175=IFCCARTESIANPOINT((0.,40.));
#7176=IFCCARTESIANPOINT((-80.,40.));
#7177=IFCPOLYLINE((#7170,#7171,#7172,#7173,#7174,#7175,#7176));
#7178=IFCARBITRARYCLOSEDPROFILEDEF(.AREA.,$,#7177);
#7179=IFCCARTESIANPOINT((7802.3154,5984.1335,3474.0448));
#7180=IFCDIRECTION((-0.6819,-0.6819,0.2646));
#7181=IFCDIRECTION((-0.1871,-0.1871,-0.9644));
#7182=IFCAXIS2PLACEMENT3D(#7179,#7180,#7181);
#7183=IFCCARTESIANPOINT((-17056.7749,0.,0.));
#7184=IFCDIRECTION((0.,1.,0.));
#7185=IFCAXIS1PLACEMENT(#7183,#7184);
#7186=IFCREVOLVEDAREASOLID(#7178,#7182,#7185,0.0849888779494735);
#7187=IFCSHAPEREPRESENTATION(#17,'Body','SweptSolid',(#7186));
#7188=IFCPRODUCTDEFINITIONSHAPE($,$,(#7187));
#7194=IFCOWNERHISTORY(#3,#4,.READWRITE.,.MODIFIED.,1779428011,#3,#4,1779428011);
#7195=IFCBEAM('16L8dzoe559u3rs5K1Cbdk',#7194,'swept beam_0_10',$,$,#7200,#7188,$);
#7196=IFCCARTESIANPOINT((0.,0.,0.));
#7197=IFCDIRECTION((0.,0.,1.));
#7198=IFCDIRECTION((1.,0.,0.));
#7199=IFCAXIS2PLACEMENT3D(#7196,#7197,#7198);
#7200=IFCLOCALPLACEMENT(#39,#7199);
#7201=IFCPROPERTYSINGLEVALUE('Name',$,IFCLABEL('swept beam_0_10'),$);
#7202=IFCPROPERTYSINGLEVALUE('ArcLength',$,IFCLENGTHMEASURE(1450.),$);
#7203=IFCPROPERTYSINGLEVALUE('ArcAngle_rad',$,IFCREAL(0.08),$);
#7204=IFCPROPERTYSINGLEVALUE('ArcAngle_deg',$,IFCREAL(4.9),$);
#7205=IFCPROPERTYSET('0H87Qli75AlhkJqwtQtVf_',$,'EPset_IfcKit_Geometry',$,(#7201,#7202,#7203,#7204));
#7206=IFCRELDEFINESBYPROPERTIES('3xKgBUzZDEKPFTG9weE8SZ',$,$,$,(#7195),#7205);
#7207=IFCCOLOURRGB($,0.501960784313725,0.501960784313725,0.501960784313725);
#7208=IFCSURFACESTYLERENDERING(#7207,0.,$,$,$,$,$,$,.FLAT.);
#7209=IFCSURFACESTYLE($,.BOTH.,(#7208));
#7210=IFCPRESENTATIONSTYLEASSIGNMENT((#7209));
#7211=IFCSTYLEDITEM(#7186,(#7210),$);
#7212=IFCCARTESIANPOINT((-80.,40.));
#7213=IFCCARTESIANPOINT((-80.,32.));
#7214=IFCCARTESIANPOINT((-8.,32.));
#7215=IFCCARTESIANPOINT((-8.,-40.));
#7216=IFCCARTESIANPOINT((0.,-40.));
#7217=IFCCARTESIANPOINT((0.,40.));
#7218=IFCCARTESIANPOINT((-80.,40.));
#7219=IFCPOLYLINE((#7212,#7213,#7214,#7215,#7216,#7217,#7218));
#7220=IFCARBITRARYCLOSEDPROFILEDEF(.AREA.,$,#7219);
#7221=IFCCARTESIANPOINT((8801.1654,6982.9836,3150.3511));
#7222=IFCDIRECTION((-0.6953,-0.6953,0.1818));
#7223=IFCDIRECTION((-0.1285,-0.1285,-0.9833));
#7224=IFCAXIS2PLACEMENT3D(#7221,#7222,#7223);
#7225=IFCCARTESIANPOINT((-8916.58,0.,0.));
#7226=IFCDIRECTION((0.,1.,0.));
#7227=IFCAXIS1PLACEMENT(#7225,#7226);
#7228=IFCREVOLVEDAREASOLID(#7220,#7224,#7227,0.162318200798513);
#7229=IFCSHAPEREPRESENTATION(#17,'Body','SweptSolid',(#7228));
#7230=IFCPRODUCTDEFINITIONSHAPE($,$,(#7229));
#7236=IFCOWNERHISTORY(#3,#4,.READWRITE.,.MODIFIED.,1779428011,#3,#4,1779428011);
#7237=IFCBEAM('0MUsBY4y9A9ONS8Qazvj7G',#7236,'swept beam_0_11',$,$,#7242,#7230,$);
#7238=IFCCARTESIANPOINT((0.,0.,0.));
#7239=IFCDIRECTION((0.,0.,1.));
#7240=IFCDIRECTION((1.,0.,0.));
#7241=IFCAXIS2PLACEMENT3D(#7238,#7239,#7240);
#7242=IFCLOCALPLACEMENT(#39,#7241);
#7243=IFCPROPERTYSINGLEVALUE('Name',$,IFCLABEL('swept beam_0_11'),$);
#7244=IFCPROPERTYSINGLEVALUE('ArcLength',$,IFCLENGTHMEASURE(1447.),$);
#7245=IFCPROPERTYSINGLEVALUE('ArcAngle_rad',$,IFCREAL(0.16),$);
#7246=IFCPROPERTYSINGLEVALUE('ArcAngle_deg',$,IFCREAL(9.3),$);
#7247=IFCPROPERTYSET('37jR5_HtX8cOmqvkvOJGfN',$,'EPset_IfcKit_Geometry',$,(#7243,#7244,#7245,#7246));
#7248=IFCRELDEFINESBYPROPERTIES('17rMbFMh90EOOtsT6IUD4C',$,$,$,(#7237),#7247);
#7249=IFCCOLOURRGB($,0.501960784313725,0.501960784313725,0.501960784313725);
#7250=IFCSURFACESTYLERENDERING(#7249,0.,$,$,$,$,$,$,.FLAT.);
#7251=IFCSURFACESTYLE($,.BOTH.,(#7250));
#7252=IFCPRESENTATIONSTYLEASSIGNMENT((#7251));
#7253=IFCSTYLEDITEM(#7228,(#7252),$);
#7254=IFCCARTESIANPOINT((-80.,40.));
#7255=IFCCARTESIANPOINT((-80.,32.));
#7256=IFCCARTESIANPOINT((-8.,32.));
#7257=IFCCARTESIANPOINT((-8.,-40.));
#7258=IFCCARTESIANPOINT((0.,-40.));
#7259=IFCCARTESIANPOINT((0.,40.));
#7260=IFCCARTESIANPOINT((-80.,40.));
#7261=IFCPOLYLINE((#7254,#7255,#7256,#7257,#7258,#7259,#7260));
#7262=IFCARBITRARYCLOSEDPROFILEDEF(.AREA.,$,#7261);
#7263=IFCCARTESIANPOINT((1409.0909,0.,3232.929));
#7264=IFCDIRECTION((-0.7015,-0.7015,-0.1256));
#7265=IFCDIRECTION((0.0888,0.0888,-0.9921));
#7266=IFCAXIS2PLACEMENT3D(#7263,#7264,#7265);
#7267=IFCCARTESIANPOINT((-7275.4684,0.,0.));
#7268=IFCDIRECTION((0.,1.,0.));
#7269=IFCAXIS1PLACEMENT(#7267,#7268);
#7270=IFCREVOLVEDAREASOLID(#7262,#7266,#7269,0.0994605819992698);
#7271=IFCSHAPEREPRESENTATION(#17,'Body','SweptSolid',(#7270));
#7272=IFCPRODUCTDEFINITIONSHAPE($,$,(#7271));
#7278=IFCOWNERHISTORY(#3,#4,.READWRITE.,.MODIFIED.,1779428011,#3,#4,1779428011);
#7279=IFCBEAM('2Th05cqwnENeZXKWQD_aJt',#7278,'swept beam_0_0',$,$,#7284,#7272,$);
#7280=IFCCARTESIANPOINT((0.,0.,0.));
#7281=IFCDIRECTION((0.,0.,1.));
#7282=IFCDIRECTION((1.,0.,0.));
#7283=IFCAXIS2PLACEMENT3D(#7280,#7281,#7282);
#7284=IFCLOCALPLACEMENT(#39,#7283);
#7285=IFCPROPERTYSINGLEVALUE('Name',$,IFCLABEL('swept beam_0_0'),$);
#7286=IFCPROPERTYSINGLEVALUE('ArcLength',$,IFCLENGTHMEASURE(724.),$);
#7287=IFCPROPERTYSINGLEVALUE('ArcAngle_rad',$,IFCREAL(0.1),$);
#7288=IFCPROPERTYSINGLEVALUE('ArcAngle_deg',$,IFCREAL(5.7),$);
#7289=IFCPROPERTYSET('1Xo$9JdCH8tR8iKfQdcNyV',$,'EPset_IfcKit_Geometry',$,(#7285,#7286,#7287,#7288));
#7290=IFCRELDEFINESBYPROPERTIES('0QdzZplpX7z9arzOsSCu$7',$,$,$,(#7279),#7289);
#7291=IFCCOLOURRGB($,0.501960784313725,0.501960784313725,0.501960784313725);
#7292=IFCSURFACESTYLERENDERING(#7291,0.,$,$,$,$,$,$,.FLAT.);
#7293=IFCSURFACESTYLE($,.BOTH.,(#7292));
#7294=IFCPRESENTATIONSTYLEASSIGNMENT((#7293));
#7295=IFCSTYLEDITEM(#7270,(#7294),$);
#7296=IFCCARTESIANPOINT((-80.,40.));
#7297=IFCCARTESIANPOINT((-80.,32.));
#7298=IFCCARTESIANPOINT((-8.,32.));
#7299=IFCCARTESIANPOINT((-8.,-40.));
#7300=IFCCARTESIANPOINT((0.,-40.));
#7301=IFCCARTESIANPOINT((0.,40.));
#7302=IFCCARTESIANPOINT((-80.,40.));
#7303=IFCPOLYLINE((#7296,#7297,#7298,#7299,#7300,#7301,#7302));
#7304=IFCARBITRARYCLOSEDPROFILEDEF(.AREA.,$,#7303);
#7305=IFCCARTESIANPOINT((1912.6876,503.5967,3359.3351));
#7306=IFCDIRECTION((-0.6892,-0.6892,-0.2235));
#7307=IFCDIRECTION((0.158,0.158,-0.9747));
#7308=IFCAXIS2PLACEMENT3D(#7305,#7306,#7307);
#7309=IFCCARTESIANPOINT((-23039.5541,0.,0.));
#7310=IFCDIRECTION((0.,1.,0.));
#7311=IFCAXIS1PLACEMENT(#7309,#7310);
#7312=IFCREVOLVEDAREASOLID(#7304,#7308,#7311,0.0314311559288162);
#7313=IFCSHAPEREPRESENTATION(#17,'Body','SweptSolid',(#7312));
#7314=IFCPRODUCTDEFINITIONSHAPE($,$,(#7313));
#7320=IFCOWNERHISTORY(#3,#4,.READWRITE.,.MODIFIED.,1779428011,#3,#4,1779428011);
#7321=IFCBEAM('1xn5rHLwbCT9shHTmICQq9',#7320,'swept beam_0_1',$,$,#7326,#7314,$);
#7322=IFCCARTESIANPOINT((0.,0.,0.));
#7323=IFCDIRECTION((0.,0.,1.));
#7324=IFCDIRECTION((1.,0.,0.));
#7325=IFCAXIS2PLACEMENT3D(#7322,#7323,#7324);
#7326=IFCLOCALPLACEMENT(#39,#7325);
#7327=IFCPROPERTYSINGLEVALUE('Name',$,IFCLABEL('swept beam_0_1'),$);
#7328=IFCPROPERTYSINGLEVALUE('ArcLength',$,IFCLENGTHMEASURE(724.),$);
#7329=IFCPROPERTYSINGLEVALUE('ArcAngle_rad',$,IFCREAL(0.03),$);
#7330=IFCPROPERTYSINGLEVALUE('ArcAngle_deg',$,IFCREAL(1.8),$);
#7331=IFCPROPERTYSET('3jm_ZDM2900uFPbLe7v$9M',$,'EPset_IfcKit_Geometry',$,(#7327,#7328,#7329,#7330));
#7332=IFCRELDEFINESBYPROPERTIES('3IwchmC6rARRE2nKK3yxrS',$,$,$,(#7321),#7331);
#7333=IFCCOLOURRGB($,0.501960784313725,0.501960784313725,0.501960784313725);
#7334=IFCSURFACESTYLERENDERING(#7333,0.,$,$,$,$,$,$,.FLAT.);
#7335=IFCSURFACESTYLE($,.BOTH.,(#7334));
#7336=IFCPRESENTATIONSTYLEASSIGNMENT((#7335));
#7337=IFCSTYLEDITEM(#7312,(#7336),$);
#7338=IFCCARTESIANPOINT((-80.,40.));
#7339=IFCCARTESIANPOINT((-80.,32.));
#7340=IFCCARTESIANPOINT((-8.,32.));
#7341=IFCCARTESIANPOINT((-8.,-40.));
#7342=IFCCARTESIANPOINT((0.,-40.));
#7343=IFCCARTESIANPOINT((0.,40.));
#7344=IFCCARTESIANPOINT((-80.,40.));
#7345=IFCPOLYLINE((#7338,#7339,#7340,#7341,#7342,#7343,#7344));
#7346=IFCARBITRARYCLOSEDPROFILEDEF(.AREA.,$,#7345);
#7347=IFCCARTESIANPOINT((2409.914,1000.8231,3532.24));
#7348=IFCDIRECTION((-0.6839,-0.6839,-0.254));
#7349=IFCDIRECTION((0.1796,0.1796,-0.9672));
#7350=IFCAXIS2PLACEMENT3D(#7347,#7348,#7349);
#7351=IFCCARTESIANPOINT((-47016.8979,0.,0.));
#7352=IFCDIRECTION((0.,1.,0.));
#7353=IFCAXIS1PLACEMENT(#7351,#7352);
#7354=IFCREVOLVEDAREASOLID(#7346,#7350,#7353,0.0153694523972102);
#7355=IFCSHAPEREPRESENTATION(#17,'Body','SweptSolid',(#7354));
#7356=IFCPRODUCTDEFINITIONSHAPE($,$,(#7355));
#7362=IFCOWNERHISTORY(#3,#4,.READWRITE.,.MODIFIED.,1779428011,#3,#4,1779428011);
#7363=IFCBEAM('0sr1tp1Tr9pAd1nfMEAQmy',#7362,'swept beam_0_2',$,$,#7368,#7356,$);
#7364=IFCCARTESIANPOINT((0.,0.,0.));
#7365=IFCDIRECTION((0.,0.,1.));
#7366=IFCDIRECTION((1.,0.,0.));
#7367=IFCAXIS2PLACEMENT3D(#7364,#7365,#7366);
#7368=IFCLOCALPLACEMENT(#39,#7367);
#7369=IFCPROPERTYSINGLEVALUE('Name',$,IFCLABEL('swept beam_0_2'),$);
#7370=IFCPROPERTYSINGLEVALUE('ArcLength',$,IFCLENGTHMEASURE(723.),$);
#7371=IFCPROPERTYSINGLEVALUE('ArcAngle_rad',$,IFCREAL(0.02),$);
#7372=IFCPROPERTYSINGLEVALUE('ArcAngle_deg',$,IFCREAL(0.9),$);
#7373=IFCPROPERTYSET('3upc10rqr5jB7M_d7wnFaf',$,'EPset_IfcKit_Geometry',$,(#7369,#7370,#7371,#7372));
#7374=IFCRELDEFINESBYPROPERTIES('1DmAiCd4T25uIdrblWY1jI',$,$,$,(#7363),#7373);
#7375=IFCCOLOURRGB($,0.501960784313725,0.501960784313725,0.501960784313725);
#7376=IFCSURFACESTYLERENDERING(#7375,0.,$,$,$,$,$,$,.FLAT.);
#7377=IFCSURFACESTYLE($,.BOTH.,(#7376));
#7378=IFCPRESENTATIONSTYLEASSIGNMENT((#7377));
#7379=IFCSTYLEDITEM(#7354,(#7378),$);
#7380=IFCCARTESIANPOINT((80.,-40.));
#7381=IFCCARTESIANPOINT((80.,-32.));
#7382=IFCCARTESIANPOINT((8.,-32.));
#7383=IFCCARTESIANPOINT((8.,40.));
#7384=IFCCARTESIANPOINT((0.,40.));
#7385=IFCCARTESIANPOINT((0.,-40.));
#7386=IFCCARTESIANPOINT((80.,-40.));
#7387=IFCPOLYLINE((#7380,#7381,#7382,#7383,#7384,#7385,#7386));
#7388=IFCARBITRARYCLOSEDPROFILEDEF(.AREA.,$,#7387);
#7389=IFCCARTESIANPOINT((2903.1108,1494.0199,3721.1551));
#7390=IFCDIRECTION((-0.6811,-0.6811,-0.2688));
#7391=IFCDIRECTION((-0.1901,-0.1901,0.9632));
#7392=IFCAXIS2PLACEMENT3D(#7389,#7390,#7391);
#7393=IFCCARTESIANPOINT((-39422.852,0.,0.));
#7394=IFCDIRECTION((0.,1.,0.));
#7395=IFCAXIS1PLACEMENT(#7393,#7394);
#7396=IFCREVOLVEDAREASOLID(#7388,#7392,#7395,0.0183299261457103);
#7397=IFCSHAPEREPRESENTATION(#17,'Body','SweptSolid',(#7396));
#7398=IFCPRODUCTDEFINITIONSHAPE($,$,(#7397));
#7404=IFCOWNERHISTORY(#3,#4,.READWRITE.,.MODIFIED.,1779428011,#3,#4,1779428011);
#7405=IFCBEAM('10b4yGu7nEYeNJqQGQfsS7',#7404,'swept beam_0_3',$,$,#7410,#7398,$);
#7406=IFCCARTESIANPOINT((0.,0.,0.));
#7407=IFCDIRECTION((0.,0.,1.));
#7408=IFCDIRECTION((1.,0.,0.));
#7409=IFCAXIS2PLACEMENT3D(#7406,#7407,#7408);
#7410=IFCLOCALPLACEMENT(#39,#7409);
#7411=IFCPROPERTYSINGLEVALUE('Name',$,IFCLABEL('swept beam_0_3'),$);
#7412=IFCPROPERTYSINGLEVALUE('ArcLength',$,IFCLENGTHMEASURE(723.),$);
#7413=IFCPROPERTYSINGLEVALUE('ArcAngle_rad',$,IFCREAL(0.02),$);
#7414=IFCPROPERTYSINGLEVALUE('ArcAngle_deg',$,IFCREAL(1.1),$);
#7415=IFCPROPERTYSET('3LgXMzWgb7ue0qSmSVEdxr',$,'EPset_IfcKit_Geometry',$,(#7411,#7412,#7413,#7414));
#7416=IFCRELDEFINESBYPROPERTIES('0xeE4hujfCuujkMspifk1s',$,$,$,(#7405),#7415);
#7417=IFCCOLOURRGB($,0.501960784313725,0.501960784313725,0.501960784313725);
#7418=IFCSURFACESTYLERENDERING(#7417,0.,$,$,$,$,$,$,.FLAT.);
#7419=IFCSURFACESTYLE($,.BOTH.,(#7418));
#7420=IFCPRESENTATIONSTYLEASSIGNMENT((#7419));
#7421=IFCSTYLEDITEM(#7396,(#7420),$);
#7422=IFCCARTESIANPOINT((80.,-40.));
#7423=IFCCARTESIANPOINT((80.,-32.));
#7424=IFCCARTESIANPOINT((8.,-32.));
#7425=IFCCARTESIANPOINT((8.,40.));
#7426=IFCCARTESIANPOINT((0.,40.));
#7427=IFCCARTESIANPOINT((0.,-40.));
#7428=IFCCARTESIANPOINT((80.,-40.));
#7429=IFCPOLYLINE((#7422,#7423,#7424,#7425,#7426,#7427,#7428));
#7430=IFCARBITRARYCLOSEDPROFILEDEF(.AREA.,$,#7429);
#7431=IFCCARTESIANPOINT((3396.4987,1987.4078,3909.0352));
#7432=IFCDIRECTION((-0.6844,-0.6844,-0.2511));
#7433=IFCDIRECTION((-0.1776,-0.1776,0.968));
#7434=IFCAXIS2PLACEMENT3D(#7431,#7432,#7433);
#7435=IFCCARTESIANPOINT((-14546.7104,0.,0.));
#7436=IFCDIRECTION((0.,1.,0.));
#7437=IFCAXIS1PLACEMENT(#7435,#7436);
#7438=IFCREVOLVEDAREASOLID(#7430,#7434,#7437,0.0997183000076908);
#7439=IFCSHAPEREPRESENTATION(#17,'Body','SweptSolid',(#7438));
#7440=IFCPRODUCTDEFINITIONSHAPE($,$,(#7439));
#7446=IFCOWNERHISTORY(#3,#4,.READWRITE.,.MODIFIED.,1779428011,#3,#4,1779428011);
#7447=IFCBEAM('0rBquPptz3N8_gZoOVfLG8',#7446,'swept beam_0_4',$,$,#7452,#7440,$);
#7448=IFCCARTESIANPOINT((0.,0.,0.));
#7449=IFCDIRECTION((0.,0.,1.));
#7450=IFCDIRECTION((1.,0.,0.));
#7451=IFCAXIS2PLACEMENT3D(#7448,#7449,#7450);
#7452=IFCLOCALPLACEMENT(#39,#7451);
#7453=IFCPROPERTYSINGLEVALUE('Name',$,IFCLABEL('swept beam_0_4'),$);
#7454=IFCPROPERTYSINGLEVALUE('ArcLength',$,IFCLENGTHMEASURE(1451.),$);
#7455=IFCPROPERTYSINGLEVALUE('ArcAngle_rad',$,IFCREAL(0.1),$);
#7456=IFCPROPERTYSINGLEVALUE('ArcAngle_deg',$,IFCREAL(5.7),$);
#7457=IFCPROPERTYSET('1MwaSph1PDFfA68QOkhVy6',$,'EPset_IfcKit_Geometry',$,(#7453,#7454,#7455,#7456));
#7458=IFCRELDEFINESBYPROPERTIES('1Cbse8LljCngOgKPYNZTvZ',$,$,$,(#7447),#7457);
#7459=IFCCOLOURRGB($,0.501960784313725,0.501960784313725,0.501960784313725);
#7460=IFCSURFACESTYLERENDERING(#7459,0.,$,$,$,$,$,$,.FLAT.);
#7461=IFCSURFACESTYLE($,.BOTH.,(#7460));
#7462=IFCPRESENTATIONSTYLEASSIGNMENT((#7461));
#7463=IFCSTYLEDITEM(#7438,(#7462),$);
#7464=IFCCARTESIANPOINT((80.,-40.));
#7465=IFCCARTESIANPOINT((80.,-32.));
#7466=IFCCARTESIANPOINT((8.,-32.));
#7467=IFCCARTESIANPOINT((8.,40.));
#7468=IFCCARTESIANPOINT((0.,40.));
#7469=IFCCARTESIANPOINT((0.,-40.));
#7470=IFCCARTESIANPOINT((80.,-40.));
#7471=IFCPOLYLINE((#7464,#7465,#7466,#7467,#7468,#7469,#7470));
#7472=IFCARBITRARYCLOSEDPROFILEDEF(.AREA.,$,#7471);
#7473=IFCCARTESIANPOINT((4400.5234,2991.4325,4202.7838));
#7474=IFCDIRECTION((-0.6987,-0.6987,-0.1535));
#7475=IFCDIRECTION((-0.1086,-0.1086,0.9881));
#7476=IFCAXIS2PLACEMENT3D(#7473,#7474,#7475);
#7477=IFCCARTESIANPOINT((-4806.7164,0.,0.));
#7478=IFCDIRECTION((0.,1.,0.));
#7479=IFCAXIS1PLACEMENT(#7477,#7478);
#7480=IFCREVOLVEDAREASOLID(#7472,#7476,#7479,0.299765719948103);
#7481=IFCSHAPEREPRESENTATION(#17,'Body','SweptSolid',(#7480));
#7482=IFCPRODUCTDEFINITIONSHAPE($,$,(#7481));
#7488=IFCOWNERHISTORY(#3,#4,.READWRITE.,.MODIFIED.,1779428011,#3,#4,1779428011);
#7489=IFCBEAM('0bVVT4gqX4UgvwfXMVxck4',#7488,'swept beam_0_5',$,$,#7494,#7482,$);
#7490=IFCCARTESIANPOINT((0.,0.,0.));
#7491=IFCDIRECTION((0.,0.,1.));
#7492=IFCDIRECTION((1.,0.,0.));
#7493=IFCAXIS2PLACEMENT3D(#7490,#7491,#7492);
#7494=IFCLOCALPLACEMENT(#39,#7493);
#7495=IFCPROPERTYSINGLEVALUE('Name',$,IFCLABEL('swept beam_0_5'),$);
#7496=IFCPROPERTYSINGLEVALUE('ArcLength',$,IFCLENGTHMEASURE(1441.),$);
#7497=IFCPROPERTYSINGLEVALUE('ArcAngle_rad',$,IFCREAL(0.3),$);
#7498=IFCPROPERTYSINGLEVALUE('ArcAngle_deg',$,IFCREAL(17.2),$);
#7499=IFCPROPERTYSET('18z4Mm0eLCxgoaYyHtmrkf',$,'EPset_IfcKit_Geometry',$,(#7495,#7496,#7497,#7498));
#7500=IFCRELDEFINESBYPROPERTIES('3u0wzYQPDDOArBxsz982gZ',$,$,$,(#7489),#7499);
#7501=IFCCOLOURRGB($,0.501960784313725,0.501960784313725,0.501960784313725);
#7502=IFCSURFACESTYLERENDERING(#7501,0.,$,$,$,$,$,$,.FLAT.);
#7503=IFCSURFACESTYLE($,.BOTH.,(#7502));
#7504=IFCPRESENTATIONSTYLEASSIGNMENT((#7503));
#7505=IFCSTYLEDITEM(#7480,(#7504),$);
#7506=IFCCARTESIANPOINT((80.,-40.));
#7507=IFCCARTESIANPOINT((80.,-32.));
#7508=IFCCARTESIANPOINT((8.,-32.));
#7509=IFCCARTESIANPOINT((8.,40.));
#7510=IFCCARTESIANPOINT((0.,40.));
#7511=IFCCARTESIANPOINT((0.,-40.));
#7512=IFCCARTESIANPOINT((80.,-40.));
#7513=IFCPOLYLINE((#7506,#7507,#7508,#7509,#7510,#7511,#7512));
#7514=IFCARBITRARYCLOSEDPROFILEDEF(.AREA.,$,#7513);
#7515=IFCCARTESIANPOINT((5415.566,4006.4751,4208.8977));
#7516=IFCDIRECTION((-0.6996,-0.6996,0.1451));
#7517=IFCDIRECTION((0.1026,0.1026,0.9894));
#7518=IFCAXIS2PLACEMENT3D(#7515,#7516,#7517);
#7519=IFCCARTESIANPOINT((-6777.8005,0.,0.));
#7520=IFCDIRECTION((0.,1.,0.));
#7521=IFCAXIS1PLACEMENT(#7519,#7520);
#7522=IFCREVOLVEDAREASOLID(#7514,#7518,#7521,0.106749966734402);
#7523=IFCSHAPEREPRESENTATION(#17,'Body','SweptSolid',(#7522));
#7524=IFCPRODUCTDEFINITIONSHAPE($,$,(#7523));
#7530=IFCOWNERHISTORY(#3,#4,.READWRITE.,.MODIFIED.,1779428011,#3,#4,1779428011);
#7531=IFCBEAM('0k4eHOuZfDoASo2rlV5piE',#7530,'swept beam_0_6',$,$,#7536,#7524,$);
#7532=IFCCARTESIANPOINT((0.,0.,0.));
#7533=IFCDIRECTION((0.,0.,1.));
#7534=IFCDIRECTION((1.,0.,0.));
#7535=IFCAXIS2PLACEMENT3D(#7532,#7533,#7534);
#7536=IFCLOCALPLACEMENT(#39,#7535);
#7537=IFCPROPERTYSINGLEVALUE('Name',$,IFCLABEL('swept beam_0_6'),$);
#7538=IFCPROPERTYSINGLEVALUE('ArcLength',$,IFCLENGTHMEASURE(724.),$);
#7539=IFCPROPERTYSINGLEVALUE('ArcAngle_rad',$,IFCREAL(0.11),$);
#7540=IFCPROPERTYSINGLEVALUE('ArcAngle_deg',$,IFCREAL(6.1),$);
#7541=IFCPROPERTYSET('0rUZMDDoj0M9hUSwoaACjC',$,'EPset_IfcKit_Geometry',$,(#7537,#7538,#7539,#7540));
#7542=IFCRELDEFINESBYPROPERTIES('04HUNKIYXBIw2aUViI8Cg$',$,$,$,(#7531),#7541);
#7543=IFCCOLOURRGB($,0.501960784313725,0.501960784313725,0.501960784313725);
#7544=IFCSURFACESTYLERENDERING(#7543,0.,$,$,$,$,$,$,.FLAT.);
#7545=IFCSURFACESTYLE($,.BOTH.,(#7544));
#7546=IFCPRESENTATIONSTYLEASSIGNMENT((#7545));
#7547=IFCSTYLEDITEM(#7522,(#7546),$);
#7548=IFCCARTESIANPOINT((80.,-40.));
#7549=IFCCARTESIANPOINT((80.,-32.));
#7550=IFCCARTESIANPOINT((8.,-32.));
#7551=IFCCARTESIANPOINT((8.,40.));
#7552=IFCCARTESIANPOINT((0.,40.));
#7553=IFCCARTESIANPOINT((0.,-40.));
#7554=IFCCARTESIANPOINT((80.,-40.));
#7555=IFCPOLYLINE((#7548,#7549,#7550,#7551,#7552,#7553,#7554));
#7556=IFCARBITRARYCLOSEDPROFILEDEF(.AREA.,$,#7555);
#7557=IFCCARTESIANPOINT((5916.8442,4507.7533,4065.9324));
#7558=IFCDIRECTION((-0.6847,-0.6847,0.2497));
#7559=IFCDIRECTION((0.1766,0.1766,0.9683));
#7560=IFCAXIS2PLACEMENT3D(#7557,#7558,#7559);
#7561=IFCCARTESIANPOINT((-24332.0883,0.,0.));
#7562=IFCDIRECTION((0.,1.,0.));
#7563=IFCAXIS1PLACEMENT(#7561,#7562);
#7564=IFCREVOLVEDAREASOLID(#7556,#7560,#7563,0.0297617032870407);
#7565=IFCSHAPEREPRESENTATION(#17,'Body','SweptSolid',(#7564));
#7566=IFCPRODUCTDEFINITIONSHAPE($,$,(#7565));
#7572=IFCOWNERHISTORY(#3,#4,.READWRITE.,.MODIFIED.,1779428011,#3,#4,1779428011);
#7573=IFCBEAM('0yTeYfYrr0bOiRCaR2Tfz9',#7572,'swept beam_0_7',$,$,#7578,#7566,$);
#7574=IFCCARTESIANPOINT((0.,0.,0.));
#7575=IFCDIRECTION((0.,0.,1.));
#7576=IFCDIRECTION((1.,0.,0.));
#7577=IFCAXIS2PLACEMENT3D(#7574,#7575,#7576);
#7578=IFCLOCALPLACEMENT(#39,#7577);
#7579=IFCPROPERTYSINGLEVALUE('Name',$,IFCLABEL('swept beam_0_7'),$);
#7580=IFCPROPERTYSINGLEVALUE('ArcLength',$,IFCLENGTHMEASURE(724.),$);
#7581=IFCPROPERTYSINGLEVALUE('ArcAngle_rad',$,IFCREAL(0.03),$);
#7582=IFCPROPERTYSINGLEVALUE('ArcAngle_deg',$,IFCREAL(1.7),$);
#7583=IFCPROPERTYSET('0Lmy8eLTT5qfpb5yi4XbcA',$,'EPset_IfcKit_Geometry',$,(#7579,#7580,#7581,#7582));
#7584=IFCRELDEFINESBYPROPERTIES('2VkgMAGfjArBmLJu28BkSe',$,$,$,(#7573),#7583);
#7585=IFCCOLOURRGB($,0.501960784313725,0.501960784313725,0.501960784313725);
#7586=IFCSURFACESTYLERENDERING(#7585,0.,$,$,$,$,$,$,.FLAT.);
#7587=IFCSURFACESTYLE($,.BOTH.,(#7586));
#7588=IFCPRESENTATIONSTYLEASSIGNMENT((#7587));
#7589=IFCSTYLEDITEM(#7564,(#7588),$);
#7590=IFCCARTESIANPOINT((80.,-40.));
#7591=IFCCARTESIANPOINT((80.,-32.));
#7592=IFCCARTESIANPOINT((8.,-32.));
#7593=IFCCARTESIANPOINT((8.,40.));
#7594=IFCCARTESIANPOINT((0.,40.));
#7595=IFCCARTESIANPOINT((0.,-40.));
#7596=IFCCARTESIANPOINT((80.,-40.));
#7597=IFCPOLYLINE((#7590,#7591,#7592,#7593,#7594,#7595,#7596));
#7598=IFCARBITRARYCLOSEDPROFILEDEF(.AREA.,$,#7597);
#7599=IFCCARTESIANPOINT((6410.7091,5001.6182,3874.6989));
#7600=IFCDIRECTION((-0.6791,-0.6791,0.2784));
#7601=IFCDIRECTION((0.1969,0.1969,0.9605));
#7602=IFCAXIS2PLACEMENT3D(#7599,#7600,#7601);
#7603=IFCCARTESIANPOINT((-196255.0289,0.,0.));
#7604=IFCDIRECTION((0.,1.,0.));
#7605=IFCAXIS1PLACEMENT(#7603,#7604);
#7606=IFCREVOLVEDAREASOLID(#7598,#7602,#7605,0.0036833139990581);
#7607=IFCSHAPEREPRESENTATION(#17,'Body','SweptSolid',(#7606));
#7608=IFCPRODUCTDEFINITIONSHAPE($,$,(#7607));
#7614=IFCOWNERHISTORY(#3,#4,.READWRITE.,.MODIFIED.,1779428011,#3,#4,1779428011);
#7615=IFCBEAM('0VxXBvJ9vCrvZQlxkQZKbS',#7614,'swept beam_0_8',$,$,#7620,#7608,$);
#7616=IFCCARTESIANPOINT((0.,0.,0.));
#7617=IFCDIRECTION((0.,0.,1.));
#7618=IFCDIRECTION((1.,0.,0.));
#7619=IFCAXIS2PLACEMENT3D(#7616,#7617,#7618);
#7620=IFCLOCALPLACEMENT(#39,#7619);
#7621=IFCPROPERTYSINGLEVALUE('Name',$,IFCLABEL('swept beam_0_8'),$);
#7622=IFCPROPERTYSINGLEVALUE('ArcLength',$,IFCLENGTHMEASURE(723.),$);
#7623=IFCPROPERTYSINGLEVALUE('ArcAngle_rad',$,IFCREAL(0.),$);
#7624=IFCPROPERTYSINGLEVALUE('ArcAngle_deg',$,IFCREAL(0.2),$);
#7625=IFCPROPERTYSET('2kfqZMWqTDMfBwOTh_ZgZL',$,'EPset_IfcKit_Geometry',$,(#7621,#7622,#7623,#7624));
#7626=IFCRELDEFINESBYPROPERTIES('1rRrfQFLvCYw29XR$9a3QA',$,$,$,(#7615),#7625);
#7627=IFCCOLOURRGB($,0.501960784313725,0.501960784313725,0.501960784313725);
#7628=IFCSURFACESTYLERENDERING(#7627,0.,$,$,$,$,$,$,.FLAT.);
#7629=IFCSURFACESTYLE($,.BOTH.,(#7628));
#7630=IFCPRESENTATIONSTYLEASSIGNMENT((#7629));
#7631=IFCSTYLEDITEM(#7606,(#7630),$);
#7632=IFCCARTESIANPOINT((-80.,40.));
#7633=IFCCARTESIANPOINT((-80.,32.));
#7634=IFCCARTESIANPOINT((-8.,32.));
#7635=IFCCARTESIANPOINT((-8.,-40.));
#7636=IFCCARTESIANPOINT((0.,-40.));
#7637=IFCCARTESIANPOINT((0.,40.));
#7638=IFCCARTESIANPOINT((-80.,40.));
#7639=IFCPOLYLINE((#7632,#7633,#7634,#7635,#7636,#7637,#7638));
#7640=IFCARBITRARYCLOSEDPROFILEDEF(.AREA.,$,#7639);
#7641=IFCCARTESIANPOINT((6901.3823,5492.2914,3672.1687));
#7642=IFCDIRECTION((-0.6784,-0.6784,0.2819));
#7643=IFCDIRECTION((-0.1994,-0.1994,-0.9594));
#7644=IFCAXIS2PLACEMENT3D(#7641,#7642,#7643);
#7645=IFCCARTESIANPOINT((-23876.7144,0.,0.));
#7646=IFCDIRECTION((0.,1.,0.));
#7647=IFCAXIS1PLACEMENT(#7645,#7646);
#7648=IFCREVOLVEDAREASOLID(#7640,#7644,#7647,0.0302727792802743);
#7649=IFCSHAPEREPRESENTATION(#17,'Body','SweptSolid',(#7648));
#7650=IFCPRODUCTDEFINITIONSHAPE($,$,(#7649));
#7656=IFCOWNERHISTORY(#3,#4,.READWRITE.,.MODIFIED.,1779428011,#3,#4,1779428011);
#7657=IFCBEAM('3P7JtfgfLAMw3nFc2CFQRm',#7656,'swept beam_0_9',$,$,#7662,#7650,$);
#7658=IFCCARTESIANPOINT((0.,0.,0.));
#7659=IFCDIRECTION((0.,0.,1.));
#7660=IFCDIRECTION((1.,0.,0.));
#7661=IFCAXIS2PLACEMENT3D(#7658,#7659,#7660);
#7662=IFCLOCALPLACEMENT(#39,#7661);
#7663=IFCPROPERTYSINGLEVALUE('Name',$,IFCLABEL('swept beam_0_9'),$);
#7664=IFCPROPERTYSINGLEVALUE('ArcLength',$,IFCLENGTHMEASURE(723.),$);
#7665=IFCPROPERTYSINGLEVALUE('ArcAngle_rad',$,IFCREAL(0.03),$);
#7666=IFCPROPERTYSINGLEVALUE('ArcAngle_deg',$,IFCREAL(1.7),$);
#7667=IFCPROPERTYSET('2$U41vW0b3uOGSrV94EQuJ',$,'EPset_IfcKit_Geometry',$,(#7663,#7664,#7665,#7666));
#7668=IFCRELDEFINESBYPROPERTIES('2ak4d0mL590O_w68HRlhCU',$,$,$,(#7657),#7667);
#7669=IFCCOLOURRGB($,0.501960784313725,0.501960784313725,0.501960784313725);
#7670=IFCSURFACESTYLERENDERING(#7669,0.,$,$,$,$,$,$,.FLAT.);
#7671=IFCSURFACESTYLE($,.BOTH.,(#7670));
#7672=IFCPRESENTATIONSTYLEASSIGNMENT((#7671));
#7673=IFCSTYLEDITEM(#7648,(#7672),$);
#7674=IFCCARTESIANPOINT((-80.,40.));
#7675=IFCCARTESIANPOINT((-80.,32.));
#7676=IFCCARTESIANPOINT((-8.,32.));
#7677=IFCCARTESIANPOINT((-8.,-40.));
#7678=IFCCARTESIANPOINT((0.,-40.));
#7679=IFCCARTESIANPOINT((0.,40.));
#7680=IFCCARTESIANPOINT((-80.,40.));
#7681=IFCPOLYLINE((#7674,#7675,#7676,#7677,#7678,#7679,#7680));
#7682=IFCARBITRARYCLOSEDPROFILEDEF(.AREA.,$,#7681);
#7683=IFCCARTESIANPOINT((7393.8604,5984.7695,3478.9034));
#7684=IFCDIRECTION((-0.6841,-0.6841,0.2528));
#7685=IFCDIRECTION((-0.1787,-0.1787,-0.9675));
#7686=IFCAXIS2PLACEMENT3D(#7683,#7684,#7685);
#7687=IFCCARTESIANPOINT((-16719.2689,0.,0.));
#7688=IFCDIRECTION((0.,1.,0.));
#7689=IFCAXIS1PLACEMENT(#7687,#7688);
#7690=IFCREVOLVEDAREASOLID(#7682,#7686,#7689,0.0865086079179569);
#7691=IFCSHAPEREPRESENTATION(#17,'Body','SweptSolid',(#7690));
#7692=IFCPRODUCTDEFINITIONSHAPE($,$,(#7691));
#7698=IFCOWNERHISTORY(#3,#4,.READWRITE.,.MODIFIED.,1779428011,#3,#4,1779428011);
#7699=IFCBEAM('38_kRLU1D7BQ_7reE7yBn0',#7698,'swept beam_0_10',$,$,#7704,#7692,$);
#7700=IFCCARTESIANPOINT((0.,0.,0.));
#7701=IFCDIRECTION((0.,0.,1.));
#7702=IFCDIRECTION((1.,0.,0.));
#7703=IFCAXIS2PLACEMENT3D(#7700,#7701,#7702);
#7704=IFCLOCALPLACEMENT(#39,#7703);
#7705=IFCPROPERTYSINGLEVALUE('Name',$,IFCLABEL('swept beam_0_10'),$);
#7706=IFCPROPERTYSINGLEVALUE('ArcLength',$,IFCLENGTHMEASURE(1446.),$);
#7707=IFCPROPERTYSINGLEVALUE('ArcAngle_rad',$,IFCREAL(0.09),$);
#7708=IFCPROPERTYSINGLEVALUE('ArcAngle_deg',$,IFCREAL(5.),$);
#7709=IFCPROPERTYSET('38DlWWrgvFJOIkXlatk6i5',$,'EPset_IfcKit_Geometry',$,(#7705,#7706,#7707,#7708));
#7710=IFCRELDEFINESBYPROPERTIES('12WiZ5uHXDVeHVj_xhpimT',$,$,$,(#7699),#7709);
#7711=IFCCOLOURRGB($,0.501960784313725,0.501960784313725,0.501960784313725);
#7712=IFCSURFACESTYLERENDERING(#7711,0.,$,$,$,$,$,$,.FLAT.);
#7713=IFCSURFACESTYLE($,.BOTH.,(#7712));
#7714=IFCPRESENTATIONSTYLEASSIGNMENT((#7713));
#7715=IFCSTYLEDITEM(#7690,(#7714),$);
#7716=IFCCARTESIANPOINT((-80.,40.));
#7717=IFCCARTESIANPOINT((-80.,32.));
#7718=IFCCARTESIANPOINT((-8.,32.));
#7719=IFCCARTESIANPOINT((-8.,-40.));
#7720=IFCCARTESIANPOINT((0.,-40.));
#7721=IFCCARTESIANPOINT((0.,40.));
#7722=IFCCARTESIANPOINT((-80.,40.));
#7723=IFCPOLYLINE((#7716,#7717,#7718,#7719,#7720,#7721,#7722));
#7724=IFCARBITRARYCLOSEDPROFILEDEF(.AREA.,$,#7723);
#7725=IFCCARTESIANPOINT((8393.3205,6984.2296,3174.2492));
#7726=IFCDIRECTION((-0.697,-0.697,0.1682));
#7727=IFCDIRECTION((-0.119,-0.119,-0.9857));
#7728=IFCAXIS2PLACEMENT3D(#7725,#7726,#7727);
#7729=IFCCARTESIANPOINT((-10749.4902,0.,0.));
#7730=IFCDIRECTION((0.,1.,0.));
#7731=IFCAXIS1PLACEMENT(#7729,#7730);
#7732=IFCREVOLVEDAREASOLID(#7724,#7728,#7731,0.134432712282965);
#7733=IFCSHAPEREPRESENTATION(#17,'Body','SweptSolid',(#7732));
#7734=IFCPRODUCTDEFINITIONSHAPE($,$,(#7733));
#7740=IFCOWNERHISTORY(#3,#4,.READWRITE.,.MODIFIED.,1779428011,#3,#4,1779428011);
#7741=IFCBEAM('0Ay2MjQGz1DhWBwSFXXxbt',#7740,'swept beam_0_11',$,$,#7746,#7734,$);
#7742=IFCCARTESIANPOINT((0.,0.,0.));
#7743=IFCDIRECTION((0.,0.,1.));
#7744=IFCDIRECTION((1.,0.,0.));
#7745=IFCAXIS2PLACEMENT3D(#7742,#7743,#7744);
#7746=IFCLOCALPLACEMENT(#39,#7745);
#7747=IFCPROPERTYSINGLEVALUE('Name',$,IFCLABEL('swept beam_0_11'),$);
#7748=IFCPROPERTYSINGLEVALUE('ArcLength',$,IFCLENGTHMEASURE(1445.),$);
#7749=IFCPROPERTYSINGLEVALUE('ArcAngle_rad',$,IFCREAL(0.13),$);
#7750=IFCPROPERTYSINGLEVALUE('ArcAngle_deg',$,IFCREAL(7.7),$);
#7751=IFCPROPERTYSET('1uYWd3jUP9EOuQ5gZy70NO',$,'EPset_IfcKit_Geometry',$,(#7747,#7748,#7749,#7750));
#7752=IFCRELDEFINESBYPROPERTIES('0V0NBpZmr3mef8AJ4a5U9i',$,$,$,(#7741),#7751);
#7753=IFCCOLOURRGB($,0.501960784313725,0.501960784313725,0.501960784313725);
#7754=IFCSURFACESTYLERENDERING(#7753,0.,$,$,$,$,$,$,.FLAT.);
#7755=IFCSURFACESTYLE($,.BOTH.,(#7754));
#7756=IFCPRESENTATIONSTYLEASSIGNMENT((#7755));
#7757=IFCSTYLEDITEM(#7732,(#7756),$);
#7758=IFCCARTESIANPOINT((-80.,40.));
#7759=IFCCARTESIANPOINT((-80.,32.));
#7760=IFCCARTESIANPOINT((-8.,32.));
#7761=IFCCARTESIANPOINT((-8.,-40.));
#7762=IFCCARTESIANPOINT((0.,-40.));
#7763=IFCCARTESIANPOINT((0.,40.));
#7764=IFCCARTESIANPOINT((-80.,40.));
#7765=IFCPOLYLINE((#7758,#7759,#7760,#7761,#7762,#7763,#7764));
#7766=IFCARBITRARYCLOSEDPROFILEDEF(.AREA.,$,#7765);
#7767=IFCCARTESIANPOINT((1000.,0.,3141.2663));
#7768=IFCDIRECTION((-0.7024,-0.7024,-0.115));
#7769=IFCDIRECTION((0.0813,0.0813,-0.9934));
#7770=IFCAXIS2PLACEMENT3D(#7767,#7768,#7769);
#7771=IFCCARTESIANPOINT((-7295.7977,0.,0.));
#7772=IFCDIRECTION((0.,1.,0.));
#7773=IFCAXIS1PLACEMENT(#7771,#7772);
#7774=IFCREVOLVEDAREASOLID(#7766,#7770,#7773,0.0989452059563173);
#7775=IFCSHAPEREPRESENTATION(#17,'Body','SweptSolid',(#7774));
#7776=IFCPRODUCTDEFINITIONSHAPE($,$,(#7775));
#7782=IFCOWNERHISTORY(#3,#4,.READWRITE.,.MODIFIED.,1779428011,#3,#4,1779428011);
#7783=IFCBEAM('360N3LLA155uZiXXVuf57u',#7782,'swept beam_0_0',$,$,#7788,#7776,$);
#7784=IFCCARTESIANPOINT((0.,0.,0.));
#7785=IFCDIRECTION((0.,0.,1.));
#7786=IFCDIRECTION((1.,0.,0.));
#7787=IFCAXIS2PLACEMENT3D(#7784,#7785,#7786);
#7788=IFCLOCALPLACEMENT(#39,#7787);
#7789=IFCPROPERTYSINGLEVALUE('Name',$,IFCLABEL('swept beam_0_0'),$);
#7790=IFCPROPERTYSINGLEVALUE('ArcLength',$,IFCLENGTHMEASURE(722.),$);
#7791=IFCPROPERTYSINGLEVALUE('ArcAngle_rad',$,IFCREAL(0.1),$);
#7792=IFCPROPERTYSINGLEVALUE('ArcAngle_deg',$,IFCREAL(5.7),$);
#7793=IFCPROPERTYSET('3u9UsVGtTDj8m30V0twNkl',$,'EPset_IfcKit_Geometry',$,(#7789,#7790,#7791,#7792));
#7794=IFCRELDEFINESBYPROPERTIES('2YeTqA6RHEUxKV294nImUA',$,$,$,(#7783),#7793);
#7795=IFCCOLOURRGB($,0.501960784313725,0.501960784313725,0.501960784313725);
#7796=IFCSURFACESTYLERENDERING(#7795,0.,$,$,$,$,$,$,.FLAT.);
#7797=IFCSURFACESTYLE($,.BOTH.,(#7796));
#7798=IFCPRESENTATIONSTYLEASSIGNMENT((#7797));
#7799=IFCSTYLEDITEM(#7774,(#7798),$);
#7800=IFCCARTESIANPOINT((-80.,40.));
#7801=IFCCARTESIANPOINT((-80.,32.));
#7802=IFCCARTESIANPOINT((-8.,32.));
#7803=IFCCARTESIANPOINT((-8.,-40.));
#7804=IFCCARTESIANPOINT((0.,-40.));
#7805=IFCCARTESIANPOINT((0.,40.));
#7806=IFCCARTESIANPOINT((-80.,40.));
#7807=IFCPOLYLINE((#7800,#7801,#7802,#7803,#7804,#7805,#7806));
#7808=IFCARBITRARYCLOSEDPROFILEDEF(.AREA.,$,#7807);
#7809=IFCCARTESIANPOINT((1503.3377,503.3377,3259.5633));
#7810=IFCDIRECTION((-0.691,-0.691,-0.2125));
#7811=IFCDIRECTION((0.1503,0.1503,-0.9772));
#7812=IFCAXIS2PLACEMENT3D(#7809,#7810,#7811);
#7813=IFCCARTESIANPOINT((-21405.2662,0.,0.));
#7814=IFCDIRECTION((0.,1.,0.));
#7815=IFCAXIS1PLACEMENT(#7813,#7814);
#7816=IFCREVOLVEDAREASOLID(#7808,#7812,#7815,0.0337489453265407);
#7817=IFCSHAPEREPRESENTATION(#17,'Body','SweptSolid',(#7816));
#7818=IFCPRODUCTDEFINITIONSHAPE($,$,(#7817));
#7824=IFCOWNERHISTORY(#3,#4,.READWRITE.,.MODIFIED.,1779428011,#3,#4,1779428011);
#7825=IFCBEAM('0C9jRQxZDDm8tkKFbR1VF7',#7824,'swept beam_0_1',$,$,#7830,#7818,$);
#7826=IFCCARTESIANPOINT((0.,0.,0.));
#7827=IFCDIRECTION((0.,0.,1.));
#7828=IFCDIRECTION((1.,0.,0.));
#7829=IFCAXIS2PLACEMENT3D(#7826,#7827,#7828);
#7830=IFCLOCALPLACEMENT(#39,#7829);
#7831=IFCPROPERTYSINGLEVALUE('Name',$,IFCLABEL('swept beam_0_1'),$);
#7832=IFCPROPERTYSINGLEVALUE('ArcLength',$,IFCLENGTHMEASURE(722.),$);
#7833=IFCPROPERTYSINGLEVALUE('ArcAngle_rad',$,IFCREAL(0.03),$);
#7834=IFCPROPERTYSINGLEVALUE('ArcAngle_deg',$,IFCREAL(1.9),$);
#7835=IFCPROPERTYSET('01cu_5CWv5hAOznVnWuidH',$,'EPset_IfcKit_Geometry',$,(#7831,#7832,#7833,#7834));
#7836=IFCRELDEFINESBYPROPERTIES('0NH82692fD0QBYSD1jCHtc',$,$,$,(#7825),#7835);
#7837=IFCCOLOURRGB($,0.501960784313725,0.501960784313725,0.501960784313725);
#7838=IFCSURFACESTYLERENDERING(#7837,0.,$,$,$,$,$,$,.FLAT.);
#7839=IFCSURFACESTYLE($,.BOTH.,(#7838));
#7840=IFCPRESENTATIONSTYLEASSIGNMENT((#7839));
#7841=IFCSTYLEDITEM(#7816,(#7840),$);
#7842=IFCCARTESIANPOINT((-80.,40.));
#7843=IFCCARTESIANPOINT((-80.,32.));
#7844=IFCCARTESIANPOINT((-8.,32.));
#7845=IFCCARTESIANPOINT((-8.,-40.));
#7846=IFCCARTESIANPOINT((0.,-40.));
#7847=IFCCARTESIANPOINT((0.,40.));
#7848=IFCCARTESIANPOINT((-80.,40.));
#7849=IFCPOLYLINE((#7842,#7843,#7844,#7845,#7846,#7847,#7848));
#7850=IFCARBITRARYCLOSEDPROFILEDEF(.AREA.,$,#7849);
#7851=IFCCARTESIANPOINT((2000.5598,1000.5598,3424.9719));
#7852=IFCDIRECTION((-0.6855,-0.6855,-0.2454));
#7853=IFCDIRECTION((0.1735,0.1735,-0.9694));
#7854=IFCAXIS2PLACEMENT3D(#7851,#7852,#7853);
#7855=IFCCARTESIANPOINT((-39230.1563,0.,0.));
#7856=IFCDIRECTION((0.,1.,0.));
#7857=IFCAXIS1PLACEMENT(#7855,#7856);
#7858=IFCREVOLVEDAREASOLID(#7850,#7854,#7857,0.0183833458038786);
#7859=IFCSHAPEREPRESENTATION(#17,'Body','SweptSolid',(#7858));
#7860=IFCPRODUCTDEFINITIONSHAPE($,$,(#7859));
#7866=IFCOWNERHISTORY(#3,#4,.READWRITE.,.MODIFIED.,1779428011,#3,#4,1779428011);
#7867=IFCBEAM('1DPHhzsIr6OwZIE3qO7pFO',#7866,'swept beam_0_2',$,$,#7872,#7860,$);
#7868=IFCCARTESIANPOINT((0.,0.,0.));
#7869=IFCDIRECTION((0.,0.,1.));
#7870=IFCDIRECTION((1.,0.,0.));
#7871=IFCAXIS2PLACEMENT3D(#7868,#7869,#7870);
#7872=IFCLOCALPLACEMENT(#39,#7871);
#7873=IFCPROPERTYSINGLEVALUE('Name',$,IFCLABEL('swept beam_0_2'),$);
#7874=IFCPROPERTYSINGLEVALUE('ArcLength',$,IFCLENGTHMEASURE(721.),$);
#7875=IFCPROPERTYSINGLEVALUE('ArcAngle_rad',$,IFCREAL(0.02),$);
#7876=IFCPROPERTYSINGLEVALUE('ArcAngle_deg',$,IFCREAL(1.1),$);
#7877=IFCPROPERTYSET('2lLaZHiYj5ufQpp33gtMmC',$,'EPset_IfcKit_Geometry',$,(#7873,#7874,#7875,#7876));
#7878=IFCRELDEFINESBYPROPERTIES('3HieeIXdj8jOIt7nFlT$mB',$,$,$,(#7867),#7877);
#7879=IFCCOLOURRGB($,0.501960784313725,0.501960784313725,0.501960784313725);
#7880=IFCSURFACESTYLERENDERING(#7879,0.,$,$,$,$,$,$,.FLAT.);
#7881=IFCSURFACESTYLE($,.BOTH.,(#7880));
#7882=IFCPRESENTATIONSTYLEASSIGNMENT((#7881));
#7883=IFCSTYLEDITEM(#7858,(#7882),$);
#7884=IFCCARTESIANPOINT((80.,-40.));
#7885=IFCCARTESIANPOINT((80.,-32.));
#7886=IFCCARTESIANPOINT((8.,-32.));
#7887=IFCCARTESIANPOINT((8.,40.));
#7888=IFCCARTESIANPOINT((0.,40.));
#7889=IFCCARTESIANPOINT((0.,-40.));
#7890=IFCCARTESIANPOINT((80.,-40.));
#7891=IFCPOLYLINE((#7884,#7885,#7886,#7887,#7888,#7889,#7890));
#7892=IFCARBITRARYCLOSEDPROFILEDEF(.AREA.,$,#7891);
#7893=IFCCARTESIANPOINT((2493.7443,1493.7443,3608.3464));
#7894=IFCDIRECTION((-0.6822,-0.6822,-0.2632));
#7895=IFCDIRECTION((-0.1861,-0.1861,0.9648));
#7896=IFCAXIS2PLACEMENT3D(#7893,#7894,#7895);
#7897=IFCCARTESIANPOINT((-53793.7272,0.,0.));
#7898=IFCDIRECTION((0.,1.,0.));
#7899=IFCAXIS1PLACEMENT(#7897,#7898);
#7900=IFCREVOLVEDAREASOLID(#7892,#7896,#7899,0.0134066010045209);
#7901=IFCSHAPEREPRESENTATION(#17,'Body','SweptSolid',(#7900));
#7902=IFCPRODUCTDEFINITIONSHAPE($,$,(#7901));
#7908=IFCOWNERHISTORY(#3,#4,.READWRITE.,.MODIFIED.,1779428012,#3,#4,1779428011);
#7909=IFCBEAM('05u72mBhX4JOpqa90TLy9X',#7908,'swept beam_0_3',$,$,#7914,#7902,$);
#7910=IFCCARTESIANPOINT((0.,0.,0.));
#7911=IFCDIRECTION((0.,0.,1.));
#7912=IFCDIRECTION((1.,0.,0.));
#7913=IFCAXIS2PLACEMENT3D(#7910,#7911,#7912);
#7914=IFCLOCALPLACEMENT(#39,#7913);
#7915=IFCPROPERTYSINGLEVALUE('Name',$,IFCLABEL('swept beam_0_3'),$);
#7916=IFCPROPERTYSINGLEVALUE('ArcLength',$,IFCLENGTHMEASURE(721.),$);
#7917=IFCPROPERTYSINGLEVALUE('ArcAngle_rad',$,IFCREAL(0.01),$);
#7918=IFCPROPERTYSINGLEVALUE('ArcAngle_deg',$,IFCREAL(0.8),$);
#7919=IFCPROPERTYSET('3oHmSrN1D9cOFNDq0xs_XB',$,'EPset_IfcKit_Geometry',$,(#7915,#7916,#7917,#7918));
#7920=IFCRELDEFINESBYPROPERTIES('0eVPItrl57W89sa5AoFoVl',$,$,$,(#7909),#7919);
#7921=IFCCOLOURRGB($,0.501960784313725,0.501960784313725,0.501960784313725);
#7922=IFCSURFACESTYLERENDERING(#7921,0.,$,$,$,$,$,$,.FLAT.);
#7923=IFCSURFACESTYLE($,.BOTH.,(#7922));
#7924=IFCPRESENTATIONSTYLEASSIGNMENT((#7923));
#7925=IFCSTYLEDITEM(#7900,(#7924),$);
#7926=IFCCARTESIANPOINT((80.,-40.));
#7927=IFCCARTESIANPOINT((80.,-32.));
#7928=IFCCARTESIANPOINT((8.,-32.));
#7929=IFCCARTESIANPOINT((8.,40.));
#7930=IFCCARTESIANPOINT((0.,40.));
#7931=IFCCARTESIANPOINT((0.,-40.));
#7932=IFCCARTESIANPOINT((80.,-40.));
#7933=IFCPOLYLINE((#7926,#7927,#7928,#7929,#7930,#7931,#7932));
#7934=IFCARBITRARYCLOSEDPROFILEDEF(.AREA.,$,#7933);
#7935=IFCCARTESIANPOINT((2986.6144,1986.6144,3793.4595));
#7936=IFCDIRECTION((-0.6846,-0.6846,-0.2502));
#7937=IFCDIRECTION((-0.1769,-0.1769,0.9682));
#7938=IFCAXIS2PLACEMENT3D(#7935,#7936,#7937);
#7939=IFCCARTESIANPOINT((-17544.2144,0.,0.));
#7940=IFCDIRECTION((0.,1.,0.));
#7941=IFCAXIS1PLACEMENT(#7939,#7940);
#7942=IFCREVOLVEDAREASOLID(#7934,#7938,#7941,0.0825059661297013);
#7943=IFCSHAPEREPRESENTATION(#17,'Body','SweptSolid',(#7942));
#7944=IFCPRODUCTDEFINITIONSHAPE($,$,(#7943));
#7950=IFCOWNERHISTORY(#3,#4,.READWRITE.,.MODIFIED.,1779428012,#3,#4,1779428012);
#7951=IFCBEAM('0SmRI0ZUfBt8aA6BuwvRLZ',#7950,'swept beam_0_4',$,$,#7956,#7944,$);
#7952=IFCCARTESIANPOINT((0.,0.,0.));
#7953=IFCDIRECTION((0.,0.,1.));
#7954=IFCDIRECTION((1.,0.,0.));
#7955=IFCAXIS2PLACEMENT3D(#7952,#7953,#7954);
#7956=IFCLOCALPLACEMENT(#39,#7955);
#7957=IFCPROPERTYSINGLEVALUE('Name',$,IFCLABEL('swept beam_0_4'),$);
#7958=IFCPROPERTYSINGLEVALUE('ArcLength',$,IFCLENGTHMEASURE(1448.),$);
#7959=IFCPROPERTYSINGLEVALUE('ArcAngle_rad',$,IFCREAL(0.08),$);
#7960=IFCPROPERTYSINGLEVALUE('ArcAngle_deg',$,IFCREAL(4.7),$);
#7961=IFCPROPERTYSET('07wzVXlgz4KeO54lXRrJBd',$,'EPset_IfcKit_Geometry',$,(#7957,#7958,#7959,#7960));
#7962=IFCRELDEFINESBYPROPERTIES('39JxdGaKTBoR4kN0yVGku7',$,$,$,(#7951),#7961);
#7963=IFCCOLOURRGB($,0.501960784313725,0.501960784313725,0.501960784313725);
#7964=IFCSURFACESTYLERENDERING(#7963,0.,$,$,$,$,$,$,.FLAT.);
#7965=IFCSURFACESTYLE($,.BOTH.,(#7964));
#7966=IFCPRESENTATIONSTYLEASSIGNMENT((#7965));
#7967=IFCSTYLEDITEM(#7942,(#7966),$);
#7968=IFCCARTESIANPOINT((80.,-40.));
#7969=IFCCARTESIANPOINT((80.,-32.));
#7970=IFCCARTESIANPOINT((8.,-32.));
#7971=IFCCARTESIANPOINT((8.,40.));
#7972=IFCCARTESIANPOINT((0.,40.));
#7973=IFCCARTESIANPOINT((0.,-40.));
#7974=IFCCARTESIANPOINT((80.,-40.));
#7975=IFCPOLYLINE((#7968,#7969,#7970,#7971,#7972,#7973,#7974));
#7976=IFCARBITRARYCLOSEDPROFILEDEF(.AREA.,$,#7975);
#7977=IFCCARTESIANPOINT((3987.0344,2987.0344,4097.424));
#7978=IFCDIRECTION((-0.6969,-0.6969,-0.1696));
#7979=IFCDIRECTION((-0.1199,-0.1199,0.9855));
#7980=IFCAXIS2PLACEMENT3D(#7977,#7978,#7979);
#7981=IFCCARTESIANPOINT((-5070.8585,0.,0.));
#7982=IFCDIRECTION((0.,1.,0.));
#7983=IFCAXIS1PLACEMENT(#7981,#7982);
#7984=IFCREVOLVEDAREASOLID(#7976,#7980,#7983,0.283698892675364);
#7985=IFCSHAPEREPRESENTATION(#17,'Body','SweptSolid',(#7984));
#7986=IFCPRODUCTDEFINITIONSHAPE($,$,(#7985));
#7992=IFCOWNERHISTORY(#3,#4,.READWRITE.,.MODIFIED.,1779428012,#3,#4,1779428012);
#7993=IFCBEAM('3sFMnYkxD8t9UPTiUky7_O',#7992,'swept beam_0_5',$,$,#7998,#7986,$);
#7994=IFCCARTESIANPOINT((0.,0.,0.));
#7995=IFCDIRECTION((0.,0.,1.));
#7996=IFCDIRECTION((1.,0.,0.));
#7997=IFCAXIS2PLACEMENT3D(#7994,#7995,#7996);
#7998=IFCLOCALPLACEMENT(#39,#7997);
#7999=IFCPROPERTYSINGLEVALUE('Name',$,IFCLABEL('swept beam_0_5'),$);
#8000=IFCPROPERTYSINGLEVALUE('ArcLength',$,IFCLENGTHMEASURE(1439.),$);
#8001=IFCPROPERTYSINGLEVALUE('ArcAngle_rad',$,IFCREAL(0.28),$);
#8002=IFCPROPERTYSINGLEVALUE('ArcAngle_deg',$,IFCREAL(16.3),$);
#8003=IFCPROPERTYSET('3fRLA8qEf9LwY10zuzYEtz',$,'EPset_IfcKit_Geometry',$,(#7999,#8000,#8001,#8002));
#8004=IFCRELDEFINESBYPROPERTIES('2dWWXFMzzDnvYpxWQwGnBb',$,$,$,(#7993),#8003);
#8005=IFCCOLOURRGB($,0.501960784313725,0.501960784313725,0.501960784313725);
#8006=IFCSURFACESTYLERENDERING(#8005,0.,$,$,$,$,$,$,.FLAT.);
#8007=IFCSURFACESTYLE($,.BOTH.,(#8006));
#8008=IFCPRESENTATIONSTYLEASSIGNMENT((#8007));
#8009=IFCSTYLEDITEM(#7984,(#8008),$);
#8010=IFCCARTESIANPOINT((80.,-40.));
#8011=IFCCARTESIANPOINT((80.,-32.));
#8012=IFCCARTESIANPOINT((8.,-32.));
#8013=IFCCARTESIANPOINT((8.,40.));
#8014=IFCCARTESIANPOINT((0.,40.));
#8015=IFCCARTESIANPOINT((0.,-40.));
#8016=IFCCARTESIANPOINT((80.,-40.));
#8017=IFCPOLYLINE((#8010,#8011,#8012,#8013,#8014,#8015,#8016));
#8018=IFCARBITRARYCLOSEDPROFILEDEF(.AREA.,$,#8017);
#8019=IFCCARTESIANPOINT((5000.4557,4000.4557,4138.3179));
#8020=IFCDIRECTION((-0.7026,-0.7026,0.1131));
#8021=IFCDIRECTION((0.08,0.08,0.9936));
#8022=IFCAXIS2PLACEMENT3D(#8019,#8020,#8021);
#8023=IFCCARTESIANPOINT((-6245.8551,0.,0.));
#8024=IFCDIRECTION((0.,1.,0.));
#8025=IFCAXIS1PLACEMENT(#8023,#8024);
#8026=IFCREVOLVEDAREASOLID(#8018,#8022,#8025,0.115600364962259);
#8027=IFCSHAPEREPRESENTATION(#17,'Body','SweptSolid',(#8026));
#8028=IFCPRODUCTDEFINITIONSHAPE($,$,(#8027));
#8034=IFCOWNERHISTORY(#3,#4,.READWRITE.,.MODIFIED.,1779428012,#3,#4,1779428012);
#8035=IFCBEAM('30SVZ6KvPFIPCMLS5IC$k6',#8034,'swept beam_0_6',$,$,#8040,#8028,$);
#8036=IFCCARTESIANPOINT((0.,0.,0.));
#8037=IFCDIRECTION((0.,0.,1.));
#8038=IFCDIRECTION((1.,0.,0.));
#8039=IFCAXIS2PLACEMENT3D(#8036,#8037,#8038);
#8040=IFCLOCALPLACEMENT(#39,#8039);
#8041=IFCPROPERTYSINGLEVALUE('Name',$,IFCLABEL('swept beam_0_6'),$);
#8042=IFCPROPERTYSINGLEVALUE('ArcLength',$,IFCLENGTHMEASURE(722.),$);
#8043=IFCPROPERTYSINGLEVALUE('ArcAngle_rad',$,IFCREAL(0.12),$);
#8044=IFCPROPERTYSINGLEVALUE('ArcAngle_deg',$,IFCREAL(6.6),$);
#8045=IFCPROPERTYSET('0f9dqmU7n0mec8C5z2V7$h',$,'EPset_IfcKit_Geometry',$,(#8041,#8042,#8043,#8044));
#8046=IFCRELDEFINESBYPROPERTIES('3fdt02xlD6kRi9uruxJuCU',$,$,$,(#8035),#8045);
#8047=IFCCOLOURRGB($,0.501960784313725,0.501960784313725,0.501960784313725);
#8048=IFCSURFACESTYLERENDERING(#8047,0.,$,$,$,$,$,$,.FLAT.);
#8049=IFCSURFACESTYLE($,.BOTH.,(#8048));
#8050=IFCPRESENTATIONSTYLEASSIGNMENT((#8049));
#8051=IFCSTYLEDITEM(#8026,(#8050),$);
#8052=IFCCARTESIANPOINT((80.,-40.));
#8053=IFCCARTESIANPOINT((80.,-32.));
#8054=IFCCARTESIANPOINT((8.,-32.));
#8055=IFCCARTESIANPOINT((8.,40.));
#8056=IFCCARTESIANPOINT((0.,40.));
#8057=IFCCARTESIANPOINT((0.,-40.));
#8058=IFCCARTESIANPOINT((80.,-40.));
#8059=IFCPOLYLINE((#8052,#8053,#8054,#8055,#8056,#8057,#8058));
#8060=IFCARBITRARYCLOSEDPROFILEDEF(.AREA.,$,#8059);
#8061=IFCCARTESIANPOINT((5503.266,4503.266,4015.433));
#8062=IFCDIRECTION((-0.6887,-0.6887,0.2269));
#8063=IFCDIRECTION((0.1605,0.1605,0.9739));
#8064=IFCAXIS2PLACEMENT3D(#8061,#8062,#8063);
#8065=IFCCARTESIANPOINT((-20950.4028,0.,0.));
#8066=IFCDIRECTION((0.,1.,0.));
#8067=IFCAXIS1PLACEMENT(#8065,#8066);
#8068=IFCREVOLVEDAREASOLID(#8060,#8064,#8067,0.0344984570480714);
#8069=IFCSHAPEREPRESENTATION(#17,'Body','SweptSolid',(#8068));
#8070=IFCPRODUCTDEFINITIONSHAPE($,$,(#8069));
#8076=IFCOWNERHISTORY(#3,#4,.READWRITE.,.MODIFIED.,1779428012,#3,#4,1779428012);
#8077=IFCBEAM('3MDpf2lNr218ZIqwjeBDCU',#8076,'swept beam_0_7',$,$,#8082,#8070,$);
#8078=IFCCARTESIANPOINT((0.,0.,0.));
#8079=IFCDIRECTION((0.,0.,1.));
#8080=IFCDIRECTION((1.,0.,0.));
#8081=IFCAXIS2PLACEMENT3D(#8078,#8079,#8080);
#8082=IFCLOCALPLACEMENT(#39,#8081);
#8083=IFCPROPERTYSINGLEVALUE('Name',$,IFCLABEL('swept beam_0_7'),$);
#8084=IFCPROPERTYSINGLEVALUE('ArcLength',$,IFCLENGTHMEASURE(723.),$);
#8085=IFCPROPERTYSINGLEVALUE('ArcAngle_rad',$,IFCREAL(0.03),$);
#8086=IFCPROPERTYSINGLEVALUE('ArcAngle_deg',$,IFCREAL(2.),$);
#8087=IFCPROPERTYSET('2dOeB1PyrFDOEgO3ZgepnH',$,'EPset_IfcKit_Geometry',$,(#8083,#8084,#8085,#8086));
#8088=IFCRELDEFINESBYPROPERTIES('0QuKm83DXDPx3wAukIPdex',$,$,$,(#8077),#8087);
#8089=IFCCOLOURRGB($,0.501960784313725,0.501960784313725,0.501960784313725);
#8090=IFCSURFACESTYLERENDERING(#8089,0.,$,$,$,$,$,$,.FLAT.);
#8091=IFCSURFACESTYLE($,.BOTH.,(#8090));
#8092=IFCPRESENTATIONSTYLEASSIGNMENT((#8091));
#8093=IFCSTYLEDITEM(#8068,(#8092),$);
#8094=IFCCARTESIANPOINT((80.,-40.));
#8095=IFCCARTESIANPOINT((80.,-32.));
#8096=IFCCARTESIANPOINT((8.,-32.));
#8097=IFCCARTESIANPOINT((8.,40.));
#8098=IFCCARTESIANPOINT((0.,40.));
#8099=IFCCARTESIANPOINT((0.,-40.));
#8100=IFCCARTESIANPOINT((80.,-40.));
#8101=IFCPOLYLINE((#8094,#8095,#8096,#8097,#8098,#8099,#8100));
#8102=IFCARBITRARYCLOSEDPROFILEDEF(.AREA.,$,#8101);
#8103=IFCCARTESIANPOINT((5998.8999,4998.8999,3839.31));
#8104=IFCDIRECTION((-0.6827,-0.6827,0.2604));
#8105=IFCDIRECTION((0.1841,0.1841,0.9655));
#8106=IFCAXIS2PLACEMENT3D(#8103,#8104,#8105);
#8107=IFCCARTESIANPOINT((-123370.0517,0.,0.));
#8108=IFCDIRECTION((0.,1.,0.));
#8109=IFCAXIS1PLACEMENT(#8107,#8108);
#8110=IFCREVOLVEDAREASOLID(#8102,#8106,#8109,0.00584948228004616);
#8111=IFCSHAPEREPRESENTATION(#17,'Body','SweptSolid',(#8110));
#8112=IFCPRODUCTDEFINITIONSHAPE($,$,(#8111));
#8118=IFCOWNERHISTORY(#3,#4,.READWRITE.,.MODIFIED.,1779428012,#3,#4,1779428012);
#8119=IFCBEAM('1AB4yXcgn0h8okJk4PgVis',#8118,'swept beam_0_8',$,$,#8124,#8112,$);
#8120=IFCCARTESIANPOINT((0.,0.,0.));
#8121=IFCDIRECTION((0.,0.,1.));
#8122=IFCDIRECTION((1.,0.,0.));
#8123=IFCAXIS2PLACEMENT3D(#8120,#8121,#8122);
#8124=IFCLOCALPLACEMENT(#39,#8123);
#8125=IFCPROPERTYSINGLEVALUE('Name',$,IFCLABEL('swept beam_0_8'),$);
#8126=IFCPROPERTYSINGLEVALUE('ArcLength',$,IFCLENGTHMEASURE(722.),$);
#8127=IFCPROPERTYSINGLEVALUE('ArcAngle_rad',$,IFCREAL(0.01),$);
#8128=IFCPROPERTYSINGLEVALUE('ArcAngle_deg',$,IFCREAL(0.3),$);
#8129=IFCPROPERTYSET('2Sc8tNnOb8jfDeVljKjO95',$,'EPset_IfcKit_Geometry',$,(#8125,#8126,#8127,#8128));
#8130=IFCRELDEFINESBYPROPERTIES('3pjlEfasX6qxt1RSQhrq7t',$,$,$,(#8119),#8129);
#8131=IFCCOLOURRGB($,0.501960784313725,0.501960784313725,0.501960784313725);
#8132=IFCSURFACESTYLERENDERING(#8131,0.,$,$,$,$,$,$,.FLAT.);
#8133=IFCSURFACESTYLE($,.BOTH.,(#8132));
#8134=IFCPRESENTATIONSTYLEASSIGNMENT((#8133));
#8135=IFCSTYLEDITEM(#8110,(#8134),$);
#8136=IFCCARTESIANPOINT((-80.,40.));
#8137=IFCCARTESIANPOINT((-80.,32.));
#8138=IFCCARTESIANPOINT((-8.,32.));
#8139=IFCCARTESIANPOINT((-8.,-40.));
#8140=IFCCARTESIANPOINT((0.,-40.));
#8141=IFCCARTESIANPOINT((0.,40.));
#8142=IFCCARTESIANPOINT((-80.,40.));
#8143=IFCPOLYLINE((#8136,#8137,#8138,#8139,#8140,#8141,#8142));
#8144=IFCARBITRARYCLOSEDPROFILEDEF(.AREA.,$,#8143);
#8145=IFCCARTESIANPOINT((6491.1902,5491.1902,3649.365));
#8146=IFCDIRECTION((-0.6816,-0.6816,0.266));
#8147=IFCDIRECTION((-0.1881,-0.1881,-0.964));
#8148=IFCAXIS2PLACEMENT3D(#8145,#8146,#8147);
#8149=IFCCARTESIANPOINT((-23916.3079,0.,0.));
#8150=IFCDIRECTION((0.,1.,0.));
#8151=IFCAXIS1PLACEMENT(#8149,#8150);
#8152=IFCREVOLVEDAREASOLID(#8144,#8148,#8151,0.0301718076816476);
#8153=IFCSHAPEREPRESENTATION(#17,'Body','SweptSolid',(#8152));
#8154=IFCPRODUCTDEFINITIONSHAPE($,$,(#8153));
#8160=IFCOWNERHISTORY(#3,#4,.READWRITE.,.MODIFIED.,1779428012,#3,#4,1779428012);
#8161=IFCBEAM('3$9jP7CWT19e9wmTgu8ntc',#8160,'swept beam_0_9',$,$,#8166,#8154,$);
#8162=IFCCARTESIANPOINT((0.,0.,0.));
#8163=IFCDIRECTION((0.,0.,1.));
#8164=IFCDIRECTION((1.,0.,0.));
#8165=IFCAXIS2PLACEMENT3D(#8162,#8163,#8164);
#8166=IFCLOCALPLACEMENT(#39,#8165);
#8167=IFCPROPERTYSINGLEVALUE('Name',$,IFCLABEL('swept beam_0_9'),$);
#8168=IFCPROPERTYSINGLEVALUE('ArcLength',$,IFCLENGTHMEASURE(722.),$);
#8169=IFCPROPERTYSINGLEVALUE('ArcAngle_rad',$,IFCREAL(0.03),$);
#8170=IFCPROPERTYSINGLEVALUE('ArcAngle_deg',$,IFCREAL(1.7),$);
#8171=IFCPROPERTYSET('3KwjkPnWTDUQBh$PbXcoFw',$,'EPset_IfcKit_Geometry',$,(#8167,#8168,#8169,#8170));
#8172=IFCRELDEFINESBYPROPERTIES('3SIPTqK_P57QU20GUUYVcO',$,$,$,(#8161),#8171);
#8173=IFCCOLOURRGB($,0.501960784313725,0.501960784313725,0.501960784313725);
#8174=IFCSURFACESTYLERENDERING(#8173,0.,$,$,$,$,$,$,.FLAT.);
#8175=IFCSURFACESTYLE($,.BOTH.,(#8174));
#8176=IFCPRESENTATIONSTYLEASSIGNMENT((#8175));
#8177=IFCSTYLEDITEM(#8152,(#8176),$);
#8178=IFCCARTESIANPOINT((-80.,40.));
#8179=IFCCARTESIANPOINT((-80.,32.));
#8180=IFCCARTESIANPOINT((-8.,32.));
#8181=IFCCARTESIANPOINT((-8.,-40.));
#8182=IFCCARTESIANPOINT((0.,-40.));
#8183=IFCCARTESIANPOINT((0.,40.));
#8184=IFCCARTESIANPOINT((-80.,40.));
#8185=IFCPOLYLINE((#8178,#8179,#8180,#8181,#8182,#8183,#8184));
#8186=IFCARBITRARYCLOSEDPROFILEDEF(.AREA.,$,#8185);
#8187=IFCCARTESIANPOINT((6985.0233,5985.0233,3467.9204));
#8188=IFCDIRECTION((-0.687,-0.687,0.2368));
#8189=IFCDIRECTION((-0.1675,-0.1675,-0.9716));
#8190=IFCAXIS2PLACEMENT3D(#8187,#8188,#8189);
#8191=IFCCARTESIANPOINT((-16551.8744,0.,0.));
#8192=IFCDIRECTION((0.,1.,0.));
#8193=IFCAXIS1PLACEMENT(#8191,#8192);
#8194=IFCREVOLVEDAREASOLID(#8186,#8190,#8193,0.0871577161334271);
#8195=IFCSHAPEREPRESENTATION(#17,'Body','SweptSolid',(#8194));
#8196=IFCPRODUCTDEFINITIONSHAPE($,$,(#8195));
#8202=IFCOWNERHISTORY(#3,#4,.READWRITE.,.MODIFIED.,1779428012,#3,#4,1779428012);
#8203=IFCBEAM('14bpA6rLTErQkWqg99$UtJ',#8202,'swept beam_0_10',$,$,#8208,#8196,$);
#8204=IFCCARTESIANPOINT((0.,0.,0.));
#8205=IFCDIRECTION((0.,0.,1.));
#8206=IFCDIRECTION((1.,0.,0.));
#8207=IFCAXIS2PLACEMENT3D(#8204,#8205,#8206);
#8208=IFCLOCALPLACEMENT(#39,#8207);
#8209=IFCPROPERTYSINGLEVALUE('Name',$,IFCLABEL('swept beam_0_10'),$);
#8210=IFCPROPERTYSINGLEVALUE('ArcLength',$,IFCLENGTHMEASURE(1443.),$);
#8211=IFCPROPERTYSINGLEVALUE('ArcAngle_rad',$,IFCREAL(0.09),$);
#8212=IFCPROPERTYSINGLEVALUE('ArcAngle_deg',$,IFCREAL(5.),$);
#8213=IFCPROPERTYSET('0NYN5zCH15Tx5mrhM3P3Uf',$,'EPset_IfcKit_Geometry',$,(#8209,#8210,#8211,#8212));
#8214=IFCRELDEFINESBYPROPERTIES('2T2KmXwKjDvRnG0ScP7Cwi',$,$,$,(#8203),#8213);
#8215=IFCCOLOURRGB($,0.501960784313725,0.501960784313725,0.501960784313725);
#8216=IFCSURFACESTYLERENDERING(#8215,0.,$,$,$,$,$,$,.FLAT.);
#8217=IFCSURFACESTYLE($,.BOTH.,(#8216));
#8218=IFCPRESENTATIONSTYLEASSIGNMENT((#8217));
#8219=IFCSTYLEDITEM(#8194,(#8218),$);
#8220=IFCCARTESIANPOINT((-80.,40.));
#8221=IFCCARTESIANPOINT((-80.,32.));
#8222=IFCCARTESIANPOINT((-8.,32.));
#8223=IFCCARTESIANPOINT((-8.,-40.));
#8224=IFCCARTESIANPOINT((0.,-40.));
#8225=IFCCARTESIANPOINT((0.,40.));
#8226=IFCCARTESIANPOINT((-80.,40.));
#8227=IFCPOLYLINE((#8220,#8221,#8222,#8223,#8224,#8225,#8226));
#8228=IFCARBITRARYCLOSEDPROFILEDEF(.AREA.,$,#8227);
#8229=IFCCARTESIANPOINT((7985.3593,6985.3593,3187.739));
#8230=IFCDIRECTION((-0.699,-0.699,0.1514));
#8231=IFCDIRECTION((-0.107,-0.107,-0.9885));
#8232=IFCAXIS2PLACEMENT3D(#8229,#8230,#8231);
#8233=IFCCARTESIANPOINT((-11725.9347,0.,0.));
#8234=IFCDIRECTION((0.,1.,0.));
#8235=IFCAXIS1PLACEMENT(#8233,#8234);
#8236=IFCREVOLVEDAREASOLID(#8228,#8232,#8235,0.122951268256161);
#8237=IFCSHAPEREPRESENTATION(#17,'Body','SweptSolid',(#8236));
#8238=IFCPRODUCTDEFINITIONSHAPE($,$,(#8237));
#8244=IFCOWNERHISTORY(#3,#4,.READWRITE.,.MODIFIED.,1779428012,#3,#4,1779428012);
#8245=IFCBEAM('2xjozJcWfDfRz54o1_Rp0K',#8244,'swept beam_0_11',$,$,#8250,#8238,$);
#8246=IFCCARTESIANPOINT((0.,0.,0.));
#8247=IFCDIRECTION((0.,0.,1.));
#8248=IFCDIRECTION((1.,0.,0.));
#8249=IFCAXIS2PLACEMENT3D(#8246,#8247,#8248);
#8250=IFCLOCALPLACEMENT(#39,#8249);
#8251=IFCPROPERTYSINGLEVALUE('Name',$,IFCLABEL('swept beam_0_11'),$);
#8252=IFCPROPERTYSINGLEVALUE('ArcLength',$,IFCLENGTHMEASURE(1442.),$);
#8253=IFCPROPERTYSINGLEVALUE('ArcAngle_rad',$,IFCREAL(0.12),$);
#8254=IFCPROPERTYSINGLEVALUE('ArcAngle_deg',$,IFCREAL(7.),$);
#8255=IFCPROPERTYSET('1wxo_1coH1S9_jLtSgVpZ5',$,'EPset_IfcKit_Geometry',$,(#8251,#8252,#8253,#8254));
#8256=IFCRELDEFINESBYPROPERTIES('2mbtvBed5EaOiagsXRdWa5',$,$,$,(#8245),#8255);
#8257=IFCCOLOURRGB($,0.501960784313725,0.501960784313725,0.501960784313725);
#8258=IFCSURFACESTYLERENDERING(#8257,0.,$,$,$,$,$,$,.FLAT.);
#8259=IFCSURFACESTYLE($,.BOTH.,(#8258));
#8260=IFCPRESENTATIONSTYLEASSIGNMENT((#8259));
#8261=IFCSTYLEDITEM(#8236,(#8260),$);
#8262=IFCCARTESIANPOINT((-80.,40.));
#8263=IFCCARTESIANPOINT((-80.,32.));
#8264=IFCCARTESIANPOINT((-8.,32.));
#8265=IFCCARTESIANPOINT((-8.,-40.));
#8266=IFCCARTESIANPOINT((0.,-40.));
#8267=IFCCARTESIANPOINT((0.,40.));
#8268=IFCCARTESIANPOINT((-80.,40.));
#8269=IFCPOLYLINE((#8262,#8263,#8264,#8265,#8266,#8267,#8268));
#8270=IFCARBITRARYCLOSEDPROFILEDEF(.AREA.,$,#8269);
#8271=IFCCARTESIANPOINT((590.9091,0.,3061.2331));
#8272=IFCDIRECTION((-0.704,-0.704,-0.0936));
#8273=IFCDIRECTION((0.0662,0.0662,-0.9956));
#8274=IFCAXIS2PLACEMENT3D(#8271,#8272,#8273);
#8275=IFCCARTESIANPOINT((-7017.6157,0.,0.));
#8276=IFCDIRECTION((0.,1.,0.));
#8277=IFCAXIS1PLACEMENT(#8275,#8276);
#8278=IFCREVOLVEDAREASOLID(#8270,#8274,#8277,0.10262411527506);
#8279=IFCSHAPEREPRESENTATION(#17,'Body','SweptSolid',(#8278));
#8280=IFCPRODUCTDEFINITIONSHAPE($,$,(#8279));
#8286=IFCOWNERHISTORY(#3,#4,.READWRITE.,.MODIFIED.,1779428012,#3,#4,1779428012);
#8287=IFCBEAM('0vCrAmrlD53hFmNKKSs81e',#8286,'swept beam_0_0',$,$,#8292,#8280,$);
#8288=IFCCARTESIANPOINT((0.,0.,0.));
#8289=IFCDIRECTION((0.,0.,1.));
#8290=IFCDIRECTION((1.,0.,0.));
#8291=IFCAXIS2PLACEMENT3D(#8288,#8289,#8290);
#8292=IFCLOCALPLACEMENT(#39,#8291);
#8293=IFCPROPERTYSINGLEVALUE('Name',$,IFCLABEL('swept beam_0_0'),$);
#8294=IFCPROPERTYSINGLEVALUE('ArcLength',$,IFCLENGTHMEASURE(720.),$);
#8295=IFCPROPERTYSINGLEVALUE('ArcAngle_rad',$,IFCREAL(0.1),$);
#8296=IFCPROPERTYSINGLEVALUE('ArcAngle_deg',$,IFCREAL(5.9),$);
#8297=IFCPROPERTYSET('3BSVY9AZHBRBzr$Zq2xUCM',$,'EPset_IfcKit_Geometry',$,(#8293,#8294,#8295,#8296));
#8298=IFCRELDEFINESBYPROPERTIES('2d3XwnHGnDoP$C91tP$Orx',$,$,$,(#8287),#8297);
#8299=IFCCOLOURRGB($,0.501960784313725,0.501960784313725,0.501960784313725);
#8300=IFCSURFACESTYLERENDERING(#8299,0.,$,$,$,$,$,$,.FLAT.);
#8301=IFCSURFACESTYLE($,.BOTH.,(#8300));
#8302=IFCPRESENTATIONSTYLEASSIGNMENT((#8301));
#8303=IFCSTYLEDITEM(#8278,(#8302),$);
#8304=IFCCARTESIANPOINT((-80.,40.));
#8305=IFCCARTESIANPOINT((-80.,32.));
#8306=IFCCARTESIANPOINT((-8.,32.));
#8307=IFCCARTESIANPOINT((-8.,-40.));
#8308=IFCCARTESIANPOINT((0.,-40.));
#8309=IFCCARTESIANPOINT((0.,40.));
#8310=IFCCARTESIANPOINT((-80.,40.));
#8311=IFCPOLYLINE((#8304,#8305,#8306,#8307,#8308,#8309,#8310));
#8312=IFCARBITRARYCLOSEDPROFILEDEF(.AREA.,$,#8311);
#8313=IFCCARTESIANPOINT((1094.583,503.6739,3165.2735));
#8314=IFCDIRECTION((-0.6935,-0.6935,-0.1951));
#8315=IFCDIRECTION((0.1379,0.1379,-0.9808));
#8316=IFCAXIS2PLACEMENT3D(#8313,#8314,#8315);
#8317=IFCCARTESIANPOINT((-19519.6172,0.,0.));
#8318=IFCDIRECTION((0.,1.,0.));
#8319=IFCAXIS1PLACEMENT(#8317,#8318);
#8320=IFCREVOLVEDAREASOLID(#8312,#8316,#8319,0.036923236168724);
#8321=IFCSHAPEREPRESENTATION(#17,'Body','SweptSolid',(#8320));
#8322=IFCPRODUCTDEFINITIONSHAPE($,$,(#8321));
#8328=IFCOWNERHISTORY(#3,#4,.READWRITE.,.MODIFIED.,1779428012,#3,#4,1779428012);
#8329=IFCBEAM('2oCe32bEPA7ezGUVyqbr0p',#8328,'swept beam_0_1',$,$,#8334,#8322,$);
#8330=IFCCARTESIANPOINT((0.,0.,0.));
#8331=IFCDIRECTION((0.,0.,1.));
#8332=IFCDIRECTION((1.,0.,0.));
#8333=IFCAXIS2PLACEMENT3D(#8330,#8331,#8332);
#8334=IFCLOCALPLACEMENT(#39,#8333);
#8335=IFCPROPERTYSINGLEVALUE('Name',$,IFCLABEL('swept beam_0_1'),$);
#8336=IFCPROPERTYSINGLEVALUE('ArcLength',$,IFCLENGTHMEASURE(721.),$);
#8337=IFCPROPERTYSINGLEVALUE('ArcAngle_rad',$,IFCREAL(0.04),$);
#8338=IFCPROPERTYSINGLEVALUE('ArcAngle_deg',$,IFCREAL(2.1),$);
#8339=IFCPROPERTYSET('255i8xtjn5pfqaC0lM69B6',$,'EPset_IfcKit_Geometry',$,(#8335,#8336,#8337,#8338));
#8340=IFCRELDEFINESBYPROPERTIES('0qjGCmV2b7BgtF3$scsvyj',$,$,$,(#8329),#8339);
#8341=IFCCOLOURRGB($,0.501960784313725,0.501960784313725,0.501960784313725);
#8342=IFCSURFACESTYLERENDERING(#8341,0.,$,$,$,$,$,$,.FLAT.);
#8343=IFCSURFACESTYLE($,.BOTH.,(#8342));
#8344=IFCPRESENTATIONSTYLEASSIGNMENT((#8343));
#8345=IFCSTYLEDITEM(#8320,(#8344),$);
#8346=IFCCARTESIANPOINT((-80.,40.));
#8347=IFCCARTESIANPOINT((-80.,32.));
#8348=IFCCARTESIANPOINT((-8.,32.));
#8349=IFCCARTESIANPOINT((-8.,-40.));
#8350=IFCCARTESIANPOINT((0.,-40.));
#8351=IFCCARTESIANPOINT((0.,40.));
#8352=IFCCARTESIANPOINT((-80.,40.));
#8353=IFCPOLYLINE((#8346,#8347,#8348,#8349,#8350,#8351,#8352));
#8354=IFCARBITRARYCLOSEDPROFILEDEF(.AREA.,$,#8353);
#8355=IFCCARTESIANPOINT((1592.4731,1001.564,3318.8966));
#8356=IFCDIRECTION((-0.688,-0.688,-0.2312));
#8357=IFCDIRECTION((0.1635,0.1635,-0.9729));
#8358=IFCAXIS2PLACEMENT3D(#8355,#8356,#8357);
#8359=IFCCARTESIANPOINT((-33077.7701,0.,0.));
#8360=IFCDIRECTION((0.,1.,0.));
#8361=IFCAXIS1PLACEMENT(#8359,#8360);
#8362=IFCREVOLVEDAREASOLID(#8354,#8358,#8361,0.021762388009075);
#8363=IFCSHAPEREPRESENTATION(#17,'Body','SweptSolid',(#8362));
#8364=IFCPRODUCTDEFINITIONSHAPE($,$,(#8363));
#8370=IFCOWNERHISTORY(#3,#4,.READWRITE.,.MODIFIED.,1779428012,#3,#4,1779428012);
#8371=IFCBEAM('3OGknso_97BfWl5mpxz3Q1',#8370,'swept beam_0_2',$,$,#8376,#8364,$);
#8372=IFCCARTESIANPOINT((0.,0.,0.));
#8373=IFCDIRECTION((0.,0.,1.));
#8374=IFCDIRECTION((1.,0.,0.));
#8375=IFCAXIS2PLACEMENT3D(#8372,#8373,#8374);
#8376=IFCLOCALPLACEMENT(#39,#8375);
#8377=IFCPROPERTYSINGLEVALUE('Name',$,IFCLABEL('swept beam_0_2'),$);
#8378=IFCPROPERTYSINGLEVALUE('ArcLength',$,IFCLENGTHMEASURE(720.),$);
#8379=IFCPROPERTYSINGLEVALUE('ArcAngle_rad',$,IFCREAL(0.02),$);
#8380=IFCPROPERTYSINGLEVALUE('ArcAngle_deg',$,IFCREAL(1.2),$);
#8381=IFCPROPERTYSET('1gkS7Q7wz2egNtENrwOlxI',$,'EPset_IfcKit_Geometry',$,(#8377,#8378,#8379,#8380));
#8382=IFCRELDEFINESBYPROPERTIES('0A8SatOCfBgxSraxa9vh8I',$,$,$,(#8371),#8381);
#8383=IFCCOLOURRGB($,0.501960784313725,0.501960784313725,0.501960784313725);
#8384=IFCSURFACESTYLERENDERING(#8383,0.,$,$,$,$,$,$,.FLAT.);
#8385=IFCSURFACESTYLE($,.BOTH.,(#8384));
#8386=IFCPRESENTATIONSTYLEASSIGNMENT((#8385));
#8387=IFCSTYLEDITEM(#8362,(#8386),$);
#8388=IFCCARTESIANPOINT((80.,-40.));
#8389=IFCCARTESIANPOINT((80.,-32.));
#8390=IFCCARTESIANPOINT((8.,-32.));
#8391=IFCCARTESIANPOINT((8.,40.));
#8392=IFCCARTESIANPOINT((0.,40.));
#8393=IFCCARTESIANPOINT((0.,-40.));
#8394=IFCCARTESIANPOINT((80.,-40.));
#8395=IFCPOLYLINE((#8388,#8389,#8390,#8391,#8392,#8393,#8394));
#8396=IFCARBITRARYCLOSEDPROFILEDEF(.AREA.,$,#8395);
#8397=IFCCARTESIANPOINT((2086.379,1495.4699,3492.9061));
#8398=IFCDIRECTION((-0.6842,-0.6842,-0.2523));
#8399=IFCDIRECTION((-0.1784,-0.1784,0.9677));
#8400=IFCAXIS2PLACEMENT3D(#8397,#8398,#8399);
#8401=IFCCARTESIANPOINT((-79650.5704,0.,0.));
#8402=IFCDIRECTION((0.,1.,0.));
#8403=IFCAXIS1PLACEMENT(#8401,#8402);
#8404=IFCREVOLVEDAREASOLID(#8396,#8400,#8403,0.00903791115280443);
#8405=IFCSHAPEREPRESENTATION(#17,'Body','SweptSolid',(#8404));
#8406=IFCPRODUCTDEFINITIONSHAPE($,$,(#8405));
#8412=IFCOWNERHISTORY(#3,#4,.READWRITE.,.MODIFIED.,1779428012,#3,#4,1779428012);
#8413=IFCBEAM('372hdBBaX37PZL34eE4E8_',#8412,'swept beam_0_3',$,$,#8418,#8406,$);
#8414=IFCCARTESIANPOINT((0.,0.,0.));
#8415=IFCDIRECTION((0.,0.,1.));
#8416=IFCDIRECTION((1.,0.,0.));
#8417=IFCAXIS2PLACEMENT3D(#8414,#8415,#8416);
#8418=IFCLOCALPLACEMENT(#39,#8417);
#8419=IFCPROPERTYSINGLEVALUE('Name',$,IFCLABEL('swept beam_0_3'),$);
#8420=IFCPROPERTYSINGLEVALUE('ArcLength',$,IFCLENGTHMEASURE(720.),$);
#8421=IFCPROPERTYSINGLEVALUE('ArcAngle_rad',$,IFCREAL(0.01),$);
#8422=IFCPROPERTYSINGLEVALUE('ArcAngle_deg',$,IFCREAL(0.5),$);
#8423=IFCPROPERTYSET('3omEQMLlTDj8juRTDF8Stw',$,'EPset_IfcKit_Geometry',$,(#8419,#8420,#8421,#8422));
#8424=IFCRELDEFINESBYPROPERTIES('1Nkn3kQZ5FFhe9coRuZ2RU',$,$,$,(#8413),#8423);
#8425=IFCCOLOURRGB($,0.501960784313725,0.501960784313725,0.501960784313725);
#8426=IFCSURFACESTYLERENDERING(#8425,0.,$,$,$,$,$,$,.FLAT.);
#8427=IFCSURFACESTYLE($,.BOTH.,(#8426));
#8428=IFCPRESENTATIONSTYLEASSIGNMENT((#8427));
#8429=IFCSTYLEDITEM(#8404,(#8428),$);
#8430=IFCCARTESIANPOINT((80.,-40.));
#8431=IFCCARTESIANPOINT((80.,-32.));
#8432=IFCCARTESIANPOINT((8.,-32.));
#8433=IFCCARTESIANPOINT((8.,40.));
#8434=IFCCARTESIANPOINT((0.,40.));
#8435=IFCCARTESIANPOINT((0.,-40.));
#8436=IFCCARTESIANPOINT((80.,-40.));
#8437=IFCPOLYLINE((#8430,#8431,#8432,#8433,#8434,#8435,#8436));
#8438=IFCARBITRARYCLOSEDPROFILEDEF(.AREA.,$,#8437);
#8439=IFCCARTESIANPOINT((2579.5162,1988.6071,3671.3648));
#8440=IFCDIRECTION((-0.6858,-0.6858,-0.2435));
#8441=IFCDIRECTION((-0.1722,-0.1722,0.9699));
#8442=IFCAXIS2PLACEMENT3D(#8439,#8440,#8441);
#8443=IFCCARTESIANPOINT((-20768.4999,0.,0.));
#8444=IFCDIRECTION((0.,1.,0.));
#8445=IFCAXIS1PLACEMENT(#8443,#8444);
#8446=IFCREVOLVEDAREASOLID(#8438,#8442,#8445,0.0694231064311864);
#8447=IFCSHAPEREPRESENTATION(#17,'Body','SweptSolid',(#8446));
#8448=IFCPRODUCTDEFINITIONSHAPE($,$,(#8447));
#8454=IFCOWNERHISTORY(#3,#4,.READWRITE.,.MODIFIED.,1779428012,#3,#4,1779428012);
#8455=IFCBEAM('1ZUhlJq$P3iR4COMs6eH8s',#8454,'swept beam_0_4',$,$,#8460,#8448,$);
#8456=IFCCARTESIANPOINT((0.,0.,0.));
#8457=IFCDIRECTION((0.,0.,1.));
#8458=IFCDIRECTION((1.,0.,0.));
#8459=IFCAXIS2PLACEMENT3D(#8456,#8457,#8458);
#8460=IFCLOCALPLACEMENT(#39,#8459);
#8461=IFCPROPERTYSINGLEVALUE('Name',$,IFCLABEL('swept beam_0_4'),$);
#8462=IFCPROPERTYSINGLEVALUE('ArcLength',$,IFCLENGTHMEASURE(1442.),$);
#8463=IFCPROPERTYSINGLEVALUE('ArcAngle_rad',$,IFCREAL(0.07),$);
#8464=IFCPROPERTYSINGLEVALUE('ArcAngle_deg',$,IFCREAL(4.),$);
#8465=IFCPROPERTYSET('285o4yEY94lAuHMCuJnGfQ',$,'EPset_IfcKit_Geometry',$,(#8461,#8462,#8463,#8464));
#8466=IFCRELDEFINESBYPROPERTIES('1Izl$EetT9_gIVOIA6gGFX',$,$,$,(#8455),#8465);
#8467=IFCCOLOURRGB($,0.501960784313725,0.501960784313725,0.501960784313725);
#8468=IFCSURFACESTYLERENDERING(#8467,0.,$,$,$,$,$,$,.FLAT.);
#8469=IFCSURFACESTYLE($,.BOTH.,(#8468));
#8470=IFCPRESENTATIONSTYLEASSIGNMENT((#8469));
#8471=IFCSTYLEDITEM(#8446,(#8470),$);
#8472=IFCCARTESIANPOINT((80.,-40.));
#8473=IFCCARTESIANPOINT((80.,-32.));
#8474=IFCCARTESIANPOINT((8.,-32.));
#8475=IFCCARTESIANPOINT((8.,40.));
#8476=IFCCARTESIANPOINT((0.,40.));
#8477=IFCCARTESIANPOINT((0.,-40.));
#8478=IFCCARTESIANPOINT((80.,-40.));
#8479=IFCPOLYLINE((#8472,#8473,#8474,#8475,#8476,#8477,#8478));
#8480=IFCARBITRARYCLOSEDPROFILEDEF(.AREA.,$,#8479);
#8481=IFCCARTESIANPOINT((3576.1606,2985.2515,3973.6759));
#8482=IFCDIRECTION((-0.6961,-0.6961,-0.1757));
#8483=IFCDIRECTION((-0.1242,-0.1242,0.9845));
#8484=IFCAXIS2PLACEMENT3D(#8481,#8482,#8483);
#8485=IFCCARTESIANPOINT((-5431.7806,0.,0.));
#8486=IFCDIRECTION((0.,1.,0.));
#8487=IFCAXIS1PLACEMENT(#8485,#8486);
#8488=IFCREVOLVEDAREASOLID(#8480,#8484,#8487,0.264002890189423);
#8489=IFCSHAPEREPRESENTATION(#17,'Body','SweptSolid',(#8488));
#8490=IFCPRODUCTDEFINITIONSHAPE($,$,(#8489));
#8496=IFCOWNERHISTORY(#3,#4,.READWRITE.,.MODIFIED.,1779428012,#3,#4,1779428012);
#8497=IFCBEAM('0vbEMNcVn2RvXSN6u_d_G7',#8496,'swept beam_0_5',$,$,#8502,#8490,$);
#8498=IFCCARTESIANPOINT((0.,0.,0.));
#8499=IFCDIRECTION((0.,0.,1.));
#8500=IFCDIRECTION((1.,0.,0.));
#8501=IFCAXIS2PLACEMENT3D(#8498,#8499,#8500);
#8502=IFCLOCALPLACEMENT(#39,#8501);
#8503=IFCPROPERTYSINGLEVALUE('Name',$,IFCLABEL('swept beam_0_5'),$);
#8504=IFCPROPERTYSINGLEVALUE('ArcLength',$,IFCLENGTHMEASURE(1434.),$);
#8505=IFCPROPERTYSINGLEVALUE('ArcAngle_rad',$,IFCREAL(0.26),$);
#8506=IFCPROPERTYSINGLEVALUE('ArcAngle_deg',$,IFCREAL(15.1),$);
#8507=IFCPROPERTYSET('3zsC0Is5zF_uRN2njEgwvw',$,'EPset_IfcKit_Geometry',$,(#8503,#8504,#8505,#8506));
#8508=IFCRELDEFINESBYPROPERTIES('02WCLBP4n1Iv5ilCKFTtsn',$,$,$,(#8497),#8507);
#8509=IFCCOLOURRGB($,0.501960784313725,0.501960784313725,0.501960784313725);
#8510=IFCSURFACESTYLERENDERING(#8509,0.,$,$,$,$,$,$,.FLAT.);
#8511=IFCSURFACESTYLE($,.BOTH.,(#8510));
#8512=IFCPRESENTATIONSTYLEASSIGNMENT((#8511));
#8513=IFCSTYLEDITEM(#8488,(#8512),$);
#8514=IFCCARTESIANPOINT((80.,-40.));
#8515=IFCCARTESIANPOINT((80.,-32.));
#8516=IFCCARTESIANPOINT((8.,-32.));
#8517=IFCCARTESIANPOINT((8.,40.));
#8518=IFCCARTESIANPOINT((0.,40.));
#8519=IFCCARTESIANPOINT((0.,-40.));
#8520=IFCCARTESIANPOINT((80.,-40.));
#8521=IFCPOLYLINE((#8514,#8515,#8516,#8517,#8518,#8519,#8520));
#8522=IFCARBITRARYCLOSEDPROFILEDEF(.AREA.,$,#8521);
#8523=IFCCARTESIANPOINT((4586.2096,3995.3005,4037.3856));
#8524=IFCDIRECTION((-0.7044,-0.7044,0.0873));
#8525=IFCDIRECTION((0.0617,0.0617,0.9962));
#8526=IFCAXIS2PLACEMENT3D(#8523,#8524,#8525);
#8527=IFCCARTESIANPOINT((-6473.1994,0.,0.));
#8528=IFCDIRECTION((0.,1.,0.));
#8529=IFCAXIS1PLACEMENT(#8527,#8528);
#8530=IFCREVOLVEDAREASOLID(#8522,#8526,#8529,0.111186680305235);
#8531=IFCSHAPEREPRESENTATION(#17,'Body','SweptSolid',(#8530));
#8532=IFCPRODUCTDEFINITIONSHAPE($,$,(#8531));
#8538=IFCOWNERHISTORY(#3,#4,.READWRITE.,.MODIFIED.,1779428012,#3,#4,1779428012);
#8539=IFCBEAM('0t4Q_R7Ar0LwOLoUxS_cHq',#8538,'swept beam_0_6',$,$,#8544,#8532,$);
#8540=IFCCARTESIANPOINT((0.,0.,0.));
#8541=IFCDIRECTION((0.,0.,1.));
#8542=IFCDIRECTION((1.,0.,0.));
#8543=IFCAXIS2PLACEMENT3D(#8540,#8541,#8542);
#8544=IFCLOCALPLACEMENT(#39,#8543);
#8545=IFCPROPERTYSINGLEVALUE('Name',$,IFCLABEL('swept beam_0_6'),$);
#8546=IFCPROPERTYSINGLEVALUE('ArcLength',$,IFCLENGTHMEASURE(720.),$);
#8547=IFCPROPERTYSINGLEVALUE('ArcAngle_rad',$,IFCREAL(0.11),$);
#8548=IFCPROPERTYSINGLEVALUE('ArcAngle_deg',$,IFCREAL(6.4),$);
#8549=IFCPROPERTYSET('06NyYvqtX5$g7wz9$tzyGb',$,'EPset_IfcKit_Geometry',$,(#8545,#8546,#8547,#8548));
#8550=IFCRELDEFINESBYPROPERTIES('0FoLw3AEvF$fxSU2g6Q5MR',$,$,$,(#8539),#8549);
#8551=IFCCOLOURRGB($,0.501960784313725,0.501960784313725,0.501960784313725);
#8552=IFCSURFACESTYLERENDERING(#8551,0.,$,$,$,$,$,$,.FLAT.);
#8553=IFCSURFACESTYLE($,.BOTH.,(#8552));
#8554=IFCPRESENTATIONSTYLEASSIGNMENT((#8553));
#8555=IFCSTYLEDITEM(#8530,(#8554),$);
#8556=IFCCARTESIANPOINT((80.,-40.));
#8557=IFCCARTESIANPOINT((80.,-32.));
#8558=IFCCARTESIANPOINT((8.,-32.));
#8559=IFCCARTESIANPOINT((8.,40.));
#8560=IFCCARTESIANPOINT((0.,40.));
#8561=IFCCARTESIANPOINT((0.,-40.));
#8562=IFCCARTESIANPOINT((80.,-40.));
#8563=IFCPOLYLINE((#8556,#8557,#8558,#8559,#8560,#8561,#8562));
#8564=IFCARBITRARYCLOSEDPROFILEDEF(.AREA.,$,#8563);
#8565=IFCCARTESIANPOINT((5089.6823,4498.7732,3934.8506));
#8566=IFCDIRECTION((-0.6932,-0.6932,0.1973));
#8567=IFCDIRECTION((0.1395,0.1395,0.9803));
#8568=IFCAXIS2PLACEMENT3D(#8565,#8566,#8567);
#8569=IFCCARTESIANPOINT((-17455.8134,0.,0.));
#8570=IFCDIRECTION((0.,1.,0.));
#8571=IFCAXIS1PLACEMENT(#8569,#8570);
#8572=IFCREVOLVEDAREASOLID(#8564,#8568,#8571,0.0412684114443843);
#8573=IFCSHAPEREPRESENTATION(#17,'Body','SweptSolid',(#8572));
#8574=IFCPRODUCTDEFINITIONSHAPE($,$,(#8573));
#8580=IFCOWNERHISTORY(#3,#4,.READWRITE.,.MODIFIED.,1779428012,#3,#4,1779428012);
#8581=IFCBEAM('3QqQ9B$qnBVBlA3t35q77C',#8580,'swept beam_0_7',$,$,#8586,#8574,$);
#8582=IFCCARTESIANPOINT((0.,0.,0.));
#8583=IFCDIRECTION((0.,0.,1.));
#8584=IFCDIRECTION((1.,0.,0.));
#8585=IFCAXIS2PLACEMENT3D(#8582,#8583,#8584);
#8586=IFCLOCALPLACEMENT(#39,#8585);
#8587=IFCPROPERTYSINGLEVALUE('Name',$,IFCLABEL('swept beam_0_7'),$);
#8588=IFCPROPERTYSINGLEVALUE('ArcLength',$,IFCLENGTHMEASURE(720.),$);
#8589=IFCPROPERTYSINGLEVALUE('ArcAngle_rad',$,IFCREAL(0.04),$);
#8590=IFCPROPERTYSINGLEVALUE('ArcAngle_deg',$,IFCREAL(2.4),$);
#8591=IFCPROPERTYSET('0gQM4$9eb3pexVY1P1oyl6',$,'EPset_IfcKit_Geometry',$,(#8587,#8588,#8589,#8590));
#8592=IFCRELDEFINESBYPROPERTIES('16c2F8KRT3NOeu1I7Rq664',$,$,$,(#8581),#8591);
#8593=IFCCOLOURRGB($,0.501960784313725,0.501960784313725,0.501960784313725);
#8594=IFCSURFACESTYLERENDERING(#8593,0.,$,$,$,$,$,$,.FLAT.);
#8595=IFCSURFACESTYLE($,.BOTH.,(#8594));
#8596=IFCPRESENTATIONSTYLEASSIGNMENT((#8595));
#8597=IFCSTYLEDITEM(#8572,(#8596),$);
#8598=IFCCARTESIANPOINT((80.,-40.));
#8599=IFCCARTESIANPOINT((80.,-32.));
#8600=IFCCARTESIANPOINT((8.,-32.));
#8601=IFCCARTESIANPOINT((8.,40.));
#8602=IFCCARTESIANPOINT((0.,40.));
#8603=IFCCARTESIANPOINT((0.,-40.));
#8604=IFCCARTESIANPOINT((80.,-40.));
#8605=IFCPOLYLINE((#8598,#8599,#8600,#8601,#8602,#8603,#8604));
#8606=IFCARBITRARYCLOSEDPROFILEDEF(.AREA.,$,#8605);
#8607=IFCCARTESIANPOINT((5586.8339,4995.9248,3778.1818));
#8608=IFCDIRECTION((-0.6869,-0.6869,0.2376));
#8609=IFCDIRECTION((0.168,0.168,0.9714));
#8610=IFCAXIS2PLACEMENT3D(#8607,#8608,#8609);
#8611=IFCCARTESIANPOINT((-85319.3534,0.,0.));
#8612=IFCDIRECTION((0.,1.,0.));
#8613=IFCAXIS1PLACEMENT(#8611,#8612);
#8614=IFCREVOLVEDAREASOLID(#8606,#8610,#8613,0.00843550896029619);
#8615=IFCSHAPEREPRESENTATION(#17,'Body','SweptSolid',(#8614));
#8616=IFCPRODUCTDEFINITIONSHAPE($,$,(#8615));
#8622=IFCOWNERHISTORY(#3,#4,.READWRITE.,.MODIFIED.,1779428012,#3,#4,1779428012);
#8623=IFCBEAM('24J17HWC9DOf6H2ENpL4Pq',#8622,'swept beam_0_8',$,$,#8628,#8616,$);
#8624=IFCCARTESIANPOINT((0.,0.,0.));
#8625=IFCDIRECTION((0.,0.,1.));
#8626=IFCDIRECTION((1.,0.,0.));
#8627=IFCAXIS2PLACEMENT3D(#8624,#8625,#8626);
#8628=IFCLOCALPLACEMENT(#39,#8627);
#8629=IFCPROPERTYSINGLEVALUE('Name',$,IFCLABEL('swept beam_0_8'),$);
#8630=IFCPROPERTYSINGLEVALUE('ArcLength',$,IFCLENGTHMEASURE(720.),$);
#8631=IFCPROPERTYSINGLEVALUE('ArcAngle_rad',$,IFCREAL(0.01),$);
#8632=IFCPROPERTYSINGLEVALUE('ArcAngle_deg',$,IFCREAL(0.5),$);
#8633=IFCPROPERTYSET('1QBwkrGZn4$u5T_4$f82z9',$,'EPset_IfcKit_Geometry',$,(#8629,#8630,#8631,#8632));
#8634=IFCRELDEFINESBYPROPERTIES('2mrEOAxPz9$94R9rfNtxV1',$,$,$,(#8623),#8633);
#8635=IFCCOLOURRGB($,0.501960784313725,0.501960784313725,0.501960784313725);
#8636=IFCSURFACESTYLERENDERING(#8635,0.,$,$,$,$,$,$,.FLAT.);
#8637=IFCSURFACESTYLE($,.BOTH.,(#8636));
#8638=IFCPRESENTATIONSTYLEASSIGNMENT((#8637));
#8639=IFCSTYLEDITEM(#8614,(#8638),$);
#8640=IFCCARTESIANPOINT((-80.,40.));
#8641=IFCCARTESIANPOINT((-80.,32.));
#8642=IFCCARTESIANPOINT((-8.,32.));
#8643=IFCCARTESIANPOINT((-8.,-40.));
#8644=IFCCARTESIANPOINT((0.,-40.));
#8645=IFCCARTESIANPOINT((0.,40.));
#8646=IFCCARTESIANPOINT((-80.,40.));
#8647=IFCPOLYLINE((#8640,#8641,#8642,#8643,#8644,#8645,#8646));
#8648=IFCARBITRARYCLOSEDPROFILEDEF(.AREA.,$,#8647);
#8649=IFCCARTESIANPOINT((6080.6589,5489.7498,3604.2383));
#8650=IFCDIRECTION((-0.6854,-0.6854,0.2458));
#8651=IFCDIRECTION((-0.1738,-0.1738,-0.9693));
#8652=IFCAXIS2PLACEMENT3D(#8649,#8650,#8651);
#8653=IFCCARTESIANPOINT((-23942.545,0.,0.));
#8654=IFCDIRECTION((0.,1.,0.));
#8655=IFCAXIS1PLACEMENT(#8653,#8654);
#8656=IFCREVOLVEDAREASOLID(#8648,#8652,#8655,0.0300578844380091);
#8657=IFCSHAPEREPRESENTATION(#17,'Body','SweptSolid',(#8656));
#8658=IFCPRODUCTDEFINITIONSHAPE($,$,(#8657));
#8664=IFCOWNERHISTORY(#3,#4,.READWRITE.,.MODIFIED.,1779428012,#3,#4,1779428012);
#8665=IFCBEAM('2ZKAp_fCn0khMEZR8tPdbY',#8664,'swept beam_0_9',$,$,#8670,#8658,$);
#8666=IFCCARTESIANPOINT((0.,0.,0.));
#8667=IFCDIRECTION((0.,0.,1.));
#8668=IFCDIRECTION((1.,0.,0.));
#8669=IFCAXIS2PLACEMENT3D(#8666,#8667,#8668);
#8670=IFCLOCALPLACEMENT(#39,#8669);
#8671=IFCPROPERTYSINGLEVALUE('Name',$,IFCLABEL('swept beam_0_9'),$);
#8672=IFCPROPERTYSINGLEVALUE('ArcLength',$,IFCLENGTHMEASURE(720.),$);
#8673=IFCPROPERTYSINGLEVALUE('ArcAngle_rad',$,IFCREAL(0.03),$);
#8674=IFCPROPERTYSINGLEVALUE('ArcAngle_deg',$,IFCREAL(1.7),$);
#8675=IFCPROPERTYSET('2cMEcBKCv7Qx4YzF62pUHw',$,'EPset_IfcKit_Geometry',$,(#8671,#8672,#8673,#8674));
#8676=IFCRELDEFINESBYPROPERTIES('1UaFBt0Ez35xqTQGBYlUiP',$,$,$,(#8665),#8675);
#8677=IFCCOLOURRGB($,0.501960784313725,0.501960784313725,0.501960784313725);
#8678=IFCSURFACESTYLERENDERING(#8677,0.,$,$,$,$,$,$,.FLAT.);
#8679=IFCSURFACESTYLE($,.BOTH.,(#8678));
#8680=IFCPRESENTATIONSTYLEASSIGNMENT((#8679));
#8681=IFCSTYLEDITEM(#8656,(#8680),$);
#8682=IFCCARTESIANPOINT((-80.,40.));
#8683=IFCCARTESIANPOINT((-80.,32.));
#8684=IFCCARTESIANPOINT((-8.,32.));
#8685=IFCCARTESIANPOINT((-8.,-40.));
#8686=IFCCARTESIANPOINT((0.,-40.));
#8687=IFCCARTESIANPOINT((0.,40.));
#8688=IFCCARTESIANPOINT((-80.,40.));
#8689=IFCPOLYLINE((#8682,#8683,#8684,#8685,#8686,#8687,#8688));
#8690=IFCARBITRARYCLOSEDPROFILEDEF(.AREA.,$,#8689);
#8691=IFCCARTESIANPOINT((6575.7332,5984.8241,3437.8724));
#8692=IFCDIRECTION((-0.6903,-0.6903,0.2165));
#8693=IFCDIRECTION((-0.1531,-0.1531,-0.9763));
#8694=IFCAXIS2PLACEMENT3D(#8691,#8692,#8693);
#8695=IFCCARTESIANPOINT((-16418.4444,0.,0.));
#8696=IFCDIRECTION((0.,1.,0.));
#8697=IFCAXIS1PLACEMENT(#8695,#8696);
#8698=IFCREVOLVEDAREASOLID(#8690,#8694,#8697,0.0876288340229432);
#8699=IFCSHAPEREPRESENTATION(#17,'Body','SweptSolid',(#8698));
#8700=IFCPRODUCTDEFINITIONSHAPE($,$,(#8699));
#8706=IFCOWNERHISTORY(#3,#4,.READWRITE.,.MODIFIED.,1779428012,#3,#4,1779428012);
#8707=IFCBEAM('0JKsTXS7TDT9R$rLUodfbi',#8706,'swept beam_0_10',$,$,#8712,#8700,$);
#8708=IFCCARTESIANPOINT((0.,0.,0.));
#8709=IFCDIRECTION((0.,0.,1.));
#8710=IFCDIRECTION((1.,0.,0.));
#8711=IFCAXIS2PLACEMENT3D(#8708,#8709,#8710);
#8712=IFCLOCALPLACEMENT(#39,#8711);
#8713=IFCPROPERTYSINGLEVALUE('Name',$,IFCLABEL('swept beam_0_10'),$);
#8714=IFCPROPERTYSINGLEVALUE('ArcLength',$,IFCLENGTHMEASURE(1439.),$);
#8715=IFCPROPERTYSINGLEVALUE('ArcAngle_rad',$,IFCREAL(0.09),$);
#8716=IFCPROPERTYSINGLEVALUE('ArcAngle_deg',$,IFCREAL(5.),$);
#8717=IFCPROPERTYSET('0vQ1rtYb1F7BL5vU2kyENC',$,'EPset_IfcKit_Geometry',$,(#8713,#8714,#8715,#8716));
#8718=IFCRELDEFINESBYPROPERTIES('12cpb887z6dfkFTnmaPf_T',$,$,$,(#8707),#8717);
#8719=IFCCOLOURRGB($,0.501960784313725,0.501960784313725,0.501960784313725);
#8720=IFCSURFACESTYLERENDERING(#8719,0.,$,$,$,$,$,$,.FLAT.);
#8721=IFCSURFACESTYLE($,.BOTH.,(#8720));
#8722=IFCPRESENTATIONSTYLEASSIGNMENT((#8721));
#8723=IFCSTYLEDITEM(#8698,(#8722),$);
#8724=IFCCARTESIANPOINT((-80.,40.));
#8725=IFCCARTESIANPOINT((-80.,32.));
#8726=IFCCARTESIANPOINT((-8.,32.));
#8727=IFCCARTESIANPOINT((-8.,-40.));
#8728=IFCCARTESIANPOINT((0.,-40.));
#8729=IFCCARTESIANPOINT((0.,40.));
#8730=IFCCARTESIANPOINT((-80.,40.));
#8731=IFCPOLYLINE((#8724,#8725,#8726,#8727,#8728,#8729,#8730));
#8732=IFCARBITRARYCLOSEDPROFILEDEF(.AREA.,$,#8731);
#8733=IFCCARTESIANPOINT((7577.3072,6986.3981,3188.24));
#8734=IFCDIRECTION((-0.7011,-0.7011,0.1303));
#8735=IFCDIRECTION((-0.0921,-0.0921,-0.9915));
#8736=IFCAXIS2PLACEMENT3D(#8733,#8734,#8735);
#8737=IFCCARTESIANPOINT((-12299.3886,0.,0.));
#8738=IFCDIRECTION((0.,1.,0.));
#8739=IFCAXIS1PLACEMENT(#8737,#8738);
#8740=IFCREVOLVEDAREASOLID(#8732,#8736,#8739,0.116917207090251);
#8741=IFCSHAPEREPRESENTATION(#17,'Body','SweptSolid',(#8740));
#8742=IFCPRODUCTDEFINITIONSHAPE($,$,(#8741));
#8748=IFCOWNERHISTORY(#3,#4,.READWRITE.,.MODIFIED.,1779428012,#3,#4,1779428012);
#8749=IFCBEAM('0OhNazsrn13v5LS5dSWOVC',#8748,'swept beam_0_11',$,$,#8754,#8742,$);
#8750=IFCCARTESIANPOINT((0.,0.,0.));
#8751=IFCDIRECTION((0.,0.,1.));
#8752=IFCDIRECTION((1.,0.,0.));
#8753=IFCAXIS2PLACEMENT3D(#8750,#8751,#8752);
#8754=IFCLOCALPLACEMENT(#39,#8753);
#8755=IFCPROPERTYSINGLEVALUE('Name',$,IFCLABEL('swept beam_0_11'),$);
#8756=IFCPROPERTYSINGLEVALUE('ArcLength',$,IFCLENGTHMEASURE(1438.),$);
#8757=IFCPROPERTYSINGLEVALUE('ArcAngle_rad',$,IFCREAL(0.12),$);
#8758=IFCPROPERTYSINGLEVALUE('ArcAngle_deg',$,IFCREAL(6.7),$);
#8759=IFCPROPERTYSET('3FXzJcehLBj9y2HSG4acG6',$,'EPset_IfcKit_Geometry',$,(#8755,#8756,#8757,#8758));
#8760=IFCRELDEFINESBYPROPERTIES('06NJL9X8P5J9xz3dKrpN6Z',$,$,$,(#8749),#8759);
#8761=IFCCOLOURRGB($,0.501960784313725,0.501960784313725,0.501960784313725);
#8762=IFCSURFACESTYLERENDERING(#8761,0.,$,$,$,$,$,$,.FLAT.);
#8763=IFCSURFACESTYLE($,.BOTH.,(#8762));
#8764=IFCPRESENTATIONSTYLEASSIGNMENT((#8763));
#8765=IFCSTYLEDITEM(#8740,(#8764),$);
#8766=IFCCARTESIANPOINT((-80.,40.));
#8767=IFCCARTESIANPOINT((-80.,32.));
#8768=IFCCARTESIANPOINT((-8.,32.));
#8769=IFCCARTESIANPOINT((-8.,-40.));
#8770=IFCCARTESIANPOINT((0.,-40.));
#8771=IFCCARTESIANPOINT((0.,40.));
#8772=IFCCARTESIANPOINT((-80.,40.));
#8773=IFCPOLYLINE((#8766,#8767,#8768,#8769,#8770,#8771,#8772));
#8774=IFCARBITRARYCLOSEDPROFILEDEF(.AREA.,$,#8773);
#8775=IFCCARTESIANPOINT((181.8182,0.,3007.5846));
#8776=IFCDIRECTION((-0.7064,-0.7064,-0.0446));
#8777=IFCDIRECTION((0.0315,0.0315,-0.999));
#8778=IFCAXIS2PLACEMENT3D(#8775,#8776,#8777);
#8779=IFCCARTESIANPOINT((-5780.2198,0.,0.));
#8780=IFCDIRECTION((0.,1.,0.));
#8781=IFCAXIS1PLACEMENT(#8779,#8780);
#8782=IFCREVOLVEDAREASOLID(#8774,#8778,#8781,0.124210291677561);
#8783=IFCSHAPEREPRESENTATION(#17,'Body','SweptSolid',(#8782));
#8784=IFCPRODUCTDEFINITIONSHAPE($,$,(#8783));
#8790=IFCOWNERHISTORY(#3,#4,.READWRITE.,.MODIFIED.,1779428012,#3,#4,1779428012);
#8791=IFCBEAM('3ZSKAORYPAxulgU624LXle',#8790,'swept beam_0_0',$,$,#8796,#8784,$);
#8792=IFCCARTESIANPOINT((0.,0.,0.));
#8793=IFCDIRECTION((0.,0.,1.));
#8794=IFCDIRECTION((1.,0.,0.));
#8795=IFCAXIS2PLACEMENT3D(#8792,#8793,#8794);
#8796=IFCLOCALPLACEMENT(#39,#8795);
#8797=IFCPROPERTYSINGLEVALUE('Name',$,IFCLABEL('swept beam_0_0'),$);
#8798=IFCPROPERTYSINGLEVALUE('ArcLength',$,IFCLENGTHMEASURE(718.),$);
#8799=IFCPROPERTYSINGLEVALUE('ArcAngle_rad',$,IFCREAL(0.12),$);
#8800=IFCPROPERTYSINGLEVALUE('ArcAngle_deg',$,IFCREAL(7.1),$);
#8801=IFCPROPERTYSET('2LUfpdy$L75QatpnNpECWQ',$,'EPset_IfcKit_Geometry',$,(#8797,#8798,#8799,#8800));
#8802=IFCRELDEFINESBYPROPERTIES('0a2sTmlrzBeRRRIzPtLfLu',$,$,$,(#8791),#8801);
#8803=IFCCOLOURRGB($,0.501960784313725,0.501960784313725,0.501960784313725);
#8804=IFCSURFACESTYLERENDERING(#8803,0.,$,$,$,$,$,$,.FLAT.);
#8805=IFCSURFACESTYLE($,.BOTH.,(#8804));
#8806=IFCPRESENTATIONSTYLEASSIGNMENT((#8805));
#8807=IFCSTYLEDITEM(#8782,(#8806),$);
#8808=IFCCARTESIANPOINT((-80.,40.));
#8809=IFCCARTESIANPOINT((-80.,32.));
#8810=IFCCARTESIANPOINT((-8.,32.));
#8811=IFCCARTESIANPOINT((-8.,-40.));
#8812=IFCCARTESIANPOINT((0.,-40.));
#8813=IFCCARTESIANPOINT((0.,40.));
#8814=IFCCARTESIANPOINT((-80.,40.));
#8815=IFCPOLYLINE((#8808,#8809,#8810,#8811,#8812,#8813,#8814));
#8816=IFCARBITRARYCLOSEDPROFILEDEF(.AREA.,$,#8815);
#8817=IFCCARTESIANPOINT((686.2832,504.465,3083.9929));
#8818=IFCDIRECTION((-0.6971,-0.6971,-0.168));
#8819=IFCDIRECTION((0.1188,0.1188,-0.9858));
#8820=IFCAXIS2PLACEMENT3D(#8817,#8818,#8819);
#8821=IFCCARTESIANPOINT((-17082.5411,0.,0.));
#8822=IFCDIRECTION((0.,1.,0.));
#8823=IFCAXIS1PLACEMENT(#8821,#8822);
#8824=IFCREVOLVEDAREASOLID(#8816,#8820,#8823,0.0420769491247672);
#8825=IFCSHAPEREPRESENTATION(#17,'Body','SweptSolid',(#8824));
#8826=IFCPRODUCTDEFINITIONSHAPE($,$,(#8825));
#8832=IFCOWNERHISTORY(#3,#4,.READWRITE.,.MODIFIED.,1779428012,#3,#4,1779428012);
#8833=IFCBEAM('2irriOTU94mfMWglfPX7y3',#8832,'swept beam_0_1',$,$,#8838,#8826,$);
#8834=IFCCARTESIANPOINT((0.,0.,0.));
#8835=IFCDIRECTION((0.,0.,1.));
#8836=IFCDIRECTION((1.,0.,0.));
#8837=IFCAXIS2PLACEMENT3D(#8834,#8835,#8836);
#8838=IFCLOCALPLACEMENT(#39,#8837);
#8839=IFCPROPERTYSINGLEVALUE('Name',$,IFCLABEL('swept beam_0_1'),$);
#8840=IFCPROPERTYSINGLEVALUE('ArcLength',$,IFCLENGTHMEASURE(719.),$);
#8841=IFCPROPERTYSINGLEVALUE('ArcAngle_rad',$,IFCREAL(0.04),$);
#8842=IFCPROPERTYSINGLEVALUE('ArcAngle_deg',$,IFCREAL(2.4),$);
#8843=IFCPROPERTYSET('1tzRNpT3rAmeyI6xrp9n1s',$,'EPset_IfcKit_Geometry',$,(#8839,#8840,#8841,#8842));
#8844=IFCRELDEFINESBYPROPERTIES('3Mqi1yBJD3ZOTLZ67mu_JT',$,$,$,(#8833),#8843);
#8845=IFCCOLOURRGB($,0.501960784313725,0.501960784313725,0.501960784313725);
#8846=IFCSURFACESTYLERENDERING(#8845,0.,$,$,$,$,$,$,.FLAT.);
#8847=IFCSURFACESTYLE($,.BOTH.,(#8846));
#8848=IFCPRESENTATIONSTYLEASSIGNMENT((#8847));
#8849=IFCSTYLEDITEM(#8824,(#8848),$);
#8850=IFCCARTESIANPOINT((-80.,40.));
#8851=IFCCARTESIANPOINT((-80.,32.));
#8852=IFCCARTESIANPOINT((-8.,32.));
#8853=IFCCARTESIANPOINT((-8.,-40.));
#8854=IFCCARTESIANPOINT((0.,-40.));
#8855=IFCCARTESIANPOINT((0.,40.));
#8856=IFCCARTESIANPOINT((-80.,40.));
#8857=IFCPOLYLINE((#8850,#8851,#8852,#8853,#8854,#8855,#8856));
#8858=IFCARBITRARYCLOSEDPROFILEDEF(.AREA.,$,#8857);
#8859=IFCCARTESIANPOINT((1185.3705,1003.5524,3219.6169));
#8860=IFCDIRECTION((-0.6914,-0.6914,-0.2093));
#8861=IFCDIRECTION((0.148,0.148,-0.9778));
#8862=IFCAXIS2PLACEMENT3D(#8859,#8860,#8861);
#8863=IFCCARTESIANPOINT((-26799.4742,0.,0.));
#8864=IFCDIRECTION((0.,1.,0.));
#8865=IFCAXIS1PLACEMENT(#8863,#8864);
#8866=IFCREVOLVEDAREASOLID(#8858,#8862,#8865,0.0267347796855101);
#8867=IFCSHAPEREPRESENTATION(#17,'Body','SweptSolid',(#8866));
#8868=IFCPRODUCTDEFINITIONSHAPE($,$,(#8867));
#8874=IFCOWNERHISTORY(#3,#4,.READWRITE.,.MODIFIED.,1779428012,#3,#4,1779428012);
#8875=IFCBEAM('24jlQzUHT1QvBltoOL$7Tv',#8874,'swept beam_0_2',$,$,#8880,#8868,$);
#8876=IFCCARTESIANPOINT((0.,0.,0.));
#8877=IFCDIRECTION((0.,0.,1.));
#8878=IFCDIRECTION((1.,0.,0.));
#8879=IFCAXIS2PLACEMENT3D(#8876,#8877,#8878);
#8880=IFCLOCALPLACEMENT(#39,#8879);
#8881=IFCPROPERTYSINGLEVALUE('Name',$,IFCLABEL('swept beam_0_2'),$);
#8882=IFCPROPERTYSINGLEVALUE('ArcLength',$,IFCLENGTHMEASURE(716.),$);
#8883=IFCPROPERTYSINGLEVALUE('ArcAngle_rad',$,IFCREAL(0.03),$);
#8884=IFCPROPERTYSINGLEVALUE('ArcAngle_deg',$,IFCREAL(1.5),$);
#8885=IFCPROPERTYSET('2WbiORmGXEuObaQ3N2GW3v',$,'EPset_IfcKit_Geometry',$,(#8881,#8882,#8883,#8884));
#8886=IFCRELDEFINESBYPROPERTIES('2hK3XpEr51gRd7rOv$Fa1L',$,$,$,(#8875),#8885);
#8887=IFCCOLOURRGB($,0.501960784313725,0.501960784313725,0.501960784313725);
#8888=IFCSURFACESTYLERENDERING(#8887,0.,$,$,$,$,$,$,.FLAT.);
#8889=IFCSURFACESTYLE($,.BOTH.,(#8888));
#8890=IFCPRESENTATIONSTYLEASSIGNMENT((#8889));
#8891=IFCSTYLEDITEM(#8866,(#8890),$);
#8892=IFCCARTESIANPOINT((80.,-40.));
#8893=IFCCARTESIANPOINT((80.,-32.));
#8894=IFCCARTESIANPOINT((8.,-32.));
#8895=IFCCARTESIANPOINT((8.,40.));
#8896=IFCCARTESIANPOINT((0.,40.));
#8897=IFCCARTESIANPOINT((0.,-40.));
#8898=IFCCARTESIANPOINT((80.,-40.));
#8899=IFCPOLYLINE((#8892,#8893,#8894,#8895,#8896,#8897,#8898));
#8900=IFCARBITRARYCLOSEDPROFILEDEF(.AREA.,$,#8899);
#8901=IFCCARTESIANPOINT((1679.2976,1497.4795,3378.935));
#8902=IFCDIRECTION((-0.6872,-0.6872,-0.2354));
#8903=IFCDIRECTION((-0.1664,-0.1664,0.9719));
#8904=IFCAXIS2PLACEMENT3D(#8901,#8902,#8903);
#8905=IFCCARTESIANPOINT((-157115.6296,0.,0.));
#8906=IFCDIRECTION((0.,1.,0.));
#8907=IFCAXIS1PLACEMENT(#8905,#8906);
#8908=IFCREVOLVEDAREASOLID(#8900,#8904,#8907,0.00456045955772061);
#8909=IFCSHAPEREPRESENTATION(#17,'Body','SweptSolid',(#8908));
#8910=IFCPRODUCTDEFINITIONSHAPE($,$,(#8909));
#8916=IFCOWNERHISTORY(#3,#4,.READWRITE.,.MODIFIED.,1779428012,#3,#4,1779428012);
#8917=IFCBEAM('1CCBQRBWD3ABez38qXZIM9',#8916,'swept beam_0_3',$,$,#8922,#8910,$);
#8918=IFCCARTESIANPOINT((0.,0.,0.));
#8919=IFCDIRECTION((0.,0.,1.));
#8920=IFCDIRECTION((1.,0.,0.));
#8921=IFCAXIS2PLACEMENT3D(#8918,#8919,#8920);
#8922=IFCLOCALPLACEMENT(#39,#8921);
#8923=IFCPROPERTYSINGLEVALUE('Name',$,IFCLABEL('swept beam_0_3'),$);
#8924=IFCPROPERTYSINGLEVALUE('ArcLength',$,IFCLENGTHMEASURE(717.),$);
#8925=IFCPROPERTYSINGLEVALUE('ArcAngle_rad',$,IFCREAL(0.),$);
#8926=IFCPROPERTYSINGLEVALUE('ArcAngle_deg',$,IFCREAL(0.3),$);
#8927=IFCPROPERTYSET('0wauLNeCn3YOL1KzPhV0Wl',$,'EPset_IfcKit_Geometry',$,(#8923,#8924,#8925,#8926));
#8928=IFCRELDEFINESBYPROPERTIES('2c6B3zZGj6APf2zmmo1DVI',$,$,$,(#8917),#8927);
#8929=IFCCOLOURRGB($,0.501960784313725,0.501960784313725,0.501960784313725);
#8930=IFCSURFACESTYLERENDERING(#8929,0.,$,$,$,$,$,$,.FLAT.);
#8931=IFCSURFACESTYLE($,.BOTH.,(#8930));
#8932=IFCPRESENTATIONSTYLEASSIGNMENT((#8931));
#8933=IFCSTYLEDITEM(#8908,(#8932),$);
#8934=IFCCARTESIANPOINT((80.,-40.));
#8935=IFCCARTESIANPOINT((80.,-32.));
#8936=IFCCARTESIANPOINT((8.,-32.));
#8937=IFCCARTESIANPOINT((8.,40.));
#8938=IFCCARTESIANPOINT((0.,40.));
#8939=IFCCARTESIANPOINT((0.,-40.));
#8940=IFCCARTESIANPOINT((80.,-40.));
#8941=IFCPOLYLINE((#8934,#8935,#8936,#8937,#8938,#8939,#8940));
#8942=IFCARBITRARYCLOSEDPROFILEDEF(.AREA.,$,#8941);
#8943=IFCCARTESIANPOINT((2171.9881,1990.1699,3546.0022));
#8944=IFCDIRECTION((-0.688,-0.688,-0.2309));
#8945=IFCDIRECTION((-0.1633,-0.1633,0.973));
#8946=IFCAXIS2PLACEMENT3D(#8943,#8944,#8945);
#8947=IFCCARTESIANPOINT((-24776.1339,0.,0.));
#8948=IFCDIRECTION((0.,1.,0.));
#8949=IFCAXIS1PLACEMENT(#8947,#8948);
#8950=IFCREVOLVEDAREASOLID(#8942,#8946,#8949,0.0580080576746768);
#8951=IFCSHAPEREPRESENTATION(#17,'Body','SweptSolid',(#8950));
#8952=IFCPRODUCTDEFINITIONSHAPE($,$,(#8951));
#8958=IFCOWNERHISTORY(#3,#4,.READWRITE.,.MODIFIED.,1779428012,#3,#4,1779428012);
#8959=IFCBEAM('2qxoeowHj9awsi0ZZeUIv1',#8958,'swept beam_0_4',$,$,#8964,#8952,$);
#8960=IFCCARTESIANPOINT((0.,0.,0.));
#8961=IFCDIRECTION((0.,0.,1.));
#8962=IFCDIRECTION((1.,0.,0.));
#8963=IFCAXIS2PLACEMENT3D(#8960,#8961,#8962);
#8964=IFCLOCALPLACEMENT(#39,#8963);
#8965=IFCPROPERTYSINGLEVALUE('Name',$,IFCLABEL('swept beam_0_4'),$);
#8966=IFCPROPERTYSINGLEVALUE('ArcLength',$,IFCLENGTHMEASURE(1437.),$);
#8967=IFCPROPERTYSINGLEVALUE('ArcAngle_rad',$,IFCREAL(0.06),$);
#8968=IFCPROPERTYSINGLEVALUE('ArcAngle_deg',$,IFCREAL(3.3),$);
#8969=IFCPROPERTYSET('1zWFg8pJr2zvwCOtLJz1$k',$,'EPset_IfcKit_Geometry',$,(#8965,#8966,#8967,#8968));
#8970=IFCRELDEFINESBYPROPERTIES('3upgfDfyP5fhwNrYavcyiM',$,$,$,(#8959),#8969);
#8971=IFCCOLOURRGB($,0.501960784313725,0.501960784313725,0.501960784313725);
#8972=IFCSURFACESTYLERENDERING(#8971,0.,$,$,$,$,$,$,.FLAT.);
#8973=IFCSURFACESTYLE($,.BOTH.,(#8972));
#8974=IFCPRESENTATIONSTYLEASSIGNMENT((#8973));
#8975=IFCSTYLEDITEM(#8950,(#8974),$);
#8976=IFCCARTESIANPOINT((80.,-40.));
#8977=IFCCARTESIANPOINT((80.,-32.));
#8978=IFCCARTESIANPOINT((8.,-32.));
#8979=IFCCARTESIANPOINT((8.,40.));
#8980=IFCCARTESIANPOINT((0.,40.));
#8981=IFCCARTESIANPOINT((0.,-40.));
#8982=IFCCARTESIANPOINT((80.,-40.));
#8983=IFCPOLYLINE((#8976,#8977,#8978,#8979,#8980,#8981,#8982));
#8984=IFCARBITRARYCLOSEDPROFILEDEF(.AREA.,$,#8983);
#8985=IFCCARTESIANPOINT((3167.0305,2985.2123,3837.1901));
#8986=IFCDIRECTION((-0.6963,-0.6963,-0.1742));
#8987=IFCDIRECTION((-0.1231,-0.1231,0.9847));
#8988=IFCAXIS2PLACEMENT3D(#8985,#8986,#8987);
#8989=IFCCARTESIANPOINT((-5787.3021,0.,0.));
#8990=IFCDIRECTION((0.,1.,0.));
#8991=IFCAXIS1PLACEMENT(#8989,#8990);
#8992=IFCREVOLVEDAREASOLID(#8984,#8988,#8991,0.247143417894521);
#8993=IFCSHAPEREPRESENTATION(#17,'Body','SweptSolid',(#8992));
#8994=IFCPRODUCTDEFINITIONSHAPE($,$,(#8993));
#9000=IFCOWNERHISTORY(#3,#4,.READWRITE.,.MODIFIED.,1779428012,#3,#4,1779428012);
#9001=IFCBEAM('06Pohz2Mf8Tgj$PJCrFoLD',#9000,'swept beam_0_5',$,$,#9006,#8994,$);
#9002=IFCCARTESIANPOINT((0.,0.,0.));
#9003=IFCDIRECTION((0.,0.,1.));
#9004=IFCDIRECTION((1.,0.,0.));
#9005=IFCAXIS2PLACEMENT3D(#9002,#9003,#9004);
#9006=IFCLOCALPLACEMENT(#39,#9005);
#9007=IFCPROPERTYSINGLEVALUE('Name',$,IFCLABEL('swept beam_0_5'),$);
#9008=IFCPROPERTYSINGLEVALUE('ArcLength',$,IFCLENGTHMEASURE(1430.),$);
#9009=IFCPROPERTYSINGLEVALUE('ArcAngle_rad',$,IFCREAL(0.25),$);
#9010=IFCPROPERTYSINGLEVALUE('ArcAngle_deg',$,IFCREAL(14.2),$);
#9011=IFCPROPERTYSET('3rok8xFUr6ABNd0aqKC9Me',$,'EPset_IfcKit_Geometry',$,(#9007,#9008,#9009,#9010));
#9012=IFCRELDEFINESBYPROPERTIES('3zQVtRhnrBjAClJvan2KQt',$,$,$,(#9001),#9011);
#9013=IFCCOLOURRGB($,0.501960784313725,0.501960784313725,0.501960784313725);
#9014=IFCSURFACESTYLERENDERING(#9013,0.,$,$,$,$,$,$,.FLAT.);
#9015=IFCSURFACESTYLE($,.BOTH.,(#9014));
#9016=IFCPRESENTATIONSTYLEASSIGNMENT((#9015));
#9017=IFCSTYLEDITEM(#8992,(#9016),$);
#9018=IFCCARTESIANPOINT((80.,-40.));
#9019=IFCCARTESIANPOINT((80.,-32.));
#9020=IFCCARTESIANPOINT((8.,-32.));
#9021=IFCCARTESIANPOINT((8.,40.));
#9022=IFCCARTESIANPOINT((0.,40.));
#9023=IFCCARTESIANPOINT((0.,-40.));
#9024=IFCCARTESIANPOINT((80.,-40.));
#9025=IFCPOLYLINE((#9018,#9019,#9020,#9021,#9022,#9023,#9024));
#9026=IFCARBITRARYCLOSEDPROFILEDEF(.AREA.,$,#9025);
#9027=IFCCARTESIANPOINT((4174.4928,3992.6747,3910.5894));
#9028=IFCDIRECTION((-0.7053,-0.7053,0.072));
#9029=IFCDIRECTION((0.0509,0.0509,0.9974));
#9030=IFCAXIS2PLACEMENT3D(#9027,#9028,#9029);
#9031=IFCCARTESIANPOINT((-8719.5566,0.,0.));
#9032=IFCDIRECTION((0.,1.,0.));
#9033=IFCAXIS1PLACEMENT(#9031,#9032);
#9034=IFCREVOLVEDAREASOLID(#9026,#9030,#9033,0.164343328524257);
#9035=IFCSHAPEREPRESENTATION(#17,'Body','SweptSolid',(#9034));
#9036=IFCPRODUCTDEFINITIONSHAPE($,$,(#9035));
#9042=IFCOWNERHISTORY(#3,#4,.READWRITE.,.MODIFIED.,1779428012,#3,#4,1779428012);
#9043=IFCBEAM('0XEN5r4an9HvFJqfdVaNRO',#9042,'swept beam_0_6',$,$,#9048,#9036,$);
#9044=IFCCARTESIANPOINT((0.,0.,0.));
#9045=IFCDIRECTION((0.,0.,1.));
#9046=IFCDIRECTION((1.,0.,0.));
#9047=IFCAXIS2PLACEMENT3D(#9044,#9045,#9046);
#9048=IFCLOCALPLACEMENT(#39,#9047);
#9049=IFCPROPERTYSINGLEVALUE('Name',$,IFCLABEL('swept beam_0_6'),$);
#9050=IFCPROPERTYSINGLEVALUE('ArcLength',$,IFCLENGTHMEASURE(1433.),$);
#9051=IFCPROPERTYSINGLEVALUE('ArcAngle_rad',$,IFCREAL(0.16),$);
#9052=IFCPROPERTYSINGLEVALUE('ArcAngle_deg',$,IFCREAL(9.4),$);
#9053=IFCPROPERTYSET('1lYl3wfdvATubvcTs9x9fH',$,'EPset_IfcKit_Geometry',$,(#9049,#9050,#9051,#9052));
#9054=IFCRELDEFINESBYPROPERTIES('23SmSg0uj1oPPUWT_peHwI',$,$,$,(#9043),#9053);
#9055=IFCCOLOURRGB($,0.501960784313725,0.501960784313725,0.501960784313725);
#9056=IFCSURFACESTYLERENDERING(#9055,0.,$,$,$,$,$,$,.FLAT.);
#9057=IFCSURFACESTYLE($,.BOTH.,(#9056));
#9058=IFCPRESENTATIONSTYLEASSIGNMENT((#9057));
#9059=IFCSTYLEDITEM(#9034,(#9058),$);
#9060=IFCCARTESIANPOINT((-80.,40.));
#9061=IFCCARTESIANPOINT((-80.,32.));
#9062=IFCCARTESIANPOINT((-8.,32.));
#9063=IFCCARTESIANPOINT((-8.,-40.));
#9064=IFCCARTESIANPOINT((0.,-40.));
#9065=IFCCARTESIANPOINT((0.,40.));
#9066=IFCCARTESIANPOINT((-80.,40.));
#9067=IFCPOLYLINE((#9060,#9061,#9062,#9063,#9064,#9065,#9066));
#9068=IFCARBITRARYCLOSEDPROFILEDEF(.AREA.,$,#9067);
#9069=IFCCARTESIANPOINT((5174.617,4992.7988,3690.6409));
#9070=IFCDIRECTION((-0.6874,-0.6874,0.2342));
#9071=IFCDIRECTION((-0.1656,-0.1656,-0.9722));
#9072=IFCAXIS2PLACEMENT3D(#9069,#9070,#9071);
#9073=IFCCARTESIANPOINT((-32664.4061,0.,0.));
#9074=IFCDIRECTION((0.,1.,0.));
#9075=IFCAXIS1PLACEMENT(#9073,#9074);
#9076=IFCREVOLVEDAREASOLID(#9068,#9072,#9075,0.0439623381753978);
#9077=IFCSHAPEREPRESENTATION(#17,'Body','SweptSolid',(#9076));
#9078=IFCPRODUCTDEFINITIONSHAPE($,$,(#9077));
#9084=IFCOWNERHISTORY(#3,#4,.READWRITE.,.MODIFIED.,1779428012,#3,#4,1779428012);
#9085=IFCBEAM('1hkLyQ9Lr5vf9YoAvLpjsv',#9084,'swept beam_0_7',$,$,#9090,#9078,$);
#9086=IFCCARTESIANPOINT((0.,0.,0.));
#9087=IFCDIRECTION((0.,0.,1.));
#9088=IFCDIRECTION((1.,0.,0.));
#9089=IFCAXIS2PLACEMENT3D(#9086,#9087,#9088);
#9090=IFCLOCALPLACEMENT(#39,#9089);
#9091=IFCPROPERTYSINGLEVALUE('Name',$,IFCLABEL('swept beam_0_7'),$);
#9092=IFCPROPERTYSINGLEVALUE('ArcLength',$,IFCLENGTHMEASURE(1436.),$);
#9093=IFCPROPERTYSINGLEVALUE('ArcAngle_rad',$,IFCREAL(0.04),$);
#9094=IFCPROPERTYSINGLEVALUE('ArcAngle_deg',$,IFCREAL(2.5),$);
#9095=IFCPROPERTYSET('2tnotteF18q9QstGQcAPY8',$,'EPset_IfcKit_Geometry',$,(#9091,#9092,#9093,#9094));
#9096=IFCRELDEFINESBYPROPERTIES('365TmiDQT4gBTxHObQH$Ia',$,$,$,(#9085),#9095);
#9097=IFCCOLOURRGB($,0.501960784313725,0.501960784313725,0.501960784313725);
#9098=IFCSURFACESTYLERENDERING(#9097,0.,$,$,$,$,$,$,.FLAT.);
#9099=IFCSURFACESTYLE($,.BOTH.,(#9098));
#9100=IFCPRESENTATIONSTYLEASSIGNMENT((#9099));
#9101=IFCSTYLEDITEM(#9076,(#9100),$);
#9102=IFCCARTESIANPOINT((-80.,40.));
#9103=IFCCARTESIANPOINT((-80.,32.));
#9104=IFCCARTESIANPOINT((-8.,32.));
#9105=IFCCARTESIANPOINT((-8.,-40.));
#9106=IFCCARTESIANPOINT((0.,-40.));
#9107=IFCCARTESIANPOINT((0.,40.));
#9108=IFCCARTESIANPOINT((-80.,40.));
#9109=IFCPOLYLINE((#9102,#9103,#9104,#9105,#9106,#9107,#9108));
#9110=IFCARBITRARYCLOSEDPROFILEDEF(.AREA.,$,#9109);
#9111=IFCCARTESIANPOINT((6166.683,5984.8648,3385.0517));
#9112=IFCDIRECTION((-0.694,-0.694,0.1913));
#9113=IFCDIRECTION((-0.1353,-0.1353,-0.9815));
#9114=IFCAXIS2PLACEMENT3D(#9111,#9112,#9113);
#9115=IFCCARTESIANPOINT((-16368.5332,0.,0.));
#9116=IFCDIRECTION((0.,1.,0.));
#9117=IFCAXIS1PLACEMENT(#9115,#9116);
#9118=IFCREVOLVEDAREASOLID(#9110,#9114,#9117,0.087642304987488);
#9119=IFCSHAPEREPRESENTATION(#17,'Body','SweptSolid',(#9118));
#9120=IFCPRODUCTDEFINITIONSHAPE($,$,(#9119));
#9126=IFCOWNERHISTORY(#3,#4,.READWRITE.,.MODIFIED.,1779428012,#3,#4,1779428012);
#9127=IFCBEAM('0rRfYicDrBpefX0okjjzNz',#9126,'swept beam_0_8',$,$,#9132,#9120,$);
#9128=IFCCARTESIANPOINT((0.,0.,0.));
#9129=IFCDIRECTION((0.,0.,1.));
#9130=IFCDIRECTION((1.,0.,0.));
#9131=IFCAXIS2PLACEMENT3D(#9128,#9129,#9130);
#9132=IFCLOCALPLACEMENT(#39,#9131);
#9133=IFCPROPERTYSINGLEVALUE('Name',$,IFCLABEL('swept beam_0_8'),$);
#9134=IFCPROPERTYSINGLEVALUE('ArcLength',$,IFCLENGTHMEASURE(1435.),$);
#9135=IFCPROPERTYSINGLEVALUE('ArcAngle_rad',$,IFCREAL(0.09),$);
#9136=IFCPROPERTYSINGLEVALUE('ArcAngle_deg',$,IFCREAL(5.),$);
#9137=IFCPROPERTYSET('2X1a_nbAT1sg9pHVqbuIlY',$,'EPset_IfcKit_Geometry',$,(#9133,#9134,#9135,#9136));
#9138=IFCRELDEFINESBYPROPERTIES('0HN_BHw6rAvuFF71er3bJC',$,$,$,(#9127),#9137);
#9139=IFCCOLOURRGB($,0.501960784313725,0.501960784313725,0.501960784313725);
#9140=IFCSURFACESTYLERENDERING(#9139,0.,$,$,$,$,$,$,.FLAT.);
#9141=IFCSURFACESTYLE($,.BOTH.,(#9140));
#9142=IFCPRESENTATIONSTYLEASSIGNMENT((#9141));
#9143=IFCSTYLEDITEM(#9118,(#9142),$);
#9144=IFCCARTESIANPOINT((-80.,40.));
#9145=IFCCARTESIANPOINT((-80.,32.));
#9146=IFCCARTESIANPOINT((-8.,32.));
#9147=IFCCARTESIANPOINT((-8.,-40.));
#9148=IFCCARTESIANPOINT((0.,-40.));
#9149=IFCCARTESIANPOINT((0.,40.));
#9150=IFCCARTESIANPOINT((-80.,40.));
#9151=IFCPOLYLINE((#9144,#9145,#9146,#9147,#9148,#9149,#9150));
#9152=IFCARBITRARYCLOSEDPROFILEDEF(.AREA.,$,#9151);
#9153=IFCCARTESIANPOINT((7169.5719,6987.7537,3172.6398));
#9154=IFCDIRECTION((-0.7032,-0.7032,0.1046));
#9155=IFCDIRECTION((-0.074,-0.074,-0.9945));
#9156=IFCAXIS2PLACEMENT3D(#9153,#9154,#9155);
#9157=IFCCARTESIANPOINT((-12733.8407,0.,0.));
#9158=IFCDIRECTION((0.,1.,0.));
#9159=IFCAXIS1PLACEMENT(#9157,#9158);
#9160=IFCREVOLVEDAREASOLID(#9152,#9156,#9159,0.112611557461449);
#9161=IFCSHAPEREPRESENTATION(#17,'Body','SweptSolid',(#9160));
#9162=IFCPRODUCTDEFINITIONSHAPE($,$,(#9161));
#9168=IFCOWNERHISTORY(#3,#4,.READWRITE.,.MODIFIED.,1779428012,#3,#4,1779428012);
#9169=IFCBEAM('0cl7omecT2ZvPoprWw8DGy',#9168,'swept beam_0_9',$,$,#9174,#9162,$);
#9170=IFCCARTESIANPOINT((0.,0.,0.));
#9171=IFCDIRECTION((0.,0.,1.));
#9172=IFCDIRECTION((1.,0.,0.));
#9173=IFCAXIS2PLACEMENT3D(#9170,#9171,#9172);
#9174=IFCLOCALPLACEMENT(#39,#9173);
#9175=IFCPROPERTYSINGLEVALUE('Name',$,IFCLABEL('swept beam_0_9'),$);
#9176=IFCPROPERTYSINGLEVALUE('ArcLength',$,IFCLENGTHMEASURE(1434.),$);
#9177=IFCPROPERTYSINGLEVALUE('ArcAngle_rad',$,IFCREAL(0.11),$);
#9178=IFCPROPERTYSINGLEVALUE('ArcAngle_deg',$,IFCREAL(6.5),$);
#9179=IFCPROPERTYSET('3HjsdAFeP5DfJeMK00e_0G',$,'EPset_IfcKit_Geometry',$,(#9175,#9176,#9177,#9178));
#9180=IFCRELDEFINESBYPROPERTIES('2ZTN7XP7fFsOw6OOxyQ7Qh',$,$,$,(#9169),#9179);
#9181=IFCCOLOURRGB($,0.501960784313725,0.501960784313725,0.501960784313725);
#9182=IFCSURFACESTYLERENDERING(#9181,0.,$,$,$,$,$,$,.FLAT.);
#9183=IFCSURFACESTYLE($,.BOTH.,(#9182));
#9184=IFCPRESENTATIONSTYLEASSIGNMENT((#9183));
#9185=IFCSTYLEDITEM(#9160,(#9184),$);
#9186=IFCCARTESIANPOINT((-80.,40.));
#9187=IFCCARTESIANPOINT((-80.,32.));
#9188=IFCCARTESIANPOINT((-8.,32.));
#9189=IFCCARTESIANPOINT((-8.,-40.));
#9190=IFCCARTESIANPOINT((0.,-40.));
#9191=IFCCARTESIANPOINT((0.,40.));
#9192=IFCCARTESIANPOINT((-80.,40.));
#9193=IFCPOLYLINE((#9186,#9187,#9188,#9189,#9190,#9191,#9192));
#9194=IFCARBITRARYCLOSEDPROFILEDEF(.AREA.,$,#9193);
#9195=IFCCARTESIANPOINT((0.,227.2727,3005.8323));
#9196=IFCDIRECTION((-0.7069,-0.7069,-0.0216));
#9197=IFCDIRECTION((0.0153,0.0153,-0.9998));
#9198=IFCAXIS2PLACEMENT3D(#9195,#9196,#9197);
#9199=IFCCARTESIANPOINT((-5261.2232,0.,0.));
#9200=IFCDIRECTION((0.,1.,0.));
#9201=IFCAXIS1PLACEMENT(#9199,#9200);
#9202=IFCREVOLVEDAREASOLID(#9194,#9198,#9201,0.132246772091854);
#9203=IFCSHAPEREPRESENTATION(#17,'Body','SweptSolid',(#9202));
#9204=IFCPRODUCTDEFINITIONSHAPE($,$,(#9203));
#9210=IFCOWNERHISTORY(#3,#4,.READWRITE.,.MODIFIED.,1779428012,#3,#4,1779428012);
#9211=IFCBEAM('2ajlXUIqD3zh9NucU6cEth',#9210,'swept beam_0_0',$,$,#9216,#9204,$);
#9212=IFCCARTESIANPOINT((0.,0.,0.));
#9213=IFCDIRECTION((0.,0.,1.));
#9214=IFCDIRECTION((1.,0.,0.));
#9215=IFCAXIS2PLACEMENT3D(#9212,#9213,#9214);
#9216=IFCLOCALPLACEMENT(#39,#9215);
#9217=IFCPROPERTYSINGLEVALUE('Name',$,IFCLABEL('swept beam_0_0'),$);
#9218=IFCPROPERTYSINGLEVALUE('ArcLength',$,IFCLENGTHMEASURE(696.),$);
#9219=IFCPROPERTYSINGLEVALUE('ArcAngle_rad',$,IFCREAL(0.13),$);
#9220=IFCPROPERTYSINGLEVALUE('ArcAngle_deg',$,IFCREAL(7.6),$);
#9221=IFCPROPERTYSET('1IMYFn5YPBNhRCvHGS9yqV',$,'EPset_IfcKit_Geometry',$,(#9217,#9218,#9219,#9220));
#9222=IFCRELDEFINESBYPROPERTIES('1a0DsCUevEPe8i1Q73eYoV',$,$,$,(#9211),#9221);
#9223=IFCCOLOURRGB($,0.501960784313725,0.501960784313725,0.501960784313725);
#9224=IFCSURFACESTYLERENDERING(#9223,0.,$,$,$,$,$,$,.FLAT.);
#9225=IFCSURFACESTYLE($,.BOTH.,(#9224));
#9226=IFCPRESENTATIONSTYLEASSIGNMENT((#9225));
#9227=IFCSTYLEDITEM(#9202,(#9226),$);
#9228=IFCCARTESIANPOINT((-80.,40.));
#9229=IFCCARTESIANPOINT((-80.,32.));
#9230=IFCCARTESIANPOINT((-8.,32.));
#9231=IFCCARTESIANPOINT((-8.,-40.));
#9232=IFCCARTESIANPOINT((0.,-40.));
#9233=IFCCARTESIANPOINT((0.,40.));
#9234=IFCCARTESIANPOINT((-80.,40.));
#9235=IFCPOLYLINE((#9228,#9229,#9230,#9231,#9232,#9233,#9234));
#9236=IFCARBITRARYCLOSEDPROFILEDEF(.AREA.,$,#9235);
#9237=IFCCARTESIANPOINT((489.7408,717.0135,3066.7608));
#9238=IFCDIRECTION((-0.6988,-0.6988,-0.1533));
#9239=IFCDIRECTION((0.1084,0.1084,-0.9882));
#9240=IFCAXIS2PLACEMENT3D(#9237,#9238,#9239);
#9241=IFCCARTESIANPOINT((-18065.0397,0.,0.));
#9242=IFCDIRECTION((0.,1.,0.));
#9243=IFCAXIS1PLACEMENT(#9241,#9242);
#9244=IFCREVOLVEDAREASOLID(#9236,#9240,#9243,0.0385667153197234);
#9245=IFCSHAPEREPRESENTATION(#17,'Body','SweptSolid',(#9244));
#9246=IFCPRODUCTDEFINITIONSHAPE($,$,(#9245));
#9252=IFCOWNERHISTORY(#3,#4,.READWRITE.,.MODIFIED.,1779428012,#3,#4,1779428012);
#9253=IFCBEAM('1otdmD3oT9TO2Jt40Ki2c4',#9252,'swept beam_0_1',$,$,#9258,#9246,$);
#9254=IFCCARTESIANPOINT((0.,0.,0.));
#9255=IFCDIRECTION((0.,0.,1.));
#9256=IFCDIRECTION((1.,0.,0.));
#9257=IFCAXIS2PLACEMENT3D(#9254,#9255,#9256);
#9258=IFCLOCALPLACEMENT(#39,#9257);
#9259=IFCPROPERTYSINGLEVALUE('Name',$,IFCLABEL('swept beam_0_1'),$);
#9260=IFCPROPERTYSINGLEVALUE('ArcLength',$,IFCLENGTHMEASURE(697.),$);
#9261=IFCPROPERTYSINGLEVALUE('ArcAngle_rad',$,IFCREAL(0.04),$);
#9262=IFCPROPERTYSINGLEVALUE('ArcAngle_deg',$,IFCREAL(2.2),$);
#9263=IFCPROPERTYSET('24g3CDqiXAKwuUL4xVnJ1O',$,'EPset_IfcKit_Geometry',$,(#9259,#9260,#9261,#9262));
#9264=IFCRELDEFINESBYPROPERTIES('3zzYaJGcX1PwcaLppoqZfW',$,$,$,(#9253),#9263);
#9265=IFCCOLOURRGB($,0.501960784313725,0.501960784313725,0.501960784313725);
#9266=IFCSURFACESTYLERENDERING(#9265,0.,$,$,$,$,$,$,.FLAT.);
#9267=IFCSURFACESTYLE($,.BOTH.,(#9266));
#9268=IFCPRESENTATIONSTYLEASSIGNMENT((#9267));
#9269=IFCSTYLEDITEM(#9244,(#9268),$);
#9270=IFCCARTESIANPOINT((-80.,40.));
#9271=IFCCARTESIANPOINT((-80.,32.));
#9272=IFCCARTESIANPOINT((-8.,32.));
#9273=IFCCARTESIANPOINT((-8.,-40.));
#9274=IFCCARTESIANPOINT((0.,-40.));
#9275=IFCCARTESIANPOINT((0.,40.));
#9276=IFCCARTESIANPOINT((-80.,40.));
#9277=IFCPOLYLINE((#9270,#9271,#9272,#9273,#9274,#9275,#9276));
#9278=IFCARBITRARYCLOSEDPROFILEDEF(.AREA.,$,#9277);
#9279=IFCCARTESIANPOINT((974.9918,1202.2645,3186.7878));
#9280=IFCDIRECTION((-0.6941,-0.6941,-0.1912));
#9281=IFCDIRECTION((0.1352,0.1352,-0.9815));
#9282=IFCAXIS2PLACEMENT3D(#9279,#9280,#9281);
#9283=IFCCARTESIANPOINT((-28651.7893,0.,0.));
#9284=IFCDIRECTION((0.,1.,0.));
#9285=IFCAXIS1PLACEMENT(#9283,#9284);
#9286=IFCREVOLVEDAREASOLID(#9278,#9282,#9285,0.0242426698028247);
#9287=IFCSHAPEREPRESENTATION(#17,'Body','SweptSolid',(#9286));
#9288=IFCPRODUCTDEFINITIONSHAPE($,$,(#9287));
#9294=IFCOWNERHISTORY(#3,#4,.READWRITE.,.MODIFIED.,1779428012,#3,#4,1779428012);
#9295=IFCBEAM('20XelhIUv2Y9blYEuMYjTQ',#9294,'swept beam_0_2',$,$,#9300,#9288,$);
#9296=IFCCARTESIANPOINT((0.,0.,0.));
#9297=IFCDIRECTION((0.,0.,1.));
#9298=IFCDIRECTION((1.,0.,0.));
#9299=IFCAXIS2PLACEMENT3D(#9296,#9297,#9298);
#9300=IFCLOCALPLACEMENT(#39,#9299);
#9301=IFCPROPERTYSINGLEVALUE('Name',$,IFCLABEL('swept beam_0_2'),$);
#9302=IFCPROPERTYSINGLEVALUE('ArcLength',$,IFCLENGTHMEASURE(695.),$);
#9303=IFCPROPERTYSINGLEVALUE('ArcAngle_rad',$,IFCREAL(0.02),$);
#9304=IFCPROPERTYSINGLEVALUE('ArcAngle_deg',$,IFCREAL(1.4),$);
#9305=IFCPROPERTYSET('3eavXBMC50ivts2j$Wpbvq',$,'EPset_IfcKit_Geometry',$,(#9301,#9302,#9303,#9304));
#9306=IFCRELDEFINESBYPROPERTIES('2Y$oKXqm52YOe113JBJhTe',$,$,$,(#9295),#9305);
#9307=IFCCOLOURRGB($,0.501960784313725,0.501960784313725,0.501960784313725);
#9308=IFCSURFACESTYLERENDERING(#9307,0.,$,$,$,$,$,$,.FLAT.);
#9309=IFCSURFACESTYLE($,.BOTH.,(#9308));
#9310=IFCPRESENTATIONSTYLEASSIGNMENT((#9309));
#9311=IFCSTYLEDITEM(#9286,(#9310),$);
#9312=IFCCARTESIANPOINT((80.,-40.));
#9313=IFCCARTESIANPOINT((80.,-32.));
#9314=IFCCARTESIANPOINT((8.,-32.));
#9315=IFCCARTESIANPOINT((8.,40.));
#9316=IFCCARTESIANPOINT((0.,40.));
#9317=IFCCARTESIANPOINT((0.,-40.));
#9318=IFCCARTESIANPOINT((80.,-40.));
#9319=IFCPOLYLINE((#9312,#9313,#9314,#9315,#9316,#9317,#9318));
#9320=IFCARBITRARYCLOSEDPROFILEDEF(.AREA.,$,#9319);
#9321=IFCCARTESIANPOINT((1455.8935,1683.1662,3327.8796));
#9322=IFCDIRECTION((-0.6906,-0.6906,-0.215));
#9323=IFCDIRECTION((-0.152,-0.152,0.9766));
#9324=IFCAXIS2PLACEMENT3D(#9321,#9322,#9323);
#9325=IFCCARTESIANPOINT((-94832.5698,0.,0.));
#9326=IFCDIRECTION((0.,1.,0.));
#9327=IFCAXIS1PLACEMENT(#9325,#9326);
#9328=IFCREVOLVEDAREASOLID(#9320,#9324,#9327,0.00732477019218487);
#9329=IFCSHAPEREPRESENTATION(#17,'Body','SweptSolid',(#9328));
#9330=IFCPRODUCTDEFINITIONSHAPE($,$,(#9329));
#9336=IFCOWNERHISTORY(#3,#4,.READWRITE.,.MODIFIED.,1779428012,#3,#4,1779428012);
#9337=IFCBEAM('3tsLDKxKP8lOMPGhknxI9L',#9336,'swept beam_0_3',$,$,#9342,#9330,$);
#9338=IFCCARTESIANPOINT((0.,0.,0.));
#9339=IFCDIRECTION((0.,0.,1.));
#9340=IFCDIRECTION((1.,0.,0.));
#9341=IFCAXIS2PLACEMENT3D(#9338,#9339,#9340);
#9342=IFCLOCALPLACEMENT(#39,#9341);
#9343=IFCPROPERTYSINGLEVALUE('Name',$,IFCLABEL('swept beam_0_3'),$);
#9344=IFCPROPERTYSINGLEVALUE('ArcLength',$,IFCLENGTHMEASURE(695.),$);
#9345=IFCPROPERTYSINGLEVALUE('ArcAngle_rad',$,IFCREAL(0.01),$);
#9346=IFCPROPERTYSINGLEVALUE('ArcAngle_deg',$,IFCREAL(0.4),$);
#9347=IFCPROPERTYSET('3raGVNH65D3AcfU$bFKhwr',$,'EPset_IfcKit_Geometry',$,(#9343,#9344,#9345,#9346));
#9348=IFCRELDEFINESBYPROPERTIES('2qQqpyIqP6e8cUpqvShLd8',$,$,$,(#9337),#9347);
#9349=IFCCOLOURRGB($,0.501960784313725,0.501960784313725,0.501960784313725);
#9350=IFCSURFACESTYLERENDERING(#9349,0.,$,$,$,$,$,$,.FLAT.);
#9351=IFCSURFACESTYLE($,.BOTH.,(#9350));
#9352=IFCPRESENTATIONSTYLEASSIGNMENT((#9351));
#9353=IFCSTYLEDITEM(#9328,(#9352),$);
#9354=IFCCARTESIANPOINT((80.,-40.));
#9355=IFCCARTESIANPOINT((80.,-32.));
#9356=IFCCARTESIANPOINT((8.,-32.));
#9357=IFCCARTESIANPOINT((8.,40.));
#9358=IFCCARTESIANPOINT((0.,40.));
#9359=IFCCARTESIANPOINT((0.,-40.));
#9360=IFCCARTESIANPOINT((80.,-40.));
#9361=IFCPOLYLINE((#9354,#9355,#9356,#9357,#9358,#9359,#9360));
#9362=IFCARBITRARYCLOSEDPROFILEDEF(.AREA.,$,#9361);
#9363=IFCCARTESIANPOINT((1935.9662,2163.2389,3474.729));
#9364=IFCDIRECTION((-0.6917,-0.6917,-0.2078));
#9365=IFCDIRECTION((-0.147,-0.147,0.9782));
#9366=IFCAXIS2PLACEMENT3D(#9363,#9364,#9365);
#9367=IFCCARTESIANPOINT((-20189.9984,0.,0.));
#9368=IFCDIRECTION((0.,1.,0.));
#9369=IFCAXIS1PLACEMENT(#9367,#9368);
#9370=IFCREVOLVEDAREASOLID(#9362,#9366,#9369,0.0688178517111439);
#9371=IFCSHAPEREPRESENTATION(#17,'Body','SweptSolid',(#9370));
#9372=IFCPRODUCTDEFINITIONSHAPE($,$,(#9371));
#9378=IFCOWNERHISTORY(#3,#4,.READWRITE.,.MODIFIED.,1779428012,#3,#4,1779428012);
#9379=IFCBEAM('0mzpFpvFjFMBiLyfPIWQzm',#9378,'swept beam_0_4',$,$,#9384,#9372,$);
#9380=IFCCARTESIANPOINT((0.,0.,0.));
#9381=IFCDIRECTION((0.,0.,1.));
#9382=IFCDIRECTION((1.,0.,0.));
#9383=IFCAXIS2PLACEMENT3D(#9380,#9381,#9382);
#9384=IFCLOCALPLACEMENT(#39,#9383);
#9385=IFCPROPERTYSINGLEVALUE('Name',$,IFCLABEL('swept beam_0_4'),$);
#9386=IFCPROPERTYSINGLEVALUE('ArcLength',$,IFCLENGTHMEASURE(1389.),$);
#9387=IFCPROPERTYSINGLEVALUE('ArcAngle_rad',$,IFCREAL(0.07),$);
#9388=IFCPROPERTYSINGLEVALUE('ArcAngle_deg',$,IFCREAL(3.9),$);
#9389=IFCPROPERTYSET('0vIsg8SizFExwAlktpKMgp',$,'EPset_IfcKit_Geometry',$,(#9385,#9386,#9387,#9388));
#9390=IFCRELDEFINESBYPROPERTIES('3FB$dgYgz4numwHmGsZ77h',$,$,$,(#9379),#9389);
#9391=IFCCOLOURRGB($,0.501960784313725,0.501960784313725,0.501960784313725);
#9392=IFCSURFACESTYLERENDERING(#9391,0.,$,$,$,$,$,$,.FLAT.);
#9393=IFCSURFACESTYLE($,.BOTH.,(#9392));
#9394=IFCPRESENTATIONSTYLEASSIGNMENT((#9393));
#9395=IFCSTYLEDITEM(#9370,(#9394),$);
#9396=IFCCARTESIANPOINT((80.,-40.));
#9397=IFCCARTESIANPOINT((80.,-32.));
#9398=IFCCARTESIANPOINT((8.,-32.));
#9399=IFCCARTESIANPOINT((8.,40.));
#9400=IFCCARTESIANPOINT((0.,40.));
#9401=IFCCARTESIANPOINT((0.,-40.));
#9402=IFCCARTESIANPOINT((80.,-40.));
#9403=IFCPOLYLINE((#9396,#9397,#9398,#9399,#9400,#9401,#9402));
#9404=IFCARBITRARYCLOSEDPROFILEDEF(.AREA.,$,#9403);
#9405=IFCCARTESIANPOINT((2903.256,3130.5287,3716.5162));
#9406=IFCDIRECTION((-0.7001,-0.7001,-0.1401));
#9407=IFCDIRECTION((-0.099,-0.099,0.9901));
#9408=IFCAXIS2PLACEMENT3D(#9405,#9406,#9407);
#9409=IFCCARTESIANPOINT((-5968.6048,0.,0.));
#9410=IFCDIRECTION((0.,1.,0.));
#9411=IFCAXIS1PLACEMENT(#9409,#9410);
#9412=IFCREVOLVEDAREASOLID(#9404,#9408,#9411,0.23183801858984);
#9413=IFCSHAPEREPRESENTATION(#17,'Body','SweptSolid',(#9412));
#9414=IFCPRODUCTDEFINITIONSHAPE($,$,(#9413));
#9420=IFCOWNERHISTORY(#3,#4,.READWRITE.,.MODIFIED.,1779428012,#3,#4,1779428012);
#9421=IFCBEAM('3b78HvQcn5YPxG66FCr2QE',#9420,'swept beam_0_5',$,$,#9426,#9414,$);
#9422=IFCCARTESIANPOINT((0.,0.,0.));
#9423=IFCDIRECTION((0.,0.,1.));
#9424=IFCDIRECTION((1.,0.,0.));
#9425=IFCAXIS2PLACEMENT3D(#9422,#9423,#9424);
#9426=IFCLOCALPLACEMENT(#39,#9425);
#9427=IFCPROPERTYSINGLEVALUE('Name',$,IFCLABEL('swept beam_0_5'),$);
#9428=IFCPROPERTYSINGLEVALUE('ArcLength',$,IFCLENGTHMEASURE(1384.),$);
#9429=IFCPROPERTYSINGLEVALUE('ArcAngle_rad',$,IFCREAL(0.23),$);
#9430=IFCPROPERTYSINGLEVALUE('ArcAngle_deg',$,IFCREAL(13.3),$);
#9431=IFCPROPERTYSET('3l4gGBV8H588x09AREJG6I',$,'EPset_IfcKit_Geometry',$,(#9427,#9428,#9429,#9430));
#9432=IFCRELDEFINESBYPROPERTIES('3yg8RpnFH6rvve4MsFLJ1C',$,$,$,(#9421),#9431);
#9433=IFCCOLOURRGB($,0.501960784313725,0.501960784313725,0.501960784313725);
#9434=IFCSURFACESTYLERENDERING(#9433,0.,$,$,$,$,$,$,.FLAT.);
#9435=IFCSURFACESTYLE($,.BOTH.,(#9434));
#9436=IFCPRESENTATIONSTYLEASSIGNMENT((#9435));
#9437=IFCSTYLEDITEM(#9412,(#9436),$);
#9438=IFCCARTESIANPOINT((80.,-40.));
#9439=IFCCARTESIANPOINT((80.,-32.));
#9440=IFCCARTESIANPOINT((8.,-32.));
#9441=IFCCARTESIANPOINT((8.,40.));
#9442=IFCCARTESIANPOINT((0.,40.));
#9443=IFCCARTESIANPOINT((0.,-40.));
#9444=IFCCARTESIANPOINT((80.,-40.));
#9445=IFCPOLYLINE((#9438,#9439,#9440,#9441,#9442,#9443,#9444));
#9446=IFCARBITRARYCLOSEDPROFILEDEF(.AREA.,$,#9445);
#9447=IFCCARTESIANPOINT((3879.2291,4106.5018,3750.4991));
#9448=IFCDIRECTION((-0.7042,-0.7042,0.0912));
#9449=IFCDIRECTION((0.0645,0.0645,0.9958));
#9450=IFCAXIS2PLACEMENT3D(#9447,#9448,#9449);
#9451=IFCCARTESIANPOINT((-11962.1687,0.,0.));
#9452=IFCDIRECTION((0.,1.,0.));
#9453=IFCAXIS1PLACEMENT(#9451,#9452);
#9454=IFCREVOLVEDAREASOLID(#9446,#9450,#9453,0.116045095755396);
#9455=IFCSHAPEREPRESENTATION(#17,'Body','SweptSolid',(#9454));
#9456=IFCPRODUCTDEFINITIONSHAPE($,$,(#9455));
#9462=IFCOWNERHISTORY(#3,#4,.READWRITE.,.MODIFIED.,1779428012,#3,#4,1779428012);
#9463=IFCBEAM('3BEKMCZPbBwx41pY0Vcu0c',#9462,'swept beam_0_6',$,$,#9468,#9456,$);
#9464=IFCCARTESIANPOINT((0.,0.,0.));
#9465=IFCDIRECTION((0.,0.,1.));
#9466=IFCDIRECTION((1.,0.,0.));
#9467=IFCAXIS2PLACEMENT3D(#9464,#9465,#9466);
#9468=IFCLOCALPLACEMENT(#39,#9467);
#9469=IFCPROPERTYSINGLEVALUE('Name',$,IFCLABEL('swept beam_0_6'),$);
#9470=IFCPROPERTYSINGLEVALUE('ArcLength',$,IFCLENGTHMEASURE(1388.),$);
#9471=IFCPROPERTYSINGLEVALUE('ArcAngle_rad',$,IFCREAL(0.12),$);
#9472=IFCPROPERTYSINGLEVALUE('ArcAngle_deg',$,IFCREAL(6.6),$);
#9473=IFCPROPERTYSET('3$mtQhOfLBfxKaYr2ExzK$',$,'EPset_IfcKit_Geometry',$,(#9469,#9470,#9471,#9472));
#9474=IFCRELDEFINESBYPROPERTIES('2vPsNjPoT3gfltMk17kKmy',$,$,$,(#9463),#9473);
#9475=IFCCOLOURRGB($,0.501960784313725,0.501960784313725,0.501960784313725);
#9476=IFCSURFACESTYLERENDERING(#9475,0.,$,$,$,$,$,$,.FLAT.);
#9477=IFCSURFACESTYLE($,.BOTH.,(#9476));
#9478=IFCPRESENTATIONSTYLEASSIGNMENT((#9477));
#9479=IFCSTYLEDITEM(#9454,(#9478),$);
#9480=IFCCARTESIANPOINT((-80.,40.));
#9481=IFCCARTESIANPOINT((-80.,32.));
#9482=IFCCARTESIANPOINT((-8.,32.));
#9483=IFCCARTESIANPOINT((-8.,-40.));
#9484=IFCCARTESIANPOINT((0.,-40.));
#9485=IFCCARTESIANPOINT((0.,40.));
#9486=IFCCARTESIANPOINT((-80.,40.));
#9487=IFCPOLYLINE((#9480,#9481,#9482,#9483,#9484,#9485,#9486));
#9488=IFCARBITRARYCLOSEDPROFILEDEF(.AREA.,$,#9487);
#9489=IFCCARTESIANPOINT((4849.3323,5076.605,3544.0982));
#9490=IFCDIRECTION((-0.692,-0.692,0.2059));
#9491=IFCDIRECTION((-0.1456,-0.1456,-0.9786));
#9492=IFCAXIS2PLACEMENT3D(#9489,#9490,#9491);
#9493=IFCCARTESIANPOINT((-27530.0629,0.,0.));
#9494=IFCDIRECTION((0.,1.,0.));
#9495=IFCAXIS1PLACEMENT(#9493,#9494);
#9496=IFCREVOLVEDAREASOLID(#9488,#9492,#9495,0.0504690423873582);
#9497=IFCSHAPEREPRESENTATION(#17,'Body','SweptSolid',(#9496));
#9498=IFCPRODUCTDEFINITIONSHAPE($,$,(#9497));
#9504=IFCOWNERHISTORY(#3,#4,.READWRITE.,.MODIFIED.,1779428012,#3,#4,1779428012);
#9505=IFCBEAM('1up_FYctL4fxFff6In9swS',#9504,'swept beam_0_7',$,$,#9510,#9498,$);
#9506=IFCCARTESIANPOINT((0.,0.,0.));
#9507=IFCDIRECTION((0.,0.,1.));
#9508=IFCDIRECTION((1.,0.,0.));
#9509=IFCAXIS2PLACEMENT3D(#9506,#9507,#9508);
#9510=IFCLOCALPLACEMENT(#39,#9509);
#9511=IFCPROPERTYSINGLEVALUE('Name',$,IFCLABEL('swept beam_0_7'),$);
#9512=IFCPROPERTYSINGLEVALUE('ArcLength',$,IFCLENGTHMEASURE(1389.),$);
#9513=IFCPROPERTYSINGLEVALUE('ArcAngle_rad',$,IFCREAL(0.05),$);
#9514=IFCPROPERTYSINGLEVALUE('ArcAngle_deg',$,IFCREAL(2.9),$);
#9515=IFCPROPERTYSET('1wJ3a4Tor3hPNwo8ybOZzx',$,'EPset_IfcKit_Geometry',$,(#9511,#9512,#9513,#9514));
#9516=IFCRELDEFINESBYPROPERTIES('3DQ5i6CK9C3uqS$PwyF4Ht',$,$,$,(#9505),#9515);
#9517=IFCCOLOURRGB($,0.501960784313725,0.501960784313725,0.501960784313725);
#9518=IFCSURFACESTYLERENDERING(#9517,0.,$,$,$,$,$,$,.FLAT.);
#9519=IFCSURFACESTYLE($,.BOTH.,(#9518));
#9520=IFCPRESENTATIONSTYLEASSIGNMENT((#9519));
#9521=IFCSTYLEDITEM(#9496,(#9520),$);
#9522=IFCCARTESIANPOINT((-80.,40.));
#9523=IFCCARTESIANPOINT((-80.,32.));
#9524=IFCCARTESIANPOINT((-8.,32.));
#9525=IFCCARTESIANPOINT((-8.,-40.));
#9526=IFCCARTESIANPOINT((0.,-40.));
#9527=IFCCARTESIANPOINT((0.,40.));
#9528=IFCCARTESIANPOINT((-80.,40.));
#9529=IFCPOLYLINE((#9522,#9523,#9524,#9525,#9526,#9527,#9528));
#9530=IFCARBITRARYCLOSEDPROFILEDEF(.AREA.,$,#9529);
#9531=IFCCARTESIANPOINT((5815.4482,6042.721,3292.4898));
#9532=IFCDIRECTION((-0.6984,-0.6984,0.1562));
#9533=IFCDIRECTION((-0.1105,-0.1105,-0.9877));
#9534=IFCAXIS2PLACEMENT3D(#9531,#9532,#9533);
#9535=IFCCARTESIANPOINT((-16161.084,0.,0.));
#9536=IFCDIRECTION((0.,1.,0.));
#9537=IFCAXIS1PLACEMENT(#9535,#9536);
#9538=IFCREVOLVEDAREASOLID(#9530,#9534,#9537,0.0859698845183208);
#9539=IFCSHAPEREPRESENTATION(#17,'Body','SweptSolid',(#9538));
#9540=IFCPRODUCTDEFINITIONSHAPE($,$,(#9539));
#9546=IFCOWNERHISTORY(#3,#4,.READWRITE.,.MODIFIED.,1779428012,#3,#4,1779428012);
#9547=IFCBEAM('19Nvtx5Av4_gfFLsRDSVZm',#9546,'swept beam_0_8',$,$,#9552,#9540,$);
#9548=IFCCARTESIANPOINT((0.,0.,0.));
#9549=IFCDIRECTION((0.,0.,1.));
#9550=IFCDIRECTION((1.,0.,0.));
#9551=IFCAXIS2PLACEMENT3D(#9548,#9549,#9550);
#9552=IFCLOCALPLACEMENT(#39,#9551);
#9553=IFCPROPERTYSINGLEVALUE('Name',$,IFCLABEL('swept beam_0_8'),$);
#9554=IFCPROPERTYSINGLEVALUE('ArcLength',$,IFCLENGTHMEASURE(1389.),$);
#9555=IFCPROPERTYSINGLEVALUE('ArcAngle_rad',$,IFCREAL(0.09),$);
#9556=IFCPROPERTYSINGLEVALUE('ArcAngle_deg',$,IFCREAL(4.9),$);
#9557=IFCPROPERTYSET('0qkov$1bv5tRIhktxMtd8M',$,'EPset_IfcKit_Geometry',$,(#9553,#9554,#9555,#9556));
#9558=IFCRELDEFINESBYPROPERTIES('3MXSuQGcbEzPwAXOapMF7d',$,$,$,(#9547),#9557);
#9559=IFCCOLOURRGB($,0.501960784313725,0.501960784313725,0.501960784313725);
#9560=IFCSURFACESTYLERENDERING(#9559,0.,$,$,$,$,$,$,.FLAT.);
#9561=IFCSURFACESTYLE($,.BOTH.,(#9560));
#9562=IFCPRESENTATIONSTYLEASSIGNMENT((#9561));
#9563=IFCSTYLEDITEM(#9538,(#9562),$);
#9564=IFCCARTESIANPOINT((-80.,40.));
#9565=IFCCARTESIANPOINT((-80.,32.));
#9566=IFCCARTESIANPOINT((-8.,32.));
#9567=IFCCARTESIANPOINT((-8.,-40.));
#9568=IFCCARTESIANPOINT((0.,-40.));
#9569=IFCCARTESIANPOINT((0.,40.));
#9570=IFCCARTESIANPOINT((-80.,40.));
#9571=IFCPOLYLINE((#9564,#9565,#9566,#9567,#9568,#9569,#9570));
#9572=IFCARBITRARYCLOSEDPROFILEDEF(.AREA.,$,#9571);
#9573=IFCCARTESIANPOINT((6791.2131,7018.4858,3134.6398));
#9574=IFCDIRECTION((-0.7053,-0.7053,0.0708));
#9575=IFCDIRECTION((-0.0501,-0.0501,-0.9975));
#9576=IFCAXIS2PLACEMENT3D(#9573,#9574,#9575);
#9577=IFCCARTESIANPOINT((-13219.9905,0.,0.));
#9578=IFCDIRECTION((0.,1.,0.));
#9579=IFCAXIS1PLACEMENT(#9577,#9578);
#9580=IFCREVOLVEDAREASOLID(#9572,#9576,#9579,0.105063904636321);
#9581=IFCSHAPEREPRESENTATION(#17,'Body','SweptSolid',(#9580));
#9582=IFCPRODUCTDEFINITIONSHAPE($,$,(#9581));
#9588=IFCOWNERHISTORY(#3,#4,.READWRITE.,.MODIFIED.,1779428012,#3,#4,1779428012);
#9589=IFCBEAM('1wUVUDFNr5b9XFEUYS1D6J',#9588,'swept beam_0_9',$,$,#9594,#9582,$);
#9590=IFCCARTESIANPOINT((0.,0.,0.));
#9591=IFCDIRECTION((0.,0.,1.));
#9592=IFCDIRECTION((1.,0.,0.));
#9593=IFCAXIS2PLACEMENT3D(#9590,#9591,#9592);
#9594=IFCLOCALPLACEMENT(#39,#9593);
#9595=IFCPROPERTYSINGLEVALUE('Name',$,IFCLABEL('swept beam_0_9'),$);
#9596=IFCPROPERTYSINGLEVALUE('ArcLength',$,IFCLENGTHMEASURE(1389.),$);
#9597=IFCPROPERTYSINGLEVALUE('ArcAngle_rad',$,IFCREAL(0.11),$);
#9598=IFCPROPERTYSINGLEVALUE('ArcAngle_deg',$,IFCREAL(6.),$);
#9599=IFCPROPERTYSET('2dctDr15LE4R_l4uunHzW9',$,'EPset_IfcKit_Geometry',$,(#9595,#9596,#9597,#9598));
#9600=IFCRELDEFINESBYPROPERTIES('1A0yE7Lhr9UxAKvM_IDoVx',$,$,$,(#9589),#9599);
#9601=IFCCOLOURRGB($,0.501960784313725,0.501960784313725,0.501960784313725);
#9602=IFCSURFACESTYLERENDERING(#9601,0.,$,$,$,$,$,$,.FLAT.);
#9603=IFCSURFACESTYLE($,.BOTH.,(#9602));
#9604=IFCPRESENTATIONSTYLEASSIGNMENT((#9603));
#9605=IFCSTYLEDITEM(#9580,(#9604),$);
#9606=IFCCARTESIANPOINT((-80.,40.));
#9607=IFCCARTESIANPOINT((-80.,32.));
#9608=IFCCARTESIANPOINT((-8.,32.));
#9609=IFCCARTESIANPOINT((-8.,-40.));
#9610=IFCCARTESIANPOINT((0.,-40.));
#9611=IFCCARTESIANPOINT((0.,40.));
#9612=IFCCARTESIANPOINT((-80.,40.));
#9613=IFCPOLYLINE((#9606,#9607,#9608,#9609,#9610,#9611,#9612));
#9614=IFCARBITRARYCLOSEDPROFILEDEF(.AREA.,$,#9613);
#9615=IFCCARTESIANPOINT((0.,636.3636,3033.7643));
#9616=IFCDIRECTION((-0.7067,-0.7067,-0.033));
#9617=IFCDIRECTION((0.0233,0.0233,-0.9995));
#9618=IFCAXIS2PLACEMENT3D(#9615,#9616,#9617);
#9619=IFCCARTESIANPOINT((-5969.5912,0.,0.));
#9620=IFCDIRECTION((0.,1.,0.));
#9621=IFCAXIS1PLACEMENT(#9619,#9620);
#9622=IFCREVOLVEDAREASOLID(#9614,#9618,#9621,0.110267979399392);
#9623=IFCSHAPEREPRESENTATION(#17,'Body','SweptSolid',(#9622));
#9624=IFCPRODUCTDEFINITIONSHAPE($,$,(#9623));
#9630=IFCOWNERHISTORY(#3,#4,.READWRITE.,.MODIFIED.,1779428012,#3,#4,1779428012);
#9631=IFCBEAM('1MiqHOfCf3tvmn2o$PkX0V',#9630,'swept beam_0_0',$,$,#9636,#9624,$);
#9632=IFCCARTESIANPOINT((0.,0.,0.));
#9633=IFCDIRECTION((0.,0.,1.));
#9634=IFCDIRECTION((1.,0.,0.));
#9635=IFCAXIS2PLACEMENT3D(#9632,#9633,#9634);
#9636=IFCLOCALPLACEMENT(#39,#9635);
#9637=IFCPROPERTYSINGLEVALUE('Name',$,IFCLABEL('swept beam_0_0'),$);
#9638=IFCPROPERTYSINGLEVALUE('ArcLength',$,IFCLENGTHMEASURE(658.),$);
#9639=IFCPROPERTYSINGLEVALUE('ArcAngle_rad',$,IFCREAL(0.11),$);
#9640=IFCPROPERTYSINGLEVALUE('ArcAngle_deg',$,IFCREAL(6.3),$);
#9641=IFCPROPERTYSET('15wO$hn6bB6QdoSDsHTCLc',$,'EPset_IfcKit_Geometry',$,(#9637,#9638,#9639,#9640));
#9642=IFCRELDEFINESBYPROPERTIES('2l1YUjlOf7oO87oYHN4idB',$,$,$,(#9631),#9641);
#9643=IFCCOLOURRGB($,0.501960784313725,0.501960784313725,0.501960784313725);
#9644=IFCSURFACESTYLERENDERING(#9643,0.,$,$,$,$,$,$,.FLAT.);
#9645=IFCSURFACESTYLE($,.BOTH.,(#9644));
#9646=IFCPRESENTATIONSTYLEASSIGNMENT((#9645));
#9647=IFCSTYLEDITEM(#9622,(#9646),$);
#9648=IFCCARTESIANPOINT((-80.,40.));
#9649=IFCCARTESIANPOINT((-80.,32.));
#9650=IFCCARTESIANPOINT((-8.,32.));
#9651=IFCCARTESIANPOINT((-8.,-40.));
#9652=IFCCARTESIANPOINT((0.,-40.));
#9653=IFCCARTESIANPOINT((0.,40.));
#9654=IFCCARTESIANPOINT((-80.,40.));
#9655=IFCPOLYLINE((#9648,#9649,#9650,#9651,#9652,#9653,#9654));
#9656=IFCARBITRARYCLOSEDPROFILEDEF(.AREA.,$,#9655);
#9657=IFCCARTESIANPOINT((463.4167,1099.7804,3091.6466));
#9658=IFCDIRECTION((-0.6999,-0.6999,-0.1427));
#9659=IFCDIRECTION((0.1009,0.1009,-0.9898));
#9660=IFCAXIS2PLACEMENT3D(#9657,#9658,#9659);
#9661=IFCCARTESIANPOINT((-21961.1531,0.,0.));
#9662=IFCDIRECTION((0.,1.,0.));
#9663=IFCAXIS1PLACEMENT(#9661,#9662);
#9664=IFCREVOLVEDAREASOLID(#9656,#9660,#9663,0.0300017545768678);
#9665=IFCSHAPEREPRESENTATION(#17,'Body','SweptSolid',(#9664));
#9666=IFCPRODUCTDEFINITIONSHAPE($,$,(#9665));
#9672=IFCOWNERHISTORY(#3,#4,.READWRITE.,.MODIFIED.,1779428012,#3,#4,1779428012);
#9673=IFCBEAM('35YxmOMYzFZ8VUoR$opxfA',#9672,'swept beam_0_1',$,$,#9678,#9666,$);
#9674=IFCCARTESIANPOINT((0.,0.,0.));
#9675=IFCDIRECTION((0.,0.,1.));
#9676=IFCDIRECTION((1.,0.,0.));
#9677=IFCAXIS2PLACEMENT3D(#9674,#9675,#9676);
#9678=IFCLOCALPLACEMENT(#39,#9677);
#9679=IFCPROPERTYSINGLEVALUE('Name',$,IFCLABEL('swept beam_0_1'),$);
#9680=IFCPROPERTYSINGLEVALUE('ArcLength',$,IFCLENGTHMEASURE(659.),$);
#9681=IFCPROPERTYSINGLEVALUE('ArcAngle_rad',$,IFCREAL(0.03),$);
#9682=IFCPROPERTYSINGLEVALUE('ArcAngle_deg',$,IFCREAL(1.7),$);
#9683=IFCPROPERTYSET('0CVzNwq0HFuRdZFgoVKj5V',$,'EPset_IfcKit_Geometry',$,(#9679,#9680,#9681,#9682));
#9684=IFCRELDEFINESBYPROPERTIES('3NILAlsojDc9Tq49ctcST3',$,$,$,(#9673),#9683);
#9685=IFCCOLOURRGB($,0.501960784313725,0.501960784313725,0.501960784313725);
#9686=IFCSURFACESTYLERENDERING(#9685,0.,$,$,$,$,$,$,.FLAT.);
#9687=IFCSURFACESTYLE($,.BOTH.,(#9686));
#9688=IFCPRESENTATIONSTYLEASSIGNMENT((#9687));
#9689=IFCSTYLEDITEM(#9664,(#9688),$);
#9690=IFCCARTESIANPOINT((-80.,40.));
#9691=IFCCARTESIANPOINT((-80.,32.));
#9692=IFCCARTESIANPOINT((-8.,32.));
#9693=IFCCARTESIANPOINT((-8.,-40.));
#9694=IFCCARTESIANPOINT((0.,-40.));
#9695=IFCCARTESIANPOINT((0.,40.));
#9696=IFCCARTESIANPOINT((-80.,40.));
#9697=IFCPOLYLINE((#9690,#9691,#9692,#9693,#9694,#9695,#9696));
#9698=IFCARBITRARYCLOSEDPROFILEDEF(.AREA.,$,#9697);
#9699=IFCCARTESIANPOINT((923.4733,1559.837,3195.4593));
#9700=IFCDIRECTION((-0.6965,-0.6965,-0.1724));
#9701=IFCDIRECTION((0.1219,0.1219,-0.985));
#9702=IFCAXIS2PLACEMENT3D(#9699,#9700,#9701);
#9703=IFCCARTESIANPOINT((-42575.746,0.,0.));
#9704=IFCDIRECTION((0.,1.,0.));
#9705=IFCAXIS1PLACEMENT(#9703,#9704);
#9706=IFCREVOLVEDAREASOLID(#9698,#9702,#9705,0.0153882178852257);
#9707=IFCSHAPEREPRESENTATION(#17,'Body','SweptSolid',(#9706));
#9708=IFCPRODUCTDEFINITIONSHAPE($,$,(#9707));
#9714=IFCOWNERHISTORY(#3,#4,.READWRITE.,.MODIFIED.,1779428012,#3,#4,1779428012);
#9715=IFCBEAM('2U_BwYixHAcgHIwV7kg0M0',#9714,'swept beam_0_2',$,$,#9720,#9708,$);
#9716=IFCCARTESIANPOINT((0.,0.,0.));
#9717=IFCDIRECTION((0.,0.,1.));
#9718=IFCDIRECTION((1.,0.,0.));
#9719=IFCAXIS2PLACEMENT3D(#9716,#9717,#9718);
#9720=IFCLOCALPLACEMENT(#39,#9719);
#9721=IFCPROPERTYSINGLEVALUE('Name',$,IFCLABEL('swept beam_0_2'),$);
#9722=IFCPROPERTYSINGLEVALUE('ArcLength',$,IFCLENGTHMEASURE(655.),$);
#9723=IFCPROPERTYSINGLEVALUE('ArcAngle_rad',$,IFCREAL(0.02),$);
#9724=IFCPROPERTYSINGLEVALUE('ArcAngle_deg',$,IFCREAL(0.9),$);
#9725=IFCPROPERTYSET('0ZCt9QpSL6fQN4UFkCKgOc',$,'EPset_IfcKit_Geometry',$,(#9721,#9722,#9723,#9724));
#9726=IFCRELDEFINESBYPROPERTIES('0fNTI_DpjFOPKQ9hCVTyKH',$,$,$,(#9715),#9725);
#9727=IFCCOLOURRGB($,0.501960784313725,0.501960784313725,0.501960784313725);
#9728=IFCSURFACESTYLERENDERING(#9727,0.,$,$,$,$,$,$,.FLAT.);
#9729=IFCSURFACESTYLE($,.BOTH.,(#9728));
#9730=IFCPRESENTATIONSTYLEASSIGNMENT((#9729));
#9731=IFCSTYLEDITEM(#9706,(#9730),$);
#9732=IFCCARTESIANPOINT((80.,-40.));
#9733=IFCCARTESIANPOINT((80.,-32.));
#9734=IFCCARTESIANPOINT((8.,-32.));
#9735=IFCCARTESIANPOINT((8.,40.));
#9736=IFCCARTESIANPOINT((0.,40.));
#9737=IFCCARTESIANPOINT((0.,-40.));
#9738=IFCCARTESIANPOINT((80.,-40.));
#9739=IFCPOLYLINE((#9732,#9733,#9734,#9735,#9736,#9737,#9738));
#9740=IFCARBITRARYCLOSEDPROFILEDEF(.AREA.,$,#9739);
#9741=IFCCARTESIANPOINT((1379.179,2015.5426,3313.3458));
#9742=IFCDIRECTION((-0.6946,-0.6946,-0.1875));
#9743=IFCDIRECTION((-0.1326,-0.1326,0.9823));
#9744=IFCAXIS2PLACEMENT3D(#9741,#9742,#9743);
#9745=IFCCARTESIANPOINT((-40846.2341,0.,0.));
#9746=IFCDIRECTION((0.,1.,0.));
#9747=IFCAXIS1PLACEMENT(#9745,#9746);
#9748=IFCREVOLVEDAREASOLID(#9740,#9744,#9747,0.0160397586699916);
#9749=IFCSHAPEREPRESENTATION(#17,'Body','SweptSolid',(#9748));
#9750=IFCPRODUCTDEFINITIONSHAPE($,$,(#9749));
#9756=IFCOWNERHISTORY(#3,#4,.READWRITE.,.MODIFIED.,1779428012,#3,#4,1779428012);
#9757=IFCBEAM('0eC8VnMun3KxwIxq_RH3Rw',#9756,'swept beam_0_3',$,$,#9762,#9750,$);
#9758=IFCCARTESIANPOINT((0.,0.,0.));
#9759=IFCDIRECTION((0.,0.,1.));
#9760=IFCDIRECTION((1.,0.,0.));
#9761=IFCAXIS2PLACEMENT3D(#9758,#9759,#9760);
#9762=IFCLOCALPLACEMENT(#39,#9761);
#9763=IFCPROPERTYSINGLEVALUE('Name',$,IFCLABEL('swept beam_0_3'),$);
#9764=IFCPROPERTYSINGLEVALUE('ArcLength',$,IFCLENGTHMEASURE(655.),$);
#9765=IFCPROPERTYSINGLEVALUE('ArcAngle_rad',$,IFCREAL(0.02),$);
#9766=IFCPROPERTYSINGLEVALUE('ArcAngle_deg',$,IFCREAL(0.9),$);
#9767=IFCPROPERTYSET('2E8E1tA9j3DxSSsTFbBXxc',$,'EPset_IfcKit_Geometry',$,(#9763,#9764,#9765,#9766));
#9768=IFCRELDEFINESBYPROPERTIES('07DVIevAj3qOD29QL1k8S6',$,$,$,(#9757),#9767);
#9769=IFCCOLOURRGB($,0.501960784313725,0.501960784313725,0.501960784313725);
#9770=IFCSURFACESTYLERENDERING(#9769,0.,$,$,$,$,$,$,.FLAT.);
#9771=IFCSURFACESTYLE($,.BOTH.,(#9770));
#9772=IFCPRESENTATIONSTYLEASSIGNMENT((#9771));
#9773=IFCSTYLEDITEM(#9748,(#9772),$);
#9774=IFCCARTESIANPOINT((80.,-40.));
#9775=IFCCARTESIANPOINT((80.,-32.));
#9776=IFCCARTESIANPOINT((8.,-32.));
#9777=IFCCARTESIANPOINT((8.,40.));
#9778=IFCCARTESIANPOINT((0.,40.));
#9779=IFCCARTESIANPOINT((0.,-40.));
#9780=IFCCARTESIANPOINT((80.,-40.));
#9781=IFCPOLYLINE((#9774,#9775,#9776,#9777,#9778,#9779,#9780));
#9782=IFCARBITRARYCLOSEDPROFILEDEF(.AREA.,$,#9781);
#9783=IFCCARTESIANPOINT((1834.9106,2471.2742,3431.022));
#9784=IFCDIRECTION((-0.6966,-0.6966,-0.1717));
#9785=IFCDIRECTION((-0.1214,-0.1214,0.9851));
#9786=IFCAXIS2PLACEMENT3D(#9783,#9784,#9785);
#9787=IFCCARTESIANPOINT((-20530.8733,0.,0.));
#9788=IFCDIRECTION((0.,1.,0.));
#9789=IFCAXIS1PLACEMENT(#9787,#9788);
#9790=IFCREVOLVEDAREASOLID(#9782,#9786,#9789,0.0318973512605751);
#9791=IFCSHAPEREPRESENTATION(#17,'Body','SweptSolid',(#9790));
#9792=IFCPRODUCTDEFINITIONSHAPE($,$,(#9791));
#9798=IFCOWNERHISTORY(#3,#4,.READWRITE.,.MODIFIED.,1779428012,#3,#4,1779428012);
#9799=IFCBEAM('2c9kOGzhj9Sv3HgJ2i_BBi',#9798,'swept beam_0_4',$,$,#9804,#9792,$);
#9800=IFCCARTESIANPOINT((0.,0.,0.));
#9801=IFCDIRECTION((0.,0.,1.));
#9802=IFCDIRECTION((1.,0.,0.));
#9803=IFCAXIS2PLACEMENT3D(#9800,#9801,#9802);
#9804=IFCLOCALPLACEMENT(#39,#9803);
#9805=IFCPROPERTYSINGLEVALUE('Name',$,IFCLABEL('swept beam_0_4'),$);
#9806=IFCPROPERTYSINGLEVALUE('ArcLength',$,IFCLENGTHMEASURE(655.),$);
#9807=IFCPROPERTYSINGLEVALUE('ArcAngle_rad',$,IFCREAL(0.03),$);
#9808=IFCPROPERTYSINGLEVALUE('ArcAngle_deg',$,IFCREAL(1.8),$);
#9809=IFCPROPERTYSET('3y6D0oD497jgEs$bUywpoO',$,'EPset_IfcKit_Geometry',$,(#9805,#9806,#9807,#9808));
#9810=IFCRELDEFINESBYPROPERTIES('2SIEIW0ar7geVq0JEcHOrH',$,$,$,(#9799),#9809);
#9811=IFCCOLOURRGB($,0.501960784313725,0.501960784313725,0.501960784313725);
#9812=IFCSURFACESTYLERENDERING(#9811,0.,$,$,$,$,$,$,.FLAT.);
#9813=IFCSURFACESTYLE($,.BOTH.,(#9812));
#9814=IFCPRESENTATIONSTYLEASSIGNMENT((#9813));
#9815=IFCSTYLEDITEM(#9790,(#9814),$);
#9816=IFCCARTESIANPOINT((80.,-40.));
#9817=IFCCARTESIANPOINT((80.,-32.));
#9818=IFCCARTESIANPOINT((8.,-32.));
#9819=IFCCARTESIANPOINT((8.,40.));
#9820=IFCCARTESIANPOINT((0.,40.));
#9821=IFCCARTESIANPOINT((0.,-40.));
#9822=IFCCARTESIANPOINT((80.,-40.));
#9823=IFCPOLYLINE((#9816,#9817,#9818,#9819,#9820,#9821,#9822));
#9824=IFCARBITRARYCLOSEDPROFILEDEF(.AREA.,$,#9823);
#9825=IFCCARTESIANPOINT((2292.2932,2928.6569,3533.1707));
#9826=IFCDIRECTION((-0.7001,-0.7001,-0.1402));
#9827=IFCDIRECTION((-0.0991,-0.0991,0.9901));
#9828=IFCAXIS2PLACEMENT3D(#9825,#9826,#9827);
#9829=IFCCARTESIANPOINT((-8938.3809,0.,0.));
#9830=IFCDIRECTION((0.,1.,0.));
#9831=IFCAXIS1PLACEMENT(#9829,#9830);
#9832=IFCREVOLVEDAREASOLID(#9824,#9828,#9831,0.0732395759876256);
#9833=IFCSHAPEREPRESENTATION(#17,'Body','SweptSolid',(#9832));
#9834=IFCPRODUCTDEFINITIONSHAPE($,$,(#9833));
#9840=IFCOWNERHISTORY(#3,#4,.READWRITE.,.MODIFIED.,1779428012,#3,#4,1779428012);
#9841=IFCBEAM('04rHkkmYbDYP5VVD$ihguK',#9840,'swept beam_0_5',$,$,#9846,#9834,$);
#9842=IFCCARTESIANPOINT((0.,0.,0.));
#9843=IFCDIRECTION((0.,0.,1.));
#9844=IFCDIRECTION((1.,0.,0.));
#9845=IFCAXIS2PLACEMENT3D(#9842,#9843,#9844);
#9846=IFCLOCALPLACEMENT(#39,#9845);
#9847=IFCPROPERTYSINGLEVALUE('Name',$,IFCLABEL('swept beam_0_5'),$);
#9848=IFCPROPERTYSINGLEVALUE('ArcLength',$,IFCLENGTHMEASURE(655.),$);
#9849=IFCPROPERTYSINGLEVALUE('ArcAngle_rad',$,IFCREAL(0.07),$);
#9850=IFCPROPERTYSINGLEVALUE('ArcAngle_deg',$,IFCREAL(4.2),$);
#9851=IFCPROPERTYSET('2rRGBJsUzCW9$63DQVzacp',$,'EPset_IfcKit_Geometry',$,(#9847,#9848,#9849,#9850));
#9852=IFCRELDEFINESBYPROPERTIES('1OUBbcq_b6ZPuSLX2XSRzH',$,$,$,(#9841),#9851);
#9853=IFCCOLOURRGB($,0.501960784313725,0.501960784313725,0.501960784313725);
#9854=IFCSURFACESTYLERENDERING(#9853,0.,$,$,$,$,$,$,.FLAT.);
#9855=IFCSURFACESTYLE($,.BOTH.,(#9854));
#9856=IFCPRESENTATIONSTYLEASSIGNMENT((#9855));
#9857=IFCSTYLEDITEM(#9832,(#9856),$);
#9858=IFCCARTESIANPOINT((80.,-40.));
#9859=IFCCARTESIANPOINT((80.,-32.));
#9860=IFCCARTESIANPOINT((8.,-32.));
#9861=IFCCARTESIANPOINT((8.,40.));
#9862=IFCCARTESIANPOINT((0.,40.));
#9863=IFCCARTESIANPOINT((0.,-40.));
#9864=IFCCARTESIANPOINT((80.,-40.));
#9865=IFCPOLYLINE((#9858,#9859,#9860,#9861,#9862,#9863,#9864));
#9866=IFCARBITRARYCLOSEDPROFILEDEF(.AREA.,$,#9865);
#9867=IFCCARTESIANPOINT((2752.5891,3388.9527,3601.1538));
#9868=IFCDIRECTION((-0.7055,-0.7055,-0.0674));
#9869=IFCDIRECTION((-0.0477,-0.0477,0.9977));
#9870=IFCAXIS2PLACEMENT3D(#9867,#9868,#9869);
#9871=IFCCARTESIANPOINT((-6070.7559,0.,0.));
#9872=IFCDIRECTION((0.,1.,0.));
#9873=IFCAXIS1PLACEMENT(#9871,#9872);
#9874=IFCREVOLVEDAREASOLID(#9866,#9870,#9873,0.107887759620538);
#9875=IFCSHAPEREPRESENTATION(#17,'Body','SweptSolid',(#9874));
#9876=IFCPRODUCTDEFINITIONSHAPE($,$,(#9875));
#9882=IFCOWNERHISTORY(#3,#4,.READWRITE.,.MODIFIED.,1779428012,#3,#4,1779428012);
#9883=IFCBEAM('2_jaZljK9C1wPFh9AXhwyh',#9882,'swept beam_0_6',$,$,#9888,#9876,$);
#9884=IFCCARTESIANPOINT((0.,0.,0.));
#9885=IFCDIRECTION((0.,0.,1.));
#9886=IFCDIRECTION((1.,0.,0.));
#9887=IFCAXIS2PLACEMENT3D(#9884,#9885,#9886);
#9888=IFCLOCALPLACEMENT(#39,#9887);
#9889=IFCPROPERTYSINGLEVALUE('Name',$,IFCLABEL('swept beam_0_6'),$);
#9890=IFCPROPERTYSINGLEVALUE('ArcLength',$,IFCLENGTHMEASURE(655.),$);
#9891=IFCPROPERTYSINGLEVALUE('ArcAngle_rad',$,IFCREAL(0.11),$);
#9892=IFCPROPERTYSINGLEVALUE('ArcAngle_deg',$,IFCREAL(6.2),$);
#9893=IFCPROPERTYSET('0JEP_LK6577Ah5qtKiv4_A',$,'EPset_IfcKit_Geometry',$,(#9889,#9890,#9891,#9892));
#9894=IFCRELDEFINESBYPROPERTIES('1bZBrGMC1CBvSErgr3rN9E',$,$,$,(#9883),#9893);
#9895=IFCCOLOURRGB($,0.501960784313725,0.501960784313725,0.501960784313725);
#9896=IFCSURFACESTYLERENDERING(#9895,0.,$,$,$,$,$,$,.FLAT.);
#9897=IFCSURFACESTYLE($,.BOTH.,(#9896));
#9898=IFCPRESENTATIONSTYLEASSIGNMENT((#9897));
#9899=IFCSTYLEDITEM(#9874,(#9898),$);
#9900=IFCCARTESIANPOINT((80.,-40.));
#9901=IFCCARTESIANPOINT((80.,-32.));
#9902=IFCCARTESIANPOINT((8.,-32.));
#9903=IFCCARTESIANPOINT((8.,40.));
#9904=IFCCARTESIANPOINT((0.,40.));
#9905=IFCCARTESIANPOINT((0.,-40.));
#9906=IFCCARTESIANPOINT((80.,-40.));
#9907=IFCPOLYLINE((#9900,#9901,#9902,#9903,#9904,#9905,#9906));
#9908=IFCARBITRARYCLOSEDPROFILEDEF(.AREA.,$,#9907);
#9909=IFCCARTESIANPOINT((3215.4492,3851.8128,3609.9878));
#9910=IFCDIRECTION((-0.7065,-0.7065,0.0404));
#9911=IFCDIRECTION((0.0286,0.0286,0.9992));
#9912=IFCAXIS2PLACEMENT3D(#9909,#9910,#9911);
#9913=IFCCARTESIANPOINT((-7491.0529,0.,0.));
#9914=IFCDIRECTION((0.,1.,0.));
#9915=IFCAXIS1PLACEMENT(#9913,#9914);
#9916=IFCREVOLVEDAREASOLID(#9908,#9912,#9915,0.0874614466500489);
#9917=IFCSHAPEREPRESENTATION(#17,'Body','SweptSolid',(#9916));
#9918=IFCPRODUCTDEFINITIONSHAPE($,$,(#9917));
#9924=IFCOWNERHISTORY(#3,#4,.READWRITE.,.MODIFIED.,1779428012,#3,#4,1779428012);
#9925=IFCBEAM('1M9vs7IXT4agaloVabSmHp',#9924,'swept beam_0_7',$,$,#9930,#9918,$);
#9926=IFCCARTESIANPOINT((0.,0.,0.));
#9927=IFCDIRECTION((0.,0.,1.));
#9928=IFCDIRECTION((1.,0.,0.));
#9929=IFCAXIS2PLACEMENT3D(#9926,#9927,#9928);
#9930=IFCLOCALPLACEMENT(#39,#9929);
#9931=IFCPROPERTYSINGLEVALUE('Name',$,IFCLABEL('swept beam_0_7'),$);
#9932=IFCPROPERTYSINGLEVALUE('ArcLength',$,IFCLENGTHMEASURE(655.),$);
#9933=IFCPROPERTYSINGLEVALUE('ArcAngle_rad',$,IFCREAL(0.09),$);
#9934=IFCPROPERTYSINGLEVALUE('ArcAngle_deg',$,IFCREAL(5.),$);
#9935=IFCPROPERTYSET('2jR2_Hrjj0xBVDRIyslBW3',$,'EPset_IfcKit_Geometry',$,(#9931,#9932,#9933,#9934));
#9936=IFCRELDEFINESBYPROPERTIES('2W6Pp21KT4meuuZaRXn8Bm',$,$,$,(#9925),#9935);
#9937=IFCCOLOURRGB($,0.501960784313725,0.501960784313725,0.501960784313725);
#9938=IFCSURFACESTYLERENDERING(#9937,0.,$,$,$,$,$,$,.FLAT.);
#9939=IFCSURFACESTYLE($,.BOTH.,(#9938));
#9940=IFCPRESENTATIONSTYLEASSIGNMENT((#9939));
#9941=IFCSTYLEDITEM(#9916,(#9940),$);
#9942=IFCCARTESIANPOINT((80.,-40.));
#9943=IFCCARTESIANPOINT((80.,-32.));
#9944=IFCCARTESIANPOINT((8.,-32.));
#9945=IFCCARTESIANPOINT((8.,40.));
#9946=IFCCARTESIANPOINT((0.,40.));
#9947=IFCCARTESIANPOINT((0.,-40.));
#9948=IFCCARTESIANPOINT((80.,-40.));
#9949=IFCPOLYLINE((#9942,#9943,#9944,#9945,#9946,#9947,#9948));
#9950=IFCARBITRARYCLOSEDPROFILEDEF(.AREA.,$,#9949);
#9951=IFCCARTESIANPOINT((3676.9426,4313.3062,3554.9177));
#9952=IFCDIRECTION((-0.7013,-0.7013,0.1276));
#9953=IFCDIRECTION((0.0902,0.0902,0.9918));
#9954=IFCAXIS2PLACEMENT3D(#9951,#9952,#9953);
#9955=IFCCARTESIANPOINT((-26820.2795,0.,0.));
#9956=IFCDIRECTION((0.,1.,0.));
#9957=IFCAXIS1PLACEMENT(#9955,#9956);
#9958=IFCREVOLVEDAREASOLID(#9950,#9954,#9957,0.0489221206360423);
#9959=IFCSHAPEREPRESENTATION(#17,'Body','SweptSolid',(#9958));
#9960=IFCPRODUCTDEFINITIONSHAPE($,$,(#9959));
#9966=IFCOWNERHISTORY(#3,#4,.READWRITE.,.MODIFIED.,1779428012,#3,#4,1779428012);
#9967=IFCBEAM('1tO_FzsnzD1PsHsjW7izpA',#9966,'swept beam_0_8',$,$,#9972,#9960,$);
#9968=IFCCARTESIANPOINT((0.,0.,0.));
#9969=IFCDIRECTION((0.,0.,1.));
#9970=IFCDIRECTION((1.,0.,0.));
#9971=IFCAXIS2PLACEMENT3D(#9968,#9969,#9970);
#9972=IFCLOCALPLACEMENT(#39,#9971);
#9973=IFCPROPERTYSINGLEVALUE('Name',$,IFCLABEL('swept beam_0_8'),$);
#9974=IFCPROPERTYSINGLEVALUE('ArcLength',$,IFCLENGTHMEASURE(1312.),$);
#9975=IFCPROPERTYSINGLEVALUE('ArcAngle_rad',$,IFCREAL(0.05),$);
#9976=IFCPROPERTYSINGLEVALUE('ArcAngle_deg',$,IFCREAL(2.8),$);
#9977=IFCPROPERTYSET('2uyQrLnCr54ufj884Pzndk',$,'EPset_IfcKit_Geometry',$,(#9973,#9974,#9975,#9976));
#9978=IFCRELDEFINESBYPROPERTIES('2FzOdm_K9DZAdfUYBRcp1l',$,$,$,(#9967),#9977);
#9979=IFCCOLOURRGB($,0.501960784313725,0.501960784313725,0.501960784313725);
#9980=IFCSURFACESTYLERENDERING(#9979,0.,$,$,$,$,$,$,.FLAT.);
#9981=IFCSURFACESTYLE($,.BOTH.,(#9980));
#9982=IFCPRESENTATIONSTYLEASSIGNMENT((#9981));
#9983=IFCSTYLEDITEM(#9958,(#9982),$);
#9984=IFCCARTESIANPOINT((-80.,40.));
#9985=IFCCARTESIANPOINT((-80.,32.));
#9986=IFCCARTESIANPOINT((-8.,32.));
#9987=IFCCARTESIANPOINT((-8.,-40.));
#9988=IFCCARTESIANPOINT((0.,-40.));
#9989=IFCCARTESIANPOINT((0.,40.));
#9990=IFCCARTESIANPOINT((-80.,40.));
#9991=IFCPOLYLINE((#9984,#9985,#9986,#9987,#9988,#9989,#9990));
#9992=IFCARBITRARYCLOSEDPROFILEDEF(.AREA.,$,#9991);
#9993=IFCCARTESIANPOINT((4593.8999,5230.2635,3355.7827));
#9994=IFCDIRECTION((-0.6961,-0.6961,0.1759));
#9995=IFCDIRECTION((-0.1244,-0.1244,-0.9844));
#9996=IFCAXIS2PLACEMENT3D(#9993,#9994,#9995);
#9997=IFCCARTESIANPOINT((-19902.5795,0.,0.));
#9998=IFCDIRECTION((0.,1.,0.));
#9999=IFCAXIS1PLACEMENT(#9997,#9998);
#10000=IFCREVOLVEDAREASOLID(#9992,#9996,#9999,0.0659156518429023);
#10001=IFCSHAPEREPRESENTATION(#17,'Body','SweptSolid',(#10000));
#10002=IFCPRODUCTDEFINITIONSHAPE($,$,(#10001));
#10008=IFCOWNERHISTORY(#3,#4,.READWRITE.,.MODIFIED.,1779428012,#3,#4,1779428012);
#10009=IFCBEAM('0blQeGuknCXuasm3OE27Xy',#10008,'swept beam_0_9',$,$,#10014,#10002,$);
#10010=IFCCARTESIANPOINT((0.,0.,0.));
#10011=IFCDIRECTION((0.,0.,1.));
#10012=IFCDIRECTION((1.,0.,0.));
#10013=IFCAXIS2PLACEMENT3D(#10010,#10011,#10012);
#10014=IFCLOCALPLACEMENT(#39,#10013);
#10015=IFCPROPERTYSINGLEVALUE('Name',$,IFCLABEL('swept beam_0_9'),$);
#10016=IFCPROPERTYSINGLEVALUE('ArcLength',$,IFCLENGTHMEASURE(1312.),$);
#10017=IFCPROPERTYSINGLEVALUE('ArcAngle_rad',$,IFCREAL(0.07),$);
#10018=IFCPROPERTYSINGLEVALUE('ArcAngle_deg',$,IFCREAL(3.8),$);
#10019=IFCPROPERTYSET('39XCGfanzFiffXgbL6OqNr',$,'EPset_IfcKit_Geometry',$,(#10015,#10016,#10017,#10018));
#10020=IFCRELDEFINESBYPROPERTIES('03$GIq0fbFlgA3Om85fW3X',$,$,$,(#10009),#10019);
#10021=IFCCOLOURRGB($,0.501960784313725,0.501960784313725,0.501960784313725);
#10022=IFCSURFACESTYLERENDERING(#10021,0.,$,$,$,$,$,$,.FLAT.);
#10023=IFCSURFACESTYLE($,.BOTH.,(#10022));
#10024=IFCPRESENTATIONSTYLEASSIGNMENT((#10023));
#10025=IFCSTYLEDITEM(#10000,(#10024),$);
#10026=IFCCARTESIANPOINT((-80.,40.));
#10027=IFCCARTESIANPOINT((-80.,32.));
#10028=IFCCARTESIANPOINT((-8.,32.));
#10029=IFCCARTESIANPOINT((-8.,-40.));
#10030=IFCCARTESIANPOINT((0.,-40.));
#10031=IFCCARTESIANPOINT((0.,40.));
#10032=IFCCARTESIANPOINT((-80.,40.));
#10033=IFCPOLYLINE((#10026,#10027,#10028,#10029,#10030,#10031,#10032));
#10034=IFCARBITRARYCLOSEDPROFILEDEF(.AREA.,$,#10033);
#10035=IFCCARTESIANPOINT((5511.7965,6148.1601,3167.7191));
#10036=IFCDIRECTION((-0.7028,-0.7028,0.1107));
#10037=IFCDIRECTION((-0.0783,-0.0783,-0.9939));
#10038=IFCAXIS2PLACEMENT3D(#10035,#10036,#10037);
#10039=IFCCARTESIANPOINT((-16071.605,0.,0.));
#10040=IFCDIRECTION((0.,1.,0.));
#10041=IFCAXIS1PLACEMENT(#10039,#10040);
#10042=IFCREVOLVEDAREASOLID(#10034,#10038,#10041,0.0816166676870466);
#10043=IFCSHAPEREPRESENTATION(#17,'Body','SweptSolid',(#10042));
#10044=IFCPRODUCTDEFINITIONSHAPE($,$,(#10043));
#10050=IFCOWNERHISTORY(#3,#4,.READWRITE.,.MODIFIED.,1779428012,#3,#4,1779428012);
#10051=IFCBEAM('2wKnLiSO97Gg7fLzzcfvz2',#10050,'swept beam_0_10',$,$,#10056,#10044,$);
#10052=IFCCARTESIANPOINT((0.,0.,0.));
#10053=IFCDIRECTION((0.,0.,1.));
#10054=IFCDIRECTION((1.,0.,0.));
#10055=IFCAXIS2PLACEMENT3D(#10052,#10053,#10054);
#10056=IFCLOCALPLACEMENT(#39,#10055);
#10057=IFCPROPERTYSINGLEVALUE('Name',$,IFCLABEL('swept beam_0_10'),$);
#10058=IFCPROPERTYSINGLEVALUE('ArcLength',$,IFCLENGTHMEASURE(1312.),$);
#10059=IFCPROPERTYSINGLEVALUE('ArcAngle_rad',$,IFCREAL(0.08),$);
#10060=IFCPROPERTYSINGLEVALUE('ArcAngle_deg',$,IFCREAL(4.7),$);
#10061=IFCPROPERTYSET('0sqADINC91XBz5DND9t3qj',$,'EPset_IfcKit_Geometry',$,(#10057,#10058,#10059,#10060));
#10062=IFCRELDEFINESBYPROPERTIES('3VAP$4yKb7CAmDS$Qyst_A',$,$,$,(#10051),#10061);
#10063=IFCCOLOURRGB($,0.501960784313725,0.501960784313725,0.501960784313725);
#10064=IFCSURFACESTYLERENDERING(#10063,0.,$,$,$,$,$,$,.FLAT.);
#10065=IFCSURFACESTYLE($,.BOTH.,(#10064));
#10066=IFCPRESENTATIONSTYLEASSIGNMENT((#10065));
#10067=IFCSTYLEDITEM(#10042,(#10066),$);
#10068=IFCCARTESIANPOINT((-80.,40.));
#10069=IFCCARTESIANPOINT((-80.,32.));
#10070=IFCCARTESIANPOINT((-8.,32.));
#10071=IFCCARTESIANPOINT((-8.,-40.));
#10072=IFCCARTESIANPOINT((0.,-40.));
#10073=IFCCARTESIANPOINT((0.,40.));
#10074=IFCCARTESIANPOINT((-80.,40.));
#10075=IFCPOLYLINE((#10068,#10069,#10070,#10071,#10072,#10073,#10074));
#10076=IFCARBITRARYCLOSEDPROFILEDEF(.AREA.,$,#10075);
#10077=IFCCARTESIANPOINT((6436.7808,7073.1444,3075.8576));
#10078=IFCDIRECTION((-0.7068,-0.7068,0.0293));
#10079=IFCDIRECTION((-0.0207,-0.0207,-0.9996));
#10080=IFCAXIS2PLACEMENT3D(#10077,#10078,#10079);
#10081=IFCCARTESIANPOINT((-13906.3451,0.,0.));
#10082=IFCDIRECTION((0.,1.,0.));
#10083=IFCAXIS1PLACEMENT(#10081,#10082);
#10084=IFCREVOLVEDAREASOLID(#10076,#10080,#10083,0.0943070661373257);
#10085=IFCSHAPEREPRESENTATION(#17,'Body','SweptSolid',(#10084));
#10086=IFCPRODUCTDEFINITIONSHAPE($,$,(#10085));
#10092=IFCOWNERHISTORY(#3,#4,.READWRITE.,.MODIFIED.,1779428012,#3,#4,1779428012);
#10093=IFCBEAM('1oVVZYF6PF$vFIsEIBOKOi',#10092,'swept beam_0_11',$,$,#10098,#10086,$);
#10094=IFCCARTESIANPOINT((0.,0.,0.));
#10095=IFCDIRECTION((0.,0.,1.));
#10096=IFCDIRECTION((1.,0.,0.));
#10097=IFCAXIS2PLACEMENT3D(#10094,#10095,#10096);
#10098=IFCLOCALPLACEMENT(#39,#10097);
#10099=IFCPROPERTYSINGLEVALUE('Name',$,IFCLABEL('swept beam_0_11'),$);
#10100=IFCPROPERTYSINGLEVALUE('ArcLength',$,IFCLENGTHMEASURE(1311.),$);
#10101=IFCPROPERTYSINGLEVALUE('ArcAngle_rad',$,IFCREAL(0.09),$);
#10102=IFCPROPERTYSINGLEVALUE('ArcAngle_deg',$,IFCREAL(5.4),$);
#10103=IFCPROPERTYSET('3XVLnZm899xPIFwLd6x8GV',$,'EPset_IfcKit_Geometry',$,(#10099,#10100,#10101,#10102));
#10104=IFCRELDEFINESBYPROPERTIES('0dcwxYlM160RNh0p03LjB8',$,$,$,(#10093),#10103);
#10105=IFCCOLOURRGB($,0.501960784313725,0.501960784313725,0.501960784313725);
#10106=IFCSURFACESTYLERENDERING(#10105,0.,$,$,$,$,$,$,.FLAT.);
#10107=IFCSURFACESTYLE($,.BOTH.,(#10106));
#10108=IFCPRESENTATIONSTYLEASSIGNMENT((#10107));
#10109=IFCSTYLEDITEM(#10084,(#10108),$);
#10110=IFCCARTESIANPOINT((-80.,40.));
#10111=IFCCARTESIANPOINT((-80.,32.));
#10112=IFCCARTESIANPOINT((-8.,32.));
#10113=IFCCARTESIANPOINT((-8.,-40.));
#10114=IFCCARTESIANPOINT((0.,-40.));
#10115=IFCCARTESIANPOINT((0.,40.));
#10116=IFCCARTESIANPOINT((-80.,40.));
#10117=IFCPOLYLINE((#10110,#10111,#10112,#10113,#10114,#10115,#10116));
#10118=IFCARBITRARYCLOSEDPROFILEDEF(.AREA.,$,#10117);
#10119=IFCCARTESIANPOINT((0.,1045.4545,3067.8728));
#10120=IFCDIRECTION((-0.7069,-0.7069,-0.0243));
#10121=IFCDIRECTION((0.0172,0.0172,-0.9997));
#10122=IFCAXIS2PLACEMENT3D(#10119,#10120,#10121);
#10123=IFCCARTESIANPOINT((-8631.9166,0.,0.));
#10124=IFCDIRECTION((0.,1.,0.));
#10125=IFCAXIS1PLACEMENT(#10123,#10124);
#10126=IFCREVOLVEDAREASOLID(#10118,#10122,#10125,0.143208217052956);
#10127=IFCSHAPEREPRESENTATION(#17,'Body','SweptSolid',(#10126));
#10128=IFCPRODUCTDEFINITIONSHAPE($,$,(#10127));
#10134=IFCOWNERHISTORY(#3,#4,.READWRITE.,.MODIFIED.,1779428012,#3,#4,1779428012);
#10135=IFCBEAM('3Rxqw_PMPAwR6hq80lvoNe',#10134,'swept beam_0_0',$,$,#10140,#10128,$);
#10136=IFCCARTESIANPOINT((0.,0.,0.));
#10137=IFCDIRECTION((0.,0.,1.));
#10138=IFCDIRECTION((1.,0.,0.));
#10139=IFCAXIS2PLACEMENT3D(#10136,#10137,#10138);
#10140=IFCLOCALPLACEMENT(#39,#10139);
#10141=IFCPROPERTYSINGLEVALUE('Name',$,IFCLABEL('swept beam_0_0'),$);
#10142=IFCPROPERTYSINGLEVALUE('ArcLength',$,IFCLENGTHMEASURE(1236.),$);
#10143=IFCPROPERTYSINGLEVALUE('ArcAngle_rad',$,IFCREAL(0.14),$);
#10144=IFCPROPERTYSINGLEVALUE('ArcAngle_deg',$,IFCREAL(8.2),$);
#10145=IFCPROPERTYSET('1XBRmlY0vBWvunRtYyst8i',$,'EPset_IfcKit_Geometry',$,(#10141,#10142,#10143,#10144));
#10146=IFCRELDEFINESBYPROPERTIES('1tJRBdwR54exlUMPXotjas',$,$,$,(#10135),#10145);
#10147=IFCCOLOURRGB($,0.501960784313725,0.501960784313725,0.501960784313725);
#10148=IFCSURFACESTYLERENDERING(#10147,0.,$,$,$,$,$,$,.FLAT.);
#10149=IFCSURFACESTYLE($,.BOTH.,(#10148));
#10150=IFCPRESENTATIONSTYLEASSIGNMENT((#10149));
#10151=IFCSTYLEDITEM(#10126,(#10150),$);
#10152=IFCCARTESIANPOINT((80.,-40.));
#10153=IFCCARTESIANPOINT((80.,-32.));
#10154=IFCCARTESIANPOINT((8.,-32.));
#10155=IFCCARTESIANPOINT((8.,40.));
#10156=IFCCARTESIANPOINT((0.,40.));
#10157=IFCCARTESIANPOINT((0.,-40.));
#10158=IFCCARTESIANPOINT((80.,-40.));
#10159=IFCPOLYLINE((#10152,#10153,#10154,#10155,#10156,#10157,#10158));
#10160=IFCARBITRARYCLOSEDPROFILEDEF(.AREA.,$,#10159);
#10161=IFCCARTESIANPOINT((869.3351,1914.7896,3186.187));
#10162=IFCDIRECTION((-0.6972,-0.6972,-0.1668));
#10163=IFCDIRECTION((-0.1179,-0.1179,0.986));
#10164=IFCAXIS2PLACEMENT3D(#10161,#10162,#10163);
#10165=IFCCARTESIANPOINT((-28206.7571,0.,0.));
#10166=IFCDIRECTION((0.,1.,0.));
#10167=IFCAXIS1PLACEMENT(#10165,#10166);
#10168=IFCREVOLVEDAREASOLID(#10160,#10164,#10167,0.0438930138156315);
#10169=IFCSHAPEREPRESENTATION(#17,'Body','SweptSolid',(#10168));
#10170=IFCPRODUCTDEFINITIONSHAPE($,$,(#10169));
#10176=IFCOWNERHISTORY(#3,#4,.READWRITE.,.MODIFIED.,1779428012,#3,#4,1779428012);
#10177=IFCBEAM('2bRPvn8EvAz8kAurOnQXYV',#10176,'swept beam_0_1',$,$,#10182,#10170,$);
#10178=IFCCARTESIANPOINT((0.,0.,0.));
#10179=IFCDIRECTION((0.,0.,1.));
#10180=IFCDIRECTION((1.,0.,0.));
#10181=IFCAXIS2PLACEMENT3D(#10178,#10179,#10180);
#10182=IFCLOCALPLACEMENT(#39,#10181);
#10183=IFCPROPERTYSINGLEVALUE('Name',$,IFCLABEL('swept beam_0_1'),$);
#10184=IFCPROPERTYSINGLEVALUE('ArcLength',$,IFCLENGTHMEASURE(1238.),$);
#10185=IFCPROPERTYSINGLEVALUE('ArcAngle_rad',$,IFCREAL(0.04),$);
#10186=IFCPROPERTYSINGLEVALUE('ArcAngle_deg',$,IFCREAL(2.5),$);
#10187=IFCPROPERTYSET('0VsZusB4D6TeEAqVS0rzSp',$,'EPset_IfcKit_Geometry',$,(#10183,#10184,#10185,#10186));
#10188=IFCRELDEFINESBYPROPERTIES('01c6gN9cv1p8ZUuZdxKZ2y',$,$,$,(#10177),#10187);
#10189=IFCCOLOURRGB($,0.501960784313725,0.501960784313725,0.501960784313725);
#10190=IFCSURFACESTYLERENDERING(#10189,0.,$,$,$,$,$,$,.FLAT.);
#10191=IFCSURFACESTYLE($,.BOTH.,(#10190));
#10192=IFCPRESENTATIONSTYLEASSIGNMENT((#10191));
#10193=IFCSTYLEDITEM(#10168,(#10192),$);
#10194=IFCCARTESIANPOINT((80.,-40.));
#10195=IFCCARTESIANPOINT((80.,-32.));
#10196=IFCCARTESIANPOINT((8.,-32.));
#10197=IFCCARTESIANPOINT((8.,40.));
#10198=IFCCARTESIANPOINT((0.,40.));
#10199=IFCCARTESIANPOINT((0.,-40.));
#10200=IFCCARTESIANPOINT((80.,-40.));
#10201=IFCPOLYLINE((#10194,#10195,#10196,#10197,#10198,#10199,#10200));
#10202=IFCARBITRARYCLOSEDPROFILEDEF(.AREA.,$,#10201);
#10203=IFCCARTESIANPOINT((1735.4572,2780.9117,3365.7977));
#10204=IFCDIRECTION((-0.7017,-0.7017,-0.1233));
#10205=IFCDIRECTION((-0.0872,-0.0872,0.9924));
#10206=IFCAXIS2PLACEMENT3D(#10203,#10204,#10205);
#10207=IFCCARTESIANPOINT((-14567.4929,0.,0.));
#10208=IFCDIRECTION((0.,1.,0.));
#10209=IFCAXIS1PLACEMENT(#10207,#10208);
#10210=IFCREVOLVEDAREASOLID(#10202,#10206,#10209,0.0424160625021832);
#10211=IFCSHAPEREPRESENTATION(#17,'Body','SweptSolid',(#10210));
#10212=IFCPRODUCTDEFINITIONSHAPE($,$,(#10211));
#10218=IFCOWNERHISTORY(#3,#4,.READWRITE.,.MODIFIED.,1779428012,#3,#4,1779428012);
#10219=IFCBEAM('1TrBTBK81AnuDsVG3JlO3I',#10218,'swept beam_0_2',$,$,#10224,#10212,$);
#10220=IFCCARTESIANPOINT((0.,0.,0.));
#10221=IFCDIRECTION((0.,0.,1.));
#10222=IFCDIRECTION((1.,0.,0.));
#10223=IFCAXIS2PLACEMENT3D(#10220,#10221,#10222);
#10224=IFCLOCALPLACEMENT(#39,#10223);
#10225=IFCPROPERTYSINGLEVALUE('Name',$,IFCLABEL('swept beam_0_2'),$);
#10226=IFCPROPERTYSINGLEVALUE('ArcLength',$,IFCLENGTHMEASURE(618.),$);
#10227=IFCPROPERTYSINGLEVALUE('ArcAngle_rad',$,IFCREAL(0.04),$);
#10228=IFCPROPERTYSINGLEVALUE('ArcAngle_deg',$,IFCREAL(2.4),$);
#10229=IFCPROPERTYSET('3Qc8vPd35EXe0EpDT8Rien',$,'EPset_IfcKit_Geometry',$,(#10225,#10226,#10227,#10228));
#10230=IFCRELDEFINESBYPROPERTIES('01MyR3eSD2uhTUbYBzVEQU',$,$,$,(#10219),#10229);
#10231=IFCCOLOURRGB($,0.501960784313725,0.501960784313725,0.501960784313725);
#10232=IFCSURFACESTYLERENDERING(#10231,0.,$,$,$,$,$,$,.FLAT.);
#10233=IFCSURFACESTYLE($,.BOTH.,(#10232));
#10234=IFCPRESENTATIONSTYLEASSIGNMENT((#10233));
#10235=IFCSTYLEDITEM(#10210,(#10234),$);
#10236=IFCCARTESIANPOINT((80.,-40.));
#10237=IFCCARTESIANPOINT((80.,-32.));
#10238=IFCCARTESIANPOINT((8.,-32.));
#10239=IFCCARTESIANPOINT((8.,40.));
#10240=IFCCARTESIANPOINT((0.,40.));
#10241=IFCCARTESIANPOINT((0.,-40.));
#10242=IFCCARTESIANPOINT((80.,-40.));
#10243=IFCPOLYLINE((#10236,#10237,#10238,#10239,#10240,#10241,#10242));
#10244=IFCARBITRARYCLOSEDPROFILEDEF(.AREA.,$,#10243);
#10245=IFCCARTESIANPOINT((2170.0522,3215.5067,3428.9814));
#10246=IFCDIRECTION((-0.7048,-0.7048,-0.0811));
#10247=IFCDIRECTION((-0.0574,-0.0574,0.9967));
#10248=IFCAXIS2PLACEMENT3D(#10245,#10246,#10247);
#10249=IFCCARTESIANPOINT((-7175.1834,0.,0.));
#10250=IFCDIRECTION((0.,1.,0.));
#10251=IFCAXIS1PLACEMENT(#10249,#10250);
#10252=IFCREVOLVEDAREASOLID(#10244,#10248,#10251,0.0860753954189421);
#10253=IFCSHAPEREPRESENTATION(#17,'Body','SweptSolid',(#10252));
#10254=IFCPRODUCTDEFINITIONSHAPE($,$,(#10253));
#10260=IFCOWNERHISTORY(#3,#4,.READWRITE.,.MODIFIED.,1779428012,#3,#4,1779428012);
#10261=IFCBEAM('20gSahFEXCXgtnYhp9xe9i',#10260,'swept beam_0_3',$,$,#10266,#10254,$);
#10262=IFCCARTESIANPOINT((0.,0.,0.));
#10263=IFCDIRECTION((0.,0.,1.));
#10264=IFCDIRECTION((1.,0.,0.));
#10265=IFCAXIS2PLACEMENT3D(#10262,#10263,#10264);
#10266=IFCLOCALPLACEMENT(#39,#10265);
#10267=IFCPROPERTYSINGLEVALUE('Name',$,IFCLABEL('swept beam_0_3'),$);
#10268=IFCPROPERTYSINGLEVALUE('ArcLength',$,IFCLENGTHMEASURE(618.),$);
#10269=IFCPROPERTYSINGLEVALUE('ArcAngle_rad',$,IFCREAL(0.09),$);
#10270=IFCPROPERTYSINGLEVALUE('ArcAngle_deg',$,IFCREAL(4.9),$);
#10271=IFCPROPERTYSET('3mWtu754f5OPf6GUNe46Dd',$,'EPset_IfcKit_Geometry',$,(#10267,#10268,#10269,#10270));
#10272=IFCRELDEFINESBYPROPERTIES('3qG7p7YhP3EfHeDICE5G$p',$,$,$,(#10261),#10271);
#10273=IFCCOLOURRGB($,0.501960784313725,0.501960784313725,0.501960784313725);
#10274=IFCSURFACESTYLERENDERING(#10273,0.,$,$,$,$,$,$,.FLAT.);
#10275=IFCSURFACESTYLE($,.BOTH.,(#10274));
#10276=IFCPRESENTATIONSTYLEASSIGNMENT((#10275));
#10277=IFCSTYLEDITEM(#10252,(#10276),$);
#10278=IFCCARTESIANPOINT((80.,-40.));
#10279=IFCCARTESIANPOINT((80.,-32.));
#10280=IFCCARTESIANPOINT((8.,-32.));
#10281=IFCCARTESIANPOINT((8.,40.));
#10282=IFCCARTESIANPOINT((0.,40.));
#10283=IFCCARTESIANPOINT((0.,-40.));
#10284=IFCCARTESIANPOINT((80.,-40.));
#10285=IFCPOLYLINE((#10278,#10279,#10280,#10281,#10282,#10283,#10284));
#10286=IFCARBITRARYCLOSEDPROFILEDEF(.AREA.,$,#10285);
#10287=IFCCARTESIANPOINT((2606.3128,3651.7674,3452.5593));
#10288=IFCDIRECTION((-0.7071,-0.7071,0.0048));
#10289=IFCDIRECTION((0.0034,0.0034,1.));
#10290=IFCAXIS2PLACEMENT3D(#10287,#10288,#10289);
#10291=IFCCARTESIANPOINT((-5839.2391,0.,0.));
#10292=IFCDIRECTION((0.,1.,0.));
#10293=IFCAXIS1PLACEMENT(#10291,#10292);
#10294=IFCREVOLVEDAREASOLID(#10286,#10290,#10293,0.105787669649609);
#10295=IFCSHAPEREPRESENTATION(#17,'Body','SweptSolid',(#10294));
#10296=IFCPRODUCTDEFINITIONSHAPE($,$,(#10295));
#10302=IFCOWNERHISTORY(#3,#4,.READWRITE.,.MODIFIED.,1779428012,#3,#4,1779428012);
#10303=IFCBEAM('1ct1OhzRTFEPQifSjZMwFJ',#10302,'swept beam_0_4',$,$,#10308,#10296,$);
#10304=IFCCARTESIANPOINT((0.,0.,0.));
#10305=IFCDIRECTION((0.,0.,1.));
#10306=IFCDIRECTION((1.,0.,0.));
#10307=IFCAXIS2PLACEMENT3D(#10304,#10305,#10306);
#10308=IFCLOCALPLACEMENT(#39,#10307);
#10309=IFCPROPERTYSINGLEVALUE('Name',$,IFCLABEL('swept beam_0_4'),$);
#10310=IFCPROPERTYSINGLEVALUE('ArcLength',$,IFCLENGTHMEASURE(618.),$);
#10311=IFCPROPERTYSINGLEVALUE('ArcAngle_rad',$,IFCREAL(0.11),$);
#10312=IFCPROPERTYSINGLEVALUE('ArcAngle_deg',$,IFCREAL(6.1),$);
#10313=IFCPROPERTYSET('3dZiZhNkP94vYjqDg$0c_l',$,'EPset_IfcKit_Geometry',$,(#10309,#10310,#10311,#10312));
#10314=IFCRELDEFINESBYPROPERTIES('03ED0WdFTAAvLgjI49UbxZ',$,$,$,(#10303),#10313);
#10315=IFCCOLOURRGB($,0.501960784313725,0.501960784313725,0.501960784313725);
#10316=IFCSURFACESTYLERENDERING(#10315,0.,$,$,$,$,$,$,.FLAT.);
#10317=IFCSURFACESTYLE($,.BOTH.,(#10316));
#10318=IFCPRESENTATIONSTYLEASSIGNMENT((#10317));
#10319=IFCSTYLEDITEM(#10294,(#10318),$);
#10320=IFCCARTESIANPOINT((80.,-40.));
#10321=IFCCARTESIANPOINT((80.,-32.));
#10322=IFCCARTESIANPOINT((8.,-32.));
#10323=IFCCARTESIANPOINT((8.,40.));
#10324=IFCCARTESIANPOINT((0.,40.));
#10325=IFCCARTESIANPOINT((0.,-40.));
#10326=IFCCARTESIANPOINT((80.,-40.));
#10327=IFCPOLYLINE((#10320,#10321,#10322,#10323,#10324,#10325,#10326));
#10328=IFCARBITRARYCLOSEDPROFILEDEF(.AREA.,$,#10327);
#10329=IFCCARTESIANPOINT((3042.1754,4087.63,3416.9321));
#10330=IFCDIRECTION((-0.7028,-0.7028,0.1104));
#10331=IFCDIRECTION((0.0781,0.0781,0.9939));
#10332=IFCAXIS2PLACEMENT3D(#10329,#10330,#10331);
#10333=IFCCARTESIANPOINT((-13109.1523,0.,0.));
#10334=IFCDIRECTION((0.,1.,0.));
#10335=IFCAXIS1PLACEMENT(#10333,#10334);
#10336=IFCREVOLVEDAREASOLID(#10328,#10332,#10335,0.0471564924334356);
#10337=IFCSHAPEREPRESENTATION(#17,'Body','SweptSolid',(#10336));
#10338=IFCPRODUCTDEFINITIONSHAPE($,$,(#10337));
#10344=IFCOWNERHISTORY(#3,#4,.READWRITE.,.MODIFIED.,1779428012,#3,#4,1779428012);
#10345=IFCBEAM('2R6vgiZHDA5RWOw3Cu7ufh',#10344,'swept beam_0_5',$,$,#10350,#10338,$);
#10346=IFCCARTESIANPOINT((0.,0.,0.));
#10347=IFCDIRECTION((0.,0.,1.));
#10348=IFCDIRECTION((1.,0.,0.));
#10349=IFCAXIS2PLACEMENT3D(#10346,#10347,#10348);
#10350=IFCLOCALPLACEMENT(#39,#10349);
#10351=IFCPROPERTYSINGLEVALUE('Name',$,IFCLABEL('swept beam_0_5'),$);
#10352=IFCPROPERTYSINGLEVALUE('ArcLength',$,IFCLENGTHMEASURE(618.),$);
#10353=IFCPROPERTYSINGLEVALUE('ArcAngle_rad',$,IFCREAL(0.05),$);
#10354=IFCPROPERTYSINGLEVALUE('ArcAngle_deg',$,IFCREAL(2.7),$);
#10355=IFCPROPERTYSET('2rC5kMWffBuQg96S7RAWYN',$,'EPset_IfcKit_Geometry',$,(#10351,#10352,#10353,#10354));
#10356=IFCRELDEFINESBYPROPERTIES('2S4ohFJvv9Gfpas45xjwKU',$,$,$,(#10345),#10355);
#10357=IFCCOLOURRGB($,0.501960784313725,0.501960784313725,0.501960784313725);
#10358=IFCSURFACESTYLERENDERING(#10357,0.,$,$,$,$,$,$,.FLAT.);
#10359=IFCSURFACESTYLE($,.BOTH.,(#10358));
#10360=IFCPRESENTATIONSTYLEASSIGNMENT((#10359));
#10361=IFCSTYLEDITEM(#10336,(#10360),$);
#10362=IFCCARTESIANPOINT((-80.,40.));
#10363=IFCCARTESIANPOINT((-80.,32.));
#10364=IFCCARTESIANPOINT((-8.,32.));
#10365=IFCCARTESIANPOINT((-8.,-40.));
#10366=IFCCARTESIANPOINT((0.,-40.));
#10367=IFCCARTESIANPOINT((0.,40.));
#10368=IFCCARTESIANPOINT((-80.,40.));
#10369=IFCPOLYLINE((#10362,#10363,#10364,#10365,#10366,#10367,#10368));
#10370=IFCARBITRARYCLOSEDPROFILEDEF(.AREA.,$,#10369);
#10371=IFCCARTESIANPOINT((3475.3251,4520.7796,3334.2247));
#10372=IFCDIRECTION((-0.6983,-0.6983,0.1571));
#10373=IFCDIRECTION((-0.1111,-0.1111,-0.9876));
#10374=IFCAXIS2PLACEMENT3D(#10371,#10372,#10373);
#10375=IFCCARTESIANPOINT((-108337.8115,0.,0.));
#10376=IFCDIRECTION((0.,1.,0.));
#10377=IFCAXIS1PLACEMENT(#10375,#10376);
#10378=IFCREVOLVEDAREASOLID(#10370,#10374,#10377,0.0114129979882734);
#10379=IFCSHAPEREPRESENTATION(#17,'Body','SweptSolid',(#10378));
#10380=IFCPRODUCTDEFINITIONSHAPE($,$,(#10379));
#10386=IFCOWNERHISTORY(#3,#4,.READWRITE.,.MODIFIED.,1779428012,#3,#4,1779428012);
#10387=IFCBEAM('2iYV3ROIz7tgwcSnDnVXIm',#10386,'swept beam_0_6',$,$,#10392,#10380,$);
#10388=IFCCARTESIANPOINT((0.,0.,0.));
#10389=IFCDIRECTION((0.,0.,1.));
#10390=IFCDIRECTION((1.,0.,0.));
#10391=IFCAXIS2PLACEMENT3D(#10388,#10389,#10390);
#10392=IFCLOCALPLACEMENT(#39,#10391);
#10393=IFCPROPERTYSINGLEVALUE('Name',$,IFCLABEL('swept beam_0_6'),$);
#10394=IFCPROPERTYSINGLEVALUE('ArcLength',$,IFCLENGTHMEASURE(1236.),$);
#10395=IFCPROPERTYSINGLEVALUE('ArcAngle_rad',$,IFCREAL(0.01),$);
#10396=IFCPROPERTYSINGLEVALUE('ArcAngle_deg',$,IFCREAL(0.7),$);
#10397=IFCPROPERTYSET('0eMy_gF5r30ftcZLjMoIza',$,'EPset_IfcKit_Geometry',$,(#10393,#10394,#10395,#10396));
#10398=IFCRELDEFINESBYPROPERTIES('2gnNf_Z45EbehVfDwYnb0K',$,$,$,(#10387),#10397);
#10399=IFCCOLOURRGB($,0.501960784313725,0.501960784313725,0.501960784313725);
#10400=IFCSURFACESTYLERENDERING(#10399,0.,$,$,$,$,$,$,.FLAT.);
#10401=IFCSURFACESTYLE($,.BOTH.,(#10400));
#10402=IFCPRESENTATIONSTYLEASSIGNMENT((#10401));
#10403=IFCSTYLEDITEM(#10378,(#10402),$);
#10404=IFCCARTESIANPOINT((-80.,40.));
#10405=IFCCARTESIANPOINT((-80.,32.));
#10406=IFCCARTESIANPOINT((-8.,32.));
#10407=IFCCARTESIANPOINT((-8.,-40.));
#10408=IFCCARTESIANPOINT((0.,-40.));
#10409=IFCCARTESIANPOINT((0.,40.));
#10410=IFCCARTESIANPOINT((-80.,40.));
#10411=IFCPOLYLINE((#10404,#10405,#10406,#10407,#10408,#10409,#10410));
#10412=IFCARBITRARYCLOSEDPROFILEDEF(.AREA.,$,#10411);
#10413=IFCCARTESIANPOINT((4339.5381,5384.9927,3146.9114));
#10414=IFCDIRECTION((-0.6995,-0.6995,0.1458));
#10415=IFCDIRECTION((-0.1031,-0.1031,-0.9893));
#10416=IFCAXIS2PLACEMENT3D(#10413,#10414,#10415);
#10417=IFCCARTESIANPOINT((-13809.9238,0.,0.));
#10418=IFCDIRECTION((0.,1.,0.));
#10419=IFCAXIS1PLACEMENT(#10417,#10418);
#10420=IFCREVOLVEDAREASOLID(#10412,#10416,#10419,0.0894753396706154);
#10421=IFCSHAPEREPRESENTATION(#17,'Body','SweptSolid',(#10420));
#10422=IFCPRODUCTDEFINITIONSHAPE($,$,(#10421));
#10428=IFCOWNERHISTORY(#3,#4,.READWRITE.,.MODIFIED.,1779428012,#3,#4,1779428012);
#10429=IFCBEAM('15c9RPDYzFHvNYAE8FP9mt',#10428,'swept beam_0_7',$,$,#10434,#10422,$);
#10430=IFCCARTESIANPOINT((0.,0.,0.));
#10431=IFCDIRECTION((0.,0.,1.));
#10432=IFCDIRECTION((1.,0.,0.));
#10433=IFCAXIS2PLACEMENT3D(#10430,#10431,#10432);
#10434=IFCLOCALPLACEMENT(#39,#10433);
#10435=IFCPROPERTYSINGLEVALUE('Name',$,IFCLABEL('swept beam_0_7'),$);
#10436=IFCPROPERTYSINGLEVALUE('ArcLength',$,IFCLENGTHMEASURE(1236.),$);
#10437=IFCPROPERTYSINGLEVALUE('ArcAngle_rad',$,IFCREAL(0.09),$);
#10438=IFCPROPERTYSINGLEVALUE('ArcAngle_deg',$,IFCREAL(5.1),$);
#10439=IFCPROPERTYSET('1Gk5OLs9P0XPV$Z4yA9W$A',$,'EPset_IfcKit_Geometry',$,(#10435,#10436,#10437,#10438));
#10440=IFCRELDEFINESBYPROPERTIES('2_gmSaZFbBEuSCrZXkpODM',$,$,$,(#10429),#10439);
#10441=IFCCOLOURRGB($,0.501960784313725,0.501960784313725,0.501960784313725);
#10442=IFCSURFACESTYLERENDERING(#10441,0.,$,$,$,$,$,$,.FLAT.);
#10443=IFCSURFACESTYLE($,.BOTH.,(#10442));
#10444=IFCPRESENTATIONSTYLEASSIGNMENT((#10443));
#10445=IFCSTYLEDITEM(#10420,(#10444),$);
#10446=IFCCARTESIANPOINT((-80.,40.));
#10447=IFCCARTESIANPOINT((-80.,32.));
#10448=IFCCARTESIANPOINT((-8.,32.));
#10449=IFCCARTESIANPOINT((-8.,-40.));
#10450=IFCCARTESIANPOINT((0.,-40.));
#10451=IFCCARTESIANPOINT((0.,40.));
#10452=IFCCARTESIANPOINT((-80.,40.));
#10453=IFCPOLYLINE((#10446,#10447,#10448,#10449,#10450,#10451,#10452));
#10454=IFCARBITRARYCLOSEDPROFILEDEF(.AREA.,$,#10453);
#10455=IFCCARTESIANPOINT((5208.4743,6253.9289,3021.5855));
#10456=IFCDIRECTION((-0.706,-0.706,0.0569));
#10457=IFCDIRECTION((-0.0402,-0.0402,-0.9984));
#10458=IFCAXIS2PLACEMENT3D(#10455,#10456,#10457);
#10459=IFCCARTESIANPOINT((-16584.4068,0.,0.));
#10460=IFCDIRECTION((0.,1.,0.));
#10461=IFCAXIS1PLACEMENT(#10459,#10460);
#10462=IFCREVOLVEDAREASOLID(#10454,#10458,#10461,0.0745422494011296);
#10463=IFCSHAPEREPRESENTATION(#17,'Body','SweptSolid',(#10462));
#10464=IFCPRODUCTDEFINITIONSHAPE($,$,(#10463));
#10470=IFCOWNERHISTORY(#3,#4,.READWRITE.,.MODIFIED.,1779428012,#3,#4,1779428012);
#10471=IFCBEAM('0uLmlborb0ohnKwbtQbzSx',#10470,'swept beam_0_8',$,$,#10476,#10464,$);
#10472=IFCCARTESIANPOINT((0.,0.,0.));
#10473=IFCDIRECTION((0.,0.,1.));
#10474=IFCDIRECTION((1.,0.,0.));
#10475=IFCAXIS2PLACEMENT3D(#10472,#10473,#10474);
#10476=IFCLOCALPLACEMENT(#39,#10475);
#10477=IFCPROPERTYSINGLEVALUE('Name',$,IFCLABEL('swept beam_0_8'),$);
#10478=IFCPROPERTYSINGLEVALUE('ArcLength',$,IFCLENGTHMEASURE(1236.),$);
#10479=IFCPROPERTYSINGLEVALUE('ArcAngle_rad',$,IFCREAL(0.07),$);
#10480=IFCPROPERTYSINGLEVALUE('ArcAngle_deg',$,IFCREAL(4.3),$);
#10481=IFCPROPERTYSET('3DMUKhHHr9cf2b7Em96v4J',$,'EPset_IfcKit_Geometry',$,(#10477,#10478,#10479,#10480));
#10482=IFCRELDEFINESBYPROPERTIES('1kLkb5sSX6vBKF_OYt4Ip6',$,$,$,(#10471),#10481);
#10483=IFCCOLOURRGB($,0.501960784313725,0.501960784313725,0.501960784313725);
#10484=IFCSURFACESTYLERENDERING(#10483,0.,$,$,$,$,$,$,.FLAT.);
#10485=IFCSURFACESTYLE($,.BOTH.,(#10484));
#10486=IFCPRESENTATIONSTYLEASSIGNMENT((#10485));
#10487=IFCSTYLEDITEM(#10462,(#10486),$);
#10488=IFCCARTESIANPOINT((-80.,40.));
#10489=IFCCARTESIANPOINT((-80.,32.));
#10490=IFCCARTESIANPOINT((-8.,32.));
#10491=IFCCARTESIANPOINT((-8.,-40.));
#10492=IFCCARTESIANPOINT((0.,-40.));
#10493=IFCCARTESIANPOINT((0.,40.));
#10494=IFCCARTESIANPOINT((-80.,40.));
#10495=IFCPOLYLINE((#10488,#10489,#10490,#10491,#10492,#10493,#10494));
#10496=IFCARBITRARYCLOSEDPROFILEDEF(.AREA.,$,#10495);
#10497=IFCCARTESIANPOINT((6082.2566,7127.7112,2997.3314));
#10498=IFCDIRECTION((-0.707,-0.707,-0.0176));
#10499=IFCDIRECTION((0.0125,0.0125,-0.9998));
#10500=IFCAXIS2PLACEMENT3D(#10497,#10498,#10499);
#10501=IFCCARTESIANPOINT((-14941.3212,0.,0.));
#10502=IFCDIRECTION((0.,1.,0.));
#10503=IFCAXIS1PLACEMENT(#10501,#10502);
#10504=IFCREVOLVEDAREASOLID(#10496,#10500,#10503,0.082730717962268);
#10505=IFCSHAPEREPRESENTATION(#17,'Body','SweptSolid',(#10504));
#10506=IFCPRODUCTDEFINITIONSHAPE($,$,(#10505));
#10512=IFCOWNERHISTORY(#3,#4,.READWRITE.,.MODIFIED.,1779428012,#3,#4,1779428012);
#10513=IFCBEAM('1ZYBOjgpn9jeV4_ed81lxH',#10512,'swept beam_0_9',$,$,#10518,#10506,$);
#10514=IFCCARTESIANPOINT((0.,0.,0.));
#10515=IFCDIRECTION((0.,0.,1.));
#10516=IFCDIRECTION((1.,0.,0.));
#10517=IFCAXIS2PLACEMENT3D(#10514,#10515,#10516);
#10518=IFCLOCALPLACEMENT(#39,#10517);
#10519=IFCPROPERTYSINGLEVALUE('Name',$,IFCLABEL('swept beam_0_9'),$);
#10520=IFCPROPERTYSINGLEVALUE('ArcLength',$,IFCLENGTHMEASURE(1236.),$);
#10521=IFCPROPERTYSINGLEVALUE('ArcAngle_rad',$,IFCREAL(0.08),$);
#10522=IFCPROPERTYSINGLEVALUE('ArcAngle_deg',$,IFCREAL(4.7),$);
#10523=IFCPROPERTYSET('2KVy6lwaD1vAgsE9SsYRX6',$,'EPset_IfcKit_Geometry',$,(#10519,#10520,#10521,#10522));
#10524=IFCRELDEFINESBYPROPERTIES('0bJaLiavTAkfOxLrZn9XE_',$,$,$,(#10513),#10523);
#10525=IFCCOLOURRGB($,0.501960784313725,0.501960784313725,0.501960784313725);
#10526=IFCSURFACESTYLERENDERING(#10525,0.,$,$,$,$,$,$,.FLAT.);
#10527=IFCSURFACESTYLE($,.BOTH.,(#10526));
#10528=IFCPRESENTATIONSTYLEASSIGNMENT((#10527));
#10529=IFCSTYLEDITEM(#10504,(#10528),$);
#10530=IFCCARTESIANPOINT((-80.,40.));
#10531=IFCCARTESIANPOINT((-80.,32.));
#10532=IFCCARTESIANPOINT((-8.,32.));
#10533=IFCCARTESIANPOINT((-8.,-40.));
#10534=IFCCARTESIANPOINT((0.,-40.));
#10535=IFCCARTESIANPOINT((0.,40.));
#10536=IFCCARTESIANPOINT((-80.,40.));
#10537=IFCPOLYLINE((#10530,#10531,#10532,#10533,#10534,#10535,#10536));
#10538=IFCARBITRARYCLOSEDPROFILEDEF(.AREA.,$,#10537);
#10539=IFCCARTESIANPOINT((-0.,1454.5455,3096.1942));
#10540=IFCDIRECTION((-0.7071,-0.7071,-0.0022));
#10541=IFCDIRECTION((0.0015,0.0015,-1.));
#10542=IFCAXIS2PLACEMENT3D(#10539,#10540,#10541);
#10543=IFCCARTESIANPOINT((-9681.1128,0.,0.));
#10544=IFCDIRECTION((0.,1.,0.));
#10545=IFCAXIS1PLACEMENT(#10543,#10544);
#10546=IFCREVOLVEDAREASOLID(#10538,#10542,#10545,0.120171476341665);
#10547=IFCSHAPEREPRESENTATION(#17,'Body','SweptSolid',(#10546));
#10548=IFCPRODUCTDEFINITIONSHAPE($,$,(#10547));
#10554=IFCOWNERHISTORY(#3,#4,.READWRITE.,.MODIFIED.,1779428012,#3,#4,1779428012);
#10555=IFCBEAM('2PS66qpaHCtey6YwXW95_M',#10554,'swept beam_0_0',$,$,#10560,#10548,$);
#10556=IFCCARTESIANPOINT((0.,0.,0.));
#10557=IFCDIRECTION((0.,0.,1.));
#10558=IFCDIRECTION((1.,0.,0.));
#10559=IFCAXIS2PLACEMENT3D(#10556,#10557,#10558);
#10560=IFCLOCALPLACEMENT(#39,#10559);
#10561=IFCPROPERTYSINGLEVALUE('Name',$,IFCLABEL('swept beam_0_0'),$);
#10562=IFCPROPERTYSINGLEVALUE('ArcLength',$,IFCLENGTHMEASURE(1163.),$);
#10563=IFCPROPERTYSINGLEVALUE('ArcAngle_rad',$,IFCREAL(0.12),$);
#10564=IFCPROPERTYSINGLEVALUE('ArcAngle_deg',$,IFCREAL(6.9),$);
#10565=IFCPROPERTYSET('3VO4DeY4n3MPDOUzOczpqd',$,'EPset_IfcKit_Geometry',$,(#10561,#10562,#10563,#10564));
#10566=IFCRELDEFINESBYPROPERTIES('1NQvWxsaX7a9j2Ir78u53U',$,$,$,(#10555),#10565);
#10567=IFCCOLOURRGB($,0.501960784313725,0.501960784313725,0.501960784313725);
#10568=IFCSURFACESTYLERENDERING(#10567,0.,$,$,$,$,$,$,.FLAT.);
#10569=IFCSURFACESTYLE($,.BOTH.,(#10568));
#10570=IFCPRESENTATIONSTYLEASSIGNMENT((#10569));
#10571=IFCSTYLEDITEM(#10546,(#10570),$);
#10572=IFCCARTESIANPOINT((80.,-40.));
#10573=IFCCARTESIANPOINT((80.,-32.));
#10574=IFCCARTESIANPOINT((8.,-32.));
#10575=IFCCARTESIANPOINT((8.,40.));
#10576=IFCCARTESIANPOINT((0.,40.));
#10577=IFCCARTESIANPOINT((0.,-40.));
#10578=IFCCARTESIANPOINT((80.,-40.));
#10579=IFCPOLYLINE((#10572,#10573,#10574,#10575,#10576,#10577,#10578));
#10580=IFCARBITRARYCLOSEDPROFILEDEF(.AREA.,$,#10579);
#10581=IFCCARTESIANPOINT((820.5559,2275.1013,3168.5318));
#10582=IFCDIRECTION((-0.7018,-0.7018,-0.122));
#10583=IFCDIRECTION((-0.0863,-0.0863,0.9925));
#10584=IFCAXIS2PLACEMENT3D(#10581,#10582,#10583);
#10585=IFCCARTESIANPOINT((-18703.178,0.,0.));
#10586=IFCDIRECTION((0.,1.,0.));
#10587=IFCAXIS1PLACEMENT(#10585,#10586);
#10588=IFCREVOLVEDAREASOLID(#10580,#10584,#10587,0.0622578396703269);
#10589=IFCSHAPEREPRESENTATION(#17,'Body','SweptSolid',(#10588));
#10590=IFCPRODUCTDEFINITIONSHAPE($,$,(#10589));
#10596=IFCOWNERHISTORY(#3,#4,.READWRITE.,.MODIFIED.,1779428012,#3,#4,1779428012);
#10597=IFCBEAM('0ie7rN2SX1kfawo6KaoYvB',#10596,'swept beam_0_1',$,$,#10602,#10590,$);
#10598=IFCCARTESIANPOINT((0.,0.,0.));
#10599=IFCDIRECTION((0.,0.,1.));
#10600=IFCDIRECTION((1.,0.,0.));
#10601=IFCAXIS2PLACEMENT3D(#10598,#10599,#10600);
#10602=IFCLOCALPLACEMENT(#39,#10601);
#10603=IFCPROPERTYSINGLEVALUE('Name',$,IFCLABEL('swept beam_0_1'),$);
#10604=IFCPROPERTYSINGLEVALUE('ArcLength',$,IFCLENGTHMEASURE(1164.),$);
#10605=IFCPROPERTYSINGLEVALUE('ArcAngle_rad',$,IFCREAL(0.06),$);
#10606=IFCPROPERTYSINGLEVALUE('ArcAngle_deg',$,IFCREAL(3.6),$);
#10607=IFCPROPERTYSET('3CEuvFrczEeOXVTHHv8EuQ',$,'EPset_IfcKit_Geometry',$,(#10603,#10604,#10605,#10606));
#10608=IFCRELDEFINESBYPROPERTIES('3DChcqJf1FYATvPHshgmfs',$,$,$,(#10597),#10607);
#10609=IFCCOLOURRGB($,0.501960784313725,0.501960784313725,0.501960784313725);
#10610=IFCSURFACESTYLERENDERING(#10609,0.,$,$,$,$,$,$,.FLAT.);
#10611=IFCSURFACESTYLE($,.BOTH.,(#10610));
#10612=IFCPRESENTATIONSTYLEASSIGNMENT((#10611));
#10613=IFCSTYLEDITEM(#10588,(#10612),$);
#10614=IFCCARTESIANPOINT((80.,-40.));
#10615=IFCCARTESIANPOINT((80.,-32.));
#10616=IFCCARTESIANPOINT((8.,-32.));
#10617=IFCCARTESIANPOINT((8.,40.));
#10618=IFCCARTESIANPOINT((0.,40.));
#10619=IFCCARTESIANPOINT((0.,-40.));
#10620=IFCCARTESIANPOINT((80.,-40.));
#10621=IFCPOLYLINE((#10614,#10615,#10616,#10617,#10618,#10619,#10620));
#10622=IFCARBITRARYCLOSEDPROFILEDEF(.AREA.,$,#10621);
#10623=IFCCARTESIANPOINT((1640.3696,3094.9151,3274.5772));
#10624=IFCDIRECTION((-0.7058,-0.7058,-0.06));
#10625=IFCDIRECTION((-0.0425,-0.0425,0.9982));
#10626=IFCAXIS2PLACEMENT3D(#10623,#10624,#10625);
#10627=IFCCARTESIANPOINT((-10351.0605,0.,0.));
#10628=IFCDIRECTION((0.,1.,0.));
#10629=IFCAXIS1PLACEMENT(#10627,#10628);
#10630=IFCREVOLVEDAREASOLID(#10622,#10626,#10629,0.0561110821221706);
#10631=IFCSHAPEREPRESENTATION(#17,'Body','SweptSolid',(#10630));
#10632=IFCPRODUCTDEFINITIONSHAPE($,$,(#10631));
#10638=IFCOWNERHISTORY(#3,#4,.READWRITE.,.MODIFIED.,1779428012,#3,#4,1779428012);
#10639=IFCBEAM('2654b2wBr7$eOA_Cm0vSvT',#10638,'swept beam_0_2',$,$,#10644,#10632,$);
#10640=IFCCARTESIANPOINT((0.,0.,0.));
#10641=IFCDIRECTION((0.,0.,1.));
#10642=IFCDIRECTION((1.,0.,0.));
#10643=IFCAXIS2PLACEMENT3D(#10640,#10641,#10642);
#10644=IFCLOCALPLACEMENT(#39,#10643);
#10645=IFCPROPERTYSINGLEVALUE('Name',$,IFCLABEL('swept beam_0_2'),$);
#10646=IFCPROPERTYSINGLEVALUE('ArcLength',$,IFCLENGTHMEASURE(581.),$);
#10647=IFCPROPERTYSINGLEVALUE('ArcAngle_rad',$,IFCREAL(0.06),$);
#10648=IFCPROPERTYSINGLEVALUE('ArcAngle_deg',$,IFCREAL(3.2),$);
#10649=IFCPROPERTYSET('0zqw2EHS132QY9ceXXyfmv',$,'EPset_IfcKit_Geometry',$,(#10645,#10646,#10647,#10648));
#10650=IFCRELDEFINESBYPROPERTIES('0AAZ$KvW58eRmn$n7pPdmD',$,$,$,(#10639),#10649);
#10651=IFCCOLOURRGB($,0.501960784313725,0.501960784313725,0.501960784313725);
#10652=IFCSURFACESTYLERENDERING(#10651,0.,$,$,$,$,$,$,.FLAT.);
#10653=IFCSURFACESTYLE($,.BOTH.,(#10652));
#10654=IFCPRESENTATIONSTYLEASSIGNMENT((#10653));
#10655=IFCSTYLEDITEM(#10630,(#10654),$);
#10656=IFCCARTESIANPOINT((80.,-40.));
#10657=IFCCARTESIANPOINT((80.,-32.));
#10658=IFCCARTESIANPOINT((8.,-32.));
#10659=IFCCARTESIANPOINT((8.,40.));
#10660=IFCCARTESIANPOINT((0.,40.));
#10661=IFCCARTESIANPOINT((0.,-40.));
#10662=IFCCARTESIANPOINT((80.,-40.));
#10663=IFCPOLYLINE((#10656,#10657,#10658,#10659,#10660,#10661,#10662));
#10664=IFCARBITRARYCLOSEDPROFILEDEF(.AREA.,$,#10663);
#10665=IFCCARTESIANPOINT((2050.7993,3505.3447,3293.1739));
#10666=IFCDIRECTION((-0.7071,-0.7071,-0.004));
#10667=IFCDIRECTION((-0.0028,-0.0028,1.));
#10668=IFCAXIS2PLACEMENT3D(#10665,#10666,#10667);
#10669=IFCCARTESIANPOINT((-6057.3957,0.,0.));
#10670=IFCDIRECTION((0.,1.,0.));
#10671=IFCAXIS1PLACEMENT(#10669,#10670);
#10672=IFCREVOLVEDAREASOLID(#10664,#10668,#10671,0.0958360569727477);
#10673=IFCSHAPEREPRESENTATION(#17,'Body','SweptSolid',(#10672));
#10674=IFCPRODUCTDEFINITIONSHAPE($,$,(#10673));
#10680=IFCOWNERHISTORY(#3,#4,.READWRITE.,.MODIFIED.,1779428012,#3,#4,1779428012);
#10681=IFCBEAM('04ZUmiZZX6vO5GKcznyntV',#10680,'swept beam_0_3',$,$,#10686,#10674,$);
#10682=IFCCARTESIANPOINT((0.,0.,0.));
#10683=IFCDIRECTION((0.,0.,1.));
#10684=IFCDIRECTION((1.,0.,0.));
#10685=IFCAXIS2PLACEMENT3D(#10682,#10683,#10684);
#10686=IFCLOCALPLACEMENT(#39,#10685);
#10687=IFCPROPERTYSINGLEVALUE('Name',$,IFCLABEL('swept beam_0_3'),$);
#10688=IFCPROPERTYSINGLEVALUE('ArcLength',$,IFCLENGTHMEASURE(581.),$);
#10689=IFCPROPERTYSINGLEVALUE('ArcAngle_rad',$,IFCREAL(0.1),$);
#10690=IFCPROPERTYSINGLEVALUE('ArcAngle_deg',$,IFCREAL(5.5),$);
#10691=IFCPROPERTYSET('15Gpmj$L93les7cPtRqblo',$,'EPset_IfcKit_Geometry',$,(#10687,#10688,#10689,#10690));
#10692=IFCRELDEFINESBYPROPERTIES('3rmnhtfkDCmR9901KUa1UB',$,$,$,(#10681),#10691);
#10693=IFCCOLOURRGB($,0.501960784313725,0.501960784313725,0.501960784313725);
#10694=IFCSURFACESTYLERENDERING(#10693,0.,$,$,$,$,$,$,.FLAT.);
#10695=IFCSURFACESTYLE($,.BOTH.,(#10694));
#10696=IFCPRESENTATIONSTYLEASSIGNMENT((#10695));
#10697=IFCSTYLEDITEM(#10672,(#10696),$);
#10698=IFCCARTESIANPOINT((80.,-40.));
#10699=IFCCARTESIANPOINT((80.,-32.));
#10700=IFCCARTESIANPOINT((8.,-32.));
#10701=IFCCARTESIANPOINT((8.,40.));
#10702=IFCCARTESIANPOINT((0.,40.));
#10703=IFCCARTESIANPOINT((0.,-40.));
#10704=IFCCARTESIANPOINT((80.,-40.));
#10705=IFCPOLYLINE((#10698,#10699,#10700,#10701,#10702,#10703,#10704));
#10706=IFCARBITRARYCLOSEDPROFILEDEF(.AREA.,$,#10705);
#10707=IFCCARTESIANPOINT((2460.7335,3915.279,3267.6808));
#10708=IFCDIRECTION((-0.7041,-0.7041,0.0917));
#10709=IFCDIRECTION((0.0649,0.0649,0.9958));
#10710=IFCAXIS2PLACEMENT3D(#10707,#10708,#10709);
#10711=IFCCARTESIANPOINT((-7653.2924,0.,0.));
#10712=IFCDIRECTION((0.,1.,0.));
#10713=IFCAXIS1PLACEMENT(#10711,#10712);
#10714=IFCREVOLVEDAREASOLID(#10706,#10710,#10713,0.0759633562728164);
#10715=IFCSHAPEREPRESENTATION(#17,'Body','SweptSolid',(#10714));
#10716=IFCPRODUCTDEFINITIONSHAPE($,$,(#10715));
#10722=IFCOWNERHISTORY(#3,#4,.READWRITE.,.MODIFIED.,1779428012,#3,#4,1779428012);
#10723=IFCBEAM('3bXlVcs2X2NR1LIEx4ulE$',#10722,'swept beam_0_4',$,$,#10728,#10716,$);
#10724=IFCCARTESIANPOINT((0.,0.,0.));
#10725=IFCDIRECTION((0.,0.,1.));
#10726=IFCDIRECTION((1.,0.,0.));
#10727=IFCAXIS2PLACEMENT3D(#10724,#10725,#10726);
#10728=IFCLOCALPLACEMENT(#39,#10727);
#10729=IFCPROPERTYSINGLEVALUE('Name',$,IFCLABEL('swept beam_0_4'),$);
#10730=IFCPROPERTYSINGLEVALUE('ArcLength',$,IFCLENGTHMEASURE(581.),$);
#10731=IFCPROPERTYSINGLEVALUE('ArcAngle_rad',$,IFCREAL(0.08),$);
#10732=IFCPROPERTYSINGLEVALUE('ArcAngle_deg',$,IFCREAL(4.4),$);
#10733=IFCPROPERTYSET('1NvTFCr_j76OFdL$wujWez',$,'EPset_IfcKit_Geometry',$,(#10729,#10730,#10731,#10732));
#10734=IFCRELDEFINESBYPROPERTIES('2u3JW0An5F6O$QsT5YROh7',$,$,$,(#10723),#10733);
#10735=IFCCOLOURRGB($,0.501960784313725,0.501960784313725,0.501960784313725);
#10736=IFCSURFACESTYLERENDERING(#10735,0.,$,$,$,$,$,$,.FLAT.);
#10737=IFCSURFACESTYLE($,.BOTH.,(#10736));
#10738=IFCPRESENTATIONSTYLEASSIGNMENT((#10737));
#10739=IFCSTYLEDITEM(#10714,(#10738),$);
#10740=IFCCARTESIANPOINT((80.,-40.));
#10741=IFCCARTESIANPOINT((80.,-32.));
#10742=IFCCARTESIANPOINT((8.,-32.));
#10743=IFCCARTESIANPOINT((8.,40.));
#10744=IFCCARTESIANPOINT((0.,40.));
#10745=IFCCARTESIANPOINT((0.,-40.));
#10746=IFCCARTESIANPOINT((80.,-40.));
#10747=IFCPOLYLINE((#10740,#10741,#10742,#10743,#10744,#10745,#10746));
#10748=IFCARBITRARYCLOSEDPROFILEDEF(.AREA.,$,#10747);
#10749=IFCCARTESIANPOINT((2868.2654,4322.8109,3192.4228));
#10750=IFCDIRECTION((-0.6972,-0.6972,0.167));
#10751=IFCDIRECTION((0.1181,0.1181,0.986));
#10752=IFCAXIS2PLACEMENT3D(#10749,#10750,#10751);
#10753=IFCCARTESIANPOINT((-48381.486,0.,0.));
#10754=IFCDIRECTION((0.,1.,0.));
#10755=IFCAXIS1PLACEMENT(#10753,#10754);
#10756=IFCREVOLVEDAREASOLID(#10748,#10752,#10755,0.0120220056694462);
#10757=IFCSHAPEREPRESENTATION(#17,'Body','SweptSolid',(#10756));
#10758=IFCPRODUCTDEFINITIONSHAPE($,$,(#10757));
#10764=IFCOWNERHISTORY(#3,#4,.READWRITE.,.MODIFIED.,1779428012,#3,#4,1779428012);
#10765=IFCBEAM('0sRjteZhv2$fxrDFeptjF0',#10764,'swept beam_0_5',$,$,#10770,#10758,$);
#10766=IFCCARTESIANPOINT((0.,0.,0.));
#10767=IFCDIRECTION((0.,0.,1.));
#10768=IFCDIRECTION((1.,0.,0.));
#10769=IFCAXIS2PLACEMENT3D(#10766,#10767,#10768);
#10770=IFCLOCALPLACEMENT(#39,#10769);
#10771=IFCPROPERTYSINGLEVALUE('Name',$,IFCLABEL('swept beam_0_5'),$);
#10772=IFCPROPERTYSINGLEVALUE('ArcLength',$,IFCLENGTHMEASURE(582.),$);
#10773=IFCPROPERTYSINGLEVALUE('ArcAngle_rad',$,IFCREAL(0.01),$);
#10774=IFCPROPERTYSINGLEVALUE('ArcAngle_deg',$,IFCREAL(0.7),$);
#10775=IFCPROPERTYSET('0eeR2HGwb4ceOe3Gpmx2zN',$,'EPset_IfcKit_Geometry',$,(#10771,#10772,#10773,#10774));
#10776=IFCRELDEFINESBYPROPERTIES('0zrAL3Pnr0EhWPfq$D$OjG',$,$,$,(#10765),#10775);
#10777=IFCCOLOURRGB($,0.501960784313725,0.501960784313725,0.501960784313725);
#10778=IFCSURFACESTYLERENDERING(#10777,0.,$,$,$,$,$,$,.FLAT.);
#10779=IFCSURFACESTYLE($,.BOTH.,(#10778));
#10780=IFCPRESENTATIONSTYLEASSIGNMENT((#10779));
#10781=IFCSTYLEDITEM(#10756,(#10780),$);
#10782=IFCCARTESIANPOINT((-80.,40.));
#10783=IFCCARTESIANPOINT((-80.,32.));
#10784=IFCCARTESIANPOINT((-8.,32.));
#10785=IFCCARTESIANPOINT((-8.,-40.));
#10786=IFCCARTESIANPOINT((0.,-40.));
#10787=IFCCARTESIANPOINT((0.,40.));
#10788=IFCCARTESIANPOINT((-80.,40.));
#10789=IFCPOLYLINE((#10782,#10783,#10784,#10785,#10786,#10787,#10788));
#10790=IFCARBITRARYCLOSEDPROFILEDEF(.AREA.,$,#10789);
#10791=IFCCARTESIANPOINT((3273.3476,4727.893,3091.8204));
#10792=IFCDIRECTION((-0.6957,-0.6957,0.1789));
#10793=IFCDIRECTION((-0.1265,-0.1265,-0.9839));
#10794=IFCAXIS2PLACEMENT3D(#10791,#10792,#10793);
#10795=IFCCARTESIANPOINT((-18450.9485,0.,0.));
#10796=IFCDIRECTION((0.,1.,0.));
#10797=IFCAXIS1PLACEMENT(#10795,#10796);
#10798=IFCREVOLVEDAREASOLID(#10790,#10794,#10797,0.0630185979232254);
#10799=IFCSHAPEREPRESENTATION(#17,'Body','SweptSolid',(#10798));
#10800=IFCPRODUCTDEFINITIONSHAPE($,$,(#10799));
#10806=IFCOWNERHISTORY(#3,#4,.READWRITE.,.MODIFIED.,1779428012,#3,#4,1779428012);
#10807=IFCBEAM('0$hDBWeOHC19O2yfP1UG2B',#10806,'swept beam_0_6',$,$,#10812,#10800,$);
#10808=IFCCARTESIANPOINT((0.,0.,0.));
#10809=IFCDIRECTION((0.,0.,1.));
#10810=IFCDIRECTION((1.,0.,0.));
#10811=IFCAXIS2PLACEMENT3D(#10808,#10809,#10810);
#10812=IFCLOCALPLACEMENT(#39,#10811);
#10813=IFCPROPERTYSINGLEVALUE('Name',$,IFCLABEL('swept beam_0_6'),$);
#10814=IFCPROPERTYSINGLEVALUE('ArcLength',$,IFCLENGTHMEASURE(1163.),$);
#10815=IFCPROPERTYSINGLEVALUE('ArcAngle_rad',$,IFCREAL(0.06),$);
#10816=IFCPROPERTYSINGLEVALUE('ArcAngle_deg',$,IFCREAL(3.6),$);
#10817=IFCPROPERTYSET('3D_AeHc4H1wfWXQddvtbHL',$,'EPset_IfcKit_Geometry',$,(#10813,#10814,#10815,#10816));
#10818=IFCRELDEFINESBYPROPERTIES('0LeOUc7U1CCO6CiD21tWd_',$,$,$,(#10807),#10817);
#10819=IFCCOLOURRGB($,0.501960784313725,0.501960784313725,0.501960784313725);
#10820=IFCSURFACESTYLERENDERING(#10819,0.,$,$,$,$,$,$,.FLAT.);
#10821=IFCSURFACESTYLE($,.BOTH.,(#10820));
#10822=IFCPRESENTATIONSTYLEASSIGNMENT((#10821));
#10823=IFCSTYLEDITEM(#10798,(#10822),$);
#10824=IFCCARTESIANPOINT((-80.,40.));
#10825=IFCCARTESIANPOINT((-80.,32.));
#10826=IFCCARTESIANPOINT((-8.,32.));
#10827=IFCCARTESIANPOINT((-8.,-40.));
#10828=IFCCARTESIANPOINT((0.,-40.));
#10829=IFCCARTESIANPOINT((0.,40.));
#10830=IFCCARTESIANPOINT((-80.,40.));
#10831=IFCPOLYLINE((#10824,#10825,#10826,#10827,#10828,#10829,#10830));
#10832=IFCARBITRARYCLOSEDPROFILEDEF(.AREA.,$,#10831);
#10833=IFCCARTESIANPOINT((4086.3741,5540.9195,2919.9985));
#10834=IFCDIRECTION((-0.7023,-0.7023,0.1166));
#10835=IFCDIRECTION((-0.0824,-0.0824,-0.9932));
#10836=IFCAXIS2PLACEMENT3D(#10833,#10834,#10835);
#10837=IFCCARTESIANPOINT((-9950.4504,0.,0.));
#10838=IFCDIRECTION((0.,1.,0.));
#10839=IFCAXIS1PLACEMENT(#10837,#10838);
#10840=IFCREVOLVEDAREASOLID(#10832,#10836,#10839,0.116760156541182);
#10841=IFCSHAPEREPRESENTATION(#17,'Body','SweptSolid',(#10840));
#10842=IFCPRODUCTDEFINITIONSHAPE($,$,(#10841));
#10848=IFCOWNERHISTORY(#3,#4,.READWRITE.,.MODIFIED.,1779428012,#3,#4,1779428012);
#10849=IFCBEAM('1_ZnwB9BD2cvycypfe7QWe',#10848,'swept beam_0_7',$,$,#10854,#10842,$);
#10850=IFCCARTESIANPOINT((0.,0.,0.));
#10851=IFCDIRECTION((0.,0.,1.));
#10852=IFCDIRECTION((1.,0.,0.));
#10853=IFCAXIS2PLACEMENT3D(#10850,#10851,#10852);
#10854=IFCLOCALPLACEMENT(#39,#10853);
#10855=IFCPROPERTYSINGLEVALUE('Name',$,IFCLABEL('swept beam_0_7'),$);
#10856=IFCPROPERTYSINGLEVALUE('ArcLength',$,IFCLENGTHMEASURE(1162.),$);
#10857=IFCPROPERTYSINGLEVALUE('ArcAngle_rad',$,IFCREAL(0.12),$);
#10858=IFCPROPERTYSINGLEVALUE('ArcAngle_deg',$,IFCREAL(6.7),$);
#10859=IFCPROPERTYSET('3ndC3g2tL4GA6VcxAm$scv',$,'EPset_IfcKit_Geometry',$,(#10855,#10856,#10857,#10858));
#10860=IFCRELDEFINESBYPROPERTIES('1LF8gKjDrF6wKP6UoIDife',$,$,$,(#10849),#10859);
#10861=IFCCOLOURRGB($,0.501960784313725,0.501960784313725,0.501960784313725);
#10862=IFCSURFACESTYLERENDERING(#10861,0.,$,$,$,$,$,$,.FLAT.);
#10863=IFCSURFACESTYLE($,.BOTH.,(#10862));
#10864=IFCPRESENTATIONSTYLEASSIGNMENT((#10863));
#10865=IFCSTYLEDITEM(#10840,(#10864),$);
#10866=IFCCARTESIANPOINT((-80.,40.));
#10867=IFCCARTESIANPOINT((-80.,32.));
#10868=IFCCARTESIANPOINT((-8.,32.));
#10869=IFCCARTESIANPOINT((-8.,-40.));
#10870=IFCCARTESIANPOINT((0.,-40.));
#10871=IFCCARTESIANPOINT((0.,40.));
#10872=IFCCARTESIANPOINT((-80.,40.));
#10873=IFCPOLYLINE((#10866,#10867,#10868,#10869,#10870,#10871,#10872));
#10874=IFCARBITRARYCLOSEDPROFILEDEF(.AREA.,$,#10873);
#10875=IFCCARTESIANPOINT((4906.0334,6360.5789,2852.1675));
#10876=IFCDIRECTION((-0.7071,-0.7071,0.0001));
#10877=IFCDIRECTION((-0.,-0.,-1.));
#10878=IFCAXIS2PLACEMENT3D(#10875,#10876,#10877);
#10879=IFCCARTESIANPOINT((-15930.0427,0.,0.));
#10880=IFCDIRECTION((0.,1.,0.));
#10881=IFCAXIS1PLACEMENT(#10879,#10880);
#10882=IFCREVOLVEDAREASOLID(#10874,#10878,#10881,0.0730159926204722);
#10883=IFCSHAPEREPRESENTATION(#17,'Body','SweptSolid',(#10882));
#10884=IFCPRODUCTDEFINITIONSHAPE($,$,(#10883));
#10890=IFCOWNERHISTORY(#3,#4,.READWRITE.,.MODIFIED.,1779428012,#3,#4,1779428012);
#10891=IFCBEAM('3rqj2sKv166RuCVxSkjsFy',#10890,'swept beam_0_8',$,$,#10896,#10884,$);
#10892=IFCCARTESIANPOINT((0.,0.,0.));
#10893=IFCDIRECTION((0.,0.,1.));
#10894=IFCDIRECTION((1.,0.,0.));
#10895=IFCAXIS2PLACEMENT3D(#10892,#10893,#10894);
#10896=IFCLOCALPLACEMENT(#39,#10895);
#10897=IFCPROPERTYSINGLEVALUE('Name',$,IFCLABEL('swept beam_0_8'),$);
#10898=IFCPROPERTYSINGLEVALUE('ArcLength',$,IFCLENGTHMEASURE(1163.),$);
#10899=IFCPROPERTYSINGLEVALUE('ArcAngle_rad',$,IFCREAL(0.07),$);
#10900=IFCPROPERTYSINGLEVALUE('ArcAngle_deg',$,IFCREAL(4.2),$);
#10901=IFCPROPERTYSET('0x8crWV_z2MOBLEO8UlbUp',$,'EPset_IfcKit_Geometry',$,(#10897,#10898,#10899,#10900));
#10902=IFCRELDEFINESBYPROPERTIES('2JZ2gGTNTD3uM9Fl4A6j7M',$,$,$,(#10891),#10901);
#10903=IFCCOLOURRGB($,0.501960784313725,0.501960784313725,0.501960784313725);
#10904=IFCSURFACESTYLERENDERING(#10903,0.,$,$,$,$,$,$,.FLAT.);
#10905=IFCSURFACESTYLE($,.BOTH.,(#10904));
#10906=IFCPRESENTATIONSTYLEASSIGNMENT((#10905));
#10907=IFCSTYLEDITEM(#10882,(#10906),$);
#10908=IFCCARTESIANPOINT((-80.,40.));
#10909=IFCCARTESIANPOINT((-80.,32.));
#10910=IFCCARTESIANPOINT((-8.,32.));
#10911=IFCCARTESIANPOINT((-8.,-40.));
#10912=IFCCARTESIANPOINT((0.,-40.));
#10913=IFCCARTESIANPOINT((0.,40.));
#10914=IFCCARTESIANPOINT((-80.,40.));
#10915=IFCPOLYLINE((#10908,#10909,#10910,#10911,#10912,#10913,#10914));
#10916=IFCARBITRARYCLOSEDPROFILEDEF(.AREA.,$,#10915);
#10917=IFCCARTESIANPOINT((5727.7747,7182.3201,2894.5314));
#10918=IFCDIRECTION((-0.7052,-0.7052,-0.0729));
#10919=IFCDIRECTION((0.0515,0.0515,-0.9973));
#10920=IFCAXIS2PLACEMENT3D(#10917,#10918,#10919);
#10921=IFCCARTESIANPOINT((-17186.8287,0.,0.));
#10922=IFCDIRECTION((0.,1.,0.));
#10923=IFCAXIS1PLACEMENT(#10921,#10922);
#10924=IFCREVOLVEDAREASOLID(#10916,#10920,#10923,0.0676809379715461);
#10925=IFCSHAPEREPRESENTATION(#17,'Body','SweptSolid',(#10924));
#10926=IFCPRODUCTDEFINITIONSHAPE($,$,(#10925));
#10932=IFCOWNERHISTORY(#3,#4,.READWRITE.,.MODIFIED.,1779428012,#3,#4,1779428012);
#10933=IFCBEAM('3NQXZk5jz7Ihs$nEVaIgx3',#10932,'swept beam_0_9',$,$,#10938,#10926,$);
#10934=IFCCARTESIANPOINT((0.,0.,0.));
#10935=IFCDIRECTION((0.,0.,1.));
#10936=IFCDIRECTION((1.,0.,0.));
#10937=IFCAXIS2PLACEMENT3D(#10934,#10935,#10936);
#10938=IFCLOCALPLACEMENT(#39,#10937);
#10939=IFCPROPERTYSINGLEVALUE('Name',$,IFCLABEL('swept beam_0_9'),$);
#10940=IFCPROPERTYSINGLEVALUE('ArcLength',$,IFCLENGTHMEASURE(1163.),$);
#10941=IFCPROPERTYSINGLEVALUE('ArcAngle_rad',$,IFCREAL(0.07),$);
#10942=IFCPROPERTYSINGLEVALUE('ArcAngle_deg',$,IFCREAL(3.9),$);
#10943=IFCPROPERTYSET('0Mig2xp2XDhvWzrPhTKcrj',$,'EPset_IfcKit_Geometry',$,(#10939,#10940,#10941,#10942));
#10944=IFCRELDEFINESBYPROPERTIES('3f9jaOeRr6iRudHmoLlBbJ',$,$,$,(#10933),#10943);
#10945=IFCCOLOURRGB($,0.501960784313725,0.501960784313725,0.501960784313725);
#10946=IFCSURFACESTYLERENDERING(#10945,0.,$,$,$,$,$,$,.FLAT.);
#10947=IFCSURFACESTYLE($,.BOTH.,(#10946));
#10948=IFCPRESENTATIONSTYLEASSIGNMENT((#10947));
#10949=IFCSTYLEDITEM(#10924,(#10948),$);
#10950=IFCCARTESIANPOINT((-80.,40.));
#10951=IFCCARTESIANPOINT((-80.,32.));
#10952=IFCCARTESIANPOINT((-8.,32.));
#10953=IFCCARTESIANPOINT((-8.,-40.));
#10954=IFCCARTESIANPOINT((0.,-40.));
#10955=IFCCARTESIANPOINT((0.,40.));
#10956=IFCCARTESIANPOINT((-80.,40.));
#10957=IFCPOLYLINE((#10950,#10951,#10952,#10953,#10954,#10955,#10956));
#10958=IFCARBITRARYCLOSEDPROFILEDEF(.AREA.,$,#10957);
#10959=IFCCARTESIANPOINT((0.,1863.6364,3109.9319));
#10960=IFCDIRECTION((-0.7067,-0.7067,0.0319));
#10961=IFCDIRECTION((-0.0226,-0.0226,-0.9995));
#10962=IFCAXIS2PLACEMENT3D(#10959,#10960,#10961);
#10963=IFCCARTESIANPOINT((-11434.3867,0.,0.));
#10964=IFCDIRECTION((0.,1.,0.));
#10965=IFCAXIS1PLACEMENT(#10963,#10964);
#10966=IFCREVOLVEDAREASOLID(#10958,#10962,#10965,0.0955295707733331);
#10967=IFCSHAPEREPRESENTATION(#17,'Body','SweptSolid',(#10966));
#10968=IFCPRODUCTDEFINITIONSHAPE($,$,(#10967));
#10974=IFCOWNERHISTORY(#3,#4,.READWRITE.,.MODIFIED.,1779428012,#3,#4,1779428012);
#10975=IFCBEAM('2pNye12KT65v2de5ICC8Lg',#10974,'swept beam_0_0',$,$,#10980,#10968,$);
#10976=IFCCARTESIANPOINT((0.,0.,0.));
#10977=IFCDIRECTION((0.,0.,1.));
#10978=IFCDIRECTION((1.,0.,0.));
#10979=IFCAXIS2PLACEMENT3D(#10976,#10977,#10978);
#10980=IFCLOCALPLACEMENT(#39,#10979);
#10981=IFCPROPERTYSINGLEVALUE('Name',$,IFCLABEL('swept beam_0_0'),$);
#10982=IFCPROPERTYSINGLEVALUE('ArcLength',$,IFCLENGTHMEASURE(1092.),$);
#10983=IFCPROPERTYSINGLEVALUE('ArcAngle_rad',$,IFCREAL(0.1),$);
#10984=IFCPROPERTYSINGLEVALUE('ArcAngle_deg',$,IFCREAL(5.5),$);
#10985=IFCPROPERTYSET('0V2gjXCL103Pl7aa3HienZ',$,'EPset_IfcKit_Geometry',$,(#10981,#10982,#10983,#10984));
#10986=IFCRELDEFINESBYPROPERTIES('18xlOruCP0bRfn3TEaaiea',$,$,$,(#10975),#10985);
#10987=IFCCOLOURRGB($,0.501960784313725,0.501960784313725,0.501960784313725);
#10988=IFCSURFACESTYLERENDERING(#10987,0.,$,$,$,$,$,$,.FLAT.);
#10989=IFCSURFACESTYLE($,.BOTH.,(#10988));
#10990=IFCPRESENTATIONSTYLEASSIGNMENT((#10989));
#10991=IFCSTYLEDITEM(#10966,(#10990),$);
#10992=IFCCARTESIANPOINT((80.,-40.));
#10993=IFCCARTESIANPOINT((80.,-32.));
#10994=IFCCARTESIANPOINT((8.,-32.));
#10995=IFCCARTESIANPOINT((8.,40.));
#10996=IFCCARTESIANPOINT((0.,40.));
#10997=IFCCARTESIANPOINT((0.,-40.));
#10998=IFCCARTESIANPOINT((80.,-40.));
#10999=IFCPOLYLINE((#10992,#10993,#10994,#10995,#10996,#10997,#10998));
#11000=IFCARBITRARYCLOSEDPROFILEDEF(.AREA.,$,#10999);
#11001=IFCCARTESIANPOINT((771.9977,2635.6341,3127.2324));
#11002=IFCDIRECTION((-0.7057,-0.7057,-0.0636));
#11003=IFCDIRECTION((-0.0449,-0.0449,0.998));
#11004=IFCAXIS2PLACEMENT3D(#11001,#11002,#11003);
#11005=IFCCARTESIANPOINT((-12972.8526,0.,0.));
#11006=IFCDIRECTION((0.,1.,0.));
#11007=IFCAXIS1PLACEMENT(#11005,#11006);
#11008=IFCREVOLVEDAREASOLID(#11000,#11004,#11007,0.084214891325961);
#11009=IFCSHAPEREPRESENTATION(#17,'Body','SweptSolid',(#11008));
#11010=IFCPRODUCTDEFINITIONSHAPE($,$,(#11009));
#11016=IFCOWNERHISTORY(#3,#4,.READWRITE.,.MODIFIED.,1779428012,#3,#4,1779428012);
#11017=IFCBEAM('02ddvzgyfDaB1X2SyYHX1Q',#11016,'swept beam_0_1',$,$,#11022,#11010,$);
#11018=IFCCARTESIANPOINT((0.,0.,0.));
#11019=IFCDIRECTION((0.,0.,1.));
#11020=IFCDIRECTION((1.,0.,0.));
#11021=IFCAXIS2PLACEMENT3D(#11018,#11019,#11020);
#11022=IFCLOCALPLACEMENT(#39,#11021);
#11023=IFCPROPERTYSINGLEVALUE('Name',$,IFCLABEL('swept beam_0_1'),$);
#11024=IFCPROPERTYSINGLEVALUE('ArcLength',$,IFCLENGTHMEASURE(1093.),$);
#11025=IFCPROPERTYSINGLEVALUE('ArcAngle_rad',$,IFCREAL(0.08),$);
#11026=IFCPROPERTYSINGLEVALUE('ArcAngle_deg',$,IFCREAL(4.8),$);
#11027=IFCPROPERTYSET('2PiqFhAkrDyA56tmfP1N6r',$,'EPset_IfcKit_Geometry',$,(#11023,#11024,#11025,#11026));
#11028=IFCRELDEFINESBYPROPERTIES('05sd3nODf9zOthLlugkcUx',$,$,$,(#11017),#11027);
#11029=IFCCOLOURRGB($,0.501960784313725,0.501960784313725,0.501960784313725);
#11030=IFCSURFACESTYLERENDERING(#11029,0.,$,$,$,$,$,$,.FLAT.);
#11031=IFCSURFACESTYLE($,.BOTH.,(#11030));
#11032=IFCPRESENTATIONSTYLEASSIGNMENT((#11031));
#11033=IFCSTYLEDITEM(#11008,(#11032),$);
#11034=IFCCARTESIANPOINT((80.,-40.));
#11035=IFCCARTESIANPOINT((80.,-32.));
#11036=IFCCARTESIANPOINT((8.,-32.));
#11037=IFCCARTESIANPOINT((8.,40.));
#11038=IFCCARTESIANPOINT((0.,40.));
#11039=IFCCARTESIANPOINT((0.,-40.));
#11040=IFCCARTESIANPOINT((80.,-40.));
#11041=IFCPOLYLINE((#11034,#11035,#11036,#11037,#11038,#11039,#11040));
#11042=IFCARBITRARYCLOSEDPROFILEDEF(.AREA.,$,#11041);
#11043=IFCCARTESIANPOINT((1544.1103,3407.7467,3150.715));
#11044=IFCDIRECTION((-0.707,-0.707,0.0206));
#11045=IFCDIRECTION((0.0146,0.0146,0.9998));
#11046=IFCAXIS2PLACEMENT3D(#11043,#11044,#11045);
#11047=IFCCARTESIANPOINT((-6594.2318,0.,0.));
#11048=IFCDIRECTION((0.,1.,0.));
#11049=IFCAXIS1PLACEMENT(#11047,#11048);
#11050=IFCREVOLVEDAREASOLID(#11042,#11046,#11049,0.165427400510756);
#11051=IFCSHAPEREPRESENTATION(#17,'Body','SweptSolid',(#11050));
#11052=IFCPRODUCTDEFINITIONSHAPE($,$,(#11051));
#11058=IFCOWNERHISTORY(#3,#4,.READWRITE.,.MODIFIED.,1779428012,#3,#4,1779428012);
#11059=IFCBEAM('0YRKqZOevCtQ0kjBk4AxFZ',#11058,'swept beam_0_2',$,$,#11064,#11052,$);
#11060=IFCCARTESIANPOINT((0.,0.,0.));
#11061=IFCDIRECTION((0.,0.,1.));
#11062=IFCDIRECTION((1.,0.,0.));
#11063=IFCAXIS2PLACEMENT3D(#11060,#11061,#11062);
#11064=IFCLOCALPLACEMENT(#39,#11063);
#11065=IFCPROPERTYSINGLEVALUE('Name',$,IFCLABEL('swept beam_0_2'),$);
#11066=IFCPROPERTYSINGLEVALUE('ArcLength',$,IFCLENGTHMEASURE(1091.),$);
#11067=IFCPROPERTYSINGLEVALUE('ArcAngle_rad',$,IFCREAL(0.17),$);
#11068=IFCPROPERTYSINGLEVALUE('ArcAngle_deg',$,IFCREAL(9.5),$);
#11069=IFCPROPERTYSET('0IB7QwEurErvvsoa3HJKrw',$,'EPset_IfcKit_Geometry',$,(#11065,#11066,#11067,#11068));
#11070=IFCRELDEFINESBYPROPERTIES('3921peYCr4TwSR$Rpqv8t5',$,$,$,(#11059),#11069);
#11071=IFCCOLOURRGB($,0.501960784313725,0.501960784313725,0.501960784313725);
#11072=IFCSURFACESTYLERENDERING(#11071,0.,$,$,$,$,$,$,.FLAT.);
#11073=IFCSURFACESTYLE($,.BOTH.,(#11072));
#11074=IFCPRESENTATIONSTYLEASSIGNMENT((#11073));
#11075=IFCSTYLEDITEM(#11050,(#11074),$);
#11076=IFCCARTESIANPOINT((80.,-40.));
#11077=IFCCARTESIANPOINT((80.,-32.));
#11078=IFCCARTESIANPOINT((8.,-32.));
#11079=IFCCARTESIANPOINT((8.,40.));
#11080=IFCCARTESIANPOINT((0.,40.));
#11081=IFCCARTESIANPOINT((0.,-40.));
#11082=IFCCARTESIANPOINT((80.,-40.));
#11083=IFCPOLYLINE((#11076,#11077,#11078,#11079,#11080,#11081,#11082));
#11084=IFCARBITRARYCLOSEDPROFILEDEF(.AREA.,$,#11083);
#11085=IFCCARTESIANPOINT((2310.4816,4174.1179,3038.3366));
#11086=IFCDIRECTION((-0.6949,-0.6949,0.185));
#11087=IFCDIRECTION((0.1308,0.1308,0.9827));
#11088=IFCAXIS2PLACEMENT3D(#11085,#11086,#11087);
#11089=IFCCARTESIANPOINT((-143292.6081,0.,0.));
#11090=IFCDIRECTION((0.,1.,0.));
#11091=IFCAXIS1PLACEMENT(#11089,#11090);
#11092=IFCREVOLVEDAREASOLID(#11084,#11088,#11091,0.00763023236853638);
#11093=IFCSHAPEREPRESENTATION(#17,'Body','SweptSolid',(#11092));
#11094=IFCPRODUCTDEFINITIONSHAPE($,$,(#11093));
#11100=IFCOWNERHISTORY(#3,#4,.READWRITE.,.MODIFIED.,1779428012,#3,#4,1779428012);
#11101=IFCBEAM('3WqTDL8rPCcvN2mt_uNBZM',#11100,'swept beam_0_3',$,$,#11106,#11094,$);
#11102=IFCCARTESIANPOINT((0.,0.,0.));
#11103=IFCDIRECTION((0.,0.,1.));
#11104=IFCDIRECTION((1.,0.,0.));
#11105=IFCAXIS2PLACEMENT3D(#11102,#11103,#11104);
#11106=IFCLOCALPLACEMENT(#39,#11105);
#11107=IFCPROPERTYSINGLEVALUE('Name',$,IFCLABEL('swept beam_0_3'),$);
#11108=IFCPROPERTYSINGLEVALUE('ArcLength',$,IFCLENGTHMEASURE(1093.),$);
#11109=IFCPROPERTYSINGLEVALUE('ArcAngle_rad',$,IFCREAL(0.01),$);
#11110=IFCPROPERTYSINGLEVALUE('ArcAngle_deg',$,IFCREAL(0.4),$);
#11111=IFCPROPERTYSET('0UXeT9v$XBbOVvHTo$wZNf',$,'EPset_IfcKit_Geometry',$,(#11107,#11108,#11109,#11110));
#11112=IFCRELDEFINESBYPROPERTIES('1PtsSXx3D1nB56xeq41p$J',$,$,$,(#11101),#11111);
#11113=IFCCOLOURRGB($,0.501960784313725,0.501960784313725,0.501960784313725);
#11114=IFCSURFACESTYLERENDERING(#11113,0.,$,$,$,$,$,$,.FLAT.);
#11115=IFCSURFACESTYLE($,.BOTH.,(#11114));
#11116=IFCPRESENTATIONSTYLEASSIGNMENT((#11115));
#11117=IFCSTYLEDITEM(#11092,(#11116),$);
#11118=IFCCARTESIANPOINT((-80.,40.));
#11119=IFCCARTESIANPOINT((-80.,32.));
#11120=IFCCARTESIANPOINT((-8.,32.));
#11121=IFCCARTESIANPOINT((-8.,-40.));
#11122=IFCCARTESIANPOINT((0.,-40.));
#11123=IFCCARTESIANPOINT((0.,40.));
#11124=IFCCARTESIANPOINT((-80.,40.));
#11125=IFCPOLYLINE((#11118,#11119,#11120,#11121,#11122,#11123,#11124));
#11126=IFCARBITRARYCLOSEDPROFILEDEF(.AREA.,$,#11125);
#11127=IFCCARTESIANPOINT((3069.7085,4933.3448,2832.0107));
#11128=IFCDIRECTION((-0.6939,-0.6939,0.1925));
#11129=IFCDIRECTION((-0.1361,-0.1361,-0.9813));
#11130=IFCAXIS2PLACEMENT3D(#11127,#11128,#11129);
#11131=IFCCARTESIANPOINT((-10183.5406,0.,0.));
#11132=IFCDIRECTION((0.,1.,0.));
#11133=IFCAXIS1PLACEMENT(#11131,#11132);
#11134=IFCREVOLVEDAREASOLID(#11126,#11130,#11133,0.107207871677546);
#11135=IFCSHAPEREPRESENTATION(#17,'Body','SweptSolid',(#11134));
#11136=IFCPRODUCTDEFINITIONSHAPE($,$,(#11135));
#11142=IFCOWNERHISTORY(#3,#4,.READWRITE.,.MODIFIED.,1779428012,#3,#4,1779428012);
#11143=IFCBEAM('1vdb97hTX6BfEOdgf7lMrM',#11142,'swept beam_0_4',$,$,#11148,#11136,$);
#11144=IFCCARTESIANPOINT((0.,0.,0.));
#11145=IFCDIRECTION((0.,0.,1.));
#11146=IFCDIRECTION((1.,0.,0.));
#11147=IFCAXIS2PLACEMENT3D(#11144,#11145,#11146);
#11148=IFCLOCALPLACEMENT(#39,#11147);
#11149=IFCPROPERTYSINGLEVALUE('Name',$,IFCLABEL('swept beam_0_4'),$);
#11150=IFCPROPERTYSINGLEVALUE('ArcLength',$,IFCLENGTHMEASURE(1092.),$);
#11151=IFCPROPERTYSINGLEVALUE('ArcAngle_rad',$,IFCREAL(0.11),$);
#11152=IFCPROPERTYSINGLEVALUE('ArcAngle_deg',$,IFCREAL(6.1),$);
#11153=IFCPROPERTYSET('2owUkFzE53sfhdTt1JmH71',$,'EPset_IfcKit_Geometry',$,(#11149,#11150,#11151,#11152));
#11154=IFCRELDEFINESBYPROPERTIES('3EhBI3vKfAlATJIHG$xHjl',$,$,$,(#11143),#11153);
#11155=IFCCOLOURRGB($,0.501960784313725,0.501960784313725,0.501960784313725);
#11156=IFCSURFACESTYLERENDERING(#11155,0.,$,$,$,$,$,$,.FLAT.);
#11157=IFCSURFACESTYLE($,.BOTH.,(#11156));
#11158=IFCPRESENTATIONSTYLEASSIGNMENT((#11157));
#11159=IFCSTYLEDITEM(#11134,(#11158),$);
#11160=IFCCARTESIANPOINT((-80.,40.));
#11161=IFCCARTESIANPOINT((-80.,32.));
#11162=IFCCARTESIANPOINT((-8.,32.));
#11163=IFCCARTESIANPOINT((-8.,-40.));
#11164=IFCCARTESIANPOINT((0.,-40.));
#11165=IFCCARTESIANPOINT((0.,40.));
#11166=IFCCARTESIANPOINT((-80.,40.));
#11167=IFCPOLYLINE((#11160,#11161,#11162,#11163,#11164,#11165,#11166));
#11168=IFCARBITRARYCLOSEDPROFILEDEF(.AREA.,$,#11167);
#11169=IFCCARTESIANPOINT((3833.7708,5697.4072,2679.6731));
#11170=IFCDIRECTION((-0.7045,-0.7045,0.0863));
#11171=IFCDIRECTION((-0.0611,-0.0611,-0.9963));
#11172=IFCAXIS2PLACEMENT3D(#11169,#11170,#11171);
#11173=IFCCARTESIANPOINT((-7847.0699,0.,0.));
#11174=IFCDIRECTION((0.,1.,0.));
#11175=IFCAXIS1PLACEMENT(#11173,#11174);
#11176=IFCREVOLVEDAREASOLID(#11168,#11172,#11175,0.13903808465396);
#11177=IFCSHAPEREPRESENTATION(#17,'Body','SweptSolid',(#11176));
#11178=IFCPRODUCTDEFINITIONSHAPE($,$,(#11177));
#11184=IFCOWNERHISTORY(#3,#4,.READWRITE.,.MODIFIED.,1779428012,#3,#4,1779428012);
#11185=IFCBEAM('1L6DOhXn18XglGir8JbjYN',#11184,'swept beam_0_5',$,$,#11190,#11178,$);
#11186=IFCCARTESIANPOINT((0.,0.,0.));
#11187=IFCDIRECTION((0.,0.,1.));
#11188=IFCDIRECTION((1.,0.,0.));
#11189=IFCAXIS2PLACEMENT3D(#11186,#11187,#11188);
#11190=IFCLOCALPLACEMENT(#39,#11189);
#11191=IFCPROPERTYSINGLEVALUE('Name',$,IFCLABEL('swept beam_0_5'),$);
#11192=IFCPROPERTYSINGLEVALUE('ArcLength',$,IFCLENGTHMEASURE(1091.),$);
#11193=IFCPROPERTYSINGLEVALUE('ArcAngle_rad',$,IFCREAL(0.14),$);
#11194=IFCPROPERTYSINGLEVALUE('ArcAngle_deg',$,IFCREAL(8.),$);
#11195=IFCPROPERTYSET('0UEp$2PTP1phWq5hE6cD5l',$,'EPset_IfcKit_Geometry',$,(#11191,#11192,#11193,#11194));
#11196=IFCRELDEFINESBYPROPERTIES('1zYRPHTk94ef0hItfWIH2_',$,$,$,(#11185),#11195);
#11197=IFCCOLOURRGB($,0.501960784313725,0.501960784313725,0.501960784313725);
#11198=IFCSURFACESTYLERENDERING(#11197,0.,$,$,$,$,$,$,.FLAT.);
#11199=IFCSURFACESTYLE($,.BOTH.,(#11198));
#11200=IFCPRESENTATIONSTYLEASSIGNMENT((#11199));
#11201=IFCSTYLEDITEM(#11176,(#11200),$);
#11202=IFCCARTESIANPOINT((-80.,40.));
#11203=IFCCARTESIANPOINT((-80.,32.));
#11204=IFCCARTESIANPOINT((-8.,32.));
#11205=IFCCARTESIANPOINT((-8.,-40.));
#11206=IFCCARTESIANPOINT((0.,-40.));
#11207=IFCCARTESIANPOINT((0.,40.));
#11208=IFCCARTESIANPOINT((-80.,40.));
#11209=IFCPOLYLINE((#11202,#11203,#11204,#11205,#11206,#11207,#11208));
#11210=IFCARBITRARYCLOSEDPROFILEDEF(.AREA.,$,#11209);
#11211=IFCCARTESIANPOINT((4604.5219,6468.1583,2661.2112));
#11212=IFCDIRECTION((-0.7061,-0.7061,-0.0526));
#11213=IFCDIRECTION((0.0372,0.0372,-0.9986));
#11214=IFCAXIS2PLACEMENT3D(#11211,#11212,#11213);
#11215=IFCCARTESIANPOINT((-13006.7126,0.,0.));
#11216=IFCDIRECTION((0.,1.,0.));
#11217=IFCAXIS1PLACEMENT(#11215,#11216);
#11218=IFCREVOLVEDAREASOLID(#11210,#11214,#11217,0.0840132709586576);
#11219=IFCSHAPEREPRESENTATION(#17,'Body','SweptSolid',(#11218));
#11220=IFCPRODUCTDEFINITIONSHAPE($,$,(#11219));
#11226=IFCOWNERHISTORY(#3,#4,.READWRITE.,.MODIFIED.,1779428012,#3,#4,1779428012);
#11227=IFCBEAM('1HcE15hez76OHdi95wJdq0',#11226,'swept beam_0_6',$,$,#11232,#11220,$);
#11228=IFCCARTESIANPOINT((0.,0.,0.));
#11229=IFCDIRECTION((0.,0.,1.));
#11230=IFCDIRECTION((1.,0.,0.));
#11231=IFCAXIS2PLACEMENT3D(#11228,#11229,#11230);
#11232=IFCLOCALPLACEMENT(#39,#11231);
#11233=IFCPROPERTYSINGLEVALUE('Name',$,IFCLABEL('swept beam_0_6'),$);
#11234=IFCPROPERTYSINGLEVALUE('ArcLength',$,IFCLENGTHMEASURE(1093.),$);
#11235=IFCPROPERTYSINGLEVALUE('ArcAngle_rad',$,IFCREAL(0.08),$);
#11236=IFCPROPERTYSINGLEVALUE('ArcAngle_deg',$,IFCREAL(4.8),$);
#11237=IFCPROPERTYSET('1npdtyKC55OfdNJhzm1Iu3',$,'EPset_IfcKit_Geometry',$,(#11233,#11234,#11235,#11236));
#11238=IFCRELDEFINESBYPROPERTIES('3Z8wCweqz73R9ESeRjSmbB',$,$,$,(#11227),#11237);
#11239=IFCCOLOURRGB($,0.501960784313725,0.501960784313725,0.501960784313725);
#11240=IFCSURFACESTYLERENDERING(#11239,0.,$,$,$,$,$,$,.FLAT.);
#11241=IFCSURFACESTYLE($,.BOTH.,(#11240));
#11242=IFCPRESENTATIONSTYLEASSIGNMENT((#11241));
#11243=IFCSTYLEDITEM(#11218,(#11242),$);
#11244=IFCCARTESIANPOINT((-80.,40.));
#11245=IFCCARTESIANPOINT((-80.,32.));
#11246=IFCCARTESIANPOINT((-8.,32.));
#11247=IFCCARTESIANPOINT((-8.,-40.));
#11248=IFCCARTESIANPOINT((0.,-40.));
#11249=IFCCARTESIANPOINT((0.,40.));
#11250=IFCCARTESIANPOINT((-80.,40.));
#11251=IFCPOLYLINE((#11244,#11245,#11246,#11247,#11248,#11249,#11250));
#11252=IFCARBITRARYCLOSEDPROFILEDEF(.AREA.,$,#11251);
#11253=IFCCARTESIANPOINT((5373.523,7237.1593,2764.3885));
#11254=IFCDIRECTION((-0.7005,-0.7005,-0.1362));
#11255=IFCDIRECTION((0.0963,0.0963,-0.9907));
#11256=IFCAXIS2PLACEMENT3D(#11253,#11254,#11255);
#11257=IFCCARTESIANPOINT((-21958.6774,0.,0.));
#11258=IFCDIRECTION((0.,1.,0.));
#11259=IFCAXIS1PLACEMENT(#11257,#11258);
#11260=IFCREVOLVEDAREASOLID(#11252,#11256,#11259,0.0497823172308314);
#11261=IFCSHAPEREPRESENTATION(#17,'Body','SweptSolid',(#11260));
#11262=IFCPRODUCTDEFINITIONSHAPE($,$,(#11261));
#11268=IFCOWNERHISTORY(#3,#4,.READWRITE.,.MODIFIED.,1779428012,#3,#4,1779428012);
#11269=IFCBEAM('2Y64YYEdjCauukSOzP2R86',#11268,'swept beam_0_7',$,$,#11274,#11262,$);
#11270=IFCCARTESIANPOINT((0.,0.,0.));
#11271=IFCDIRECTION((0.,0.,1.));
#11272=IFCDIRECTION((1.,0.,0.));
#11273=IFCAXIS2PLACEMENT3D(#11270,#11271,#11272);
#11274=IFCLOCALPLACEMENT(#39,#11273);
#11275=IFCPROPERTYSINGLEVALUE('Name',$,IFCLABEL('swept beam_0_7'),$);
#11276=IFCPROPERTYSINGLEVALUE('ArcLength',$,IFCLENGTHMEASURE(1093.),$);
#11277=IFCPROPERTYSINGLEVALUE('ArcAngle_rad',$,IFCREAL(0.05),$);
#11278=IFCPROPERTYSINGLEVALUE('ArcAngle_deg',$,IFCREAL(2.9),$);
#11279=IFCPROPERTYSET('342O$9h7zCqv2nZ9iUKynR',$,'EPset_IfcKit_Geometry',$,(#11275,#11276,#11277,#11278));
#11280=IFCRELDEFINESBYPROPERTIES('2eTxo4fJz2fQlLti1YmYiI',$,$,$,(#11269),#11279);
#11281=IFCCOLOURRGB($,0.501960784313725,0.501960784313725,0.501960784313725);
#11282=IFCSURFACESTYLERENDERING(#11281,0.,$,$,$,$,$,$,.FLAT.);
#11283=IFCSURFACESTYLE($,.BOTH.,(#11282));
#11284=IFCPRESENTATIONSTYLEASSIGNMENT((#11283));
#11285=IFCSTYLEDITEM(#11260,(#11284),$);
#11286=IFCCARTESIANPOINT((-80.,40.));
#11287=IFCCARTESIANPOINT((-80.,32.));
#11288=IFCCARTESIANPOINT((-8.,32.));
#11289=IFCCARTESIANPOINT((-8.,-40.));
#11290=IFCCARTESIANPOINT((0.,-40.));
#11291=IFCCARTESIANPOINT((0.,40.));
#11292=IFCCARTESIANPOINT((-80.,40.));
#11293=IFCPOLYLINE((#11286,#11287,#11288,#11289,#11290,#11291,#11292));
#11294=IFCARBITRARYCLOSEDPROFILEDEF(.AREA.,$,#11293);
#11295=IFCCARTESIANPOINT((0.,2272.7273,3101.1638));
#11296=IFCDIRECTION((-0.7049,-0.7049,0.0783));
#11297=IFCDIRECTION((-0.0554,-0.0554,-0.9969));
#11298=IFCAXIS2PLACEMENT3D(#11295,#11296,#11297);
#11299=IFCCARTESIANPOINT((-15197.3923,0.,0.));
#11300=IFCDIRECTION((0.,1.,0.));
#11301=IFCAXIS1PLACEMENT(#11299,#11300);
#11302=IFCREVOLVEDAREASOLID(#11294,#11298,#11301,0.0674563881099043);
#11303=IFCSHAPEREPRESENTATION(#17,'Body','SweptSolid',(#11302));
#11304=IFCPRODUCTDEFINITIONSHAPE($,$,(#11303));
#11310=IFCOWNERHISTORY(#3,#4,.READWRITE.,.MODIFIED.,1779428012,#3,#4,1779428012);
#11311=IFCBEAM('30ub$xRE5DMRJ3x4Irg5Ld',#11310,'swept beam_0_0',$,$,#11316,#11304,$);
#11312=IFCCARTESIANPOINT((0.,0.,0.));
#11313=IFCDIRECTION((0.,0.,1.));
#11314=IFCDIRECTION((1.,0.,0.));
#11315=IFCAXIS2PLACEMENT3D(#11312,#11313,#11314);
#11316=IFCLOCALPLACEMENT(#39,#11315);
#11317=IFCPROPERTYSINGLEVALUE('Name',$,IFCLABEL('swept beam_0_0'),$);
#11318=IFCPROPERTYSINGLEVALUE('ArcLength',$,IFCLENGTHMEASURE(1025.),$);
#11319=IFCPROPERTYSINGLEVALUE('ArcAngle_rad',$,IFCREAL(0.07),$);
#11320=IFCPROPERTYSINGLEVALUE('ArcAngle_deg',$,IFCREAL(3.9),$);
#11321=IFCPROPERTYSET('1a0aKFQljFaQzMnWqKDt6q',$,'EPset_IfcKit_Geometry',$,(#11317,#11318,#11319,#11320));
#11322=IFCRELDEFINESBYPROPERTIES('1Ov75xNCX1DOYugu2$wE_w',$,$,$,(#11311),#11321);
#11323=IFCCOLOURRGB($,0.501960784313725,0.501960784313725,0.501960784313725);
#11324=IFCSURFACESTYLERENDERING(#11323,0.,$,$,$,$,$,$,.FLAT.);
#11325=IFCSURFACESTYLE($,.BOTH.,(#11324));
#11326=IFCPRESENTATIONSTYLEASSIGNMENT((#11325));
#11327=IFCSTYLEDITEM(#11302,(#11326),$);
#11328=IFCCARTESIANPOINT((80.,-40.));
#11329=IFCCARTESIANPOINT((80.,-32.));
#11330=IFCCARTESIANPOINT((8.,-32.));
#11331=IFCCARTESIANPOINT((8.,40.));
#11332=IFCCARTESIANPOINT((0.,40.));
#11333=IFCCARTESIANPOINT((0.,-40.));
#11334=IFCCARTESIANPOINT((80.,-40.));
#11335=IFCPOLYLINE((#11328,#11329,#11330,#11331,#11332,#11333,#11334));
#11336=IFCARBITRARYCLOSEDPROFILEDEF(.AREA.,$,#11335);
#11337=IFCCARTESIANPOINT((724.0378,2996.7651,3055.3861));
#11338=IFCDIRECTION((-0.7071,-0.7071,0.0109));
#11339=IFCDIRECTION((0.0077,0.0077,0.9999));
#11340=IFCAXIS2PLACEMENT3D(#11337,#11338,#11339);
#11341=IFCCARTESIANPOINT((-9241.6093,0.,0.));
#11342=IFCDIRECTION((0.,1.,0.));
#11343=IFCAXIS1PLACEMENT(#11341,#11342);
#11344=IFCREVOLVEDAREASOLID(#11336,#11340,#11343,0.110857273336527);
#11345=IFCSHAPEREPRESENTATION(#17,'Body','SweptSolid',(#11344));
#11346=IFCPRODUCTDEFINITIONSHAPE($,$,(#11345));
#11352=IFCOWNERHISTORY(#3,#4,.READWRITE.,.MODIFIED.,1779428012,#3,#4,1779428012);
#11353=IFCBEAM('2VLXt6pkT49A1PkLcWQ_RD',#11352,'swept beam_0_1',$,$,#11358,#11346,$);
#11354=IFCCARTESIANPOINT((0.,0.,0.));
#11355=IFCDIRECTION((0.,0.,1.));
#11356=IFCDIRECTION((1.,0.,0.));
#11357=IFCAXIS2PLACEMENT3D(#11354,#11355,#11356);
#11358=IFCLOCALPLACEMENT(#39,#11357);
#11359=IFCPROPERTYSINGLEVALUE('Name',$,IFCLABEL('swept beam_0_1'),$);
#11360=IFCPROPERTYSINGLEVALUE('ArcLength',$,IFCLENGTHMEASURE(1024.),$);
#11361=IFCPROPERTYSINGLEVALUE('ArcAngle_rad',$,IFCREAL(0.11),$);
#11362=IFCPROPERTYSINGLEVALUE('ArcAngle_deg',$,IFCREAL(6.4),$);
#11363=IFCPROPERTYSET('0WitGCXU92$gbOfP4acexU',$,'EPset_IfcKit_Geometry',$,(#11359,#11360,#11361,#11362));
#11364=IFCRELDEFINESBYPROPERTIES('1mI2rUiNn1lOUg7Y0WdTHs',$,$,$,(#11353),#11363);
#11365=IFCCOLOURRGB($,0.501960784313725,0.501960784313725,0.501960784313725);
#11366=IFCSURFACESTYLERENDERING(#11365,0.,$,$,$,$,$,$,.FLAT.);
#11367=IFCSURFACESTYLE($,.BOTH.,(#11366));
#11368=IFCPRESENTATIONSTYLEASSIGNMENT((#11367));
#11369=IFCSTYLEDITEM(#11344,(#11368),$);
#11370=IFCCARTESIANPOINT((80.,-40.));
#11371=IFCCARTESIANPOINT((80.,-32.));
#11372=IFCCARTESIANPOINT((8.,-32.));
#11373=IFCCARTESIANPOINT((8.,40.));
#11374=IFCCARTESIANPOINT((0.,40.));
#11375=IFCCARTESIANPOINT((0.,-40.));
#11376=IFCCARTESIANPOINT((80.,-40.));
#11377=IFCPOLYLINE((#11370,#11371,#11372,#11373,#11374,#11375,#11376));
#11378=IFCARBITRARYCLOSEDPROFILEDEF(.AREA.,$,#11377);
#11379=IFCCARTESIANPOINT((1446.503,3719.2303,2987.4666));
#11380=IFCDIRECTION((-0.7019,-0.7019,0.1215));
#11381=IFCDIRECTION((0.0859,0.0859,0.9926));
#11382=IFCAXIS2PLACEMENT3D(#11379,#11380,#11381);
#11383=IFCCARTESIANPOINT((-7416.1036,0.,0.));
#11384=IFCDIRECTION((0.,1.,0.));
#11385=IFCAXIS1PLACEMENT(#11383,#11384);
#11386=IFCREVOLVEDAREASOLID(#11378,#11382,#11385,0.138124828693556);
#11387=IFCSHAPEREPRESENTATION(#17,'Body','SweptSolid',(#11386));
#11388=IFCPRODUCTDEFINITIONSHAPE($,$,(#11387));
#11394=IFCOWNERHISTORY(#3,#4,.READWRITE.,.MODIFIED.,1779428012,#3,#4,1779428012);
#11395=IFCBEAM('31z6hmcl5A_fKA2XdksS$V',#11394,'swept beam_0_2',$,$,#11400,#11388,$);
#11396=IFCCARTESIANPOINT((0.,0.,0.));
#11397=IFCDIRECTION((0.,0.,1.));
#11398=IFCDIRECTION((1.,0.,0.));
#11399=IFCAXIS2PLACEMENT3D(#11396,#11397,#11398);
#11400=IFCLOCALPLACEMENT(#39,#11399);
#11401=IFCPROPERTYSINGLEVALUE('Name',$,IFCLABEL('swept beam_0_2'),$);
#11402=IFCPROPERTYSINGLEVALUE('ArcLength',$,IFCLENGTHMEASURE(1024.),$);
#11403=IFCPROPERTYSINGLEVALUE('ArcAngle_rad',$,IFCREAL(0.14),$);
#11404=IFCPROPERTYSINGLEVALUE('ArcAngle_deg',$,IFCREAL(7.9),$);
#11405=IFCPROPERTYSET('2GqMgzhvX7BgYZJJdKQL7N',$,'EPset_IfcKit_Geometry',$,(#11401,#11402,#11403,#11404));
#11406=IFCRELDEFINESBYPROPERTIES('3XJPOYtZrE5xa5hswODpM6',$,$,$,(#11395),#11405);
#11407=IFCCOLOURRGB($,0.501960784313725,0.501960784313725,0.501960784313725);
#11408=IFCSURFACESTYLERENDERING(#11407,0.,$,$,$,$,$,$,.FLAT.);
#11409=IFCSURFACESTYLE($,.BOTH.,(#11408));
#11410=IFCPRESENTATIONSTYLEASSIGNMENT((#11409));
#11411=IFCSTYLEDITEM(#11386,(#11410),$);
#11412=IFCCARTESIANPOINT((-80.,40.));
#11413=IFCCARTESIANPOINT((-80.,32.));
#11414=IFCCARTESIANPOINT((-8.,32.));
#11415=IFCCARTESIANPOINT((-8.,-40.));
#11416=IFCCARTESIANPOINT((0.,-40.));
#11417=IFCCARTESIANPOINT((0.,40.));
#11418=IFCCARTESIANPOINT((-80.,40.));
#11419=IFCPOLYLINE((#11412,#11413,#11414,#11415,#11416,#11417,#11418));
#11420=IFCARBITRARYCLOSEDPROFILEDEF(.AREA.,$,#11419);
#11421=IFCCARTESIANPOINT((2157.1073,4429.8346,2793.2898));
#11422=IFCDIRECTION((-0.6834,-0.6834,0.257));
#11423=IFCDIRECTION((-0.1817,-0.1817,-0.9664));
#11424=IFCAXIS2PLACEMENT3D(#11421,#11422,#11423);
#11425=IFCCARTESIANPOINT((-16983.1145,0.,0.));
#11426=IFCDIRECTION((0.,1.,0.));
#11427=IFCAXIS1PLACEMENT(#11425,#11426);
#11428=IFCREVOLVEDAREASOLID(#11420,#11424,#11427,0.0603933908000131);
#11429=IFCSHAPEREPRESENTATION(#17,'Body','SweptSolid',(#11428));
#11430=IFCPRODUCTDEFINITIONSHAPE($,$,(#11429));
#11436=IFCOWNERHISTORY(#3,#4,.READWRITE.,.MODIFIED.,1779428012,#3,#4,1779428012);
#11437=IFCBEAM('3az3_9pUr8VPT0hyfHrslx',#11436,'swept beam_0_3',$,$,#11442,#11430,$);
#11438=IFCCARTESIANPOINT((0.,0.,0.));
#11439=IFCDIRECTION((0.,0.,1.));
#11440=IFCDIRECTION((1.,0.,0.));
#11441=IFCAXIS2PLACEMENT3D(#11438,#11439,#11440);
#11442=IFCLOCALPLACEMENT(#39,#11441);
#11443=IFCPROPERTYSINGLEVALUE('Name',$,IFCLABEL('swept beam_0_3'),$);
#11444=IFCPROPERTYSINGLEVALUE('ArcLength',$,IFCLENGTHMEASURE(1026.),$);
#11445=IFCPROPERTYSINGLEVALUE('ArcAngle_rad',$,IFCREAL(0.06),$);
#11446=IFCPROPERTYSINGLEVALUE('ArcAngle_deg',$,IFCREAL(3.5),$);
#11447=IFCPROPERTYSET('1JnP6yz3b8_x8s$AttfvTy',$,'EPset_IfcKit_Geometry',$,(#11443,#11444,#11445,#11446));
#11448=IFCRELDEFINESBYPROPERTIES('1JP1w8oNHE_P$z104d_GEZ',$,$,$,(#11437),#11447);
#11449=IFCCOLOURRGB($,0.501960784313725,0.501960784313725,0.501960784313725);
#11450=IFCSURFACESTYLERENDERING(#11449,0.,$,$,$,$,$,$,.FLAT.);
#11451=IFCSURFACESTYLE($,.BOTH.,(#11450));
#11452=IFCPRESENTATIONSTYLEASSIGNMENT((#11451));
#11453=IFCSTYLEDITEM(#11428,(#11452),$);
#11454=IFCCARTESIANPOINT((-80.,40.));
#11455=IFCCARTESIANPOINT((-80.,32.));
#11456=IFCCARTESIANPOINT((-8.,32.));
#11457=IFCCARTESIANPOINT((-8.,-40.));
#11458=IFCCARTESIANPOINT((0.,-40.));
#11459=IFCCARTESIANPOINT((0.,40.));
#11460=IFCCARTESIANPOINT((-80.,40.));
#11461=IFCPOLYLINE((#11454,#11455,#11456,#11457,#11458,#11459,#11460));
#11462=IFCARBITRARYCLOSEDPROFILEDEF(.AREA.,$,#11461);
#11463=IFCCARTESIANPOINT((2863.2019,5135.9292,2559.761));
#11464=IFCDIRECTION((-0.6931,-0.6931,0.1982));
#11465=IFCDIRECTION((-0.1402,-0.1402,-0.9802));
#11466=IFCAXIS2PLACEMENT3D(#11463,#11464,#11465);
#11467=IFCCARTESIANPOINT((-7139.3917,0.,0.));
#11468=IFCDIRECTION((0.,1.,0.));
#11469=IFCAXIS1PLACEMENT(#11467,#11468);
#11470=IFCREVOLVEDAREASOLID(#11462,#11466,#11469,0.14339448276451);
#11471=IFCSHAPEREPRESENTATION(#17,'Body','SweptSolid',(#11470));
#11472=IFCPRODUCTDEFINITIONSHAPE($,$,(#11471));
#11478=IFCOWNERHISTORY(#3,#4,.READWRITE.,.MODIFIED.,1779428012,#3,#4,1779428012);
#11479=IFCBEAM('0fNuSN7Uf8vfpQlkD4Nm4k',#11478,'swept beam_0_4',$,$,#11484,#11472,$);
#11480=IFCCARTESIANPOINT((0.,0.,0.));
#11481=IFCDIRECTION((0.,0.,1.));
#11482=IFCDIRECTION((1.,0.,0.));
#11483=IFCAXIS2PLACEMENT3D(#11480,#11481,#11482);
#11484=IFCLOCALPLACEMENT(#39,#11483);
#11485=IFCPROPERTYSINGLEVALUE('Name',$,IFCLABEL('swept beam_0_4'),$);
#11486=IFCPROPERTYSINGLEVALUE('ArcLength',$,IFCLENGTHMEASURE(1024.),$);
#11487=IFCPROPERTYSINGLEVALUE('ArcAngle_rad',$,IFCREAL(0.14),$);
#11488=IFCPROPERTYSINGLEVALUE('ArcAngle_deg',$,IFCREAL(8.2),$);
#11489=IFCPROPERTYSET('2aolwi8VLBivNJtW9JG1Cc',$,'EPset_IfcKit_Geometry',$,(#11485,#11486,#11487,#11488));
#11490=IFCRELDEFINESBYPROPERTIES('0nhsLhUzL1LuKhTc9zwQDm',$,$,$,(#11479),#11489);
#11491=IFCCOLOURRGB($,0.501960784313725,0.501960784313725,0.501960784313725);
#11492=IFCSURFACESTYLERENDERING(#11491,0.,$,$,$,$,$,$,.FLAT.);
#11493=IFCSURFACESTYLE($,.BOTH.,(#11492));
#11494=IFCPRESENTATIONSTYLEASSIGNMENT((#11493));
#11495=IFCSTYLEDITEM(#11470,(#11494),$);
#11496=IFCCARTESIANPOINT((-80.,40.));
#11497=IFCCARTESIANPOINT((-80.,32.));
#11498=IFCCARTESIANPOINT((-8.,32.));
#11499=IFCCARTESIANPOINT((-8.,-40.));
#11500=IFCCARTESIANPOINT((0.,-40.));
#11501=IFCCARTESIANPOINT((0.,40.));
#11502=IFCCARTESIANPOINT((-80.,40.));
#11503=IFCPOLYLINE((#11496,#11497,#11498,#11499,#11500,#11501,#11502));
#11504=IFCARBITRARYCLOSEDPROFILEDEF(.AREA.,$,#11503);
#11505=IFCCARTESIANPOINT((3580.5797,5853.307,2429.3521));
#11506=IFCDIRECTION((-0.706,-0.706,0.0561));
#11507=IFCDIRECTION((-0.0397,-0.0397,-0.9984));
#11508=IFCAXIS2PLACEMENT3D(#11505,#11506,#11507);
#11509=IFCCARTESIANPOINT((-6556.767,0.,0.));
#11510=IFCDIRECTION((0.,1.,0.));
#11511=IFCAXIS1PLACEMENT(#11509,#11510);
#11512=IFCREVOLVEDAREASOLID(#11504,#11508,#11511,0.156086727322589);
#11513=IFCSHAPEREPRESENTATION(#17,'Body','SweptSolid',(#11512));
#11514=IFCPRODUCTDEFINITIONSHAPE($,$,(#11513));
#11520=IFCOWNERHISTORY(#3,#4,.READWRITE.,.MODIFIED.,1779428012,#3,#4,1779428012);
#11521=IFCBEAM('0nrV4fEgTEPxSJbgqIaTZk',#11520,'swept beam_0_5',$,$,#11526,#11514,$);
#11522=IFCCARTESIANPOINT((0.,0.,0.));
#11523=IFCDIRECTION((0.,0.,1.));
#11524=IFCDIRECTION((1.,0.,0.));
#11525=IFCAXIS2PLACEMENT3D(#11522,#11523,#11524);
#11526=IFCLOCALPLACEMENT(#39,#11525);
#11527=IFCPROPERTYSINGLEVALUE('Name',$,IFCLABEL('swept beam_0_5'),$);
#11528=IFCPROPERTYSINGLEVALUE('ArcLength',$,IFCLENGTHMEASURE(1023.),$);
#11529=IFCPROPERTYSINGLEVALUE('ArcAngle_rad',$,IFCREAL(0.16),$);
#11530=IFCPROPERTYSINGLEVALUE('ArcAngle_deg',$,IFCREAL(8.9),$);
#11531=IFCPROPERTYSET('3hms3qPv55IfYZeqBnaZ1O',$,'EPset_IfcKit_Geometry',$,(#11527,#11528,#11529,#11530));
#11532=IFCRELDEFINESBYPROPERTIES('0a_o5FKAH3FxNFOlf$GMzY',$,$,$,(#11521),#11531);
#11533=IFCCOLOURRGB($,0.501960784313725,0.501960784313725,0.501960784313725);
#11534=IFCSURFACESTYLERENDERING(#11533,0.,$,$,$,$,$,$,.FLAT.);
#11535=IFCSURFACESTYLE($,.BOTH.,(#11534));
#11536=IFCPRESENTATIONSTYLEASSIGNMENT((#11535));
#11537=IFCSTYLEDITEM(#11512,(#11536),$);
#11538=IFCCARTESIANPOINT((-80.,40.));
#11539=IFCCARTESIANPOINT((-80.,32.));
#11540=IFCCARTESIANPOINT((-8.,32.));
#11541=IFCCARTESIANPOINT((-8.,-40.));
#11542=IFCCARTESIANPOINT((0.,-40.));
#11543=IFCCARTESIANPOINT((0.,40.));
#11544=IFCCARTESIANPOINT((-80.,40.));
#11545=IFCPOLYLINE((#11538,#11539,#11540,#11541,#11542,#11543,#11544));
#11546=IFCARBITRARYCLOSEDPROFILEDEF(.AREA.,$,#11545);
#11547=IFCCARTESIANPOINT((4303.3422,6576.0695,2451.7404));
#11548=IFCDIRECTION((-0.7036,-0.7036,-0.0998));
#11549=IFCDIRECTION((0.0706,0.0706,-0.995));
#11550=IFCAXIS2PLACEMENT3D(#11547,#11548,#11549);
#11551=IFCCARTESIANPOINT((-9992.9732,0.,0.));
#11552=IFCDIRECTION((0.,1.,0.));
#11553=IFCAXIS1PLACEMENT(#11551,#11552);
#11554=IFCREVOLVEDAREASOLID(#11546,#11550,#11553,0.102571515181176);
#11555=IFCSHAPEREPRESENTATION(#17,'Body','SweptSolid',(#11554));
#11556=IFCPRODUCTDEFINITIONSHAPE($,$,(#11555));
#11562=IFCOWNERHISTORY(#3,#4,.READWRITE.,.MODIFIED.,1779428012,#3,#4,1779428012);
#11563=IFCBEAM('2K0JrJ1fv29fa35iEXnAtt',#11562,'swept beam_0_6',$,$,#11568,#11556,$);
#11564=IFCCARTESIANPOINT((0.,0.,0.));
#11565=IFCDIRECTION((0.,0.,1.));
#11566=IFCDIRECTION((1.,0.,0.));
#11567=IFCAXIS2PLACEMENT3D(#11564,#11565,#11566);
#11568=IFCLOCALPLACEMENT(#39,#11567);
#11569=IFCPROPERTYSINGLEVALUE('Name',$,IFCLABEL('swept beam_0_6'),$);
#11570=IFCPROPERTYSINGLEVALUE('ArcLength',$,IFCLENGTHMEASURE(1025.),$);
#11571=IFCPROPERTYSINGLEVALUE('ArcAngle_rad',$,IFCREAL(0.1),$);
#11572=IFCPROPERTYSINGLEVALUE('ArcAngle_deg',$,IFCREAL(5.9),$);
#11573=IFCPROPERTYSET('1cniTx2fXC5hd7GzFnX2Hx',$,'EPset_IfcKit_Geometry',$,(#11569,#11570,#11571,#11572));
#11574=IFCRELDEFINESBYPROPERTIES('2bfaDmd_T1BgMPF8hXFO9f',$,$,$,(#11563),#11573);
#11575=IFCCOLOURRGB($,0.501960784313725,0.501960784313725,0.501960784313725);
#11576=IFCSURFACESTYLERENDERING(#11575,0.,$,$,$,$,$,$,.FLAT.);
#11577=IFCSURFACESTYLE($,.BOTH.,(#11576));
#11578=IFCPRESENTATIONSTYLEASSIGNMENT((#11577));
#11579=IFCSTYLEDITEM(#11554,(#11578),$);
#11580=IFCCARTESIANPOINT((-80.,40.));
#11581=IFCCARTESIANPOINT((-80.,32.));
#11582=IFCCARTESIANPOINT((-8.,32.));
#11583=IFCCARTESIANPOINT((-8.,-40.));
#11584=IFCCARTESIANPOINT((0.,-40.));
#11585=IFCCARTESIANPOINT((0.,40.));
#11586=IFCCARTESIANPOINT((-80.,40.));
#11587=IFCPOLYLINE((#11580,#11581,#11582,#11583,#11584,#11585,#11586));
#11588=IFCARBITRARYCLOSEDPROFILEDEF(.AREA.,$,#11587);
#11589=IFCCARTESIANPOINT((5019.5365,7292.2638,2606.0914));
#11590=IFCDIRECTION((-0.6927,-0.6927,-0.2011));
#11591=IFCDIRECTION((0.1422,0.1422,-0.9796));
#11592=IFCAXIS2PLACEMENT3D(#11589,#11590,#11591);
#11593=IFCCARTESIANPOINT((-28496.474,0.,0.));
#11594=IFCDIRECTION((0.,1.,0.));
#11595=IFCAXIS1PLACEMENT(#11593,#11594);
#11596=IFCREVOLVEDAREASOLID(#11588,#11592,#11595,0.0359968472189342);
#11597=IFCSHAPEREPRESENTATION(#17,'Body','SweptSolid',(#11596));
#11598=IFCPRODUCTDEFINITIONSHAPE($,$,(#11597));
#11604=IFCOWNERHISTORY(#3,#4,.READWRITE.,.MODIFIED.,1779428012,#3,#4,1779428012);
#11605=IFCBEAM('0xqvytM7992xV1rMDM225N',#11604,'swept beam_0_7',$,$,#11610,#11598,$);
#11606=IFCCARTESIANPOINT((0.,0.,0.));
#11607=IFCDIRECTION((0.,0.,1.));
#11608=IFCDIRECTION((1.,0.,0.));
#11609=IFCAXIS2PLACEMENT3D(#11606,#11607,#11608);
#11610=IFCLOCALPLACEMENT(#39,#11609);
#11611=IFCPROPERTYSINGLEVALUE('Name',$,IFCLABEL('swept beam_0_7'),$);
#11612=IFCPROPERTYSINGLEVALUE('ArcLength',$,IFCLENGTHMEASURE(1026.),$);
#11613=IFCPROPERTYSINGLEVALUE('ArcAngle_rad',$,IFCREAL(0.04),$);
#11614=IFCPROPERTYSINGLEVALUE('ArcAngle_deg',$,IFCREAL(2.1),$);
#11615=IFCPROPERTYSET('1HsaGlrJjEShT4UkGAJtCy',$,'EPset_IfcKit_Geometry',$,(#11611,#11612,#11613,#11614));
#11616=IFCRELDEFINESBYPROPERTIES('1wfMP5CYT8I83nYZxRri1a',$,$,$,(#11605),#11615);
#11617=IFCCOLOURRGB($,0.501960784313725,0.501960784313725,0.501960784313725);
#11618=IFCSURFACESTYLERENDERING(#11617,0.,$,$,$,$,$,$,.FLAT.);
#11619=IFCSURFACESTYLE($,.BOTH.,(#11618));
#11620=IFCPRESENTATIONSTYLEASSIGNMENT((#11619));
#11621=IFCSTYLEDITEM(#11596,(#11620),$);
#11622=IFCCARTESIANPOINT((-80.,40.));
#11623=IFCCARTESIANPOINT((-80.,32.));
#11624=IFCCARTESIANPOINT((-8.,32.));
#11625=IFCCARTESIANPOINT((-8.,-40.));
#11626=IFCCARTESIANPOINT((0.,-40.));
#11627=IFCCARTESIANPOINT((0.,40.));
#11628=IFCCARTESIANPOINT((-80.,40.));
#11629=IFCPOLYLINE((#11622,#11623,#11624,#11625,#11626,#11627,#11628));
#11630=IFCARBITRARYCLOSEDPROFILEDEF(.AREA.,$,#11629);
#11631=IFCCARTESIANPOINT((-0.,2681.8182,3061.533));
#11632=IFCDIRECTION((-0.7003,-0.7003,0.1386));
#11633=IFCDIRECTION((-0.098,-0.098,-0.9903));
#11634=IFCAXIS2PLACEMENT3D(#11631,#11632,#11633);
#11635=IFCCARTESIANPOINT((-31132.9706,0.,0.));
#11636=IFCDIRECTION((0.,1.,0.));
#11637=IFCAXIS1PLACEMENT(#11635,#11636);
#11638=IFCREVOLVEDAREASOLID(#11630,#11634,#11637,0.0308443162450935);
#11639=IFCSHAPEREPRESENTATION(#17,'Body','SweptSolid',(#11638));
#11640=IFCPRODUCTDEFINITIONSHAPE($,$,(#11639));
#11646=IFCOWNERHISTORY(#3,#4,.READWRITE.,.MODIFIED.,1779428012,#3,#4,1779428012);
#11647=IFCBEAM('3QsJ$9m6DEsgE8cm1l3DcI',#11646,'swept beam_0_0',$,$,#11652,#11640,$);
#11648=IFCCARTESIANPOINT((0.,0.,0.));
#11649=IFCDIRECTION((0.,0.,1.));
#11650=IFCDIRECTION((1.,0.,0.));
#11651=IFCAXIS2PLACEMENT3D(#11648,#11649,#11650);
#11652=IFCLOCALPLACEMENT(#39,#11651);
#11653=IFCPROPERTYSINGLEVALUE('Name',$,IFCLABEL('swept beam_0_0'),$);
#11654=IFCPROPERTYSINGLEVALUE('ArcLength',$,IFCLENGTHMEASURE(960.),$);
#11655=IFCPROPERTYSINGLEVALUE('ArcAngle_rad',$,IFCREAL(0.03),$);
#11656=IFCPROPERTYSINGLEVALUE('ArcAngle_deg',$,IFCREAL(1.8),$);
#11657=IFCPROPERTYSET('15y6Tk0gv2wRYPJfsQ$kAZ',$,'EPset_IfcKit_Geometry',$,(#11653,#11654,#11655,#11656));
#11658=IFCRELDEFINESBYPROPERTIES('0XlkJY0U10QgXNkKdTDZFK',$,$,$,(#11647),#11657);
#11659=IFCCOLOURRGB($,0.501960784313725,0.501960784313725,0.501960784313725);
#11660=IFCSURFACESTYLERENDERING(#11659,0.,$,$,$,$,$,$,.FLAT.);
#11661=IFCSURFACESTYLE($,.BOTH.,(#11660));
#11662=IFCPRESENTATIONSTYLEASSIGNMENT((#11661));
#11663=IFCSTYLEDITEM(#11638,(#11662),$);
#11664=IFCCARTESIANPOINT((80.,-40.));
#11665=IFCCARTESIANPOINT((80.,-32.));
#11666=IFCCARTESIANPOINT((8.,-32.));
#11667=IFCCARTESIANPOINT((8.,40.));
#11668=IFCCARTESIANPOINT((0.,40.));
#11669=IFCCARTESIANPOINT((0.,-40.));
#11670=IFCCARTESIANPOINT((80.,-40.));
#11671=IFCPOLYLINE((#11664,#11665,#11666,#11667,#11668,#11669,#11670));
#11672=IFCARBITRARYCLOSEDPROFILEDEF(.AREA.,$,#11671);
#11673=IFCCARTESIANPOINT((673.8046,3355.6228,2943.0846));
#11674=IFCDIRECTION((-0.703,-0.703,0.108));
#11675=IFCDIRECTION((0.0764,0.0764,0.9941));
#11676=IFCAXIS2PLACEMENT3D(#11673,#11674,#11675);
#11677=IFCCARTESIANPOINT((-7467.5154,0.,0.));
#11678=IFCDIRECTION((0.,1.,0.));
#11679=IFCAXIS1PLACEMENT(#11677,#11678);
#11680=IFCREVOLVEDAREASOLID(#11672,#11676,#11679,0.12842705440526);
#11681=IFCSHAPEREPRESENTATION(#17,'Body','SweptSolid',(#11680));
#11682=IFCPRODUCTDEFINITIONSHAPE($,$,(#11681));
#11688=IFCOWNERHISTORY(#3,#4,.READWRITE.,.MODIFIED.,1779428012,#3,#4,1779428012);
#11689=IFCBEAM('0Qk0NvjQ1FxBNtFSH5pITe',#11688,'swept beam_0_1',$,$,#11694,#11682,$);
#11690=IFCCARTESIANPOINT((0.,0.,0.));
#11691=IFCDIRECTION((0.,0.,1.));
#11692=IFCDIRECTION((1.,0.,0.));
#11693=IFCAXIS2PLACEMENT3D(#11690,#11691,#11692);
#11694=IFCLOCALPLACEMENT(#39,#11693);
#11695=IFCPROPERTYSINGLEVALUE('Name',$,IFCLABEL('swept beam_0_1'),$);
#11696=IFCPROPERTYSINGLEVALUE('ArcLength',$,IFCLENGTHMEASURE(959.),$);
#11697=IFCPROPERTYSINGLEVALUE('ArcAngle_rad',$,IFCREAL(0.13),$);
#11698=IFCPROPERTYSINGLEVALUE('ArcAngle_deg',$,IFCREAL(7.4),$);
#11699=IFCPROPERTYSET('3dE4qYzsfCIO3XOhLN68Ox',$,'EPset_IfcKit_Geometry',$,(#11695,#11696,#11697,#11698));
#11700=IFCRELDEFINESBYPROPERTIES('0JggsER3DAthXF_y0SJeFz',$,$,$,(#11689),#11699);
#11701=IFCCOLOURRGB($,0.501960784313725,0.501960784313725,0.501960784313725);
#11702=IFCSURFACESTYLERENDERING(#11701,0.,$,$,$,$,$,$,.FLAT.);
#11703=IFCSURFACESTYLE($,.BOTH.,(#11702));
#11704=IFCPRESENTATIONSTYLEASSIGNMENT((#11703));
#11705=IFCSTYLEDITEM(#11680,(#11704),$);
#11706=IFCCARTESIANPOINT((80.,-40.));
#11707=IFCCARTESIANPOINT((80.,-32.));
#11708=IFCCARTESIANPOINT((8.,-32.));
#11709=IFCCARTESIANPOINT((8.,40.));
#11710=IFCCARTESIANPOINT((0.,40.));
#11711=IFCCARTESIANPOINT((0.,-40.));
#11712=IFCCARTESIANPOINT((80.,-40.));
#11713=IFCPOLYLINE((#11706,#11707,#11708,#11709,#11710,#11711,#11712));
#11714=IFCARBITRARYCLOSEDPROFILEDEF(.AREA.,$,#11713);
#11715=IFCCARTESIANPOINT((1341.4232,4023.2414,2778.6221));
#11716=IFCDIRECTION((-0.6874,-0.6874,0.2345));
#11717=IFCDIRECTION((0.1658,0.1658,0.9721));
#11718=IFCAXIS2PLACEMENT3D(#11715,#11716,#11717);
#11719=IFCCARTESIANPOINT((-13602.9479,0.,0.));
#11720=IFCDIRECTION((0.,1.,0.));
#11721=IFCAXIS1PLACEMENT(#11719,#11720);
#11722=IFCREVOLVEDAREASOLID(#11714,#11718,#11721,0.0705863028335511);
#11723=IFCSHAPEREPRESENTATION(#17,'Body','SweptSolid',(#11722));
#11724=IFCPRODUCTDEFINITIONSHAPE($,$,(#11723));
#11730=IFCOWNERHISTORY(#3,#4,.READWRITE.,.MODIFIED.,1779428012,#3,#4,1779428012);
#11731=IFCBEAM('2cdP$lIaTDWvSX5w8FF0iS',#11730,'swept beam_0_2',$,$,#11736,#11724,$);
#11732=IFCCARTESIANPOINT((0.,0.,0.));
#11733=IFCDIRECTION((0.,0.,1.));
#11734=IFCDIRECTION((1.,0.,0.));
#11735=IFCAXIS2PLACEMENT3D(#11732,#11733,#11734);
#11736=IFCLOCALPLACEMENT(#39,#11735);
#11737=IFCPROPERTYSINGLEVALUE('Name',$,IFCLABEL('swept beam_0_2'),$);
#11738=IFCPROPERTYSINGLEVALUE('ArcLength',$,IFCLENGTHMEASURE(960.),$);
#11739=IFCPROPERTYSINGLEVALUE('ArcAngle_rad',$,IFCREAL(0.07),$);
#11740=IFCPROPERTYSINGLEVALUE('ArcAngle_deg',$,IFCREAL(4.),$);
#11741=IFCPROPERTYSET('3vAjMcYO15qfky0YyAG80N',$,'EPset_IfcKit_Geometry',$,(#11737,#11738,#11739,#11740));
#11742=IFCRELDEFINESBYPROPERTIES('3A7zdzE7z6VANcu44KLc5i',$,$,$,(#11731),#11741);
#11743=IFCCOLOURRGB($,0.501960784313725,0.501960784313725,0.501960784313725);
#11744=IFCSURFACESTYLERENDERING(#11743,0.,$,$,$,$,$,$,.FLAT.);
#11745=IFCSURFACESTYLE($,.BOTH.,(#11744));
#11746=IFCPRESENTATIONSTYLEASSIGNMENT((#11745));
#11747=IFCSTYLEDITEM(#11722,(#11746),$);
#11748=IFCCARTESIANPOINT((-80.,40.));
#11749=IFCCARTESIANPOINT((-80.,32.));
#11750=IFCCARTESIANPOINT((-8.,32.));
#11751=IFCCARTESIANPOINT((-8.,-40.));
#11752=IFCCARTESIANPOINT((0.,-40.));
#11753=IFCCARTESIANPOINT((0.,40.));
#11754=IFCCARTESIANPOINT((-80.,40.));
#11755=IFCPOLYLINE((#11748,#11749,#11750,#11751,#11752,#11753,#11754));
#11756=IFCARBITRARYCLOSEDPROFILEDEF(.AREA.,$,#11755);
#11757=IFCCARTESIANPOINT((1995.2833,4677.1015,2520.7458));
#11758=IFCDIRECTION((-0.674,-0.674,0.3024));
#11759=IFCDIRECTION((-0.2139,-0.2139,-0.9532));
#11760=IFCAXIS2PLACEMENT3D(#11757,#11758,#11759);
#11761=IFCCARTESIANPOINT((-8839.413,0.,0.));
#11762=IFCDIRECTION((0.,1.,0.));
#11763=IFCAXIS1PLACEMENT(#11761,#11762);
#11764=IFCREVOLVEDAREASOLID(#11756,#11760,#11763,0.10856343403338);
#11765=IFCSHAPEREPRESENTATION(#17,'Body','SweptSolid',(#11764));
#11766=IFCPRODUCTDEFINITIONSHAPE($,$,(#11765));
#11772=IFCOWNERHISTORY(#3,#4,.READWRITE.,.MODIFIED.,1779428012,#3,#4,1779428012);
#11773=IFCBEAM('3njlYHu$5DKw75bGsx_QOy',#11772,'swept beam_0_3',$,$,#11778,#11766,$);
#11774=IFCCARTESIANPOINT((0.,0.,0.));
#11775=IFCDIRECTION((0.,0.,1.));
#11776=IFCDIRECTION((1.,0.,0.));
#11777=IFCAXIS2PLACEMENT3D(#11774,#11775,#11776);
#11778=IFCLOCALPLACEMENT(#39,#11777);
#11779=IFCPROPERTYSINGLEVALUE('Name',$,IFCLABEL('swept beam_0_3'),$);
#11780=IFCPROPERTYSINGLEVALUE('ArcLength',$,IFCLENGTHMEASURE(960.),$);
#11781=IFCPROPERTYSINGLEVALUE('ArcAngle_rad',$,IFCREAL(0.11),$);
#11782=IFCPROPERTYSINGLEVALUE('ArcAngle_deg',$,IFCREAL(6.2),$);
#11783=IFCPROPERTYSET('2uT8Y25OL34eCt1X_mm9Kl',$,'EPset_IfcKit_Geometry',$,(#11779,#11780,#11781,#11782));
#11784=IFCRELDEFINESBYPROPERTIES('2b9CAZ3OX1ihtcMppdiLs2',$,$,$,(#11773),#11783);
#11785=IFCCOLOURRGB($,0.501960784313725,0.501960784313725,0.501960784313725);
#11786=IFCSURFACESTYLERENDERING(#11785,0.,$,$,$,$,$,$,.FLAT.);
#11787=IFCSURFACESTYLE($,.BOTH.,(#11786));
#11788=IFCPRESENTATIONSTYLEASSIGNMENT((#11787));
#11789=IFCSTYLEDITEM(#11764,(#11788),$);
#11790=IFCCARTESIANPOINT((-80.,40.));
#11791=IFCCARTESIANPOINT((-80.,32.));
#11792=IFCCARTESIANPOINT((-8.,32.));
#11793=IFCCARTESIANPOINT((-8.,-40.));
#11794=IFCCARTESIANPOINT((0.,-40.));
#11795=IFCCARTESIANPOINT((0.,40.));
#11796=IFCCARTESIANPOINT((-80.,40.));
#11797=IFCPOLYLINE((#11790,#11791,#11792,#11793,#11794,#11795,#11796));
#11798=IFCARBITRARYCLOSEDPROFILEDEF(.AREA.,$,#11797);
#11799=IFCCARTESIANPOINT((2651.9288,5333.747,2280.678));
#11800=IFCDIRECTION((-0.6932,-0.6932,0.1974));
#11801=IFCDIRECTION((-0.1396,-0.1396,-0.9803));
#11802=IFCAXIS2PLACEMENT3D(#11799,#11800,#11801);
#11803=IFCCARTESIANPOINT((-5596.7348,0.,0.));
#11804=IFCDIRECTION((0.,1.,0.));
#11805=IFCAXIS1PLACEMENT(#11803,#11804);
#11806=IFCREVOLVEDAREASOLID(#11798,#11802,#11805,0.171322962918707);
#11807=IFCSHAPEREPRESENTATION(#17,'Body','SweptSolid',(#11806));
#11808=IFCPRODUCTDEFINITIONSHAPE($,$,(#11807));
#11814=IFCOWNERHISTORY(#3,#4,.READWRITE.,.MODIFIED.,1779428012,#3,#4,1779428012);
#11815=IFCBEAM('0PUOgjXm14DgQlkkJkVeMT',#11814,'swept beam_0_4',$,$,#11820,#11808,$);
#11816=IFCCARTESIANPOINT((0.,0.,0.));
#11817=IFCDIRECTION((0.,0.,1.));
#11818=IFCDIRECTION((1.,0.,0.));
#11819=IFCAXIS2PLACEMENT3D(#11816,#11817,#11818);
#11820=IFCLOCALPLACEMENT(#39,#11819);
#11821=IFCPROPERTYSINGLEVALUE('Name',$,IFCLABEL('swept beam_0_4'),$);
#11822=IFCPROPERTYSINGLEVALUE('ArcLength',$,IFCLENGTHMEASURE(959.),$);
#11823=IFCPROPERTYSINGLEVALUE('ArcAngle_rad',$,IFCREAL(0.17),$);
#11824=IFCPROPERTYSINGLEVALUE('ArcAngle_deg',$,IFCREAL(9.8),$);
#11825=IFCPROPERTYSET('1P08xlH2DDOuRQc8Ein92f',$,'EPset_IfcKit_Geometry',$,(#11821,#11822,#11823,#11824));
#11826=IFCRELDEFINESBYPROPERTIES('1SveL$0ED8JOpbztGQBojc',$,$,$,(#11815),#11825);
#11827=IFCCOLOURRGB($,0.501960784313725,0.501960784313725,0.501960784313725);
#11828=IFCSURFACESTYLERENDERING(#11827,0.,$,$,$,$,$,$,.FLAT.);
#11829=IFCSURFACESTYLE($,.BOTH.,(#11828));
#11830=IFCPRESENTATIONSTYLEASSIGNMENT((#11829));
#11831=IFCSTYLEDITEM(#11806,(#11830),$);
#11832=IFCCARTESIANPOINT((-80.,40.));
#11833=IFCCARTESIANPOINT((-80.,32.));
#11834=IFCCARTESIANPOINT((-8.,32.));
#11835=IFCCARTESIANPOINT((-8.,-40.));
#11836=IFCCARTESIANPOINT((0.,-40.));
#11837=IFCCARTESIANPOINT((0.,40.));
#11838=IFCCARTESIANPOINT((-80.,40.));
#11839=IFCPOLYLINE((#11832,#11833,#11834,#11835,#11836,#11837,#11838));
#11840=IFCARBITRARYCLOSEDPROFILEDEF(.AREA.,$,#11839);
#11841=IFCCARTESIANPOINT((3324.7872,6006.6053,2172.6577));
#11842=IFCDIRECTION((-0.7068,-0.7068,0.0274));
#11843=IFCDIRECTION((-0.0194,-0.0194,-0.9996));
#11844=IFCAXIS2PLACEMENT3D(#11841,#11842,#11843);
#11845=IFCCARTESIANPOINT((-5702.6439,0.,0.));
#11846=IFCDIRECTION((0.,1.,0.));
#11847=IFCAXIS1PLACEMENT(#11845,#11846);
#11848=IFCREVOLVEDAREASOLID(#11840,#11844,#11847,0.16815628065762);
#11849=IFCSHAPEREPRESENTATION(#17,'Body','SweptSolid',(#11848));
#11850=IFCPRODUCTDEFINITIONSHAPE($,$,(#11849));
#11856=IFCOWNERHISTORY(#3,#4,.READWRITE.,.MODIFIED.,1779428012,#3,#4,1779428012);
#11857=IFCBEAM('1lSW41odj6Zv0s1Zq2am$G',#11856,'swept beam_0_5',$,$,#11862,#11850,$);
#11858=IFCCARTESIANPOINT((0.,0.,0.));
#11859=IFCDIRECTION((0.,0.,1.));
#11860=IFCDIRECTION((1.,0.,0.));
#11861=IFCAXIS2PLACEMENT3D(#11858,#11859,#11860);
#11862=IFCLOCALPLACEMENT(#39,#11861);
#11863=IFCPROPERTYSINGLEVALUE('Name',$,IFCLABEL('swept beam_0_5'),$);
#11864=IFCPROPERTYSINGLEVALUE('ArcLength',$,IFCLENGTHMEASURE(959.),$);
#11865=IFCPROPERTYSINGLEVALUE('ArcAngle_rad',$,IFCREAL(0.17),$);
#11866=IFCPROPERTYSINGLEVALUE('ArcAngle_deg',$,IFCREAL(9.6),$);
#11867=IFCPROPERTYSET('34Vk4uTrv8PR$_3YB2gVyk',$,'EPset_IfcKit_Geometry',$,(#11863,#11864,#11865,#11866));
#11868=IFCRELDEFINESBYPROPERTIES('3IJSv5vavDNuOPh_j0wSvV',$,$,$,(#11857),#11867);
#11869=IFCCOLOURRGB($,0.501960784313725,0.501960784313725,0.501960784313725);
#11870=IFCSURFACESTYLERENDERING(#11869,0.,$,$,$,$,$,$,.FLAT.);
#11871=IFCSURFACESTYLE($,.BOTH.,(#11870));
#11872=IFCPRESENTATIONSTYLEASSIGNMENT((#11871));
#11873=IFCSTYLEDITEM(#11848,(#11872),$);
#11874=IFCCARTESIANPOINT((-80.,40.));
#11875=IFCCARTESIANPOINT((-80.,32.));
#11876=IFCCARTESIANPOINT((-8.,32.));
#11877=IFCCARTESIANPOINT((-8.,-40.));
#11878=IFCCARTESIANPOINT((0.,-40.));
#11879=IFCCARTESIANPOINT((0.,40.));
#11880=IFCCARTESIANPOINT((-80.,40.));
#11881=IFCPOLYLINE((#11874,#11875,#11876,#11877,#11878,#11879,#11880));
#11882=IFCARBITRARYCLOSEDPROFILEDEF(.AREA.,$,#11881);
#11883=IFCCARTESIANPOINT((4000.9697,6682.7879,2226.941));
#11884=IFCDIRECTION((-0.7001,-0.7001,-0.1403));
#11885=IFCDIRECTION((0.0992,0.0992,-0.9901));
#11886=IFCAXIS2PLACEMENT3D(#11883,#11884,#11885);
#11887=IFCCARTESIANPOINT((-7965.5217,0.,0.));
#11888=IFCDIRECTION((0.,1.,0.));
#11889=IFCAXIS1PLACEMENT(#11887,#11888);
#11890=IFCREVOLVEDAREASOLID(#11882,#11886,#11889,0.120459264472718);
#11891=IFCSHAPEREPRESENTATION(#17,'Body','SweptSolid',(#11890));
#11892=IFCPRODUCTDEFINITIONSHAPE($,$,(#11891));
#11898=IFCOWNERHISTORY(#3,#4,.READWRITE.,.MODIFIED.,1779428012,#3,#4,1779428012);
#11899=IFCBEAM('04FU4on7j9QOlNfRJqG1O0',#11898,'swept beam_0_6',$,$,#11904,#11892,$);
#11900=IFCCARTESIANPOINT((0.,0.,0.));
#11901=IFCDIRECTION((0.,0.,1.));
#11902=IFCDIRECTION((1.,0.,0.));
#11903=IFCAXIS2PLACEMENT3D(#11900,#11901,#11902);
#11904=IFCLOCALPLACEMENT(#39,#11903);
#11905=IFCPROPERTYSINGLEVALUE('Name',$,IFCLABEL('swept beam_0_6'),$);
#11906=IFCPROPERTYSINGLEVALUE('ArcLength',$,IFCLENGTHMEASURE(960.),$);
#11907=IFCPROPERTYSINGLEVALUE('ArcAngle_rad',$,IFCREAL(0.12),$);
#11908=IFCPROPERTYSINGLEVALUE('ArcAngle_deg',$,IFCREAL(6.9),$);
#11909=IFCPROPERTYSET('3CMQr0n5DCbh4ZRo2So1UY',$,'EPset_IfcKit_Geometry',$,(#11905,#11906,#11907,#11908));
#11910=IFCRELDEFINESBYPROPERTIES('3IBsn_xyP5nwLs87knFQZ$',$,$,$,(#11899),#11909);
#11911=IFCCOLOURRGB($,0.501960784313725,0.501960784313725,0.501960784313725);
#11912=IFCSURFACESTYLERENDERING(#11911,0.,$,$,$,$,$,$,.FLAT.);
#11913=IFCSURFACESTYLE($,.BOTH.,(#11912));
#11914=IFCPRESENTATIONSTYLEASSIGNMENT((#11913));
#11915=IFCSTYLEDITEM(#11890,(#11914),$);
#11916=IFCCARTESIANPOINT((-80.,40.));
#11917=IFCCARTESIANPOINT((-80.,32.));
#11918=IFCCARTESIANPOINT((-8.,32.));
#11919=IFCCARTESIANPOINT((-8.,-40.));
#11920=IFCCARTESIANPOINT((0.,-40.));
#11921=IFCCARTESIANPOINT((0.,40.));
#11922=IFCCARTESIANPOINT((-80.,40.));
#11923=IFCPOLYLINE((#11916,#11917,#11918,#11919,#11920,#11921,#11922));
#11924=IFCARBITRARYCLOSEDPROFILEDEF(.AREA.,$,#11923);
#11925=IFCCARTESIANPOINT((4665.3902,7347.2084,2418.4048));
#11926=IFCDIRECTION((-0.6831,-0.6831,-0.2583));
#11927=IFCDIRECTION((0.1826,0.1826,-0.9661));
#11928=IFCAXIS2PLACEMENT3D(#11925,#11926,#11927);
#11929=IFCCARTESIANPOINT((-25996.1812,0.,0.));
#11930=IFCDIRECTION((0.,1.,0.));
#11931=IFCAXIS1PLACEMENT(#11929,#11930);
#11932=IFCREVOLVEDAREASOLID(#11924,#11928,#11931,0.0369505627309729);
#11933=IFCSHAPEREPRESENTATION(#17,'Body','SweptSolid',(#11932));
#11934=IFCPRODUCTDEFINITIONSHAPE($,$,(#11933));
#11940=IFCOWNERHISTORY(#3,#4,.READWRITE.,.MODIFIED.,1779428012,#3,#4,1779428012);
#11941=IFCBEAM('2CtlZ4Ll10q9MvDHhId62Y',#11940,'swept beam_0_7',$,$,#11946,#11934,$);
#11942=IFCCARTESIANPOINT((0.,0.,0.));
#11943=IFCDIRECTION((0.,0.,1.));
#11944=IFCDIRECTION((1.,0.,0.));
#11945=IFCAXIS2PLACEMENT3D(#11942,#11943,#11944);
#11946=IFCLOCALPLACEMENT(#39,#11945);
#11947=IFCPROPERTYSINGLEVALUE('Name',$,IFCLABEL('swept beam_0_7'),$);
#11948=IFCPROPERTYSINGLEVALUE('ArcLength',$,IFCLENGTHMEASURE(961.),$);
#11949=IFCPROPERTYSINGLEVALUE('ArcAngle_rad',$,IFCREAL(0.04),$);
#11950=IFCPROPERTYSINGLEVALUE('ArcAngle_deg',$,IFCREAL(2.1),$);
#11951=IFCPROPERTYSET('0TzLyqC3HB$hmSiAb040WU',$,'EPset_IfcKit_Geometry',$,(#11947,#11948,#11949,#11950));
#11952=IFCRELDEFINESBYPROPERTIES('3yIx$ay3v9FRQlehjtDG$L',$,$,$,(#11941),#11951);
#11953=IFCCOLOURRGB($,0.501960784313725,0.501960784313725,0.501960784313725);
#11954=IFCSURFACESTYLERENDERING(#11953,0.,$,$,$,$,$,$,.FLAT.);
#11955=IFCSURFACESTYLE($,.BOTH.,(#11954));
#11956=IFCPRESENTATIONSTYLEASSIGNMENT((#11955));
#11957=IFCSTYLEDITEM(#11932,(#11956),$);
#11958=IFCCARTESIANPOINT((80.,-40.));
#11959=IFCCARTESIANPOINT((80.,-32.));
#11960=IFCCARTESIANPOINT((8.,-32.));
#11961=IFCCARTESIANPOINT((8.,40.));
#11962=IFCCARTESIANPOINT((0.,40.));
#11963=IFCCARTESIANPOINT((0.,-40.));
#11964=IFCCARTESIANPOINT((80.,-40.));
#11965=IFCPOLYLINE((#11958,#11959,#11960,#11961,#11962,#11963,#11964));
#11966=IFCARBITRARYCLOSEDPROFILEDEF(.AREA.,$,#11965);
#11967=IFCCARTESIANPOINT((0.,3090.9091,2981.0751));
#11968=IFCDIRECTION((-0.6905,-0.6905,0.2152));
#11969=IFCDIRECTION((0.1522,0.1522,0.9766));
#11970=IFCAXIS2PLACEMENT3D(#11967,#11968,#11969);
#11971=IFCCARTESIANPOINT((-47402.3843,0.,0.));
#11972=IFCDIRECTION((0.,1.,0.));
#11973=IFCAXIS1PLACEMENT(#11971,#11972);
#11974=IFCREVOLVEDAREASOLID(#11966,#11970,#11973,0.0189031531184101);
#11975=IFCSHAPEREPRESENTATION(#17,'Body','SweptSolid',(#11974));
#11976=IFCPRODUCTDEFINITIONSHAPE($,$,(#11975));
#11982=IFCOWNERHISTORY(#3,#4,.READWRITE.,.MODIFIED.,1779428012,#3,#4,1779428012);
#11983=IFCBEAM('1ZJidyiRL1j9ooJQB12UYR',#11982,'swept beam_0_0',$,$,#11988,#11976,$);
#11984=IFCCARTESIANPOINT((0.,0.,0.));
#11985=IFCDIRECTION((0.,0.,1.));
#11986=IFCDIRECTION((1.,0.,0.));
#11987=IFCAXIS2PLACEMENT3D(#11984,#11985,#11986);
#11988=IFCLOCALPLACEMENT(#39,#11987);
#11989=IFCPROPERTYSINGLEVALUE('Name',$,IFCLABEL('swept beam_0_0'),$);
#11990=IFCPROPERTYSINGLEVALUE('ArcLength',$,IFCLENGTHMEASURE(896.),$);
#11991=IFCPROPERTYSINGLEVALUE('ArcAngle_rad',$,IFCREAL(0.02),$);
#11992=IFCPROPERTYSINGLEVALUE('ArcAngle_deg',$,IFCREAL(1.1),$);
#11993=IFCPROPERTYSET('0Wt$xaM4P1FfsR_HPzXIr5',$,'EPset_IfcKit_Geometry',$,(#11989,#11990,#11991,#11992));
#11994=IFCRELDEFINESBYPROPERTIES('3O8mfUmef9KwPlhfaLNtrb',$,$,$,(#11983),#11993);
#11995=IFCCOLOURRGB($,0.501960784313725,0.501960784313725,0.501960784313725);
#11996=IFCSURFACESTYLERENDERING(#11995,0.,$,$,$,$,$,$,.FLAT.);
#11997=IFCSURFACESTYLE($,.BOTH.,(#11996));
#11998=IFCPRESENTATIONSTYLEASSIGNMENT((#11997));
#11999=IFCSTYLEDITEM(#11974,(#11998),$);
#12000=IFCCARTESIANPOINT((80.,-40.));
#12001=IFCCARTESIANPOINT((80.,-32.));
#12002=IFCCARTESIANPOINT((8.,-32.));
#12003=IFCCARTESIANPOINT((8.,40.));
#12004=IFCCARTESIANPOINT((0.,40.));
#12005=IFCCARTESIANPOINT((0.,-40.));
#12006=IFCCARTESIANPOINT((80.,-40.));
#12007=IFCPOLYLINE((#12000,#12001,#12002,#12003,#12004,#12005,#12006));
#12008=IFCARBITRARYCLOSEDPROFILEDEF(.AREA.,$,#12007);
#12009=IFCCARTESIANPOINT((617.4288,3708.3379,2779.9457));
#12010=IFCDIRECTION((-0.6875,-0.6875,0.2337));
#12011=IFCDIRECTION((0.1652,0.1652,0.9723));
#12012=IFCAXIS2PLACEMENT3D(#12009,#12010,#12011);
#12013=IFCCARTESIANPOINT((-9299.2983,0.,0.));
#12014=IFCDIRECTION((0.,1.,0.));
#12015=IFCAXIS1PLACEMENT(#12013,#12014);
#12016=IFCREVOLVEDAREASOLID(#12008,#12012,#12015,0.0962856315307406);
#12017=IFCSHAPEREPRESENTATION(#17,'Body','SweptSolid',(#12016));
#12018=IFCPRODUCTDEFINITIONSHAPE($,$,(#12017));
#12024=IFCOWNERHISTORY(#3,#4,.READWRITE.,.MODIFIED.,1779428012,#3,#4,1779428012);
#12025=IFCBEAM('0d2BfHGkL2JvBkbbsJMEQN',#12024,'swept beam_0_1',$,$,#12030,#12018,$);
#12026=IFCCARTESIANPOINT((0.,0.,0.));
#12027=IFCDIRECTION((0.,0.,1.));
#12028=IFCDIRECTION((1.,0.,0.));
#12029=IFCAXIS2PLACEMENT3D(#12026,#12027,#12028);
#12030=IFCLOCALPLACEMENT(#39,#12029);
#12031=IFCPROPERTYSINGLEVALUE('Name',$,IFCLABEL('swept beam_0_1'),$);
#12032=IFCPROPERTYSINGLEVALUE('ArcLength',$,IFCLENGTHMEASURE(895.),$);
#12033=IFCPROPERTYSINGLEVALUE('ArcAngle_rad',$,IFCREAL(0.1),$);
#12034=IFCPROPERTYSINGLEVALUE('ArcAngle_deg',$,IFCREAL(5.5),$);
#12035=IFCPROPERTYSET('0fwOuH7m91SwOwXTo11W8u',$,'EPset_IfcKit_Geometry',$,(#12031,#12032,#12033,#12034));
#12036=IFCRELDEFINESBYPROPERTIES('3Y94BJsIjDqRbEk_ZS_MyB',$,$,$,(#12025),#12035);
#12037=IFCCOLOURRGB($,0.501960784313725,0.501960784313725,0.501960784313725);
#12038=IFCSURFACESTYLERENDERING(#12037,0.,$,$,$,$,$,$,.FLAT.);
#12039=IFCSURFACESTYLE($,.BOTH.,(#12038));
#12040=IFCPRESENTATIONSTYLEASSIGNMENT((#12039));
#12041=IFCSTYLEDITEM(#12016,(#12040),$);
#12042=IFCCARTESIANPOINT((80.,-40.));
#12043=IFCCARTESIANPOINT((80.,-32.));
#12044=IFCCARTESIANPOINT((8.,-32.));
#12045=IFCCARTESIANPOINT((8.,40.));
#12046=IFCCARTESIANPOINT((0.,40.));
#12047=IFCCARTESIANPOINT((0.,-40.));
#12048=IFCCARTESIANPOINT((80.,-40.));
#12049=IFCPOLYLINE((#12042,#12043,#12044,#12045,#12046,#12047,#12048));
#12050=IFCARBITRARYCLOSEDPROFILEDEF(.AREA.,$,#12049);
#12051=IFCCARTESIANPOINT((1224.9698,4315.8789,2529.1672));
#12052=IFCDIRECTION((-0.6685,-0.6685,0.3261));
#12053=IFCDIRECTION((0.2306,0.2306,0.9453));
#12054=IFCAXIS2PLACEMENT3D(#12051,#12052,#12053);
#12055=IFCCARTESIANPOINT((-187120.3961,0.,0.));
#12056=IFCDIRECTION((0.,1.,0.));
#12057=IFCAXIS1PLACEMENT(#12055,#12056);
#12058=IFCREVOLVEDAREASOLID(#12050,#12054,#12057,0.00479519694622512);
#12059=IFCSHAPEREPRESENTATION(#17,'Body','SweptSolid',(#12058));
#12060=IFCPRODUCTDEFINITIONSHAPE($,$,(#12059));
#12066=IFCOWNERHISTORY(#3,#4,.READWRITE.,.MODIFIED.,1779428012,#3,#4,1779428012);
#12067=IFCBEAM('1$4E27uZr7GOuSByY4eYrl',#12066,'swept beam_0_2',$,$,#12072,#12060,$);
#12068=IFCCARTESIANPOINT((0.,0.,0.));
#12069=IFCDIRECTION((0.,0.,1.));
#12070=IFCDIRECTION((1.,0.,0.));
#12071=IFCAXIS2PLACEMENT3D(#12068,#12069,#12070);
#12072=IFCLOCALPLACEMENT(#39,#12071);
#12073=IFCPROPERTYSINGLEVALUE('Name',$,IFCLABEL('swept beam_0_2'),$);
#12074=IFCPROPERTYSINGLEVALUE('ArcLength',$,IFCLENGTHMEASURE(897.),$);
#12075=IFCPROPERTYSINGLEVALUE('ArcAngle_rad',$,IFCREAL(0.),$);
#12076=IFCPROPERTYSINGLEVALUE('ArcAngle_deg',$,IFCREAL(0.3),$);
#12077=IFCPROPERTYSET('1mZW$FoJ1AIgGDQnsLWJV5',$,'EPset_IfcKit_Geometry',$,(#12073,#12074,#12075,#12076));
#12078=IFCRELDEFINESBYPROPERTIES('3xtnHOpoL42fj8PhEitI51',$,$,$,(#12067),#12077);
#12079=IFCCOLOURRGB($,0.501960784313725,0.501960784313725,0.501960784313725);
#12080=IFCSURFACESTYLERENDERING(#12079,0.,$,$,$,$,$,$,.FLAT.);
#12081=IFCSURFACESTYLE($,.BOTH.,(#12080));
#12082=IFCPRESENTATIONSTYLEASSIGNMENT((#12081));
#12083=IFCSTYLEDITEM(#12058,(#12082),$);
#12084=IFCCARTESIANPOINT((-80.,40.));
#12085=IFCCARTESIANPOINT((-80.,32.));
#12086=IFCCARTESIANPOINT((-8.,32.));
#12087=IFCCARTESIANPOINT((-8.,-40.));
#12088=IFCCARTESIANPOINT((0.,-40.));
#12089=IFCCARTESIANPOINT((0.,40.));
#12090=IFCCARTESIANPOINT((-80.,40.));
#12091=IFCPOLYLINE((#12084,#12085,#12086,#12087,#12088,#12089,#12090));
#12092=IFCARBITRARYCLOSEDPROFILEDEF(.AREA.,$,#12091);
#12093=IFCCARTESIANPOINT((1824.2696,4915.1787,2234.5695));
#12094=IFCDIRECTION((-0.6673,-0.6673,0.3306));
#12095=IFCDIRECTION((-0.2338,-0.2338,-0.9438));
#12096=IFCAXIS2PLACEMENT3D(#12093,#12094,#12095);
#12097=IFCCARTESIANPOINT((-6218.9767,0.,0.));
#12098=IFCDIRECTION((0.,1.,0.));
#12099=IFCAXIS1PLACEMENT(#12097,#12098);
#12100=IFCREVOLVEDAREASOLID(#12092,#12096,#12099,0.144031598681162);
#12101=IFCSHAPEREPRESENTATION(#17,'Body','SweptSolid',(#12100));
#12102=IFCPRODUCTDEFINITIONSHAPE($,$,(#12101));
#12108=IFCOWNERHISTORY(#3,#4,.READWRITE.,.MODIFIED.,1779428012,#3,#4,1779428012);
#12109=IFCBEAM('2bQsrYPkfB3eirDn22JAtu',#12108,'swept beam_0_3',$,$,#12114,#12102,$);
#12110=IFCCARTESIANPOINT((0.,0.,0.));
#12111=IFCDIRECTION((0.,0.,1.));
#12112=IFCDIRECTION((1.,0.,0.));
#12113=IFCAXIS2PLACEMENT3D(#12110,#12111,#12112);
#12114=IFCLOCALPLACEMENT(#39,#12113);
#12115=IFCPROPERTYSINGLEVALUE('Name',$,IFCLABEL('swept beam_0_3'),$);
#12116=IFCPROPERTYSINGLEVALUE('ArcLength',$,IFCLENGTHMEASURE(896.),$);
#12117=IFCPROPERTYSINGLEVALUE('ArcAngle_rad',$,IFCREAL(0.14),$);
#12118=IFCPROPERTYSINGLEVALUE('ArcAngle_deg',$,IFCREAL(8.3),$);
#12119=IFCPROPERTYSET('1ZP8CQ39b2cwnew6kYfhDN',$,'EPset_IfcKit_Geometry',$,(#12115,#12116,#12117,#12118));
#12120=IFCRELDEFINESBYPROPERTIES('0yesgpN$nDFf0nQLGp4bl6',$,$,$,(#12109),#12119);
#12121=IFCCOLOURRGB($,0.501960784313725,0.501960784313725,0.501960784313725);
#12122=IFCSURFACESTYLERENDERING(#12121,0.,$,$,$,$,$,$,.FLAT.);
#12123=IFCSURFACESTYLE($,.BOTH.,(#12122));
#12124=IFCPRESENTATIONSTYLEASSIGNMENT((#12123));
#12125=IFCSTYLEDITEM(#12100,(#12124),$);
#12126=IFCCARTESIANPOINT((-80.,40.));
#12127=IFCCARTESIANPOINT((-80.,32.));
#12128=IFCCARTESIANPOINT((-8.,32.));
#12129=IFCCARTESIANPOINT((-8.,-40.));
#12130=IFCCARTESIANPOINT((0.,-40.));
#12131=IFCCARTESIANPOINT((0.,40.));
#12132=IFCCARTESIANPOINT((-80.,40.));
#12133=IFCPOLYLINE((#12126,#12127,#12128,#12129,#12130,#12131,#12132));
#12134=IFCARBITRARYCLOSEDPROFILEDEF(.AREA.,$,#12133);
#12135=IFCCARTESIANPOINT((2435.0229,5525.932,2000.2501));
#12136=IFCDIRECTION((-0.694,-0.694,0.1917));
#12137=IFCDIRECTION((-0.1356,-0.1356,-0.9815));
#12138=IFCAXIS2PLACEMENT3D(#12135,#12136,#12137);
#12139=IFCCARTESIANPOINT((-4691.7968,0.,0.));
#12140=IFCDIRECTION((0.,1.,0.));
#12141=IFCAXIS1PLACEMENT(#12139,#12140);
#12142=IFCREVOLVEDAREASOLID(#12134,#12138,#12141,0.190759531280119);
#12143=IFCSHAPEREPRESENTATION(#17,'Body','SweptSolid',(#12142));
#12144=IFCPRODUCTDEFINITIONSHAPE($,$,(#12143));
#12150=IFCOWNERHISTORY(#3,#4,.READWRITE.,.MODIFIED.,1779428012,#3,#4,1779428012);
#12151=IFCBEAM('0hQfkjNy10YxZND06by3pV',#12150,'swept beam_0_4',$,$,#12156,#12144,$);
#12152=IFCCARTESIANPOINT((0.,0.,0.));
#12153=IFCDIRECTION((0.,0.,1.));
#12154=IFCDIRECTION((1.,0.,0.));
#12155=IFCAXIS2PLACEMENT3D(#12152,#12153,#12154);
#12156=IFCLOCALPLACEMENT(#39,#12155);
#12157=IFCPROPERTYSINGLEVALUE('Name',$,IFCLABEL('swept beam_0_4'),$);
#12158=IFCPROPERTYSINGLEVALUE('ArcLength',$,IFCLENGTHMEASURE(895.),$);
#12159=IFCPROPERTYSINGLEVALUE('ArcAngle_rad',$,IFCREAL(0.19),$);
#12160=IFCPROPERTYSINGLEVALUE('ArcAngle_deg',$,IFCREAL(10.9),$);
#12161=IFCPROPERTYSET('2DwACbVD18kgqXJxRQa$sO',$,'EPset_IfcKit_Geometry',$,(#12157,#12158,#12159,#12160));
#12162=IFCRELDEFINESBYPROPERTIES('3okQyYpYfCt809Xdp$qDoK',$,$,$,(#12151),#12161);
#12163=IFCCOLOURRGB($,0.501960784313725,0.501960784313725,0.501960784313725);
#12164=IFCSURFACESTYLERENDERING(#12163,0.,$,$,$,$,$,$,.FLAT.);
#12165=IFCSURFACESTYLE($,.BOTH.,(#12164));
#12166=IFCPRESENTATIONSTYLEASSIGNMENT((#12165));
#12167=IFCSTYLEDITEM(#12142,(#12166),$);
#12168=IFCCARTESIANPOINT((-80.,40.));
#12169=IFCCARTESIANPOINT((-80.,32.));
#12170=IFCCARTESIANPOINT((-8.,32.));
#12171=IFCCARTESIANPOINT((-8.,-40.));
#12172=IFCCARTESIANPOINT((0.,-40.));
#12173=IFCCARTESIANPOINT((0.,40.));
#12174=IFCCARTESIANPOINT((-80.,40.));
#12175=IFCPOLYLINE((#12168,#12169,#12170,#12171,#12172,#12173,#12174));
#12176=IFCARBITRARYCLOSEDPROFILEDEF(.AREA.,$,#12175);
#12177=IFCCARTESIANPOINT((3063.9258,6154.8349,1913.2444));
#12178=IFCDIRECTION((-0.7071,-0.7071,0.0021));
#12179=IFCDIRECTION((-0.0015,-0.0015,-1.));
#12180=IFCAXIS2PLACEMENT3D(#12177,#12178,#12179);
#12181=IFCCARTESIANPOINT((-5100.2207,0.,0.));
#12182=IFCDIRECTION((0.,1.,0.));
#12183=IFCAXIS1PLACEMENT(#12181,#12182);
#12184=IFCREVOLVEDAREASOLID(#12176,#12180,#12183,0.175565307679117);
#12185=IFCSHAPEREPRESENTATION(#17,'Body','SweptSolid',(#12184));
#12186=IFCPRODUCTDEFINITIONSHAPE($,$,(#12185));
#12192=IFCOWNERHISTORY(#3,#4,.READWRITE.,.MODIFIED.,1779428012,#3,#4,1779428012);
#12193=IFCBEAM('2MYfC33617UBkpMCO0OgME',#12192,'swept beam_0_5',$,$,#12198,#12186,$);
#12194=IFCCARTESIANPOINT((0.,0.,0.));
#12195=IFCDIRECTION((0.,0.,1.));
#12196=IFCDIRECTION((1.,0.,0.));
#12197=IFCAXIS2PLACEMENT3D(#12194,#12195,#12196);
#12198=IFCLOCALPLACEMENT(#39,#12197);
#12199=IFCPROPERTYSINGLEVALUE('Name',$,IFCLABEL('swept beam_0_5'),$);
#12200=IFCPROPERTYSINGLEVALUE('ArcLength',$,IFCLENGTHMEASURE(895.),$);
#12201=IFCPROPERTYSINGLEVALUE('ArcAngle_rad',$,IFCREAL(0.18),$);
#12202=IFCPROPERTYSINGLEVALUE('ArcAngle_deg',$,IFCREAL(10.1),$);
#12203=IFCPROPERTYSET('3doaBJL2vChBzJ6XNFYw6D',$,'EPset_IfcKit_Geometry',$,(#12199,#12200,#12201,#12202));
#12204=IFCRELDEFINESBYPROPERTIES('2kX7WLlqr85v5$DBnntc9_',$,$,$,(#12193),#12203);
#12205=IFCCOLOURRGB($,0.501960784313725,0.501960784313725,0.501960784313725);
#12206=IFCSURFACESTYLERENDERING(#12205,0.,$,$,$,$,$,$,.FLAT.);
#12207=IFCSURFACESTYLE($,.BOTH.,(#12206));
#12208=IFCPRESENTATIONSTYLEASSIGNMENT((#12207));
#12209=IFCSTYLEDITEM(#12184,(#12208),$);
#12210=IFCCARTESIANPOINT((-80.,40.));
#12211=IFCCARTESIANPOINT((-80.,32.));
#12212=IFCCARTESIANPOINT((-8.,32.));
#12213=IFCCARTESIANPOINT((-8.,-40.));
#12214=IFCCARTESIANPOINT((0.,-40.));
#12215=IFCCARTESIANPOINT((0.,40.));
#12216=IFCCARTESIANPOINT((-80.,40.));
#12217=IFCPOLYLINE((#12210,#12211,#12212,#12213,#12214,#12215,#12216));
#12218=IFCARBITRARYCLOSEDPROFILEDEF(.AREA.,$,#12217);
#12219=IFCCARTESIANPOINT((3693.9539,6784.863,1989.7434));
#12220=IFCDIRECTION((-0.6965,-0.6965,-0.1726));
#12221=IFCDIRECTION((0.122,0.122,-0.985));
#12222=IFCAXIS2PLACEMENT3D(#12219,#12220,#12221);
#12223=IFCCARTESIANPOINT((-6840.8168,0.,0.));
#12224=IFCDIRECTION((0.,1.,0.));
#12225=IFCAXIS1PLACEMENT(#12223,#12224);
#12226=IFCREVOLVEDAREASOLID(#12218,#12222,#12225,0.13100805181471);
#12227=IFCSHAPEREPRESENTATION(#17,'Body','SweptSolid',(#12226));
#12228=IFCPRODUCTDEFINITIONSHAPE($,$,(#12227));
#12234=IFCOWNERHISTORY(#3,#4,.READWRITE.,.MODIFIED.,1779428012,#3,#4,1779428012);
#12235=IFCBEAM('1iQq3T_fX8vghLfdpCINTb',#12234,'swept beam_0_6',$,$,#12240,#12228,$);
#12236=IFCCARTESIANPOINT((0.,0.,0.));
#12237=IFCDIRECTION((0.,0.,1.));
#12238=IFCDIRECTION((1.,0.,0.));
#12239=IFCAXIS2PLACEMENT3D(#12236,#12237,#12238);
#12240=IFCLOCALPLACEMENT(#39,#12239);
#12241=IFCPROPERTYSINGLEVALUE('Name',$,IFCLABEL('swept beam_0_6'),$);
#12242=IFCPROPERTYSINGLEVALUE('ArcLength',$,IFCLENGTHMEASURE(896.),$);
#12243=IFCPROPERTYSINGLEVALUE('ArcAngle_rad',$,IFCREAL(0.13),$);
#12244=IFCPROPERTYSINGLEVALUE('ArcAngle_deg',$,IFCREAL(7.5),$);
#12245=IFCPROPERTYSET('0Kwk7uLF11pBQbKgk8cVF$',$,'EPset_IfcKit_Geometry',$,(#12241,#12242,#12243,#12244));
#12246=IFCRELDEFINESBYPROPERTIES('0ifQjAQJXD4ehX1kK4hsNO',$,$,$,(#12235),#12245);
#12247=IFCCOLOURRGB($,0.501960784313725,0.501960784313725,0.501960784313725);
#12248=IFCSURFACESTYLERENDERING(#12247,0.,$,$,$,$,$,$,.FLAT.);
#12249=IFCSURFACESTYLE($,.BOTH.,(#12248));
#12250=IFCPRESENTATIONSTYLEASSIGNMENT((#12249));
#12251=IFCSTYLEDITEM(#12226,(#12250),$);
#12252=IFCCARTESIANPOINT((-80.,40.));
#12253=IFCCARTESIANPOINT((-80.,32.));
#12254=IFCCARTESIANPOINT((-8.,32.));
#12255=IFCCARTESIANPOINT((-8.,-40.));
#12256=IFCCARTESIANPOINT((0.,-40.));
#12257=IFCCARTESIANPOINT((0.,40.));
#12258=IFCCARTESIANPOINT((-80.,40.));
#12259=IFCPOLYLINE((#12252,#12253,#12254,#12255,#12256,#12257,#12258));
#12260=IFCARBITRARYCLOSEDPROFILEDEF(.AREA.,$,#12259);
#12261=IFCCARTESIANPOINT((4309.221,7400.1301,2201.6937));
#12262=IFCDIRECTION((-0.6746,-0.6746,-0.2998));
#12263=IFCDIRECTION((0.212,0.212,-0.954));
#12264=IFCAXIS2PLACEMENT3D(#12261,#12262,#12263);
#12265=IFCCARTESIANPOINT((-16641.4001,0.,0.));
#12266=IFCDIRECTION((0.,1.,0.));
#12267=IFCAXIS1PLACEMENT(#12265,#12266);
#12268=IFCREVOLVEDAREASOLID(#12260,#12264,#12267,0.0539178585328608);
#12269=IFCSHAPEREPRESENTATION(#17,'Body','SweptSolid',(#12268));
#12270=IFCPRODUCTDEFINITIONSHAPE($,$,(#12269));
#12276=IFCOWNERHISTORY(#3,#4,.READWRITE.,.MODIFIED.,1779428012,#3,#4,1779428012);
#12277=IFCBEAM('3WyK7BvJb50hJy3aoiX9iP',#12276,'swept beam_0_7',$,$,#12282,#12270,$);
#12278=IFCCARTESIANPOINT((0.,0.,0.));
#12279=IFCDIRECTION((0.,0.,1.));
#12280=IFCDIRECTION((1.,0.,0.));
#12281=IFCAXIS2PLACEMENT3D(#12278,#12279,#12280);
#12282=IFCLOCALPLACEMENT(#39,#12281);
#12283=IFCPROPERTYSINGLEVALUE('Name',$,IFCLABEL('swept beam_0_7'),$);
#12284=IFCPROPERTYSINGLEVALUE('ArcLength',$,IFCLENGTHMEASURE(897.),$);
#12285=IFCPROPERTYSINGLEVALUE('ArcAngle_rad',$,IFCREAL(0.05),$);
#12286=IFCPROPERTYSINGLEVALUE('ArcAngle_deg',$,IFCREAL(3.1),$);
#12287=IFCPROPERTYSET('0ERL2qzUf6RfK0wR$0qGyZ',$,'EPset_IfcKit_Geometry',$,(#12283,#12284,#12285,#12286));
#12288=IFCRELDEFINESBYPROPERTIES('0_rlaj4lL5FwFRctJtnxBP',$,$,$,(#12277),#12287);
#12289=IFCCOLOURRGB($,0.501960784313725,0.501960784313725,0.501960784313725);
#12290=IFCSURFACESTYLERENDERING(#12289,0.,$,$,$,$,$,$,.FLAT.);
#12291=IFCSURFACESTYLE($,.BOTH.,(#12290));
#12292=IFCPRESENTATIONSTYLEASSIGNMENT((#12291));
#12293=IFCSTYLEDITEM(#12268,(#12292),$);
#12294=IFCCARTESIANPOINT((80.,-40.));
#12295=IFCCARTESIANPOINT((80.,-32.));
#12296=IFCCARTESIANPOINT((8.,-32.));
#12297=IFCCARTESIANPOINT((8.,40.));
#12298=IFCCARTESIANPOINT((0.,40.));
#12299=IFCCARTESIANPOINT((0.,-40.));
#12300=IFCCARTESIANPOINT((80.,-40.));
#12301=IFCPOLYLINE((#12294,#12295,#12296,#12297,#12298,#12299,#12300));
#12302=IFCARBITRARYCLOSEDPROFILEDEF(.AREA.,$,#12301);
#12303=IFCCARTESIANPOINT((0.,3500.,2846.6595));
#12304=IFCDIRECTION((-0.6721,-0.6721,0.3109));
#12305=IFCDIRECTION((0.2198,0.2198,0.9504));
#12306=IFCAXIS2PLACEMENT3D(#12303,#12304,#12305);
#12307=IFCCARTESIANPOINT((-14703.0478,0.,0.));
#12308=IFCDIRECTION((0.,1.,0.));
#12309=IFCAXIS1PLACEMENT(#12307,#12308);
#12310=IFCREVOLVEDAREASOLID(#12302,#12306,#12309,0.0566008508436557);
#12311=IFCSHAPEREPRESENTATION(#17,'Body','SweptSolid',(#12310));
#12312=IFCPRODUCTDEFINITIONSHAPE($,$,(#12311));
#12318=IFCOWNERHISTORY(#3,#4,.READWRITE.,.MODIFIED.,1779428012,#3,#4,1779428012);
#12319=IFCBEAM('1LqpEJuP91euSEjg$Fq4kd',#12318,'swept beam_0_0',$,$,#12324,#12312,$);
#12320=IFCCARTESIANPOINT((0.,0.,0.));
#12321=IFCDIRECTION((0.,0.,1.));
#12322=IFCDIRECTION((1.,0.,0.));
#12323=IFCAXIS2PLACEMENT3D(#12320,#12321,#12322);
#12324=IFCLOCALPLACEMENT(#39,#12323);
#12325=IFCPROPERTYSINGLEVALUE('Name',$,IFCLABEL('swept beam_0_0'),$);
#12326=IFCPROPERTYSINGLEVALUE('ArcLength',$,IFCLENGTHMEASURE(832.),$);
#12327=IFCPROPERTYSINGLEVALUE('ArcAngle_rad',$,IFCREAL(0.06),$);
#12328=IFCPROPERTYSINGLEVALUE('ArcAngle_deg',$,IFCREAL(3.2),$);
#12329=IFCPROPERTYSET('3$PVSp7ijCWhB_6jQxXRju',$,'EPset_IfcKit_Geometry',$,(#12325,#12326,#12327,#12328));
#12330=IFCRELDEFINESBYPROPERTIES('3GzEKcDB95_R5b0AK6vqqR',$,$,$,(#12319),#12329);
#12331=IFCCOLOURRGB($,0.501960784313725,0.501960784313725,0.501960784313725);
#12332=IFCSURFACESTYLERENDERING(#12331,0.,$,$,$,$,$,$,.FLAT.);
#12333=IFCSURFACESTYLE($,.BOTH.,(#12332));
#12334=IFCPRESENTATIONSTYLEASSIGNMENT((#12333));
#12335=IFCSTYLEDITEM(#12310,(#12334),$);
#12336=IFCCARTESIANPOINT((80.,-40.));
#12337=IFCCARTESIANPOINT((80.,-32.));
#12338=IFCCARTESIANPOINT((8.,-32.));
#12339=IFCCARTESIANPOINT((8.,40.));
#12340=IFCCARTESIANPOINT((0.,40.));
#12341=IFCCARTESIANPOINT((0.,-40.));
#12342=IFCCARTESIANPOINT((80.,-40.));
#12343=IFCPOLYLINE((#12336,#12337,#12338,#12339,#12340,#12341,#12342));
#12344=IFCARBITRARYCLOSEDPROFILEDEF(.AREA.,$,#12343);
#12345=IFCCARTESIANPOINT((553.8241,4053.8241,2565.7005));
#12346=IFCDIRECTION((-0.6586,-0.6586,0.3642));
#12347=IFCDIRECTION((0.2575,0.2575,0.9313));
#12348=IFCAXIS2PLACEMENT3D(#12345,#12346,#12347);
#12349=IFCCARTESIANPOINT((-27851.0512,0.,0.));
#12350=IFCDIRECTION((0.,1.,0.));
#12351=IFCAXIS1PLACEMENT(#12349,#12350);
#12352=IFCREVOLVEDAREASOLID(#12344,#12348,#12351,0.0298863154643586);
#12353=IFCSHAPEREPRESENTATION(#17,'Body','SweptSolid',(#12352));
#12354=IFCPRODUCTDEFINITIONSHAPE($,$,(#12353));
#12360=IFCOWNERHISTORY(#3,#4,.READWRITE.,.MODIFIED.,1779428012,#3,#4,1779428012);
#12361=IFCBEAM('0AgYUCr51AnfQ6VZ5DczCV',#12360,'swept beam_0_1',$,$,#12366,#12354,$);
#12362=IFCCARTESIANPOINT((0.,0.,0.));
#12363=IFCDIRECTION((0.,0.,1.));
#12364=IFCDIRECTION((1.,0.,0.));
#12365=IFCAXIS2PLACEMENT3D(#12362,#12363,#12364);
#12366=IFCLOCALPLACEMENT(#39,#12365);
#12367=IFCPROPERTYSINGLEVALUE('Name',$,IFCLABEL('swept beam_0_1'),$);
#12368=IFCPROPERTYSINGLEVALUE('ArcLength',$,IFCLENGTHMEASURE(832.),$);
#12369=IFCPROPERTYSINGLEVALUE('ArcAngle_rad',$,IFCREAL(0.03),$);
#12370=IFCPROPERTYSINGLEVALUE('ArcAngle_deg',$,IFCREAL(1.7),$);
#12371=IFCPROPERTYSET('25SwPekOD7vAb8TqpoDeic',$,'EPset_IfcKit_Geometry',$,(#12367,#12368,#12369,#12370));
#12372=IFCRELDEFINESBYPROPERTIES('1efkJ0z9n19xECiOhT670B',$,$,$,(#12361),#12371);
#12373=IFCCOLOURRGB($,0.501960784313725,0.501960784313725,0.501960784313725);
#12374=IFCSURFACESTYLERENDERING(#12373,0.,$,$,$,$,$,$,.FLAT.);
#12375=IFCSURFACESTYLE($,.BOTH.,(#12374));
#12376=IFCPRESENTATIONSTYLEASSIGNMENT((#12375));
#12377=IFCSTYLEDITEM(#12352,(#12376),$);
#12378=IFCCARTESIANPOINT((-80.,40.));
#12379=IFCCARTESIANPOINT((-80.,32.));
#12380=IFCCARTESIANPOINT((-8.,32.));
#12381=IFCCARTESIANPOINT((-8.,-40.));
#12382=IFCCARTESIANPOINT((0.,-40.));
#12383=IFCCARTESIANPOINT((0.,40.));
#12384=IFCCARTESIANPOINT((-80.,40.));
#12385=IFCPOLYLINE((#12378,#12379,#12380,#12381,#12382,#12383,#12384));
#12386=IFCARBITRARYCLOSEDPROFILEDEF(.AREA.,$,#12385);
#12387=IFCCARTESIANPOINT((1098.6994,4598.6994,2251.0543));
#12388=IFCDIRECTION((-0.6506,-0.6506,0.3918));
#12389=IFCDIRECTION((-0.2771,-0.2771,-0.92));
#12390=IFCAXIS2PLACEMENT3D(#12387,#12388,#12389);
#12391=IFCCARTESIANPOINT((-16666.0483,0.,0.));
#12392=IFCDIRECTION((0.,1.,0.));
#12393=IFCAXIS1PLACEMENT(#12391,#12392);
#12394=IFCREVOLVEDAREASOLID(#12386,#12390,#12393,0.0500401463278759);
#12395=IFCSHAPEREPRESENTATION(#17,'Body','SweptSolid',(#12394));
#12396=IFCPRODUCTDEFINITIONSHAPE($,$,(#12395));
#12402=IFCOWNERHISTORY(#3,#4,.READWRITE.,.MODIFIED.,1779428012,#3,#4,1779428012);
#12403=IFCBEAM('2tPa02n5f4zu8DfL4GQNt0',#12402,'swept beam_0_2',$,$,#12408,#12396,$);
#12404=IFCCARTESIANPOINT((0.,0.,0.));
#12405=IFCDIRECTION((0.,0.,1.));
#12406=IFCDIRECTION((1.,0.,0.));
#12407=IFCAXIS2PLACEMENT3D(#12404,#12405,#12406);
#12408=IFCLOCALPLACEMENT(#39,#12407);
#12409=IFCPROPERTYSINGLEVALUE('Name',$,IFCLABEL('swept beam_0_2'),$);
#12410=IFCPROPERTYSINGLEVALUE('ArcLength',$,IFCLENGTHMEASURE(834.),$);
#12411=IFCPROPERTYSINGLEVALUE('ArcAngle_rad',$,IFCREAL(0.05),$);
#12412=IFCPROPERTYSINGLEVALUE('ArcAngle_deg',$,IFCREAL(2.9),$);
#12413=IFCPROPERTYSET('2ZHpY6iqj2cvf9$SBXN9kE',$,'EPset_IfcKit_Geometry',$,(#12409,#12410,#12411,#12412));
#12414=IFCRELDEFINESBYPROPERTIES('2SYxowAaX6$BqvZ9pQVrS2',$,$,$,(#12403),#12413);
#12415=IFCCOLOURRGB($,0.501960784313725,0.501960784313725,0.501960784313725);
#12416=IFCSURFACESTYLERENDERING(#12415,0.,$,$,$,$,$,$,.FLAT.);
#12417=IFCSURFACESTYLE($,.BOTH.,(#12416));
#12418=IFCPRESENTATIONSTYLEASSIGNMENT((#12417));
#12419=IFCSTYLEDITEM(#12394,(#12418),$);
#12420=IFCCARTESIANPOINT((-80.,40.));
#12421=IFCCARTESIANPOINT((-80.,32.));
#12422=IFCCARTESIANPOINT((-8.,32.));
#12423=IFCCARTESIANPOINT((-8.,-40.));
#12424=IFCCARTESIANPOINT((0.,-40.));
#12425=IFCCARTESIANPOINT((0.,40.));
#12426=IFCCARTESIANPOINT((-80.,40.));
#12427=IFCPOLYLINE((#12420,#12421,#12422,#12423,#12424,#12425,#12426));
#12428=IFCARBITRARYCLOSEDPROFILEDEF(.AREA.,$,#12427);
#12429=IFCCARTESIANPOINT((1646.808,5146.808,1943.6174));
#12430=IFCDIRECTION((-0.6636,-0.6636,0.3453));
#12431=IFCDIRECTION((-0.2442,-0.2442,-0.9385));
#12432=IFCAXIS2PLACEMENT3D(#12429,#12430,#12431);
#12433=IFCCARTESIANPOINT((-4927.2343,0.,0.));
#12434=IFCDIRECTION((0.,1.,0.));
#12435=IFCAXIS1PLACEMENT(#12433,#12434);
#12436=IFCREVOLVEDAREASOLID(#12428,#12432,#12435,0.168890256431927);
#12437=IFCSHAPEREPRESENTATION(#17,'Body','SweptSolid',(#12436));
#12438=IFCPRODUCTDEFINITIONSHAPE($,$,(#12437));
#12444=IFCOWNERHISTORY(#3,#4,.READWRITE.,.MODIFIED.,1779428012,#3,#4,1779428012);
#12445=IFCBEAM('3Ln71xhRL2wP$ZYqnnGDPY',#12444,'swept beam_0_3',$,$,#12450,#12438,$);
#12446=IFCCARTESIANPOINT((0.,0.,0.));
#12447=IFCDIRECTION((0.,0.,1.));
#12448=IFCDIRECTION((1.,0.,0.));
#12449=IFCAXIS2PLACEMENT3D(#12446,#12447,#12448);
#12450=IFCLOCALPLACEMENT(#39,#12449);
#12451=IFCPROPERTYSINGLEVALUE('Name',$,IFCLABEL('swept beam_0_3'),$);
#12452=IFCPROPERTYSINGLEVALUE('ArcLength',$,IFCLENGTHMEASURE(832.),$);
#12453=IFCPROPERTYSINGLEVALUE('ArcAngle_rad',$,IFCREAL(0.17),$);
#12454=IFCPROPERTYSINGLEVALUE('ArcAngle_deg',$,IFCREAL(9.7),$);
#12455=IFCPROPERTYSET('08SOTDvqD07Aze1NYtL_nO',$,'EPset_IfcKit_Geometry',$,(#12451,#12452,#12453,#12454));
#12456=IFCRELDEFINESBYPROPERTIES('3kIW5VeCD80fTwP3oXnNSl',$,$,$,(#12445),#12455);
#12457=IFCCOLOURRGB($,0.501960784313725,0.501960784313725,0.501960784313725);
#12458=IFCSURFACESTYLERENDERING(#12457,0.,$,$,$,$,$,$,.FLAT.);
#12459=IFCSURFACESTYLE($,.BOTH.,(#12458));
#12460=IFCPRESENTATIONSTYLEASSIGNMENT((#12459));
#12461=IFCSTYLEDITEM(#12436,(#12460),$);
#12462=IFCCARTESIANPOINT((-80.,40.));
#12463=IFCCARTESIANPOINT((-80.,32.));
#12464=IFCCARTESIANPOINT((-8.,32.));
#12465=IFCCARTESIANPOINT((-8.,-40.));
#12466=IFCCARTESIANPOINT((0.,-40.));
#12467=IFCCARTESIANPOINT((0.,40.));
#12468=IFCCARTESIANPOINT((-80.,40.));
#12469=IFCPOLYLINE((#12462,#12463,#12464,#12465,#12466,#12467,#12468));
#12470=IFCARBITRARYCLOSEDPROFILEDEF(.AREA.,$,#12469);
#12471=IFCCARTESIANPOINT((2213.5364,5713.5364,1723.4207));
#12472=IFCDIRECTION((-0.6952,-0.6952,0.1826));
#12473=IFCDIRECTION((-0.1292,-0.1292,-0.9832));
#12474=IFCAXIS2PLACEMENT3D(#12471,#12472,#12473);
#12475=IFCCARTESIANPOINT((-4114.9994,0.,0.));
#12476=IFCDIRECTION((0.,1.,0.));
#12477=IFCAXIS1PLACEMENT(#12475,#12476);
#12478=IFCREVOLVEDAREASOLID(#12470,#12474,#12477,0.202093184506927);
#12479=IFCSHAPEREPRESENTATION(#17,'Body','SweptSolid',(#12478));
#12480=IFCPRODUCTDEFINITIONSHAPE($,$,(#12479));
#12486=IFCOWNERHISTORY(#3,#4,.READWRITE.,.MODIFIED.,1779428012,#3,#4,1779428012);
#12487=IFCBEAM('2Cp6ikklvB7hi6vu3bqBlv',#12486,'swept beam_0_4',$,$,#12492,#12480,$);
#12488=IFCCARTESIANPOINT((0.,0.,0.));
#12489=IFCDIRECTION((0.,0.,1.));
#12490=IFCDIRECTION((1.,0.,0.));
#12491=IFCAXIS2PLACEMENT3D(#12488,#12489,#12490);
#12492=IFCLOCALPLACEMENT(#39,#12491);
#12493=IFCPROPERTYSINGLEVALUE('Name',$,IFCLABEL('swept beam_0_4'),$);
#12494=IFCPROPERTYSINGLEVALUE('ArcLength',$,IFCLENGTHMEASURE(832.),$);
#12495=IFCPROPERTYSINGLEVALUE('ArcAngle_rad',$,IFCREAL(0.2),$);
#12496=IFCPROPERTYSINGLEVALUE('ArcAngle_deg',$,IFCREAL(11.6),$);
#12497=IFCPROPERTYSET('0y0jPgfnf5b9EZ9AQO04at',$,'EPset_IfcKit_Geometry',$,(#12493,#12494,#12495,#12496));
#12498=IFCRELDEFINESBYPROPERTIES('115h9m1dL1wxkFEAWTCHXa',$,$,$,(#12487),#12497);
#12499=IFCCOLOURRGB($,0.501960784313725,0.501960784313725,0.501960784313725);
#12500=IFCSURFACESTYLERENDERING(#12499,0.,$,$,$,$,$,$,.FLAT.);
#12501=IFCSURFACESTYLE($,.BOTH.,(#12500));
#12502=IFCPRESENTATIONSTYLEASSIGNMENT((#12501));
#12503=IFCSTYLEDITEM(#12478,(#12502),$);
#12504=IFCCARTESIANPOINT((-80.,40.));
#12505=IFCCARTESIANPOINT((-80.,32.));
#12506=IFCCARTESIANPOINT((-8.,32.));
#12507=IFCCARTESIANPOINT((-8.,-40.));
#12508=IFCCARTESIANPOINT((0.,-40.));
#12509=IFCCARTESIANPOINT((0.,40.));
#12510=IFCCARTESIANPOINT((-80.,40.));
#12511=IFCPOLYLINE((#12504,#12505,#12506,#12507,#12508,#12509,#12510));
#12512=IFCARBITRARYCLOSEDPROFILEDEF(.AREA.,$,#12511);
#12513=IFCCARTESIANPOINT((2798.5726,6298.5726,1654.8977));
#12514=IFCDIRECTION((-0.707,-0.707,-0.0184));
#12515=IFCDIRECTION((0.013,0.013,-0.9998));
#12516=IFCAXIS2PLACEMENT3D(#12513,#12514,#12515);
#12517=IFCCARTESIANPOINT((-4656.3488,0.,0.));
#12518=IFCDIRECTION((0.,1.,0.));
#12519=IFCAXIS1PLACEMENT(#12517,#12518);
#12520=IFCREVOLVEDAREASOLID(#12512,#12516,#12519,0.178730760594654);
#12521=IFCSHAPEREPRESENTATION(#17,'Body','SweptSolid',(#12520));
#12522=IFCPRODUCTDEFINITIONSHAPE($,$,(#12521));
#12528=IFCOWNERHISTORY(#3,#4,.READWRITE.,.MODIFIED.,1779428012,#3,#4,1779428012);
#12529=IFCBEAM('0kCXe0IPL2r83R9XV0wZts',#12528,'swept beam_0_5',$,$,#12534,#12522,$);
#12530=IFCCARTESIANPOINT((0.,0.,0.));
#12531=IFCDIRECTION((0.,0.,1.));
#12532=IFCDIRECTION((1.,0.,0.));
#12533=IFCAXIS2PLACEMENT3D(#12530,#12531,#12532);
#12534=IFCLOCALPLACEMENT(#39,#12533);
#12535=IFCPROPERTYSINGLEVALUE('Name',$,IFCLABEL('swept beam_0_5'),$);
#12536=IFCPROPERTYSINGLEVALUE('ArcLength',$,IFCLENGTHMEASURE(832.),$);
#12537=IFCPROPERTYSINGLEVALUE('ArcAngle_rad',$,IFCREAL(0.18),$);
#12538=IFCPROPERTYSINGLEVALUE('ArcAngle_deg',$,IFCREAL(10.2),$);
#12539=IFCPROPERTYSET('24ZEEpOsb99RAWAGGm8UgK',$,'EPset_IfcKit_Geometry',$,(#12535,#12536,#12537,#12538));
#12540=IFCRELDEFINESBYPROPERTIES('3P$D6bwarFFvvQ3XNVkYUQ',$,$,$,(#12529),#12539);
#12541=IFCCOLOURRGB($,0.501960784313725,0.501960784313725,0.501960784313725);
#12542=IFCSURFACESTYLERENDERING(#12541,0.,$,$,$,$,$,$,.FLAT.);
#12543=IFCSURFACESTYLE($,.BOTH.,(#12542));
#12544=IFCPRESENTATIONSTYLEASSIGNMENT((#12543));
#12545=IFCSTYLEDITEM(#12520,(#12544),$);
#12546=IFCCARTESIANPOINT((-80.,40.));
#12547=IFCCARTESIANPOINT((-80.,32.));
#12548=IFCCARTESIANPOINT((-8.,32.));
#12549=IFCCARTESIANPOINT((-8.,-40.));
#12550=IFCCARTESIANPOINT((0.,-40.));
#12551=IFCCARTESIANPOINT((0.,40.));
#12552=IFCCARTESIANPOINT((-80.,40.));
#12553=IFCPOLYLINE((#12546,#12547,#12548,#12549,#12550,#12551,#12552));
#12554=IFCARBITRARYCLOSEDPROFILEDEF(.AREA.,$,#12553);
#12555=IFCCARTESIANPOINT((3382.8569,6882.8569,1744.3029));
#12556=IFCDIRECTION((-0.6934,-0.6934,-0.1959));
#12557=IFCDIRECTION((0.1385,0.1385,-0.9806));
#12558=IFCAXIS2PLACEMENT3D(#12555,#12556,#12557);
#12559=IFCCARTESIANPOINT((-6037.2516,0.,0.));
#12560=IFCDIRECTION((0.,1.,0.));
#12561=IFCAXIS1PLACEMENT(#12559,#12560);
#12562=IFCREVOLVEDAREASOLID(#12554,#12558,#12561,0.137907465860797);
#12563=IFCSHAPEREPRESENTATION(#17,'Body','SweptSolid',(#12562));
#12564=IFCPRODUCTDEFINITIONSHAPE($,$,(#12563));
#12570=IFCOWNERHISTORY(#3,#4,.READWRITE.,.MODIFIED.,1779428012,#3,#4,1779428012);
#12571=IFCBEAM('2kn5ikQ9H6kwVsq$ljUHSt',#12570,'swept beam_0_6',$,$,#12576,#12564,$);
#12572=IFCCARTESIANPOINT((0.,0.,0.));
#12573=IFCDIRECTION((0.,0.,1.));
#12574=IFCDIRECTION((1.,0.,0.));
#12575=IFCAXIS2PLACEMENT3D(#12572,#12573,#12574);
#12576=IFCLOCALPLACEMENT(#39,#12575);
#12577=IFCPROPERTYSINGLEVALUE('Name',$,IFCLABEL('swept beam_0_6'),$);
#12578=IFCPROPERTYSINGLEVALUE('ArcLength',$,IFCLENGTHMEASURE(833.),$);
#12579=IFCPROPERTYSINGLEVALUE('ArcAngle_rad',$,IFCREAL(0.14),$);
#12580=IFCPROPERTYSINGLEVALUE('ArcAngle_deg',$,IFCREAL(7.9),$);
#12581=IFCPROPERTYSET('2n1Lp8iwn0HPMdjU6c2CZO',$,'EPset_IfcKit_Geometry',$,(#12577,#12578,#12579,#12580));
#12582=IFCRELDEFINESBYPROPERTIES('3w9ayA09vFjAgYdp0E7UTD',$,$,$,(#12571),#12581);
#12583=IFCCOLOURRGB($,0.501960784313725,0.501960784313725,0.501960784313725);
#12584=IFCSURFACESTYLERENDERING(#12583,0.,$,$,$,$,$,$,.FLAT.);
#12585=IFCSURFACESTYLE($,.BOTH.,(#12584));
#12586=IFCPRESENTATIONSTYLEASSIGNMENT((#12585));
#12587=IFCSTYLEDITEM(#12562,(#12586),$);
#12588=IFCCARTESIANPOINT((-80.,40.));
#12589=IFCCARTESIANPOINT((-80.,32.));
#12590=IFCCARTESIANPOINT((-8.,32.));
#12591=IFCCARTESIANPOINT((-8.,-40.));
#12592=IFCCARTESIANPOINT((0.,-40.));
#12593=IFCCARTESIANPOINT((0.,40.));
#12594=IFCCARTESIANPOINT((-80.,40.));
#12595=IFCPOLYLINE((#12588,#12589,#12590,#12591,#12592,#12593,#12594));
#12596=IFCARBITRARYCLOSEDPROFILEDEF(.AREA.,$,#12595);
#12597=IFCCARTESIANPOINT((3950.4107,7450.4107,1963.0733));
#12598=IFCDIRECTION((-0.6678,-0.6678,-0.3288));
#12599=IFCDIRECTION((0.2325,0.2325,-0.9444));
#12600=IFCAXIS2PLACEMENT3D(#12597,#12598,#12599);
#12601=IFCCARTESIANPOINT((-12181.084,0.,0.));
#12602=IFCDIRECTION((0.,1.,0.));
#12603=IFCAXIS1PLACEMENT(#12601,#12602);
#12604=IFCREVOLVEDAREASOLID(#12596,#12600,#12603,0.0684322231689182);
#12605=IFCSHAPEREPRESENTATION(#17,'Body','SweptSolid',(#12604));
#12606=IFCPRODUCTDEFINITIONSHAPE($,$,(#12605));
#12612=IFCOWNERHISTORY(#3,#4,.READWRITE.,.MODIFIED.,1779428012,#3,#4,1779428012);
#12613=IFCBEAM('1Yigc6ECf7UxSzCJ_LIdJd',#12612,'swept beam_0_7',$,$,#12618,#12606,$);
#12614=IFCCARTESIANPOINT((0.,0.,0.));
#12615=IFCDIRECTION((0.,0.,1.));
#12616=IFCDIRECTION((1.,0.,0.));
#12617=IFCAXIS2PLACEMENT3D(#12614,#12615,#12616);
#12618=IFCLOCALPLACEMENT(#39,#12617);
#12619=IFCPROPERTYSINGLEVALUE('Name',$,IFCLABEL('swept beam_0_7'),$);
#12620=IFCPROPERTYSINGLEVALUE('ArcLength',$,IFCLENGTHMEASURE(834.),$);
#12621=IFCPROPERTYSINGLEVALUE('ArcAngle_rad',$,IFCREAL(0.07),$);
#12622=IFCPROPERTYSINGLEVALUE('ArcAngle_deg',$,IFCREAL(3.9),$);
#12623=IFCPROPERTYSET('30XPuFDMD1IOQEOT6jpAIi',$,'EPset_IfcKit_Geometry',$,(#12619,#12620,#12621,#12622));
#12624=IFCRELDEFINESBYPROPERTIES('1LgThJdrn9BOAxYoNVhl6J',$,$,$,(#12613),#12623);
#12625=IFCCOLOURRGB($,0.501960784313725,0.501960784313725,0.501960784313725);
#12626=IFCSURFACESTYLERENDERING(#12625,0.,$,$,$,$,$,$,.FLAT.);
#12627=IFCSURFACESTYLE($,.BOTH.,(#12626));
#12628=IFCPRESENTATIONSTYLEASSIGNMENT((#12627));
#12629=IFCSTYLEDITEM(#12604,(#12628),$);
#12630=IFCCARTESIANPOINT((80.,-40.));
#12631=IFCCARTESIANPOINT((80.,-32.));
#12632=IFCCARTESIANPOINT((8.,-32.));
#12633=IFCCARTESIANPOINT((8.,40.));
#12634=IFCCARTESIANPOINT((0.,40.));
#12635=IFCCARTESIANPOINT((0.,-40.));
#12636=IFCCARTESIANPOINT((80.,-40.));
#12637=IFCPOLYLINE((#12630,#12631,#12632,#12633,#12634,#12635,#12636));
#12638=IFCARBITRARYCLOSEDPROFILEDEF(.AREA.,$,#12637);
#12639=IFCCARTESIANPOINT((0.,3909.0909,2639.2961));
#12640=IFCDIRECTION((-0.6392,-0.6392,0.4276));
#12641=IFCDIRECTION((0.3023,0.3023,0.904));
#12642=IFCAXIS2PLACEMENT3D(#12639,#12640,#12641);
#12643=IFCCARTESIANPOINT((-18585.2088,0.,0.));
#12644=IFCDIRECTION((0.,1.,0.));
#12645=IFCAXIS1PLACEMENT(#12643,#12644);
#12646=IFCREVOLVEDAREASOLID(#12638,#12642,#12645,0.0412510720769077);
#12647=IFCSHAPEREPRESENTATION(#17,'Body','SweptSolid',(#12646));
#12648=IFCPRODUCTDEFINITIONSHAPE($,$,(#12647));
#12654=IFCOWNERHISTORY(#3,#4,.READWRITE.,.MODIFIED.,1779428012,#3,#4,1779428012);
#12655=IFCBEAM('0EYeNpDNf71PxxYQT78BnO',#12654,'swept beam_0_0',$,$,#12660,#12648,$);
#12656=IFCCARTESIANPOINT((0.,0.,0.));
#12657=IFCDIRECTION((0.,0.,1.));
#12658=IFCDIRECTION((1.,0.,0.));
#12659=IFCAXIS2PLACEMENT3D(#12656,#12657,#12658);
#12660=IFCLOCALPLACEMENT(#39,#12659);
#12661=IFCPROPERTYSINGLEVALUE('Name',$,IFCLABEL('swept beam_0_0'),$);
#12662=IFCPROPERTYSINGLEVALUE('ArcLength',$,IFCLENGTHMEASURE(767.),$);
#12663=IFCPROPERTYSINGLEVALUE('ArcAngle_rad',$,IFCREAL(0.04),$);
#12664=IFCPROPERTYSINGLEVALUE('ArcAngle_deg',$,IFCREAL(2.4),$);
#12665=IFCPROPERTYSET('3IC5ZUuQ56BAdx8hEBzyjo',$,'EPset_IfcKit_Geometry',$,(#12661,#12662,#12663,#12664));
#12666=IFCRELDEFINESBYPROPERTIES('02dYIMMOv3iRGApDvF4eVB',$,$,$,(#12655),#12665);
#12667=IFCCOLOURRGB($,0.501960784313725,0.501960784313725,0.501960784313725);
#12668=IFCSURFACESTYLERENDERING(#12667,0.,$,$,$,$,$,$,.FLAT.);
#12669=IFCSURFACESTYLE($,.BOTH.,(#12668));
#12670=IFCPRESENTATIONSTYLEASSIGNMENT((#12669));
#12671=IFCSTYLEDITEM(#12646,(#12670),$);
#12672=IFCCARTESIANPOINT((-80.,40.));
#12673=IFCCARTESIANPOINT((-80.,32.));
#12674=IFCCARTESIANPOINT((-8.,32.));
#12675=IFCCARTESIANPOINT((-8.,-40.));
#12676=IFCCARTESIANPOINT((0.,-40.));
#12677=IFCCARTESIANPOINT((0.,40.));
#12678=IFCCARTESIANPOINT((-80.,40.));
#12679=IFCPOLYLINE((#12672,#12673,#12674,#12675,#12676,#12677,#12678));
#12680=IFCARBITRARYCLOSEDPROFILEDEF(.AREA.,$,#12679);
#12681=IFCCARTESIANPOINT((485.1396,4394.2305,2297.2975));
#12682=IFCDIRECTION((-0.6262,-0.6262,0.4645));
#12683=IFCDIRECTION((-0.3284,-0.3284,-0.8856));
#12684=IFCAXIS2PLACEMENT3D(#12681,#12682,#12683);
#12685=IFCCARTESIANPOINT((-21665.2001,0.,0.));
#12686=IFCDIRECTION((0.,1.,0.));
#12687=IFCAXIS1PLACEMENT(#12685,#12686);
#12688=IFCREVOLVEDAREASOLID(#12680,#12684,#12687,0.035388018512803);
#12689=IFCSHAPEREPRESENTATION(#17,'Body','SweptSolid',(#12688));
#12690=IFCPRODUCTDEFINITIONSHAPE($,$,(#12689));
#12696=IFCOWNERHISTORY(#3,#4,.READWRITE.,.MODIFIED.,1779428012,#3,#4,1779428012);
#12697=IFCBEAM('32W9Pa5ITBVvBRv$0xPfPC',#12696,'swept beam_0_1',$,$,#12702,#12690,$);
#12698=IFCCARTESIANPOINT((0.,0.,0.));
#12699=IFCDIRECTION((0.,0.,1.));
#12700=IFCDIRECTION((1.,0.,0.));
#12701=IFCAXIS2PLACEMENT3D(#12698,#12699,#12700);
#12702=IFCLOCALPLACEMENT(#39,#12701);
#12703=IFCPROPERTYSINGLEVALUE('Name',$,IFCLABEL('swept beam_0_1'),$);
#12704=IFCPROPERTYSINGLEVALUE('ArcLength',$,IFCLENGTHMEASURE(767.),$);
#12705=IFCPROPERTYSINGLEVALUE('ArcAngle_rad',$,IFCREAL(0.04),$);
#12706=IFCPROPERTYSINGLEVALUE('ArcAngle_deg',$,IFCREAL(2.),$);
#12707=IFCPROPERTYSET('2iz4HrM396zeGQ2kliH9R_',$,'EPset_IfcKit_Geometry',$,(#12703,#12704,#12705,#12706));
#12708=IFCRELDEFINESBYPROPERTIES('1HjF7WUJ9Atw5KSAm3qI$I',$,$,$,(#12697),#12707);
#12709=IFCCOLOURRGB($,0.501960784313725,0.501960784313725,0.501960784313725);
#12710=IFCSURFACESTYLERENDERING(#12709,0.,$,$,$,$,$,$,.FLAT.);
#12711=IFCSURFACESTYLE($,.BOTH.,(#12710));
#12712=IFCPRESENTATIONSTYLEASSIGNMENT((#12711));
#12713=IFCSTYLEDITEM(#12688,(#12712),$);
#12714=IFCCARTESIANPOINT((-80.,40.));
#12715=IFCCARTESIANPOINT((-80.,32.));
#12716=IFCCARTESIANPOINT((-8.,32.));
#12717=IFCCARTESIANPOINT((-8.,-40.));
#12718=IFCCARTESIANPOINT((0.,-40.));
#12719=IFCCARTESIANPOINT((0.,40.));
#12720=IFCCARTESIANPOINT((-80.,40.));
#12721=IFCPOLYLINE((#12714,#12715,#12716,#12717,#12718,#12719,#12720));
#12722=IFCARBITRARYCLOSEDPROFILEDEF(.AREA.,$,#12721);
#12723=IFCCARTESIANPOINT((969.5954,4878.6863,1953.2698));
#12724=IFCDIRECTION((-0.6374,-0.6374,0.4329));
#12725=IFCDIRECTION((-0.3061,-0.3061,-0.9015));
#12726=IFCAXIS2PLACEMENT3D(#12723,#12724,#12725);
#12727=IFCCARTESIANPOINT((-8293.2551,0.,0.));
#12728=IFCDIRECTION((0.,1.,0.));
#12729=IFCAXIS1PLACEMENT(#12727,#12728);
#12730=IFCREVOLVEDAREASOLID(#12722,#12726,#12729,0.092652672141322);
#12731=IFCSHAPEREPRESENTATION(#17,'Body','SweptSolid',(#12730));
#12732=IFCPRODUCTDEFINITIONSHAPE($,$,(#12731));
#12738=IFCOWNERHISTORY(#3,#4,.READWRITE.,.MODIFIED.,1779428012,#3,#4,1779428012);
#12739=IFCBEAM('2J6wetM6P6IwiBetKxDJD3',#12738,'swept beam_0_2',$,$,#12744,#12732,$);
#12740=IFCCARTESIANPOINT((0.,0.,0.));
#12741=IFCDIRECTION((0.,0.,1.));
#12742=IFCDIRECTION((1.,0.,0.));
#12743=IFCAXIS2PLACEMENT3D(#12740,#12741,#12742);
#12744=IFCLOCALPLACEMENT(#39,#12743);
#12745=IFCPROPERTYSINGLEVALUE('Name',$,IFCLABEL('swept beam_0_2'),$);
#12746=IFCPROPERTYSINGLEVALUE('ArcLength',$,IFCLENGTHMEASURE(768.),$);
#12747=IFCPROPERTYSINGLEVALUE('ArcAngle_rad',$,IFCREAL(0.09),$);
#12748=IFCPROPERTYSINGLEVALUE('ArcAngle_deg',$,IFCREAL(5.3),$);
#12749=IFCPROPERTYSET('0o$1k3$QX9WBmESEo57a22',$,'EPset_IfcKit_Geometry',$,(#12745,#12746,#12747,#12748));
#12750=IFCRELDEFINESBYPROPERTIES('0tmjHpeW585f2MocPxqJc7',$,$,$,(#12739),#12749);
#12751=IFCCOLOURRGB($,0.501960784313725,0.501960784313725,0.501960784313725);
#12752=IFCSURFACESTYLERENDERING(#12751,0.,$,$,$,$,$,$,.FLAT.);
#12753=IFCSURFACESTYLE($,.BOTH.,(#12752));
#12754=IFCPRESENTATIONSTYLEASSIGNMENT((#12753));
#12755=IFCSTYLEDITEM(#12730,(#12754),$);
#12756=IFCCARTESIANPOINT((-80.,40.));
#12757=IFCCARTESIANPOINT((-80.,32.));
#12758=IFCCARTESIANPOINT((-8.,32.));
#12759=IFCCARTESIANPOINT((-8.,-40.));
#12760=IFCCARTESIANPOINT((0.,-40.));
#12761=IFCCARTESIANPOINT((0.,40.));
#12762=IFCCARTESIANPOINT((-80.,40.));
#12763=IFCPOLYLINE((#12756,#12757,#12758,#12759,#12760,#12761,#12762));
#12764=IFCARBITRARYCLOSEDPROFILEDEF(.AREA.,$,#12763);
#12765=IFCCARTESIANPOINT((1469.5781,5378.669,1653.2049));
#12766=IFCDIRECTION((-0.663,-0.663,0.3476));
#12767=IFCDIRECTION((-0.2458,-0.2458,-0.9376));
#12768=IFCAXIS2PLACEMENT3D(#12765,#12766,#12767);
#12769=IFCCARTESIANPOINT((-4168.2838,0.,0.));
#12770=IFCDIRECTION((0.,1.,0.));
#12771=IFCAXIS1PLACEMENT(#12769,#12770);
#12772=IFCREVOLVEDAREASOLID(#12764,#12768,#12771,0.183954082438064);
#12773=IFCSHAPEREPRESENTATION(#17,'Body','SweptSolid',(#12772));
#12774=IFCPRODUCTDEFINITIONSHAPE($,$,(#12773));
#12780=IFCOWNERHISTORY(#3,#4,.READWRITE.,.MODIFIED.,1779428012,#3,#4,1779428012);
#12781=IFCBEAM('0mw2j3G6L39vVd7U3_aPvz',#12780,'swept beam_0_3',$,$,#12786,#12774,$);
#12782=IFCCARTESIANPOINT((0.,0.,0.));
#12783=IFCDIRECTION((0.,0.,1.));
#12784=IFCDIRECTION((1.,0.,0.));
#12785=IFCAXIS2PLACEMENT3D(#12782,#12783,#12784);
#12786=IFCLOCALPLACEMENT(#39,#12785);
#12787=IFCPROPERTYSINGLEVALUE('Name',$,IFCLABEL('swept beam_0_3'),$);
#12788=IFCPROPERTYSINGLEVALUE('ArcLength',$,IFCLENGTHMEASURE(767.),$);
#12789=IFCPROPERTYSINGLEVALUE('ArcAngle_rad',$,IFCREAL(0.18),$);
#12790=IFCPROPERTYSINGLEVALUE('ArcAngle_deg',$,IFCREAL(10.5),$);
#12791=IFCPROPERTYSET('2mII_Uz7T7jfKeCDKGbKzW',$,'EPset_IfcKit_Geometry',$,(#12787,#12788,#12789,#12790));
#12792=IFCRELDEFINESBYPROPERTIES('1A2a2eyOfBYwoB9uVbAcp5',$,$,$,(#12781),#12791);
#12793=IFCCOLOURRGB($,0.501960784313725,0.501960784313725,0.501960784313725);
#12794=IFCSURFACESTYLERENDERING(#12793,0.,$,$,$,$,$,$,.FLAT.);
#12795=IFCSURFACESTYLE($,.BOTH.,(#12794));
#12796=IFCPRESENTATIONSTYLEASSIGNMENT((#12795));
#12797=IFCSTYLEDITEM(#12772,(#12796),$);
#12798=IFCCARTESIANPOINT((-80.,40.));
#12799=IFCCARTESIANPOINT((-80.,32.));
#12800=IFCCARTESIANPOINT((-8.,32.));
#12801=IFCCARTESIANPOINT((-8.,-40.));
#12802=IFCCARTESIANPOINT((0.,-40.));
#12803=IFCCARTESIANPOINT((0.,40.));
#12804=IFCCARTESIANPOINT((-80.,40.));
#12805=IFCPOLYLINE((#12798,#12799,#12800,#12801,#12802,#12803,#12804));
#12806=IFCARBITRARYCLOSEDPROFILEDEF(.AREA.,$,#12805);
#12807=IFCCARTESIANPOINT((1992.3822,5901.4731,1454.1162));
#12808=IFCDIRECTION((-0.6968,-0.6968,0.1702));
#12809=IFCDIRECTION((-0.1204,-0.1204,-0.9854));
#12810=IFCAXIS2PLACEMENT3D(#12807,#12808,#12809);
#12811=IFCCARTESIANPOINT((-3729.5491,0.,0.));
#12812=IFCDIRECTION((0.,1.,0.));
#12813=IFCAXIS1PLACEMENT(#12811,#12812);
#12814=IFCREVOLVEDAREASOLID(#12806,#12810,#12813,0.20536323540869);
#12815=IFCSHAPEREPRESENTATION(#17,'Body','SweptSolid',(#12814));
#12816=IFCPRODUCTDEFINITIONSHAPE($,$,(#12815));
#12822=IFCOWNERHISTORY(#3,#4,.READWRITE.,.MODIFIED.,1779428012,#3,#4,1779428012);
#12823=IFCBEAM('2RQerl6GD3BfpolxC$lgyT',#12822,'swept beam_0_4',$,$,#12828,#12816,$);
#12824=IFCCARTESIANPOINT((0.,0.,0.));
#12825=IFCDIRECTION((0.,0.,1.));
#12826=IFCDIRECTION((1.,0.,0.));
#12827=IFCAXIS2PLACEMENT3D(#12824,#12825,#12826);
#12828=IFCLOCALPLACEMENT(#39,#12827);
#12829=IFCPROPERTYSINGLEVALUE('Name',$,IFCLABEL('swept beam_0_4'),$);
#12830=IFCPROPERTYSINGLEVALUE('ArcLength',$,IFCLENGTHMEASURE(766.),$);
#12831=IFCPROPERTYSINGLEVALUE('ArcAngle_rad',$,IFCREAL(0.21),$);
#12832=IFCPROPERTYSINGLEVALUE('ArcAngle_deg',$,IFCREAL(11.8),$);
#12833=IFCPROPERTYSET('0DFU5Gh31CT9XDBusZE1Nh',$,'EPset_IfcKit_Geometry',$,(#12829,#12830,#12831,#12832));
#12834=IFCRELDEFINESBYPROPERTIES('1$c3FzPWfFova2396Eh3SP',$,$,$,(#12823),#12833);
#12835=IFCCOLOURRGB($,0.501960784313725,0.501960784313725,0.501960784313725);
#12836=IFCSURFACESTYLERENDERING(#12835,0.,$,$,$,$,$,$,.FLAT.);
#12837=IFCSURFACESTYLE($,.BOTH.,(#12836));
#12838=IFCPRESENTATIONSTYLEASSIGNMENT((#12837));
#12839=IFCSTYLEDITEM(#12814,(#12838),$);
#12840=IFCCARTESIANPOINT((-80.,40.));
#12841=IFCCARTESIANPOINT((-80.,32.));
#12842=IFCCARTESIANPOINT((-8.,32.));
#12843=IFCCARTESIANPOINT((-8.,-40.));
#12844=IFCCARTESIANPOINT((0.,-40.));
#12845=IFCCARTESIANPOINT((0.,40.));
#12846=IFCCARTESIANPOINT((-80.,40.));
#12847=IFCPOLYLINE((#12840,#12841,#12842,#12843,#12844,#12845,#12846));
#12848=IFCARBITRARYCLOSEDPROFILEDEF(.AREA.,$,#12847);
#12849=IFCCARTESIANPOINT((2531.7495,6440.8404,1401.8795));
#12850=IFCDIRECTION((-0.7067,-0.7067,-0.0343));
#12851=IFCDIRECTION((0.0243,0.0243,-0.9994));
#12852=IFCAXIS2PLACEMENT3D(#12849,#12850,#12851);
#12853=IFCCARTESIANPOINT((-4320.1875,0.,0.));
#12854=IFCDIRECTION((0.,1.,0.));
#12855=IFCAXIS1PLACEMENT(#12853,#12854);
#12856=IFCREVOLVEDAREASOLID(#12848,#12852,#12855,0.17744545521801);
#12857=IFCSHAPEREPRESENTATION(#17,'Body','SweptSolid',(#12856));
#12858=IFCPRODUCTDEFINITIONSHAPE($,$,(#12857));
#12864=IFCOWNERHISTORY(#3,#4,.READWRITE.,.MODIFIED.,1779428012,#3,#4,1779428012);
#12865=IFCBEAM('0KDh4lNbz56fUvpzxCSnba',#12864,'swept beam_0_5',$,$,#12870,#12858,$);
#12866=IFCCARTESIANPOINT((0.,0.,0.));
#12867=IFCDIRECTION((0.,0.,1.));
#12868=IFCDIRECTION((1.,0.,0.));
#12869=IFCAXIS2PLACEMENT3D(#12866,#12867,#12868);
#12870=IFCLOCALPLACEMENT(#39,#12869);
#12871=IFCPROPERTYSINGLEVALUE('Name',$,IFCLABEL('swept beam_0_5'),$);
#12872=IFCPROPERTYSINGLEVALUE('ArcLength',$,IFCLENGTHMEASURE(767.),$);
#12873=IFCPROPERTYSINGLEVALUE('ArcAngle_rad',$,IFCREAL(0.18),$);
#12874=IFCPROPERTYSINGLEVALUE('ArcAngle_deg',$,IFCREAL(10.2),$);
#12875=IFCPROPERTYSET('1SyXU8tFD53Q4g98odbCRr',$,'EPset_IfcKit_Geometry',$,(#12871,#12872,#12873,#12874));
#12876=IFCRELDEFINESBYPROPERTIES('01TIFiteP8gPoly3V2iO5U',$,$,$,(#12865),#12875);
#12877=IFCCOLOURRGB($,0.501960784313725,0.501960784313725,0.501960784313725);
#12878=IFCSURFACESTYLERENDERING(#12877,0.,$,$,$,$,$,$,.FLAT.);
#12879=IFCSURFACESTYLE($,.BOTH.,(#12878));
#12880=IFCPRESENTATIONSTYLEASSIGNMENT((#12879));
#12881=IFCSTYLEDITEM(#12856,(#12880),$);
#12882=IFCCARTESIANPOINT((-80.,40.));
#12883=IFCCARTESIANPOINT((-80.,32.));
#12884=IFCCARTESIANPOINT((-8.,32.));
#12885=IFCCARTESIANPOINT((-8.,-40.));
#12886=IFCCARTESIANPOINT((0.,-40.));
#12887=IFCCARTESIANPOINT((0.,40.));
#12888=IFCCARTESIANPOINT((-80.,40.));
#12889=IFCPOLYLINE((#12882,#12883,#12884,#12885,#12886,#12887,#12888));
#12890=IFCARBITRARYCLOSEDPROFILEDEF(.AREA.,$,#12889);
#12891=IFCCARTESIANPOINT((3069.0131,6978.104,1495.8321));
#12892=IFCDIRECTION((-0.6913,-0.6913,-0.2102));
#12893=IFCDIRECTION((0.1486,0.1486,-0.9777));
#12894=IFCAXIS2PLACEMENT3D(#12891,#12892,#12893);
#12895=IFCCARTESIANPOINT((-5427.9903,0.,0.));
#12896=IFCDIRECTION((0.,1.,0.));
#12897=IFCAXIS1PLACEMENT(#12895,#12896);
#12898=IFCREVOLVEDAREASOLID(#12890,#12894,#12897,0.141306237455934);
#12899=IFCSHAPEREPRESENTATION(#17,'Body','SweptSolid',(#12898));
#12900=IFCPRODUCTDEFINITIONSHAPE($,$,(#12899));
#12906=IFCOWNERHISTORY(#3,#4,.READWRITE.,.MODIFIED.,1779428012,#3,#4,1779428012);
#12907=IFCBEAM('1WuGiAN9fFGPny2yqgOjPj',#12906,'swept beam_0_6',$,$,#12912,#12900,$);
#12908=IFCCARTESIANPOINT((0.,0.,0.));
#12909=IFCDIRECTION((0.,0.,1.));
#12910=IFCDIRECTION((1.,0.,0.));
#12911=IFCAXIS2PLACEMENT3D(#12908,#12909,#12910);
#12912=IFCLOCALPLACEMENT(#39,#12911);
#12913=IFCPROPERTYSINGLEVALUE('Name',$,IFCLABEL('swept beam_0_6'),$);
#12914=IFCPROPERTYSINGLEVALUE('ArcLength',$,IFCLENGTHMEASURE(767.),$);
#12915=IFCPROPERTYSINGLEVALUE('ArcAngle_rad',$,IFCREAL(0.14),$);
#12916=IFCPROPERTYSINGLEVALUE('ArcAngle_deg',$,IFCREAL(8.1),$);
#12917=IFCPROPERTYSET('07tYQbNkb758OHoNx4UfrB',$,'EPset_IfcKit_Geometry',$,(#12913,#12914,#12915,#12916));
#12918=IFCRELDEFINESBYPROPERTIES('26esiOU$T4R8a34eGyLhOp',$,$,$,(#12907),#12917);
#12919=IFCCOLOURRGB($,0.501960784313725,0.501960784313725,0.501960784313725);
#12920=IFCSURFACESTYLERENDERING(#12919,0.,$,$,$,$,$,$,.FLAT.);
#12921=IFCSURFACESTYLE($,.BOTH.,(#12920));
#12922=IFCPRESENTATIONSTYLEASSIGNMENT((#12921));
#12923=IFCSTYLEDITEM(#12898,(#12922),$);
#12924=IFCCARTESIANPOINT((-80.,40.));
#12925=IFCCARTESIANPOINT((-80.,32.));
#12926=IFCCARTESIANPOINT((-8.,32.));
#12927=IFCCARTESIANPOINT((-8.,-40.));
#12928=IFCCARTESIANPOINT((0.,-40.));
#12929=IFCCARTESIANPOINT((0.,40.));
#12930=IFCCARTESIANPOINT((-80.,40.));
#12931=IFCPOLYLINE((#12924,#12925,#12926,#12927,#12928,#12929,#12930));
#12932=IFCARBITRARYCLOSEDPROFILEDEF(.AREA.,$,#12931);
#12933=IFCCARTESIANPOINT((3589.4532,7498.5441,1709.3937));
#12934=IFCDIRECTION((-0.6635,-0.6635,-0.3458));
#12935=IFCDIRECTION((0.2445,0.2445,-0.9383));
#12936=IFCAXIS2PLACEMENT3D(#12933,#12934,#12935);
#12937=IFCCARTESIANPOINT((-9623.6214,0.,0.));
#12938=IFCDIRECTION((0.,1.,0.));
#12939=IFCAXIS1PLACEMENT(#12937,#12938);
#12940=IFCREVOLVEDAREASOLID(#12932,#12936,#12939,0.0797911736109275);
#12941=IFCSHAPEREPRESENTATION(#17,'Body','SweptSolid',(#12940));
#12942=IFCPRODUCTDEFINITIONSHAPE($,$,(#12941));
#12948=IFCOWNERHISTORY(#3,#4,.READWRITE.,.MODIFIED.,1779428012,#3,#4,1779428012);
#12949=IFCBEAM('1EZsSuRxv2agpoCGi56HEn',#12948,'swept beam_0_7',$,$,#12954,#12942,$);
#12950=IFCCARTESIANPOINT((0.,0.,0.));
#12951=IFCDIRECTION((0.,0.,1.));
#12952=IFCDIRECTION((1.,0.,0.));
#12953=IFCAXIS2PLACEMENT3D(#12950,#12951,#12952);
#12954=IFCLOCALPLACEMENT(#39,#12953);
#12955=IFCPROPERTYSINGLEVALUE('Name',$,IFCLABEL('swept beam_0_7'),$);
#12956=IFCPROPERTYSINGLEVALUE('ArcLength',$,IFCLENGTHMEASURE(768.),$);
#12957=IFCPROPERTYSINGLEVALUE('ArcAngle_rad',$,IFCREAL(0.08),$);
#12958=IFCPROPERTYSINGLEVALUE('ArcAngle_deg',$,IFCREAL(4.6),$);
#12959=IFCPROPERTYSET('13kHzjfVX1DhJj35ET05m5',$,'EPset_IfcKit_Geometry',$,(#12955,#12956,#12957,#12958));
#12960=IFCRELDEFINESBYPROPERTIES('20vktSrOXFahJNi8SVePL4',$,$,$,(#12949),#12959);
#12961=IFCCOLOURRGB($,0.501960784313725,0.501960784313725,0.501960784313725);
#12962=IFCSURFACESTYLERENDERING(#12961,0.,$,$,$,$,$,$,.FLAT.);
#12963=IFCSURFACESTYLE($,.BOTH.,(#12962));
#12964=IFCPRESENTATIONSTYLEASSIGNMENT((#12963));
#12965=IFCSTYLEDITEM(#12940,(#12964),$);
#12966=IFCCARTESIANPOINT((-80.,40.));
#12967=IFCCARTESIANPOINT((-80.,32.));
#12968=IFCCARTESIANPOINT((-8.,32.));
#12969=IFCCARTESIANPOINT((-8.,-40.));
#12970=IFCCARTESIANPOINT((0.,-40.));
#12971=IFCCARTESIANPOINT((0.,40.));
#12972=IFCCARTESIANPOINT((-80.,40.));
#12973=IFCPOLYLINE((#12966,#12967,#12968,#12969,#12970,#12971,#12972));
#12974=IFCARBITRARYCLOSEDPROFILEDEF(.AREA.,$,#12973);
#12975=IFCCARTESIANPOINT((0.,4318.1818,2340.6546));
#12976=IFCDIRECTION((-0.6008,-0.6008,0.5272));
#12977=IFCDIRECTION((-0.3728,-0.3728,-0.8497));
#12978=IFCAXIS2PLACEMENT3D(#12975,#12976,#12977);
#12979=IFCCARTESIANPOINT((-24504.9194,0.,0.));
#12980=IFCDIRECTION((0.,1.,0.));
#12981=IFCAXIS1PLACEMENT(#12979,#12980);
#12982=IFCREVOLVEDAREASOLID(#12974,#12978,#12981,0.0571216378346473);
#12983=IFCSHAPEREPRESENTATION(#17,'Body','SweptSolid',(#12982));
#12984=IFCPRODUCTDEFINITIONSHAPE($,$,(#12983));
#12990=IFCOWNERHISTORY(#3,#4,.READWRITE.,.MODIFIED.,1779428012,#3,#4,1779428012);
#12991=IFCBEAM('2a8nxMijn2Rg8hOQDc3TUv',#12990,'swept beam_0_0',$,$,#12996,#12984,$);
#12992=IFCCARTESIANPOINT((0.,0.,0.));
#12993=IFCDIRECTION((0.,0.,1.));
#12994=IFCDIRECTION((1.,0.,0.));
#12995=IFCAXIS2PLACEMENT3D(#12992,#12993,#12994);
#12996=IFCLOCALPLACEMENT(#39,#12995);
#12997=IFCPROPERTYSINGLEVALUE('Name',$,IFCLABEL('swept beam_0_0'),$);
#12998=IFCPROPERTYSINGLEVALUE('ArcLength',$,IFCLENGTHMEASURE(1400.),$);
#12999=IFCPROPERTYSINGLEVALUE('ArcAngle_rad',$,IFCREAL(0.06),$);
#13000=IFCPROPERTYSINGLEVALUE('ArcAngle_deg',$,IFCREAL(3.3),$);
#13001=IFCPROPERTYSET('0bUy49obDDzukvcH$oTKQc',$,'EPset_IfcKit_Geometry',$,(#12997,#12998,#12999,#13000));
#13002=IFCRELDEFINESBYPROPERTIES('229b38boT2ZfYJs5yddCLd',$,$,$,(#12991),#13001);
#13003=IFCCOLOURRGB($,0.501960784313725,0.501960784313725,0.501960784313725);
#13004=IFCSURFACESTYLERENDERING(#13003,0.,$,$,$,$,$,$,.FLAT.);
#13005=IFCSURFACESTYLE($,.BOTH.,(#13004));
#13006=IFCPRESENTATIONSTYLEASSIGNMENT((#13005));
#13007=IFCSTYLEDITEM(#12982,(#13006),$);
#13008=IFCCARTESIANPOINT((-80.,40.));
#13009=IFCCARTESIANPOINT((-80.,32.));
#13010=IFCCARTESIANPOINT((-8.,32.));
#13011=IFCCARTESIANPOINT((-8.,-40.));
#13012=IFCCARTESIANPOINT((0.,-40.));
#13013=IFCCARTESIANPOINT((0.,40.));
#13014=IFCCARTESIANPOINT((-80.,40.));
#13015=IFCPOLYLINE((#13008,#13009,#13010,#13011,#13012,#13013,#13014));
#13016=IFCARBITRARYCLOSEDPROFILEDEF(.AREA.,$,#13015);
#13017=IFCCARTESIANPOINT((855.478,5173.6598,1637.0117));
#13018=IFCDIRECTION((-0.6211,-0.6211,0.4779));
#13019=IFCDIRECTION((-0.3379,-0.3379,-0.8784));
#13020=IFCAXIS2PLACEMENT3D(#13017,#13018,#13019);
#13021=IFCCARTESIANPOINT((-4016.2095,0.,0.));
#13022=IFCDIRECTION((0.,1.,0.));
#13023=IFCAXIS1PLACEMENT(#13021,#13022);
#13024=IFCREVOLVEDAREASOLID(#13016,#13020,#13023,0.345154820021207);
#13025=IFCSHAPEREPRESENTATION(#17,'Body','SweptSolid',(#13024));
#13026=IFCPRODUCTDEFINITIONSHAPE($,$,(#13025));
#13032=IFCOWNERHISTORY(#3,#4,.READWRITE.,.MODIFIED.,1779428012,#3,#4,1779428012);
#13033=IFCBEAM('3Cqg0qTwv0QfVYMYILGmD_',#13032,'swept beam_0_1',$,$,#13038,#13026,$);
#13034=IFCCARTESIANPOINT((0.,0.,0.));
#13035=IFCDIRECTION((0.,0.,1.));
#13036=IFCDIRECTION((1.,0.,0.));
#13037=IFCAXIS2PLACEMENT3D(#13034,#13035,#13036);
#13038=IFCLOCALPLACEMENT(#39,#13037);
#13039=IFCPROPERTYSINGLEVALUE('Name',$,IFCLABEL('swept beam_0_1'),$);
#13040=IFCPROPERTYSINGLEVALUE('ArcLength',$,IFCLENGTHMEASURE(1386.),$);
#13041=IFCPROPERTYSINGLEVALUE('ArcAngle_rad',$,IFCREAL(0.35),$);
#13042=IFCPROPERTYSINGLEVALUE('ArcAngle_deg',$,IFCREAL(19.8),$);
#13043=IFCPROPERTYSET('1ZFEsSdh97DwijBRhk3$VV',$,'EPset_IfcKit_Geometry',$,(#13039,#13040,#13041,#13042));
#13044=IFCRELDEFINESBYPROPERTIES('18DT39KM1DoBePQ6fbUESz',$,$,$,(#13033),#13043);
#13045=IFCCOLOURRGB($,0.501960784313725,0.501960784313725,0.501960784313725);
#13046=IFCSURFACESTYLERENDERING(#13045,0.,$,$,$,$,$,$,.FLAT.);
#13047=IFCSURFACESTYLE($,.BOTH.,(#13046));
#13048=IFCPRESENTATIONSTYLEASSIGNMENT((#13047));
#13049=IFCSTYLEDITEM(#13024,(#13048),$);
#13050=IFCCARTESIANPOINT((-80.,40.));
#13051=IFCCARTESIANPOINT((-80.,32.));
#13052=IFCCARTESIANPOINT((-8.,32.));
#13053=IFCCARTESIANPOINT((-8.,-40.));
#13054=IFCCARTESIANPOINT((0.,-40.));
#13055=IFCCARTESIANPOINT((0.,40.));
#13056=IFCCARTESIANPOINT((-80.,40.));
#13057=IFCPOLYLINE((#13050,#13051,#13052,#13053,#13054,#13055,#13056));
#13058=IFCARBITRARYCLOSEDPROFILEDEF(.AREA.,$,#13057);
#13059=IFCCARTESIANPOINT((1779.5612,6097.743,1195.731));
#13060=IFCDIRECTION((-0.6988,-0.6988,0.1525));
#13061=IFCDIRECTION((-0.1078,-0.1078,-0.9883));
#13062=IFCAXIS2PLACEMENT3D(#13059,#13060,#13061);
#13063=IFCCARTESIANPOINT((-3544.2306,0.,0.));
#13064=IFCDIRECTION((0.,1.,0.));
#13065=IFCAXIS1PLACEMENT(#13063,#13064);
#13066=IFCREVOLVEDAREASOLID(#13058,#13062,#13065,0.390900949128696);
#13067=IFCSHAPEREPRESENTATION(#17,'Body','SweptSolid',(#13066));
#13068=IFCPRODUCTDEFINITIONSHAPE($,$,(#13067));
#13074=IFCOWNERHISTORY(#3,#4,.READWRITE.,.MODIFIED.,1779428012,#3,#4,1779428012);
#13075=IFCBEAM('2NxVw2kPbCNgHAEGBCcBkQ',#13074,'swept beam_0_2',$,$,#13080,#13068,$);
#13076=IFCCARTESIANPOINT((0.,0.,0.));
#13077=IFCDIRECTION((0.,0.,1.));
#13078=IFCDIRECTION((1.,0.,0.));
#13079=IFCAXIS2PLACEMENT3D(#13076,#13077,#13078);
#13080=IFCLOCALPLACEMENT(#39,#13079);
#13081=IFCPROPERTYSINGLEVALUE('Name',$,IFCLABEL('swept beam_0_2'),$);
#13082=IFCPROPERTYSINGLEVALUE('ArcLength',$,IFCLENGTHMEASURE(1385.),$);
#13083=IFCPROPERTYSINGLEVALUE('ArcAngle_rad',$,IFCREAL(0.39),$);
#13084=IFCPROPERTYSINGLEVALUE('ArcAngle_deg',$,IFCREAL(22.4),$);
#13085=IFCPROPERTYSET('1dsknFLHvCFRAh5YzYnkjA',$,'EPset_IfcKit_Geometry',$,(#13081,#13082,#13083,#13084));
#13086=IFCRELDEFINESBYPROPERTIES('0xAyg5ppPEw9GwTjzahyZE',$,$,$,(#13075),#13085);
#13087=IFCCOLOURRGB($,0.501960784313725,0.501960784313725,0.501960784313725);
#13088=IFCSURFACESTYLERENDERING(#13087,0.,$,$,$,$,$,$,.FLAT.);
#13089=IFCSURFACESTYLE($,.BOTH.,(#13088));
#13090=IFCPRESENTATIONSTYLEASSIGNMENT((#13089));
#13091=IFCSTYLEDITEM(#13066,(#13090),$);
#13092=IFCCARTESIANPOINT((-80.,40.));
#13093=IFCCARTESIANPOINT((-80.,32.));
#13094=IFCCARTESIANPOINT((-8.,32.));
#13095=IFCCARTESIANPOINT((-8.,-40.));
#13096=IFCCARTESIANPOINT((0.,-40.));
#13097=IFCCARTESIANPOINT((0.,40.));
#13098=IFCCARTESIANPOINT((-80.,40.));
#13099=IFCPOLYLINE((#13092,#13093,#13094,#13095,#13096,#13097,#13098));
#13100=IFCARBITRARYCLOSEDPROFILEDEF(.AREA.,$,#13099);
#13101=IFCCARTESIANPOINT((2752.1179,7070.2997,1254.0581));
#13102=IFCDIRECTION((-0.6872,-0.6872,-0.2356));
#13103=IFCDIRECTION((0.1666,0.1666,-0.9719));
#13104=IFCAXIS2PLACEMENT3D(#13101,#13102,#13103);
#13105=IFCCARTESIANPOINT((-6698.5162,0.,0.));
#13106=IFCDIRECTION((0.,1.,0.));
#13107=IFCAXIS1PLACEMENT(#13105,#13106);
#13108=IFCREVOLVEDAREASOLID(#13100,#13104,#13107,0.208741631031117);
#13109=IFCSHAPEREPRESENTATION(#17,'Body','SweptSolid',(#13108));
#13110=IFCPRODUCTDEFINITIONSHAPE($,$,(#13109));
#13116=IFCOWNERHISTORY(#3,#4,.READWRITE.,.MODIFIED.,1779428012,#3,#4,1779428012);
#13117=IFCBEAM('1XAMICT9TFMvJzNGBcYUM5',#13116,'swept beam_0_3',$,$,#13122,#13110,$);
#13118=IFCCARTESIANPOINT((0.,0.,0.));
#13119=IFCDIRECTION((0.,0.,1.));
#13120=IFCDIRECTION((1.,0.,0.));
#13121=IFCAXIS2PLACEMENT3D(#13118,#13119,#13120);
#13122=IFCLOCALPLACEMENT(#39,#13121);
#13123=IFCPROPERTYSINGLEVALUE('Name',$,IFCLABEL('swept beam_0_3'),$);
#13124=IFCPROPERTYSINGLEVALUE('ArcLength',$,IFCLENGTHMEASURE(1398.),$);
#13125=IFCPROPERTYSINGLEVALUE('ArcAngle_rad',$,IFCREAL(0.21),$);
#13126=IFCPROPERTYSINGLEVALUE('ArcAngle_deg',$,IFCREAL(12.),$);
#13127=IFCPROPERTYSET('08hW0aVlL30h3URaDNqqIL',$,'EPset_IfcKit_Geometry',$,(#13123,#13124,#13125,#13126));
#13128=IFCRELDEFINESBYPROPERTIES('1jXpcuRY54ih6mcm5i3f2E',$,$,$,(#13117),#13127);
#13129=IFCCOLOURRGB($,0.501960784313725,0.501960784313725,0.501960784313725);
#13130=IFCSURFACESTYLERENDERING(#13129,0.,$,$,$,$,$,$,.FLAT.);
#13131=IFCSURFACESTYLE($,.BOTH.,(#13130));
#13132=IFCPRESENTATIONSTYLEASSIGNMENT((#13131));
#13133=IFCSTYLEDITEM(#13108,(#13132),$);
#13134=IFCCARTESIANPOINT((-80.,40.));
#13135=IFCCARTESIANPOINT((-80.,32.));
#13136=IFCCARTESIANPOINT((-8.,32.));
#13137=IFCCARTESIANPOINT((-8.,-40.));
#13138=IFCCARTESIANPOINT((0.,-40.));
#13139=IFCCARTESIANPOINT((0.,40.));
#13140=IFCCARTESIANPOINT((-80.,40.));
#13141=IFCPOLYLINE((#13134,#13135,#13136,#13137,#13138,#13139,#13140));
#13142=IFCARBITRARYCLOSEDPROFILEDEF(.AREA.,$,#13141);
#13143=IFCCARTESIANPOINT((0.,4727.2727,1967.181));
#13144=IFCDIRECTION((-0.5767,-0.5767,0.5786));
#13145=IFCDIRECTION((-0.4091,-0.4091,-0.8156));
#13146=IFCAXIS2PLACEMENT3D(#13143,#13144,#13145);
#13147=IFCCARTESIANPOINT((-8968.3834,0.,0.));
#13148=IFCDIRECTION((0.,1.,0.));
#13149=IFCAXIS1PLACEMENT(#13147,#13148);
#13150=IFCREVOLVEDAREASOLID(#13142,#13146,#13149,0.138748662886882);
#13151=IFCSHAPEREPRESENTATION(#17,'Body','SweptSolid',(#13150));
#13152=IFCPRODUCTDEFINITIONSHAPE($,$,(#13151));
#13158=IFCOWNERHISTORY(#3,#4,.READWRITE.,.MODIFIED.,1779428012,#3,#4,1779428012);
#13159=IFCBEAM('3SweoUXiX9Cee93Ce3UVAM',#13158,'swept beam_0_0',$,$,#13164,#13152,$);
#13160=IFCCARTESIANPOINT((0.,0.,0.));
#13161=IFCDIRECTION((0.,0.,1.));
#13162=IFCDIRECTION((1.,0.,0.));
#13163=IFCAXIS2PLACEMENT3D(#13160,#13161,#13162);
#13164=IFCLOCALPLACEMENT(#39,#13163);
#13165=IFCPROPERTYSINGLEVALUE('Name',$,IFCLABEL('swept beam_0_0'),$);
#13166=IFCPROPERTYSINGLEVALUE('ArcLength',$,IFCLENGTHMEASURE(1244.),$);
#13167=IFCPROPERTYSINGLEVALUE('ArcAngle_rad',$,IFCREAL(0.14),$);
#13168=IFCPROPERTYSINGLEVALUE('ArcAngle_deg',$,IFCREAL(7.9),$);
#13169=IFCPROPERTYSET('3FgxmyNWDEJO5S6WCw1JoF',$,'EPset_IfcKit_Geometry',$,(#13165,#13166,#13167,#13168));
#13170=IFCRELDEFINESBYPROPERTIES('2lPR8Cn9j2AQ5RFyAaHN1s',$,$,$,(#13159),#13169);
#13171=IFCCOLOURRGB($,0.501960784313725,0.501960784313725,0.501960784313725);
#13172=IFCSURFACESTYLERENDERING(#13171,0.,$,$,$,$,$,$,.FLAT.);
#13173=IFCSURFACESTYLE($,.BOTH.,(#13172));
#13174=IFCPRESENTATIONSTYLEASSIGNMENT((#13173));
#13175=IFCSTYLEDITEM(#13150,(#13174),$);
#13176=IFCCARTESIANPOINT((-80.,40.));
#13177=IFCCARTESIANPOINT((-80.,32.));
#13178=IFCCARTESIANPOINT((-8.,32.));
#13179=IFCCARTESIANPOINT((-8.,-40.));
#13180=IFCCARTESIANPOINT((0.,-40.));
#13181=IFCCARTESIANPOINT((0.,40.));
#13182=IFCCARTESIANPOINT((-80.,40.));
#13183=IFCPOLYLINE((#13176,#13177,#13178,#13179,#13180,#13181,#13182));
#13184=IFCARBITRARYCLOSEDPROFILEDEF(.AREA.,$,#13183);
#13185=IFCCARTESIANPOINT((750.6202,5477.8929,1319.8278));
#13186=IFCDIRECTION((-0.6278,-0.6278,0.4602));
#13187=IFCDIRECTION((-0.3254,-0.3254,-0.8878));
#13188=IFCAXIS2PLACEMENT3D(#13185,#13186,#13187);
#13189=IFCCARTESIANPOINT((-3530.2295,0.,0.));
#13190=IFCDIRECTION((0.,1.,0.));
#13191=IFCAXIS1PLACEMENT(#13189,#13190);
#13192=IFCREVOLVEDAREASOLID(#13184,#13188,#13191,0.349450976572112);
#13193=IFCSHAPEREPRESENTATION(#17,'Body','SweptSolid',(#13192));
#13194=IFCPRODUCTDEFINITIONSHAPE($,$,(#13193));
#13200=IFCOWNERHISTORY(#3,#4,.READWRITE.,.MODIFIED.,1779428012,#3,#4,1779428012);
#13201=IFCBEAM('31v8GWJgTD18DFd9m6yzKO',#13200,'swept beam_0_1',$,$,#13206,#13194,$);
#13202=IFCCARTESIANPOINT((0.,0.,0.));
#13203=IFCDIRECTION((0.,0.,1.));
#13204=IFCDIRECTION((1.,0.,0.));
#13205=IFCAXIS2PLACEMENT3D(#13202,#13203,#13204);
#13206=IFCLOCALPLACEMENT(#39,#13205);
#13207=IFCPROPERTYSINGLEVALUE('Name',$,IFCLABEL('swept beam_0_1'),$);
#13208=IFCPROPERTYSINGLEVALUE('ArcLength',$,IFCLENGTHMEASURE(1234.),$);
#13209=IFCPROPERTYSINGLEVALUE('ArcAngle_rad',$,IFCREAL(0.35),$);
#13210=IFCPROPERTYSINGLEVALUE('ArcAngle_deg',$,IFCREAL(20.),$);
#13211=IFCPROPERTYSET('02W$Twe417avSQ$hed11pt',$,'EPset_IfcKit_Geometry',$,(#13207,#13208,#13209,#13210));
#13212=IFCRELDEFINESBYPROPERTIES('284YLsfqn2Nuc88NCK2IFL',$,$,$,(#13201),#13211);
#13213=IFCCOLOURRGB($,0.501960784313725,0.501960784313725,0.501960784313725);
#13214=IFCSURFACESTYLERENDERING(#13213,0.,$,$,$,$,$,$,.FLAT.);
#13215=IFCSURFACESTYLE($,.BOTH.,(#13214));
#13216=IFCPRESENTATIONSTYLEASSIGNMENT((#13215));
#13217=IFCSTYLEDITEM(#13192,(#13216),$);
#13218=IFCCARTESIANPOINT((-80.,40.));
#13219=IFCCARTESIANPOINT((-80.,32.));
#13220=IFCCARTESIANPOINT((-8.,32.));
#13221=IFCCARTESIANPOINT((-8.,-40.));
#13222=IFCCARTESIANPOINT((0.,-40.));
#13223=IFCCARTESIANPOINT((0.,40.));
#13224=IFCCARTESIANPOINT((-80.,40.));
#13225=IFCPOLYLINE((#13218,#13219,#13220,#13221,#13222,#13223,#13224));
#13226=IFCARBITRARYCLOSEDPROFILEDEF(.AREA.,$,#13225);
#13227=IFCCARTESIANPOINT((1578.8361,6306.1089,952.9962));
#13228=IFCDIRECTION((-0.7013,-0.7013,0.1284));
#13229=IFCDIRECTION((-0.0908,-0.0908,-0.9917));
#13230=IFCAXIS2PLACEMENT3D(#13227,#13228,#13229);
#13231=IFCCARTESIANPOINT((-3389.5991,0.,0.));
#13232=IFCDIRECTION((0.,1.,0.));
#13233=IFCAXIS1PLACEMENT(#13231,#13232);
#13234=IFCREVOLVEDAREASOLID(#13226,#13230,#13233,0.364090384192346);
#13235=IFCSHAPEREPRESENTATION(#17,'Body','SweptSolid',(#13234));
#13236=IFCPRODUCTDEFINITIONSHAPE($,$,(#13235));
#13242=IFCOWNERHISTORY(#3,#4,.READWRITE.,.MODIFIED.,1779428012,#3,#4,1779428012);
#13243=IFCBEAM('1spVlVVFb3Wfz38yLJ3NEH',#13242,'swept beam_0_2',$,$,#13248,#13236,$);
#13244=IFCCARTESIANPOINT((0.,0.,0.));
#13245=IFCDIRECTION((0.,0.,1.));
#13246=IFCDIRECTION((1.,0.,0.));
#13247=IFCAXIS2PLACEMENT3D(#13244,#13245,#13246);
#13248=IFCLOCALPLACEMENT(#39,#13247);
#13249=IFCPROPERTYSINGLEVALUE('Name',$,IFCLABEL('swept beam_0_2'),$);
#13250=IFCPROPERTYSINGLEVALUE('ArcLength',$,IFCLENGTHMEASURE(1234.),$);
#13251=IFCPROPERTYSINGLEVALUE('ArcAngle_rad',$,IFCREAL(0.36),$);
#13252=IFCPROPERTYSINGLEVALUE('ArcAngle_deg',$,IFCREAL(20.9),$);
#13253=IFCPROPERTYSET('2kUStFyKX2HR4aIcLgUAbb',$,'EPset_IfcKit_Geometry',$,(#13249,#13250,#13251,#13252));
#13254=IFCRELDEFINESBYPROPERTIES('2kdi5sNJL27QsTQyHHyOHk',$,$,$,(#13243),#13253);
#13255=IFCCOLOURRGB($,0.501960784313725,0.501960784313725,0.501960784313725);
#13256=IFCSURFACESTYLERENDERING(#13255,0.,$,$,$,$,$,$,.FLAT.);
#13257=IFCSURFACESTYLE($,.BOTH.,(#13256));
#13258=IFCPRESENTATIONSTYLEASSIGNMENT((#13257));
#13259=IFCSTYLEDITEM(#13234,(#13258),$);
#13260=IFCCARTESIANPOINT((-80.,40.));
#13261=IFCCARTESIANPOINT((-80.,32.));
#13262=IFCCARTESIANPOINT((-8.,32.));
#13263=IFCCARTESIANPOINT((-8.,-40.));
#13264=IFCCARTESIANPOINT((0.,-40.));
#13265=IFCCARTESIANPOINT((0.,40.));
#13266=IFCCARTESIANPOINT((-80.,40.));
#13267=IFCPOLYLINE((#13260,#13261,#13262,#13263,#13264,#13265,#13266));
#13268=IFCARBITRARYCLOSEDPROFILEDEF(.AREA.,$,#13267);
#13269=IFCCARTESIANPOINT((2445.4486,7172.7213,1018.3287));
#13270=IFCDIRECTION((-0.6876,-0.6876,-0.2331));
#13271=IFCDIRECTION((0.1649,0.1649,-0.9724));
#13272=IFCAXIS2PLACEMENT3D(#13269,#13270,#13271);
#13273=IFCCARTESIANPOINT((-5926.5508,0.,0.));
#13274=IFCDIRECTION((0.,1.,0.));
#13275=IFCAXIS1PLACEMENT(#13273,#13274);
#13276=IFCREVOLVEDAREASOLID(#13268,#13272,#13275,0.209794232536366);
#13277=IFCSHAPEREPRESENTATION(#17,'Body','SweptSolid',(#13276));
#13278=IFCPRODUCTDEFINITIONSHAPE($,$,(#13277));
#13284=IFCOWNERHISTORY(#3,#4,.READWRITE.,.MODIFIED.,1779428012,#3,#4,1779428012);
#13285=IFCBEAM('31oLTVdO50395Y0hW8Bhf7',#13284,'swept beam_0_3',$,$,#13290,#13278,$);
#13286=IFCCARTESIANPOINT((0.,0.,0.));
#13287=IFCDIRECTION((0.,0.,1.));
#13288=IFCDIRECTION((1.,0.,0.));
#13289=IFCAXIS2PLACEMENT3D(#13286,#13287,#13288);
#13290=IFCLOCALPLACEMENT(#39,#13289);
#13291=IFCPROPERTYSINGLEVALUE('Name',$,IFCLABEL('swept beam_0_3'),$);
#13292=IFCPROPERTYSINGLEVALUE('ArcLength',$,IFCLENGTHMEASURE(1243.),$);
#13293=IFCPROPERTYSINGLEVALUE('ArcAngle_rad',$,IFCREAL(0.21),$);
#13294=IFCPROPERTYSINGLEVALUE('ArcAngle_deg',$,IFCREAL(12.),$);
#13295=IFCPROPERTYSET('1ONfzEpyf3o8hR78pXGLGm',$,'EPset_IfcKit_Geometry',$,(#13291,#13292,#13293,#13294));
#13296=IFCRELDEFINESBYPROPERTIES('3jTHDBlIfDfhlRDqLP9fKA',$,$,$,(#13285),#13295);
#13297=IFCCOLOURRGB($,0.501960784313725,0.501960784313725,0.501960784313725);
#13298=IFCSURFACESTYLERENDERING(#13297,0.,$,$,$,$,$,$,.FLAT.);
#13299=IFCSURFACESTYLE($,.BOTH.,(#13298));
#13300=IFCPRESENTATIONSTYLEASSIGNMENT((#13299));
#13301=IFCSTYLEDITEM(#13276,(#13300),$);
#13302=IFCCARTESIANPOINT((-80.,40.));
#13303=IFCCARTESIANPOINT((-80.,32.));
#13304=IFCCARTESIANPOINT((-8.,32.));
#13305=IFCCARTESIANPOINT((-8.,-40.));
#13306=IFCCARTESIANPOINT((0.,-40.));
#13307=IFCCARTESIANPOINT((0.,40.));
#13308=IFCCARTESIANPOINT((-80.,40.));
#13309=IFCPOLYLINE((#13302,#13303,#13304,#13305,#13306,#13307,#13308));
#13310=IFCARBITRARYCLOSEDPROFILEDEF(.AREA.,$,#13309);
#13311=IFCCARTESIANPOINT((0.,5136.3636,1556.6552));
#13312=IFCDIRECTION((-0.5735,-0.5735,0.5849));
#13313=IFCDIRECTION((-0.4136,-0.4136,-0.8111));
#13314=IFCAXIS2PLACEMENT3D(#13311,#13312,#13313);
#13315=IFCCARTESIANPOINT((-5609.4048,0.,0.));
#13316=IFCDIRECTION((0.,1.,0.));
#13317=IFCAXIS1PLACEMENT(#13315,#13316);
#13318=IFCREVOLVEDAREASOLID(#13310,#13314,#13317,0.192537883934776);
#13319=IFCSHAPEREPRESENTATION(#17,'Body','SweptSolid',(#13318));
#13320=IFCPRODUCTDEFINITIONSHAPE($,$,(#13319));
#13326=IFCOWNERHISTORY(#3,#4,.READWRITE.,.MODIFIED.,1779428012,#3,#4,1779428012);
#13327=IFCBEAM('21dfKeZAf8gQsol39hIJ4F',#13326,'swept beam_0_0',$,$,#13332,#13320,$);
#13328=IFCCARTESIANPOINT((0.,0.,0.));
#13329=IFCDIRECTION((0.,0.,1.));
#13330=IFCDIRECTION((1.,0.,0.));
#13331=IFCAXIS2PLACEMENT3D(#13328,#13329,#13330);
#13332=IFCLOCALPLACEMENT(#39,#13331);
#13333=IFCPROPERTYSINGLEVALUE('Name',$,IFCLABEL('swept beam_0_0'),$);
#13334=IFCPROPERTYSINGLEVALUE('ArcLength',$,IFCLENGTHMEASURE(1080.),$);
#13335=IFCPROPERTYSINGLEVALUE('ArcAngle_rad',$,IFCREAL(0.19),$);
#13336=IFCPROPERTYSINGLEVALUE('ArcAngle_deg',$,IFCREAL(11.),$);
#13337=IFCPROPERTYSET('0ImrqsEmT6QgM9VoWacwhY',$,'EPset_IfcKit_Geometry',$,(#13333,#13334,#13335,#13336));
#13338=IFCRELDEFINESBYPROPERTIES('2pJHSE2YLA6gGzXbbY4lyf',$,$,$,(#13327),#13337);
#13339=IFCCOLOURRGB($,0.501960784313725,0.501960784313725,0.501960784313725);
#13340=IFCSURFACESTYLERENDERING(#13339,0.,$,$,$,$,$,$,.FLAT.);
#13341=IFCSURFACESTYLE($,.BOTH.,(#13340));
#13342=IFCPRESENTATIONSTYLEASSIGNMENT((#13341));
#13343=IFCSTYLEDITEM(#13318,(#13342),$);
#13344=IFCCARTESIANPOINT((-80.,40.));
#13345=IFCCARTESIANPOINT((-80.,32.));
#13346=IFCCARTESIANPOINT((-8.,32.));
#13347=IFCCARTESIANPOINT((-8.,-40.));
#13348=IFCCARTESIANPOINT((0.,-40.));
#13349=IFCCARTESIANPOINT((0.,40.));
#13350=IFCCARTESIANPOINT((-80.,40.));
#13351=IFCPOLYLINE((#13344,#13345,#13346,#13347,#13348,#13349,#13350));
#13352=IFCARBITRARYCLOSEDPROFILEDEF(.AREA.,$,#13351);
#13353=IFCCARTESIANPOINT((658.4672,5794.8308,1012.8791));
#13354=IFCDIRECTION((-0.6421,-0.6421,0.4189));
#13355=IFCDIRECTION((-0.2962,-0.2962,-0.908));
#13356=IFCAXIS2PLACEMENT3D(#13353,#13354,#13355);
#13357=IFCCARTESIANPOINT((-3233.806,0.,0.));
#13358=IFCDIRECTION((0.,1.,0.));
#13359=IFCAXIS1PLACEMENT(#13357,#13358);
#13360=IFCREVOLVEDAREASOLID(#13352,#13356,#13359,0.331932821315542);
#13361=IFCSHAPEREPRESENTATION(#17,'Body','SweptSolid',(#13360));
#13362=IFCPRODUCTDEFINITIONSHAPE($,$,(#13361));
#13368=IFCOWNERHISTORY(#3,#4,.READWRITE.,.MODIFIED.,1779428012,#3,#4,1779428012);
#13369=IFCBEAM('1WgnVhAZL64f8ew35Ng5Wt',#13368,'swept beam_0_1',$,$,#13374,#13362,$);
#13370=IFCCARTESIANPOINT((0.,0.,0.));
#13371=IFCDIRECTION((0.,0.,1.));
#13372=IFCDIRECTION((1.,0.,0.));
#13373=IFCAXIS2PLACEMENT3D(#13370,#13371,#13372);
#13374=IFCLOCALPLACEMENT(#39,#13373);
#13375=IFCPROPERTYSINGLEVALUE('Name',$,IFCLABEL('swept beam_0_1'),$);
#13376=IFCPROPERTYSINGLEVALUE('ArcLength',$,IFCLENGTHMEASURE(1073.),$);
#13377=IFCPROPERTYSINGLEVALUE('ArcAngle_rad',$,IFCREAL(0.33),$);
#13378=IFCPROPERTYSINGLEVALUE('ArcAngle_deg',$,IFCREAL(19.),$);
#13379=IFCPROPERTYSET('2gG408hWD6Nwl3L9stroUp',$,'EPset_IfcKit_Geometry',$,(#13375,#13376,#13377,#13378));
#13380=IFCRELDEFINESBYPROPERTIES('3FEOJLWL14KPgZnnfauUWK',$,$,$,(#13369),#13379);
#13381=IFCCOLOURRGB($,0.501960784313725,0.501960784313725,0.501960784313725);
#13382=IFCSURFACESTYLERENDERING(#13381,0.,$,$,$,$,$,$,.FLAT.);
#13383=IFCSURFACESTYLE($,.BOTH.,(#13382));
#13384=IFCPRESENTATIONSTYLEASSIGNMENT((#13383));
#13385=IFCSTYLEDITEM(#13360,(#13384),$);
#13386=IFCCARTESIANPOINT((-80.,40.));
#13387=IFCCARTESIANPOINT((-80.,32.));
#13388=IFCCARTESIANPOINT((-8.,32.));
#13389=IFCCARTESIANPOINT((-8.,-40.));
#13390=IFCCARTESIANPOINT((0.,-40.));
#13391=IFCCARTESIANPOINT((0.,40.));
#13392=IFCCARTESIANPOINT((-80.,40.));
#13393=IFCPOLYLINE((#13386,#13387,#13388,#13389,#13390,#13391,#13392));
#13394=IFCARBITRARYCLOSEDPROFILEDEF(.AREA.,$,#13393);
#13395=IFCCARTESIANPOINT((1387.3699,6523.7336,731.6985));
#13396=IFCDIRECTION((-0.7036,-0.7036,0.1002));
#13397=IFCDIRECTION((-0.0708,-0.0708,-0.995));
#13398=IFCAXIS2PLACEMENT3D(#13395,#13396,#13397);
#13399=IFCCARTESIANPOINT((-3294.9819,0.,0.));
#13400=IFCDIRECTION((0.,1.,0.));
#13401=IFCAXIS1PLACEMENT(#13399,#13400);
#13402=IFCREVOLVEDAREASOLID(#13394,#13398,#13401,0.325923137495135);
#13403=IFCSHAPEREPRESENTATION(#17,'Body','SweptSolid',(#13402));
#13404=IFCPRODUCTDEFINITIONSHAPE($,$,(#13403));
#13410=IFCOWNERHISTORY(#3,#4,.READWRITE.,.MODIFIED.,1779428012,#3,#4,1779428012);
#13411=IFCBEAM('3OX$hbb3r5Ruzjw0sz29G3',#13410,'swept beam_0_2',$,$,#13416,#13404,$);
#13412=IFCCARTESIANPOINT((0.,0.,0.));
#13413=IFCDIRECTION((0.,0.,1.));
#13414=IFCDIRECTION((1.,0.,0.));
#13415=IFCAXIS2PLACEMENT3D(#13412,#13413,#13414);
#13416=IFCLOCALPLACEMENT(#39,#13415);
#13417=IFCPROPERTYSINGLEVALUE('Name',$,IFCLABEL('swept beam_0_2'),$);
#13418=IFCPROPERTYSINGLEVALUE('ArcLength',$,IFCLENGTHMEASURE(1074.),$);
#13419=IFCPROPERTYSINGLEVALUE('ArcAngle_rad',$,IFCREAL(0.33),$);
#13420=IFCPROPERTYSINGLEVALUE('ArcAngle_deg',$,IFCREAL(18.7),$);
#13421=IFCPROPERTYSET('3HJ1z7mEzBugK57Nh$Zjf9',$,'EPset_IfcKit_Geometry',$,(#13417,#13418,#13419,#13420));
#13422=IFCRELDEFINESBYPROPERTIES('3ZD8t$A_12ieugugVpIEcQ',$,$,$,(#13411),#13421);
#13423=IFCCOLOURRGB($,0.501960784313725,0.501960784313725,0.501960784313725);
#13424=IFCSURFACESTYLERENDERING(#13423,0.,$,$,$,$,$,$,.FLAT.);
#13425=IFCSURFACESTYLE($,.BOTH.,(#13424));
#13426=IFCPRESENTATIONSTYLEASSIGNMENT((#13425));
#13427=IFCSTYLEDITEM(#13402,(#13426),$);
#13428=IFCCARTESIANPOINT((-80.,40.));
#13429=IFCCARTESIANPOINT((-80.,32.));
#13430=IFCCARTESIANPOINT((-8.,32.));
#13431=IFCCARTESIANPOINT((-8.,-40.));
#13432=IFCCARTESIANPOINT((0.,-40.));
#13433=IFCCARTESIANPOINT((0.,40.));
#13434=IFCCARTESIANPOINT((-80.,40.));
#13435=IFCPOLYLINE((#13428,#13429,#13430,#13431,#13432,#13433,#13434));
#13436=IFCARBITRARYCLOSEDPROFILEDEF(.AREA.,$,#13435);
#13437=IFCCARTESIANPOINT((2141.9006,7278.2642,798.6204));
#13438=IFCDIRECTION((-0.6892,-0.6892,-0.2237));
#13439=IFCDIRECTION((0.1582,0.1582,-0.9747));
#13440=IFCAXIS2PLACEMENT3D(#13437,#13438,#13439);
#13441=IFCCARTESIANPOINT((-5307.3482,0.,0.));
#13442=IFCDIRECTION((0.,1.,0.));
#13443=IFCAXIS1PLACEMENT(#13441,#13442);
#13444=IFCREVOLVEDAREASOLID(#13436,#13440,#13443,0.20344988350984);
#13445=IFCSHAPEREPRESENTATION(#17,'Body','SweptSolid',(#13444));
#13446=IFCPRODUCTDEFINITIONSHAPE($,$,(#13445));
#13452=IFCOWNERHISTORY(#3,#4,.READWRITE.,.MODIFIED.,1779428012,#3,#4,1779428012);
#13453=IFCBEAM('1LLNLvDYL85vC2Zyb8FR8n',#13452,'swept beam_0_3',$,$,#13458,#13446,$);
#13454=IFCCARTESIANPOINT((0.,0.,0.));
#13455=IFCDIRECTION((0.,0.,1.));
#13456=IFCDIRECTION((1.,0.,0.));
#13457=IFCAXIS2PLACEMENT3D(#13454,#13455,#13456);
#13458=IFCLOCALPLACEMENT(#39,#13457);
#13459=IFCPROPERTYSINGLEVALUE('Name',$,IFCLABEL('swept beam_0_3'),$);
#13460=IFCPROPERTYSINGLEVALUE('ArcLength',$,IFCLENGTHMEASURE(1080.),$);
#13461=IFCPROPERTYSINGLEVALUE('ArcAngle_rad',$,IFCREAL(0.2),$);
#13462=IFCPROPERTYSINGLEVALUE('ArcAngle_deg',$,IFCREAL(11.7),$);
#13463=IFCPROPERTYSET('0KwjVo4wb6PBUxQpLaK$iS',$,'EPset_IfcKit_Geometry',$,(#13459,#13460,#13461,#13462));
#13464=IFCRELDEFINESBYPROPERTIES('3b8KOkC1T4wvT1hpxVxMET',$,$,$,(#13453),#13463);
#13465=IFCCOLOURRGB($,0.501960784313725,0.501960784313725,0.501960784313725);
#13466=IFCSURFACESTYLERENDERING(#13465,0.,$,$,$,$,$,$,.FLAT.);
#13467=IFCSURFACESTYLE($,.BOTH.,(#13466));
#13468=IFCPRESENTATIONSTYLEASSIGNMENT((#13467));
#13469=IFCSTYLEDITEM(#13444,(#13468),$);
#13470=IFCCARTESIANPOINT((-80.,40.));
#13471=IFCCARTESIANPOINT((-80.,32.));
#13472=IFCCARTESIANPOINT((-8.,32.));
#13473=IFCCARTESIANPOINT((-8.,-40.));
#13474=IFCCARTESIANPOINT((0.,-40.));
#13475=IFCCARTESIANPOINT((0.,40.));
#13476=IFCCARTESIANPOINT((-80.,40.));
#13477=IFCPOLYLINE((#13470,#13471,#13472,#13473,#13474,#13475,#13476));
#13478=IFCARBITRARYCLOSEDPROFILEDEF(.AREA.,$,#13477);
#13479=IFCCARTESIANPOINT((-0.,5545.4545,1152.7559));
#13480=IFCDIRECTION((-0.5895,-0.5895,0.5523));
#13481=IFCDIRECTION((-0.3905,-0.3905,-0.8337));
#13482=IFCAXIS2PLACEMENT3D(#13479,#13480,#13481);
#13483=IFCCARTESIANPOINT((-4204.8229,0.,0.));
#13484=IFCDIRECTION((0.,1.,0.));
#13485=IFCAXIS1PLACEMENT(#13483,#13484);
#13486=IFCREVOLVEDAREASOLID(#13478,#13482,#13485,0.217471854804688);
#13487=IFCSHAPEREPRESENTATION(#17,'Body','SweptSolid',(#13486));
#13488=IFCPRODUCTDEFINITIONSHAPE($,$,(#13487));
#13494=IFCOWNERHISTORY(#3,#4,.READWRITE.,.MODIFIED.,1779428012,#3,#4,1779428012);
#13495=IFCBEAM('34tEXHfF17yhiUydlhycbq',#13494,'swept beam_0_0',$,$,#13500,#13488,$);
#13496=IFCCARTESIANPOINT((0.,0.,0.));
#13497=IFCDIRECTION((0.,0.,1.));
#13498=IFCDIRECTION((1.,0.,0.));
#13499=IFCAXIS2PLACEMENT3D(#13496,#13497,#13498);
#13500=IFCLOCALPLACEMENT(#39,#13499);
#13501=IFCPROPERTYSINGLEVALUE('Name',$,IFCLABEL('swept beam_0_0'),$);
#13502=IFCPROPERTYSINGLEVALUE('ArcLength',$,IFCLENGTHMEASURE(914.),$);
#13503=IFCPROPERTYSINGLEVALUE('ArcAngle_rad',$,IFCREAL(0.22),$);
#13504=IFCPROPERTYSINGLEVALUE('ArcAngle_deg',$,IFCREAL(12.5),$);
#13505=IFCPROPERTYSET('1EY0F5$TT0_w0vrmKn79Sc',$,'EPset_IfcKit_Geometry',$,(#13501,#13502,#13503,#13504));
#13506=IFCRELDEFINESBYPROPERTIES('1nVFHcR8X329rrRs8Pzmgp',$,$,$,(#13495),#13505);
#13507=IFCCOLOURRGB($,0.501960784313725,0.501960784313725,0.501960784313725);
#13508=IFCSURFACESTYLERENDERING(#13507,0.,$,$,$,$,$,$,.FLAT.);
#13509=IFCSURFACESTYLE($,.BOTH.,(#13508));
#13510=IFCPRESENTATIONSTYLEASSIGNMENT((#13509));
#13511=IFCSTYLEDITEM(#13486,(#13510),$);
#13512=IFCCARTESIANPOINT((-80.,40.));
#13513=IFCCARTESIANPOINT((-80.,32.));
#13514=IFCCARTESIANPOINT((-8.,32.));
#13515=IFCCARTESIANPOINT((-8.,-40.));
#13516=IFCCARTESIANPOINT((0.,-40.));
#13517=IFCCARTESIANPOINT((0.,40.));
#13518=IFCCARTESIANPOINT((-80.,40.));
#13519=IFCPOLYLINE((#13512,#13513,#13514,#13515,#13516,#13517,#13518));
#13520=IFCARBITRARYCLOSEDPROFILEDEF(.AREA.,$,#13519);
#13521=IFCCARTESIANPOINT((573.4923,6118.9468,734.2989));
#13522=IFCDIRECTION((-0.6599,-0.6599,0.3594));
#13523=IFCDIRECTION((-0.2541,-0.2541,-0.9332));
#13524=IFCAXIS2PLACEMENT3D(#13521,#13522,#13523);
#13525=IFCCARTESIANPOINT((-3075.18,0.,0.));
#13526=IFCDIRECTION((0.,1.,0.));
#13527=IFCAXIS1PLACEMENT(#13525,#13526);
#13528=IFCREVOLVEDAREASOLID(#13520,#13524,#13527,0.296347876387601);
#13529=IFCSHAPEREPRESENTATION(#17,'Body','SweptSolid',(#13528));
#13530=IFCPRODUCTDEFINITIONSHAPE($,$,(#13529));
#13536=IFCOWNERHISTORY(#3,#4,.READWRITE.,.MODIFIED.,1779428012,#3,#4,1779428012);
#13537=IFCBEAM('0eOqhaRtj3L85OClxlg0JZ',#13536,'swept beam_0_1',$,$,#13542,#13530,$);
#13538=IFCCARTESIANPOINT((0.,0.,0.));
#13539=IFCDIRECTION((0.,0.,1.));
#13540=IFCDIRECTION((1.,0.,0.));
#13541=IFCAXIS2PLACEMENT3D(#13538,#13539,#13540);
#13542=IFCLOCALPLACEMENT(#39,#13541);
#13543=IFCPROPERTYSINGLEVALUE('Name',$,IFCLABEL('swept beam_0_1'),$);
#13544=IFCPROPERTYSINGLEVALUE('ArcLength',$,IFCLENGTHMEASURE(911.),$);
#13545=IFCPROPERTYSINGLEVALUE('ArcAngle_rad',$,IFCREAL(0.3),$);
#13546=IFCPROPERTYSINGLEVALUE('ArcAngle_deg',$,IFCREAL(17.),$);
#13547=IFCPROPERTYSET('1kXAcd_Er2VgaASvw4sP_M',$,'EPset_IfcKit_Geometry',$,(#13543,#13544,#13545,#13546));
#13548=IFCRELDEFINESBYPROPERTIES('2YRtzK0$rDsOG9eNswVppE',$,$,$,(#13537),#13547);
#13549=IFCCOLOURRGB($,0.501960784313725,0.501960784313725,0.501960784313725);
#13550=IFCSURFACESTYLERENDERING(#13549,0.,$,$,$,$,$,$,.FLAT.);
#13551=IFCSURFACESTYLE($,.BOTH.,(#13550));
#13552=IFCPRESENTATIONSTYLEASSIGNMENT((#13551));
#13553=IFCSTYLEDITEM(#13528,(#13552),$);
#13554=IFCCARTESIANPOINT((-80.,40.));
#13555=IFCCARTESIANPOINT((-80.,32.));
#13556=IFCCARTESIANPOINT((-8.,32.));
#13557=IFCCARTESIANPOINT((-8.,-40.));
#13558=IFCCARTESIANPOINT((0.,-40.));
#13559=IFCCARTESIANPOINT((0.,40.));
#13560=IFCCARTESIANPOINT((-80.,40.));
#13561=IFCPOLYLINE((#13554,#13555,#13556,#13557,#13558,#13559,#13560));
#13562=IFCARBITRARYCLOSEDPROFILEDEF(.AREA.,$,#13561);
#13563=IFCCARTESIANPOINT((1200.1462,6745.6007,536.665));
#13564=IFCDIRECTION((-0.7053,-0.7053,0.0712));
#13565=IFCDIRECTION((-0.0503,-0.0503,-0.9975));
#13566=IFCAXIS2PLACEMENT3D(#13563,#13564,#13565);
#13567=IFCCARTESIANPOINT((-3245.183,0.,0.));
#13568=IFCDIRECTION((0.,1.,0.));
#13569=IFCAXIS1PLACEMENT(#13567,#13568);
#13570=IFCREVOLVEDAREASOLID(#13562,#13566,#13569,0.280272207548057);
#13571=IFCSHAPEREPRESENTATION(#17,'Body','SweptSolid',(#13570));
#13572=IFCPRODUCTDEFINITIONSHAPE($,$,(#13571));
#13578=IFCOWNERHISTORY(#3,#4,.READWRITE.,.MODIFIED.,1779428012,#3,#4,1779428012);
#13579=IFCBEAM('28LFYsc2DFUAPGFmbrT0h6',#13578,'swept beam_0_2',$,$,#13584,#13572,$);
#13580=IFCCARTESIANPOINT((0.,0.,0.));
#13581=IFCDIRECTION((0.,0.,1.));
#13582=IFCDIRECTION((1.,0.,0.));
#13583=IFCAXIS2PLACEMENT3D(#13580,#13581,#13582);
#13584=IFCLOCALPLACEMENT(#39,#13583);
#13585=IFCPROPERTYSINGLEVALUE('Name',$,IFCLABEL('swept beam_0_2'),$);
#13586=IFCPROPERTYSINGLEVALUE('ArcLength',$,IFCLENGTHMEASURE(910.),$);
#13587=IFCPROPERTYSINGLEVALUE('ArcAngle_rad',$,IFCREAL(0.28),$);
#13588=IFCPROPERTYSINGLEVALUE('ArcAngle_deg',$,IFCREAL(16.1),$);
#13589=IFCPROPERTYSET('1PeTbkuz54dR_unbc8r$J7',$,'EPset_IfcKit_Geometry',$,(#13585,#13586,#13587,#13588));
#13590=IFCRELDEFINESBYPROPERTIES('3dJFGpVKz7YP$HQ1Kz0SMB',$,$,$,(#13579),#13589);
#13591=IFCCOLOURRGB($,0.501960784313725,0.501960784313725,0.501960784313725);
#13592=IFCSURFACESTYLERENDERING(#13591,0.,$,$,$,$,$,$,.FLAT.);
#13593=IFCSURFACESTYLE($,.BOTH.,(#13592));
#13594=IFCPRESENTATIONSTYLEASSIGNMENT((#13593));
#13595=IFCSTYLEDITEM(#13570,(#13594),$);
#13596=IFCCARTESIANPOINT((-80.,40.));
#13597=IFCCARTESIANPOINT((-80.,32.));
#13598=IFCCARTESIANPOINT((-8.,32.));
#13599=IFCCARTESIANPOINT((-8.,-40.));
#13600=IFCCARTESIANPOINT((0.,-40.));
#13601=IFCCARTESIANPOINT((0.,40.));
#13602=IFCCARTESIANPOINT((-80.,40.));
#13603=IFCPOLYLINE((#13596,#13597,#13598,#13599,#13600,#13601,#13602));
#13604=IFCARBITRARYCLOSEDPROFILEDEF(.AREA.,$,#13603);
#13605=IFCCARTESIANPOINT((1839.6607,7385.1152,599.0716));
#13606=IFCDIRECTION((-0.6917,-0.6917,-0.2075));
#13607=IFCDIRECTION((0.1467,0.1467,-0.9782));
#13608=IFCAXIS2PLACEMENT3D(#13605,#13606,#13607);
#13609=IFCCARTESIANPOINT((-4799.8235,0.,0.));
#13610=IFCDIRECTION((0.,1.,0.));
#13611=IFCAXIS1PLACEMENT(#13609,#13610);
#13612=IFCREVOLVEDAREASOLID(#13604,#13608,#13611,0.190168412633322);
#13613=IFCSHAPEREPRESENTATION(#17,'Body','SweptSolid',(#13612));
#13614=IFCPRODUCTDEFINITIONSHAPE($,$,(#13613));
#13620=IFCOWNERHISTORY(#3,#4,.READWRITE.,.MODIFIED.,1779428012,#3,#4,1779428012);
#13621=IFCBEAM('1$KzH6AMb7tAx_05DFn2qM',#13620,'swept beam_0_3',$,$,#13626,#13614,$);
#13622=IFCCARTESIANPOINT((0.,0.,0.));
#13623=IFCDIRECTION((0.,0.,1.));
#13624=IFCDIRECTION((1.,0.,0.));
#13625=IFCAXIS2PLACEMENT3D(#13622,#13623,#13624);
#13626=IFCLOCALPLACEMENT(#39,#13625);
#13627=IFCPROPERTYSINGLEVALUE('Name',$,IFCLABEL('swept beam_0_3'),$);
#13628=IFCPROPERTYSINGLEVALUE('ArcLength',$,IFCLENGTHMEASURE(913.),$);
#13629=IFCPROPERTYSINGLEVALUE('ArcAngle_rad',$,IFCREAL(0.19),$);
#13630=IFCPROPERTYSINGLEVALUE('ArcAngle_deg',$,IFCREAL(10.9),$);
#13631=IFCPROPERTYSET('1qsG_7huTEFudBgdTOQzAi',$,'EPset_IfcKit_Geometry',$,(#13627,#13628,#13629,#13630));
#13632=IFCRELDEFINESBYPROPERTIES('0r86R_pbT2dB9RYbRWqXp5',$,$,$,(#13621),#13631);
#13633=IFCCOLOURRGB($,0.501960784313725,0.501960784313725,0.501960784313725);
#13634=IFCSURFACESTYLERENDERING(#13633,0.,$,$,$,$,$,$,.FLAT.);
#13635=IFCSURFACESTYLE($,.BOTH.,(#13634));
#13636=IFCPRESENTATIONSTYLEASSIGNMENT((#13635));
#13637=IFCSTYLEDITEM(#13612,(#13636),$);
#13638=IFCCARTESIANPOINT((-80.,40.));
#13639=IFCCARTESIANPOINT((-80.,32.));
#13640=IFCCARTESIANPOINT((-8.,32.));
#13641=IFCCARTESIANPOINT((-8.,-40.));
#13642=IFCCARTESIANPOINT((0.,-40.));
#13643=IFCCARTESIANPOINT((0.,40.));
#13644=IFCCARTESIANPOINT((-80.,40.));
#13645=IFCPOLYLINE((#13638,#13639,#13640,#13641,#13642,#13643,#13644));
#13646=IFCARBITRARYCLOSEDPROFILEDEF(.AREA.,$,#13645);
#13647=IFCCARTESIANPOINT((0.,5954.5455,791.5344));
#13648=IFCDIRECTION((-0.6175,-0.6175,0.4873));
#13649=IFCDIRECTION((-0.3446,-0.3446,-0.8732));
#13650=IFCAXIS2PLACEMENT3D(#13647,#13648,#13649);
#13651=IFCCARTESIANPOINT((-3509.2775,0.,0.));
#13652=IFCDIRECTION((0.,1.,0.));
#13653=IFCAXIS1PLACEMENT(#13651,#13652);
#13654=IFCREVOLVEDAREASOLID(#13646,#13650,#13653,0.213505758570241);
#13655=IFCSHAPEREPRESENTATION(#17,'Body','SweptSolid',(#13654));
#13656=IFCPRODUCTDEFINITIONSHAPE($,$,(#13655));
#13662=IFCOWNERHISTORY(#3,#4,.READWRITE.,.MODIFIED.,1779428012,#3,#4,1779428012);
#13663=IFCBEAM('38cViNZjDDPuujZU62gkA0',#13662,'swept beam_0_0',$,$,#13668,#13656,$);
#13664=IFCCARTESIANPOINT((0.,0.,0.));
#13665=IFCDIRECTION((0.,0.,1.));
#13666=IFCDIRECTION((1.,0.,0.));
#13667=IFCAXIS2PLACEMENT3D(#13664,#13665,#13666);
#13668=IFCLOCALPLACEMENT(#39,#13667);
#13669=IFCPROPERTYSINGLEVALUE('Name',$,IFCLABEL('swept beam_0_0'),$);
#13670=IFCPROPERTYSINGLEVALUE('ArcLength',$,IFCLENGTHMEASURE(749.),$);
#13671=IFCPROPERTYSINGLEVALUE('ArcAngle_rad',$,IFCREAL(0.21),$);
#13672=IFCPROPERTYSINGLEVALUE('ArcAngle_deg',$,IFCREAL(12.2),$);
#13673=IFCPROPERTYSET('2jaga21ZrEewuCRht$pYSz',$,'EPset_IfcKit_Geometry',$,(#13669,#13670,#13671,#13672));
#13674=IFCRELDEFINESBYPROPERTIES('13$xYDyHH2E82_G2T3NV$Z',$,$,$,(#13663),#13673);
#13675=IFCCOLOURRGB($,0.501960784313725,0.501960784313725,0.501960784313725);
#13676=IFCSURFACESTYLERENDERING(#13675,0.,$,$,$,$,$,$,.FLAT.);
#13677=IFCSURFACESTYLE($,.BOTH.,(#13676));
#13678=IFCPRESENTATIONSTYLEASSIGNMENT((#13677));
#13679=IFCSTYLEDITEM(#13654,(#13678),$);
#13680=IFCCARTESIANPOINT((-80.,40.));
#13681=IFCCARTESIANPOINT((-80.,32.));
#13682=IFCCARTESIANPOINT((-8.,32.));
#13683=IFCCARTESIANPOINT((-8.,-40.));
#13684=IFCCARTESIANPOINT((0.,-40.));
#13685=IFCCARTESIANPOINT((0.,40.));
#13686=IFCCARTESIANPOINT((-80.,40.));
#13687=IFCPOLYLINE((#13680,#13681,#13682,#13683,#13684,#13685,#13686));
#13688=IFCARBITRARYCLOSEDPROFILEDEF(.AREA.,$,#13687);
#13689=IFCCARTESIANPOINT((486.5791,6441.1246,498.7389));
#13690=IFCDIRECTION((-0.6765,-0.6765,0.2913));
#13691=IFCDIRECTION((-0.2059,-0.2059,-0.9566));
#13692=IFCAXIS2PLACEMENT3D(#13689,#13690,#13691);
#13693=IFCCARTESIANPOINT((-3018.4967,0.,0.));
#13694=IFCDIRECTION((0.,1.,0.));
#13695=IFCAXIS1PLACEMENT(#13693,#13694);
#13696=IFCREVOLVEDAREASOLID(#13688,#13692,#13695,0.247889903751614);
#13697=IFCSHAPEREPRESENTATION(#17,'Body','SweptSolid',(#13696));
#13698=IFCPRODUCTDEFINITIONSHAPE($,$,(#13697));
#13704=IFCOWNERHISTORY(#3,#4,.READWRITE.,.MODIFIED.,1779428012,#3,#4,1779428012);
#13705=IFCBEAM('1fcXqGklzEmu$9NA_sJWqS',#13704,'swept beam_0_1',$,$,#13710,#13698,$);
#13706=IFCCARTESIANPOINT((0.,0.,0.));
#13707=IFCDIRECTION((0.,0.,1.));
#13708=IFCDIRECTION((1.,0.,0.));
#13709=IFCAXIS2PLACEMENT3D(#13706,#13707,#13708);
#13710=IFCLOCALPLACEMENT(#39,#13709);
#13711=IFCPROPERTYSINGLEVALUE('Name',$,IFCLABEL('swept beam_0_1'),$);
#13712=IFCPROPERTYSINGLEVALUE('ArcLength',$,IFCLENGTHMEASURE(748.),$);
#13713=IFCPROPERTYSINGLEVALUE('ArcAngle_rad',$,IFCREAL(0.25),$);
#13714=IFCPROPERTYSINGLEVALUE('ArcAngle_deg',$,IFCREAL(14.2),$);
#13715=IFCPROPERTYSET('1M9ESsLS9FJwSO6wVfCwMe',$,'EPset_IfcKit_Geometry',$,(#13711,#13712,#13713,#13714));
#13716=IFCRELDEFINESBYPROPERTIES('2aQp5Q7Rf5vx1xpGIWoVjv',$,$,$,(#13705),#13715);
#13717=IFCCOLOURRGB($,0.501960784313725,0.501960784313725,0.501960784313725);
#13718=IFCSURFACESTYLERENDERING(#13717,0.,$,$,$,$,$,$,.FLAT.);
#13719=IFCSURFACESTYLE($,.BOTH.,(#13718));
#13720=IFCPRESENTATIONSTYLEASSIGNMENT((#13719));
#13721=IFCSTYLEDITEM(#13696,(#13720),$);
#13722=IFCCARTESIANPOINT((-80.,40.));
#13723=IFCCARTESIANPOINT((-80.,32.));
#13724=IFCCARTESIANPOINT((-8.,32.));
#13725=IFCCARTESIANPOINT((-8.,-40.));
#13726=IFCCARTESIANPOINT((0.,-40.));
#13727=IFCCARTESIANPOINT((0.,40.));
#13728=IFCCARTESIANPOINT((-80.,40.));
#13729=IFCPOLYLINE((#13722,#13723,#13724,#13725,#13726,#13727,#13728));
#13730=IFCARBITRARYCLOSEDPROFILEDEF(.AREA.,$,#13729);
#13731=IFCCARTESIANPOINT((1006.5711,6961.1166,371.2994));
#13732=IFCDIRECTION((-0.7063,-0.7063,0.0476));
#13733=IFCDIRECTION((-0.0337,-0.0337,-0.9989));
#13734=IFCAXIS2PLACEMENT3D(#13731,#13732,#13733);
#13735=IFCCARTESIANPOINT((-3222.7129,0.,0.));
#13736=IFCDIRECTION((0.,1.,0.));
#13737=IFCAXIS1PLACEMENT(#13735,#13736);
#13738=IFCREVOLVEDAREASOLID(#13730,#13734,#13737,0.232622989169502);
#13739=IFCSHAPEREPRESENTATION(#17,'Body','SweptSolid',(#13738));
#13740=IFCPRODUCTDEFINITIONSHAPE($,$,(#13739));
#13746=IFCOWNERHISTORY(#3,#4,.READWRITE.,.MODIFIED.,1779428012,#3,#4,1779428012);
#13747=IFCBEAM('1XgSs2DnfEjfxgDb3Ygi8p',#13746,'swept beam_0_2',$,$,#13752,#13740,$);
#13748=IFCCARTESIANPOINT((0.,0.,0.));
#13749=IFCDIRECTION((0.,0.,1.));
#13750=IFCDIRECTION((1.,0.,0.));
#13751=IFCAXIS2PLACEMENT3D(#13748,#13749,#13750);
#13752=IFCLOCALPLACEMENT(#39,#13751);
#13753=IFCPROPERTYSINGLEVALUE('Name',$,IFCLABEL('swept beam_0_2'),$);
#13754=IFCPROPERTYSINGLEVALUE('ArcLength',$,IFCLENGTHMEASURE(750.),$);
#13755=IFCPROPERTYSINGLEVALUE('ArcAngle_rad',$,IFCREAL(0.23),$);
#13756=IFCPROPERTYSINGLEVALUE('ArcAngle_deg',$,IFCREAL(13.3),$);
#13757=IFCPROPERTYSET('2e7PxXrFHFCB5yhK7tvoI9',$,'EPset_IfcKit_Geometry',$,(#13753,#13754,#13755,#13756));
#13758=IFCRELDEFINESBYPROPERTIES('268ByV0MDCrwGm0wJ1f5kf',$,$,$,(#13747),#13757);
#13759=IFCCOLOURRGB($,0.501960784313725,0.501960784313725,0.501960784313725);
#13760=IFCSURFACESTYLERENDERING(#13759,0.,$,$,$,$,$,$,.FLAT.);
#13761=IFCSURFACESTYLE($,.BOTH.,(#13760));
#13762=IFCPRESENTATIONSTYLEASSIGNMENT((#13761));
#13763=IFCSTYLEDITEM(#13738,(#13762),$);
#13764=IFCCARTESIANPOINT((-80.,40.));
#13765=IFCCARTESIANPOINT((-80.,32.));
#13766=IFCCARTESIANPOINT((-8.,32.));
#13767=IFCCARTESIANPOINT((-8.,-40.));
#13768=IFCCARTESIANPOINT((0.,-40.));
#13769=IFCCARTESIANPOINT((0.,40.));
#13770=IFCCARTESIANPOINT((-80.,40.));
#13771=IFCPOLYLINE((#13764,#13765,#13766,#13767,#13768,#13769,#13770));
#13772=IFCARBITRARYCLOSEDPROFILEDEF(.AREA.,$,#13771);
#13773=IFCCARTESIANPOINT((1534.2321,7488.7776,422.6182));
#13774=IFCDIRECTION((-0.695,-0.695,-0.1839));
#13775=IFCDIRECTION((0.1301,0.1301,-0.9829));
#13776=IFCAXIS2PLACEMENT3D(#13773,#13774,#13775);
#13777=IFCCARTESIANPOINT((-4379.7221,0.,0.));
#13778=IFCDIRECTION((0.,1.,0.));
#13779=IFCAXIS1PLACEMENT(#13777,#13778);
#13780=IFCREVOLVEDAREASOLID(#13772,#13776,#13779,0.17152432845147);
#13781=IFCSHAPEREPRESENTATION(#17,'Body','SweptSolid',(#13780));
#13782=IFCPRODUCTDEFINITIONSHAPE($,$,(#13781));
#13788=IFCOWNERHISTORY(#3,#4,.READWRITE.,.MODIFIED.,1779428012,#3,#4,1779428012);
#13789=IFCBEAM('2CcYEGy3n4xfF9qTm7TvL5',#13788,'swept beam_0_3',$,$,#13794,#13782,$);
#13790=IFCCARTESIANPOINT((0.,0.,0.));
#13791=IFCDIRECTION((0.,0.,1.));
#13792=IFCDIRECTION((1.,0.,0.));
#13793=IFCAXIS2PLACEMENT3D(#13790,#13791,#13792);
#13794=IFCLOCALPLACEMENT(#39,#13793);
#13795=IFCPROPERTYSINGLEVALUE('Name',$,IFCLABEL('swept beam_0_3'),$);
#13796=IFCPROPERTYSINGLEVALUE('ArcLength',$,IFCLENGTHMEASURE(751.),$);
#13797=IFCPROPERTYSINGLEVALUE('ArcAngle_rad',$,IFCREAL(0.17),$);
#13798=IFCPROPERTYSINGLEVALUE('ArcAngle_deg',$,IFCREAL(9.8),$);
#13799=IFCPROPERTYSET('11ICxeEM1DlPyseV9nKN6F',$,'EPset_IfcKit_Geometry',$,(#13795,#13796,#13797,#13798));
#13800=IFCRELDEFINESBYPROPERTIES('1DJvZfDOLAFBsQ1J0t3GhP',$,$,$,(#13789),#13799);
#13801=IFCCOLOURRGB($,0.501960784313725,0.501960784313725,0.501960784313725);
#13802=IFCSURFACESTYLERENDERING(#13801,0.,$,$,$,$,$,$,.FLAT.);
#13803=IFCSURFACESTYLE($,.BOTH.,(#13802));
#13804=IFCPRESENTATIONSTYLEASSIGNMENT((#13803));
#13805=IFCSTYLEDITEM(#13780,(#13804),$);
#13806=IFCCARTESIANPOINT((-80.,40.));
#13807=IFCCARTESIANPOINT((-80.,32.));
#13808=IFCCARTESIANPOINT((-8.,32.));
#13809=IFCCARTESIANPOINT((-8.,-40.));
#13810=IFCCARTESIANPOINT((0.,-40.));
#13811=IFCCARTESIANPOINT((0.,40.));
#13812=IFCCARTESIANPOINT((-80.,40.));
#13813=IFCPOLYLINE((#13806,#13807,#13808,#13809,#13810,#13811,#13812));
#13814=IFCARBITRARYCLOSEDPROFILEDEF(.AREA.,$,#13813);
#13815=IFCCARTESIANPOINT((0.,6363.6364,494.3528));
#13816=IFCDIRECTION((-0.6485,-0.6485,0.3988));
#13817=IFCDIRECTION((-0.282,-0.282,-0.9171));
#13818=IFCAXIS2PLACEMENT3D(#13815,#13816,#13817);
#13819=IFCCARTESIANPOINT((-3037.9758,0.,0.));
#13820=IFCDIRECTION((0.,1.,0.));
#13821=IFCAXIS1PLACEMENT(#13819,#13820);
#13822=IFCREVOLVEDAREASOLID(#13814,#13818,#13821,0.38857118071703);
#13823=IFCSHAPEREPRESENTATION(#17,'Body','SweptSolid',(#13822));
#13824=IFCPRODUCTDEFINITIONSHAPE($,$,(#13823));
#13830=IFCOWNERHISTORY(#3,#4,.READWRITE.,.MODIFIED.,1779428012,#3,#4,1779428012);
#13831=IFCBEAM('2NruVP_ND5AOrN05EMGKMa',#13830,'swept beam_0_0',$,$,#13836,#13824,$);
#13832=IFCCARTESIANPOINT((0.,0.,0.));
#13833=IFCDIRECTION((0.,0.,1.));
#13834=IFCDIRECTION((1.,0.,0.));
#13835=IFCAXIS2PLACEMENT3D(#13832,#13833,#13834);
#13836=IFCLOCALPLACEMENT(#39,#13835);
#13837=IFCPROPERTYSINGLEVALUE('Name',$,IFCLABEL('swept beam_0_0'),$);
#13838=IFCPROPERTYSINGLEVALUE('ArcLength',$,IFCLENGTHMEASURE(1180.),$);
#13839=IFCPROPERTYSINGLEVALUE('ArcAngle_rad',$,IFCREAL(0.39),$);
#13840=IFCPROPERTYSINGLEVALUE('ArcAngle_deg',$,IFCREAL(22.3),$);
#13841=IFCPROPERTYSET('1p4dia5FL4fOys9gV9VQhW',$,'EPset_IfcKit_Geometry',$,(#13837,#13838,#13839,#13840));
#13842=IFCRELDEFINESBYPROPERTIES('0MO9POmWT7LPZqt43sNLcF',$,$,$,(#13831),#13841);
#13843=IFCCOLOURRGB($,0.501960784313725,0.501960784313725,0.501960784313725);
#13844=IFCSURFACESTYLERENDERING(#13843,0.,$,$,$,$,$,$,.FLAT.);
#13845=IFCSURFACESTYLE($,.BOTH.,(#13844));
#13846=IFCPRESENTATIONSTYLEASSIGNMENT((#13845));
#13847=IFCSTYLEDITEM(#13822,(#13846),$);
#13848=IFCCARTESIANPOINT((-80.,40.));
#13849=IFCCARTESIANPOINT((-80.,32.));
#13850=IFCCARTESIANPOINT((-8.,32.));
#13851=IFCCARTESIANPOINT((-8.,-40.));
#13852=IFCCARTESIANPOINT((0.,-40.));
#13853=IFCCARTESIANPOINT((0.,40.));
#13854=IFCCARTESIANPOINT((-80.,40.));
#13855=IFCPOLYLINE((#13848,#13849,#13850,#13851,#13852,#13853,#13854));
#13856=IFCARBITRARYCLOSEDPROFILEDEF(.AREA.,$,#13855);
#13857=IFCCARTESIANPOINT((810.2229,7173.8593,243.0738));
#13858=IFCDIRECTION((-0.7069,-0.7069,0.0216));
#13859=IFCDIRECTION((-0.0153,-0.0153,-0.9998));
#13860=IFCAXIS2PLACEMENT3D(#13857,#13858,#13859);
#13861=IFCCARTESIANPOINT((-3661.0777,0.,0.));
#13862=IFCDIRECTION((0.,1.,0.));
#13863=IFCAXIS1PLACEMENT(#13861,#13862);
#13864=IFCREVOLVEDAREASOLID(#13856,#13860,#13863,0.323700579683232);
#13865=IFCSHAPEREPRESENTATION(#17,'Body','SweptSolid',(#13864));
#13866=IFCPRODUCTDEFINITIONSHAPE($,$,(#13865));
#13872=IFCOWNERHISTORY(#3,#4,.READWRITE.,.MODIFIED.,1779428012,#3,#4,1779428012);
#13873=IFCBEAM('3lzIMId4HDZgOP2NDMb06k',#13872,'swept beam_0_1',$,$,#13878,#13866,$);
#13874=IFCCARTESIANPOINT((0.,0.,0.));
#13875=IFCDIRECTION((0.,0.,1.));
#13876=IFCDIRECTION((1.,0.,0.));
#13877=IFCAXIS2PLACEMENT3D(#13874,#13875,#13876);
#13878=IFCLOCALPLACEMENT(#39,#13877);
#13879=IFCPROPERTYSINGLEVALUE('Name',$,IFCLABEL('swept beam_0_1'),$);
#13880=IFCPROPERTYSINGLEVALUE('ArcLength',$,IFCLENGTHMEASURE(1185.),$);
#13881=IFCPROPERTYSINGLEVALUE('ArcAngle_rad',$,IFCREAL(0.32),$);
#13882=IFCPROPERTYSINGLEVALUE('ArcAngle_deg',$,IFCREAL(18.5),$);
#13883=IFCPROPERTYSET('3fQRTbN7X5ZAk8KrEcpRm1',$,'EPset_IfcKit_Geometry',$,(#13879,#13880,#13881,#13882));
#13884=IFCRELDEFINESBYPROPERTIES('1qTTHHxsb32gL1mvz9mQHL',$,$,$,(#13873),#13883);
#13885=IFCCOLOURRGB($,0.501960784313725,0.501960784313725,0.501960784313725);
#13886=IFCSURFACESTYLERENDERING(#13885,0.,$,$,$,$,$,$,.FLAT.);
#13887=IFCSURFACESTYLE($,.BOTH.,(#13886));
#13888=IFCPRESENTATIONSTYLEASSIGNMENT((#13887));
#13889=IFCSTYLEDITEM(#13864,(#13888),$);
#13890=IFCCARTESIANPOINT((-80.,40.));
#13891=IFCCARTESIANPOINT((-80.,32.));
#13892=IFCCARTESIANPOINT((-8.,32.));
#13893=IFCCARTESIANPOINT((-8.,-40.));
#13894=IFCCARTESIANPOINT((0.,-40.));
#13895=IFCCARTESIANPOINT((0.,40.));
#13896=IFCCARTESIANPOINT((-80.,40.));
#13897=IFCPOLYLINE((#13890,#13891,#13892,#13893,#13894,#13895,#13896));
#13898=IFCARBITRARYCLOSEDPROFILEDEF(.AREA.,$,#13897);
#13899=IFCCARTESIANPOINT((0.,6772.7273,269.149));
#13900=IFCDIRECTION((-0.6752,-0.6752,0.2968));
#13901=IFCDIRECTION((-0.2099,-0.2099,-0.9549));
#13902=IFCAXIS2PLACEMENT3D(#13899,#13900,#13901);
#13903=IFCCARTESIANPOINT((-3008.0282,0.,0.));
#13904=IFCDIRECTION((0.,1.,0.));
#13905=IFCAXIS1PLACEMENT(#13903,#13904);
#13906=IFCREVOLVEDAREASOLID(#13898,#13902,#13905,0.291789848224415);
#13907=IFCSHAPEREPRESENTATION(#17,'Body','SweptSolid',(#13906));
#13908=IFCPRODUCTDEFINITIONSHAPE($,$,(#13907));
#13914=IFCOWNERHISTORY(#3,#4,.READWRITE.,.MODIFIED.,1779428012,#3,#4,1779428012);
#13915=IFCBEAM('2dHKCbXpTF$umPE4i5IwOB',#13914,'swept beam_0_0',$,$,#13920,#13908,$);
#13916=IFCCARTESIANPOINT((0.,0.,0.));
#13917=IFCDIRECTION((0.,0.,1.));
#13918=IFCDIRECTION((1.,0.,0.));
#13919=IFCAXIS2PLACEMENT3D(#13916,#13917,#13918);
#13920=IFCLOCALPLACEMENT(#39,#13919);
#13921=IFCPROPERTYSINGLEVALUE('Name',$,IFCLABEL('swept beam_0_0'),$);
#13922=IFCPROPERTYSINGLEVALUE('ArcLength',$,IFCLENGTHMEASURE(878.),$);
#13923=IFCPROPERTYSINGLEVALUE('ArcAngle_rad',$,IFCREAL(0.29),$);
#13924=IFCPROPERTYSINGLEVALUE('ArcAngle_deg',$,IFCREAL(16.7),$);
#13925=IFCPROPERTYSET('1PYr_yT4vEfBY2EJoZwqaY',$,'EPset_IfcKit_Geometry',$,(#13921,#13922,#13923,#13924));
#13926=IFCRELDEFINESBYPROPERTIES('1C3uikEgn4kOY0YP7UMBkI',$,$,$,(#13915),#13925);
#13927=IFCCOLOURRGB($,0.501960784313725,0.501960784313725,0.501960784313725);
#13928=IFCSURFACESTYLERENDERING(#13927,0.,$,$,$,$,$,$,.FLAT.);
#13929=IFCSURFACESTYLE($,.BOTH.,(#13928));
#13930=IFCPRESENTATIONSTYLEASSIGNMENT((#13929));
#13931=IFCSTYLEDITEM(#13906,(#13930),$);
#13932=IFCCARTESIANPOINT((-80.,40.));
#13933=IFCCARTESIANPOINT((-80.,32.));
#13934=IFCCARTESIANPOINT((-8.,32.));
#13935=IFCCARTESIANPOINT((-8.,-40.));
#13936=IFCCARTESIANPOINT((0.,-40.));
#13937=IFCCARTESIANPOINT((0.,40.));
#13938=IFCCARTESIANPOINT((-80.,40.));
#13939=IFCPOLYLINE((#13932,#13933,#13934,#13935,#13936,#13937,#13938));
#13940=IFCARBITRARYCLOSEDPROFILEDEF(.AREA.,$,#13939);
#13941=IFCCARTESIANPOINT((610.9777,7383.705,133.7219));
#13942=IFCDIRECTION((-0.7071,-0.7071,0.0096));
#13943=IFCDIRECTION((-0.0068,-0.0068,-1.));
#13944=IFCAXIS2PLACEMENT3D(#13941,#13942,#13943);
#13945=IFCCARTESIANPOINT((-3560.6129,0.,0.));
#13946=IFCDIRECTION((0.,1.,0.));
#13947=IFCAXIS1PLACEMENT(#13945,#13946);
#13948=IFCREVOLVEDAREASOLID(#13940,#13944,#13947,0.247006338323443);
#13949=IFCSHAPEREPRESENTATION(#17,'Body','SweptSolid',(#13948));
#13950=IFCPRODUCTDEFINITIONSHAPE($,$,(#13949));
#13956=IFCOWNERHISTORY(#3,#4,.READWRITE.,.MODIFIED.,1779428012,#3,#4,1779428012);
#13957=IFCBEAM('1IBFejxYn6VRweYKnlUkzw',#13956,'swept beam_0_1',$,$,#13962,#13950,$);
#13958=IFCCARTESIANPOINT((0.,0.,0.));
#13959=IFCDIRECTION((0.,0.,1.));
#13960=IFCDIRECTION((1.,0.,0.));
#13961=IFCAXIS2PLACEMENT3D(#13958,#13959,#13960);
#13962=IFCLOCALPLACEMENT(#39,#13961);
#13963=IFCPROPERTYSINGLEVALUE('Name',$,IFCLABEL('swept beam_0_1'),$);
#13964=IFCPROPERTYSINGLEVALUE('ArcLength',$,IFCLENGTHMEASURE(879.),$);
#13965=IFCPROPERTYSINGLEVALUE('ArcAngle_rad',$,IFCREAL(0.25),$);
#13966=IFCPROPERTYSINGLEVALUE('ArcAngle_deg',$,IFCREAL(14.2),$);
#13967=IFCPROPERTYSET('2j0EGViib1Qg3r2mHkVfMa',$,'EPset_IfcKit_Geometry',$,(#13963,#13964,#13965,#13966));
#13968=IFCRELDEFINESBYPROPERTIES('2CRwMkqtX2wut3zFvUlXBL',$,$,$,(#13957),#13967);
#13969=IFCCOLOURRGB($,0.501960784313725,0.501960784313725,0.501960784313725);
#13970=IFCSURFACESTYLERENDERING(#13969,0.,$,$,$,$,$,$,.FLAT.);
#13971=IFCSURFACESTYLE($,.BOTH.,(#13970));
#13972=IFCPRESENTATIONSTYLEASSIGNMENT((#13971));
#13973=IFCSTYLEDITEM(#13948,(#13972),$);
#13974=IFCCARTESIANPOINT((-80.,40.));
#13975=IFCCARTESIANPOINT((-80.,32.));
#13976=IFCCARTESIANPOINT((-8.,32.));
#13977=IFCCARTESIANPOINT((-8.,-40.));
#13978=IFCCARTESIANPOINT((0.,-40.));
#13979=IFCCARTESIANPOINT((0.,40.));
#13980=IFCCARTESIANPOINT((-80.,40.));
#13981=IFCPOLYLINE((#13974,#13975,#13976,#13977,#13978,#13979,#13980));
#13982=IFCARBITRARYCLOSEDPROFILEDEF(.AREA.,$,#13981);
#13983=IFCCARTESIANPOINT((0.,7181.8182,115.2457));
#13984=IFCDIRECTION((-0.694,-0.694,0.1917));
#13985=IFCDIRECTION((-0.1356,-0.1356,-0.9815));
#13986=IFCAXIS2PLACEMENT3D(#13983,#13984,#13985);
#13987=IFCCARTESIANPOINT((-3068.3572,0.,0.));
#13988=IFCDIRECTION((0.,1.,0.));
#13989=IFCAXIS1PLACEMENT(#13987,#13988);
#13990=IFCREVOLVEDAREASOLID(#13982,#13986,#13989,0.189502840990729);
#13991=IFCSHAPEREPRESENTATION(#17,'Body','SweptSolid',(#13990));
#13992=IFCPRODUCTDEFINITIONSHAPE($,$,(#13991));
#13998=IFCOWNERHISTORY(#3,#4,.READWRITE.,.MODIFIED.,1779428012,#3,#4,1779428012);
#13999=IFCBEAM('38F00J46j4URBPlVYuqmY2',#13998,'swept beam_0_0',$,$,#14004,#13992,$);
#14000=IFCCARTESIANPOINT((0.,0.,0.));
#14001=IFCDIRECTION((0.,0.,1.));
#14002=IFCDIRECTION((1.,0.,0.));
#14003=IFCAXIS2PLACEMENT3D(#14000,#14001,#14002);
#14004=IFCLOCALPLACEMENT(#39,#14003);
#14005=IFCPROPERTYSINGLEVALUE('Name',$,IFCLABEL('swept beam_0_0'),$);
#14006=IFCPROPERTYSINGLEVALUE('ArcLength',$,IFCLENGTHMEASURE(581.),$);
#14007=IFCPROPERTYSINGLEVALUE('ArcAngle_rad',$,IFCREAL(0.19),$);
#14008=IFCPROPERTYSINGLEVALUE('ArcAngle_deg',$,IFCREAL(10.9),$);
#14009=IFCPROPERTYSET('20JrQjVv5DkwpS7eKtCSaD',$,'EPset_IfcKit_Geometry',$,(#14005,#14006,#14007,#14008));
#14010=IFCRELDEFINESBYPROPERTIES('3bNW98y3LDPvfLKEaD6v6A',$,$,$,(#13999),#14009);
#14011=IFCCOLOURRGB($,0.501960784313725,0.501960784313725,0.501960784313725);
#14012=IFCSURFACESTYLERENDERING(#14011,0.,$,$,$,$,$,$,.FLAT.);
#14013=IFCSURFACESTYLE($,.BOTH.,(#14012));
#14014=IFCPRESENTATIONSTYLEASSIGNMENT((#14013));
#14015=IFCSTYLEDITEM(#13990,(#14014),$);
#14016=IFCCARTESIANPOINT((-80.,40.));
#14017=IFCCARTESIANPOINT((-80.,32.));
#14018=IFCCARTESIANPOINT((-8.,32.));
#14019=IFCCARTESIANPOINT((-8.,-40.));
#14020=IFCCARTESIANPOINT((0.,-40.));
#14021=IFCCARTESIANPOINT((0.,40.));
#14022=IFCCARTESIANPOINT((-80.,40.));
#14023=IFCPOLYLINE((#14016,#14017,#14018,#14019,#14020,#14021,#14022));
#14024=IFCARBITRARYCLOSEDPROFILEDEF(.AREA.,$,#14023);
#14025=IFCCARTESIANPOINT((408.565,7590.3831,58.3484));
#14026=IFCDIRECTION((-0.7071,-0.7071,0.0034));
#14027=IFCDIRECTION((-0.0024,-0.0024,-1.));
#14028=IFCAXIS2PLACEMENT3D(#14025,#14026,#14027);
#14029=IFCCARTESIANPOINT((-3471.9025,0.,0.));
#14030=IFCDIRECTION((0.,1.,0.));
#14031=IFCAXIS1PLACEMENT(#14029,#14030);
#14032=IFCREVOLVEDAREASOLID(#14024,#14028,#14031,0.167586266616386);
#14033=IFCSHAPEREPRESENTATION(#17,'Body','SweptSolid',(#14032));
#14034=IFCPRODUCTDEFINITIONSHAPE($,$,(#14033));
#14040=IFCOWNERHISTORY(#3,#4,.READWRITE.,.MODIFIED.,1779428012,#3,#4,1779428012);
#14041=IFCBEAM('35H5VIXfD9AeY$LFa6bM4i',#14040,'swept beam_0_1',$,$,#14046,#14034,$);
#14042=IFCCARTESIANPOINT((0.,0.,0.));
#14043=IFCDIRECTION((0.,0.,1.));
#14044=IFCDIRECTION((1.,0.,0.));
#14045=IFCAXIS2PLACEMENT3D(#14042,#14043,#14044);
#14046=IFCLOCALPLACEMENT(#39,#14045);
#14047=IFCPROPERTYSINGLEVALUE('Name',$,IFCLABEL('swept beam_0_1'),$);
#14048=IFCPROPERTYSINGLEVALUE('ArcLength',$,IFCLENGTHMEASURE(582.),$);
#14049=IFCPROPERTYSINGLEVALUE('ArcAngle_rad',$,IFCREAL(0.17),$);
#14050=IFCPROPERTYSINGLEVALUE('ArcAngle_deg',$,IFCREAL(9.6),$);
#14051=IFCPROPERTYSET('30EjKcKiT10hOXouRgQsxB',$,'EPset_IfcKit_Geometry',$,(#14047,#14048,#14049,#14050));
#14052=IFCRELDEFINESBYPROPERTIES('30syPGZ75DNgL$dgl8XBfl',$,$,$,(#14041),#14051);
#14053=IFCCOLOURRGB($,0.501960784313725,0.501960784313725,0.501960784313725);
#14054=IFCSURFACESTYLERENDERING(#14053,0.,$,$,$,$,$,$,.FLAT.);
#14055=IFCSURFACESTYLE($,.BOTH.,(#14054));
#14056=IFCPRESENTATIONSTYLEASSIGNMENT((#14055));
#14057=IFCSTYLEDITEM(#14032,(#14056),$);
#14058=IFCCARTESIANPOINT((-80.,40.));
#14059=IFCCARTESIANPOINT((-80.,32.));
#14060=IFCCARTESIANPOINT((-8.,32.));
#14061=IFCCARTESIANPOINT((-8.,-40.));
#14062=IFCCARTESIANPOINT((0.,-40.));
#14063=IFCCARTESIANPOINT((0.,40.));
#14064=IFCCARTESIANPOINT((-80.,40.));
#14065=IFCPOLYLINE((#14058,#14059,#14060,#14061,#14062,#14063,#14064));
#14066=IFCARBITRARYCLOSEDPROFILEDEF(.AREA.,$,#14065);
#14067=IFCCARTESIANPOINT((0.,7590.9091,27.6931));
#14068=IFCDIRECTION((-0.7042,-0.7042,0.0913));
#14069=IFCDIRECTION((-0.0645,-0.0645,-0.9958));
#14070=IFCAXIS2PLACEMENT3D(#14067,#14068,#14069);
#14071=IFCCARTESIANPOINT((-3195.037,0.,0.));
#14072=IFCDIRECTION((0.,1.,0.));
#14073=IFCAXIS1PLACEMENT(#14071,#14072);
#14074=IFCREVOLVEDAREASOLID(#14066,#14070,#14073,0.0906506867173405);
#14075=IFCSHAPEREPRESENTATION(#17,'Body','SweptSolid',(#14074));
#14076=IFCPRODUCTDEFINITIONSHAPE($,$,(#14075));
#14082=IFCOWNERHISTORY(#3,#4,.READWRITE.,.MODIFIED.,1779428012,#3,#4,1779428012);
#14083=IFCBEAM('1CD8eTdUr2V8f1jbGR00Xc',#14082,'swept beam_0_0',$,$,#14088,#14076,$);
#14084=IFCCARTESIANPOINT((0.,0.,0.));
#14085=IFCDIRECTION((0.,0.,1.));
#14086=IFCDIRECTION((1.,0.,0.));
#14087=IFCAXIS2PLACEMENT3D(#14084,#14085,#14086);
#14088=IFCLOCALPLACEMENT(#39,#14087);
#14089=IFCPROPERTYSINGLEVALUE('Name',$,IFCLABEL('swept beam_0_0'),$);
#14090=IFCPROPERTYSINGLEVALUE('ArcLength',$,IFCLENGTHMEASURE(290.),$);
#14091=IFCPROPERTYSINGLEVALUE('ArcAngle_rad',$,IFCREAL(0.09),$);
#14092=IFCPROPERTYSINGLEVALUE('ArcAngle_deg',$,IFCREAL(5.2),$);
#14093=IFCPROPERTYSET('2hhaQp6uD1JRZMPmLDlkdE',$,'EPset_IfcKit_Geometry',$,(#14089,#14090,#14091,#14092));
#14094=IFCRELDEFINESBYPROPERTIES('2PqGotMiTCcA24ILRlnF$d',$,$,$,(#14083),#14093);
#14095=IFCCOLOURRGB($,0.501960784313725,0.501960784313725,0.501960784313725);
#14096=IFCSURFACESTYLERENDERING(#14095,0.,$,$,$,$,$,$,.FLAT.);
#14097=IFCSURFACESTYLE($,.BOTH.,(#14096));
#14098=IFCPRESENTATIONSTYLEASSIGNMENT((#14097));
#14099=IFCSTYLEDITEM(#14074,(#14098),$);
#14100=IFCCARTESIANPOINT((-80.,40.));
#14101=IFCCARTESIANPOINT((-80.,32.));
#14102=IFCCARTESIANPOINT((-8.,32.));
#14103=IFCCARTESIANPOINT((-8.,-40.));
#14104=IFCCARTESIANPOINT((0.,-40.));
#14105=IFCCARTESIANPOINT((0.,40.));
#14106=IFCCARTESIANPOINT((-80.,40.));
#14107=IFCPOLYLINE((#14100,#14101,#14102,#14103,#14104,#14105,#14106));
#14108=IFCARBITRARYCLOSEDPROFILEDEF(.AREA.,$,#14107);
#14109=IFCCARTESIANPOINT((204.5137,7795.4228,14.3612));
#14110=IFCDIRECTION((-0.7071,-0.7071,0.0007));
#14111=IFCDIRECTION((-0.0005,-0.0005,-1.));
#14112=IFCAXIS2PLACEMENT3D(#14109,#14110,#14111);
#14113=IFCCARTESIANPOINT((-3405.3582,0.,0.));
#14114=IFCDIRECTION((0.,1.,0.));
#14115=IFCAXIS1PLACEMENT(#14113,#14114);
#14116=IFCREVOLVEDAREASOLID(#14108,#14112,#14115,0.0850589037344848);
#14117=IFCSHAPEREPRESENTATION(#17,'Body','SweptSolid',(#14116));
#14118=IFCPRODUCTDEFINITIONSHAPE($,$,(#14117));
#14124=IFCOWNERHISTORY(#3,#4,.READWRITE.,.MODIFIED.,1779428012,#3,#4,1779428012);
#14125=IFCBEAM('1xYDEk2WvEz985IpWCA7pY',#14124,'swept beam_0_1',$,$,#14130,#14118,$);
#14126=IFCCARTESIANPOINT((0.,0.,0.));
#14127=IFCDIRECTION((0.,0.,1.));
#14128=IFCDIRECTION((1.,0.,0.));
#14129=IFCAXIS2PLACEMENT3D(#14126,#14127,#14128);
#14130=IFCLOCALPLACEMENT(#39,#14129);
#14131=IFCPROPERTYSINGLEVALUE('Name',$,IFCLABEL('swept beam_0_1'),$);
#14132=IFCPROPERTYSINGLEVALUE('ArcLength',$,IFCLENGTHMEASURE(290.),$);
#14133=IFCPROPERTYSINGLEVALUE('ArcAngle_rad',$,IFCREAL(0.09),$);
#14134=IFCPROPERTYSINGLEVALUE('ArcAngle_deg',$,IFCREAL(4.9),$);
#14135=IFCPROPERTYSET('1ZD_b3XDjDzeWBpK2lNN5h',$,'EPset_IfcKit_Geometry',$,(#14131,#14132,#14133,#14134));
#14136=IFCRELDEFINESBYPROPERTIES('3NWcHIzXXBU94mCrpZ0sGC',$,$,$,(#14125),#14135);
#14137=IFCCOLOURRGB($,0.501960784313725,0.501960784313725,0.501960784313725);
#14138=IFCSURFACESTYLERENDERING(#14137,0.,$,$,$,$,$,$,.FLAT.);
#14139=IFCSURFACESTYLE($,.BOTH.,(#14138));
#14140=IFCPRESENTATIONSTYLEASSIGNMENT((#14139));
#14141=IFCSTYLEDITEM(#14116,(#14140),$);
#14142=IFCOWNERHISTORY(#3,#4,.READWRITE.,.ADDED.,1779428012,#3,#4,1779428012);
#14143=IFCANNOTATION('10UMFv7rX5oR38$OB_94WW',#14142,'Ground Floor Plan',$,'DRAWING',#14148,#14154);
#14144=IFCCARTESIANPOINT((0.,0.,1200.));
#14145=IFCDIRECTION((-0.,-0.,1.));
#14146=IFCDIRECTION((1.,0.,0.));
#14147=IFCAXIS2PLACEMENT3D(#14144,#14145,#14146);
#14148=IFCLOCALPLACEMENT($,#14147);
#14149=IFCCARTESIANPOINT((-25000.,-25000.,-10000.));
#14150=IFCAXIS2PLACEMENT3D(#14149,$,$);
#14151=IFCBLOCK(#14150,50000.,50000.,10000.);
#14152=IFCCSGSOLID(#14151);
#14153=IFCSHAPEREPRESENTATION(#17,'Body','CSG',(#14152));
#14154=IFCPRODUCTDEFINITIONSHAPE($,$,(#14153));
#14155=IFCOWNERHISTORY(#3,#4,.READWRITE.,.ADDED.,1779428012,#3,#4,1779428012);
#14156=IFCPROPERTYSET('3phCa6kpX7fRvIV9Z3PK$Z',#14155,'EPset_Drawing',$,(#14159,#14160,#14161,#14162,#14163,#14164,#14165,#14166,#14167,#14168,#14169,#14170,#14171));
#14157=IFCOWNERHISTORY(#3,#4,.READWRITE.,.ADDED.,1779428012,#3,#4,1779428012);
#14158=IFCRELDEFINESBYPROPERTIES('3s9yIo68z6fPqRgvVp1AWM',#14157,$,$,(#14143),#14156);
#14159=IFCPROPERTYSINGLEVALUE('TargetView',$,IFCLABEL('PLAN_VIEW'),$);
#14160=IFCPROPERTYSINGLEVALUE('Scale',$,IFCLABEL('1/100'),$);
#14161=IFCPROPERTYSINGLEVALUE('HumanScale',$,IFCLABEL('1:100'),$);
#14162=IFCPROPERTYSINGLEVALUE('HasUnderlay',$,IFCBOOLEAN(.F.),$);
#14163=IFCPROPERTYSINGLEVALUE('HasLinework',$,IFCBOOLEAN(.T.),$);
#14164=IFCPROPERTYSINGLEVALUE('HasAnnotation',$,IFCBOOLEAN(.F.),$);
#14165=IFCPROPERTYSINGLEVALUE('GlobalReferencing',$,IFCBOOLEAN(.T.),$);
#14166=IFCPROPERTYSINGLEVALUE('Stylesheet',$,IFCLABEL(''),$);
#14167=IFCPROPERTYSINGLEVALUE('Markers',$,IFCLABEL(''),$);
#14168=IFCPROPERTYSINGLEVALUE('Symbols',$,IFCLABEL(''),$);
#14169=IFCPROPERTYSINGLEVALUE('Patterns',$,IFCLABEL(''),$);
#14170=IFCPROPERTYSINGLEVALUE('ShadingStyles',$,IFCLABEL(''),$);
#14171=IFCPROPERTYSINGLEVALUE('CurrentShadingStyle',$,IFCLABEL(''),$);
#14172=IFCOWNERHISTORY(#3,#4,.READWRITE.,.ADDED.,1779428012,#3,#4,1779428012);
#14173=IFCGROUP('23VrTQdxn1_9XUf2s$BZ0g',#14172,'Ground Floor Plan',$,'DRAWING');
#14174=IFCOWNERHISTORY(#3,#4,.READWRITE.,.ADDED.,1779428012,#3,#4,1779428012);
#14175=IFCRELASSIGNSTOGROUP('0urTMtH9L2qRveQn581Cjw',#14174,$,$,(#14143),$,#14173);
#14176=IFCOWNERHISTORY(#3,#4,.READWRITE.,.ADDED.,1779428012,#3,#4,1779428012);
#14177=IFCANNOTATION('254s22rBn85OJrtl9DqkbF',#14176,'Doorsnede A-A',$,'DRAWING',#14182,#14188);
#14178=IFCCARTESIANPOINT((0.,5000.,0.));
#14179=IFCDIRECTION((-0.,-1.,-0.));
#14180=IFCDIRECTION((1.,0.,0.));
#14181=IFCAXIS2PLACEMENT3D(#14178,#14179,#14180);
#14182=IFCLOCALPLACEMENT($,#14181);
#14183=IFCCARTESIANPOINT((-25000.,-25000.,-10000.));
#14184=IFCAXIS2PLACEMENT3D(#14183,$,$);
#14185=IFCBLOCK(#14184,50000.,50000.,10000.);
#14186=IFCCSGSOLID(#14185);
#14187=IFCSHAPEREPRESENTATION(#17,'Body','CSG',(#14186));
#14188=IFCPRODUCTDEFINITIONSHAPE($,$,(#14187));
#14189=IFCOWNERHISTORY(#3,#4,.READWRITE.,.ADDED.,1779428012,#3,#4,1779428012);
#14190=IFCPROPERTYSET('1zwBIUaM5FSu_oNrUcLWqk',#14189,'EPset_Drawing',$,(#14193,#14194,#14195,#14196,#14197,#14198,#14199,#14200,#14201,#14202,#14203,#14204,#14205));
#14191=IFCOWNERHISTORY(#3,#4,.READWRITE.,.ADDED.,1779428012,#3,#4,1779428012);
#14192=IFCRELDEFINESBYPROPERTIES('3UP$ycht5Bz9GuinV1Wx8P',#14191,$,$,(#14177),#14190);
#14193=IFCPROPERTYSINGLEVALUE('TargetView',$,IFCLABEL('SECTION_VIEW'),$);
#14194=IFCPROPERTYSINGLEVALUE('Scale',$,IFCLABEL('1/100'),$);
#14195=IFCPROPERTYSINGLEVALUE('HumanScale',$,IFCLABEL('1:100'),$);
#14196=IFCPROPERTYSINGLEVALUE('HasUnderlay',$,IFCBOOLEAN(.F.),$);
#14197=IFCPROPERTYSINGLEVALUE('HasLinework',$,IFCBOOLEAN(.T.),$);
#14198=IFCPROPERTYSINGLEVALUE('HasAnnotation',$,IFCBOOLEAN(.F.),$);
#14199=IFCPROPERTYSINGLEVALUE('GlobalReferencing',$,IFCBOOLEAN(.T.),$);
#14200=IFCPROPERTYSINGLEVALUE('Stylesheet',$,IFCLABEL(''),$);
#14201=IFCPROPERTYSINGLEVALUE('Markers',$,IFCLABEL(''),$);
#14202=IFCPROPERTYSINGLEVALUE('Symbols',$,IFCLABEL(''),$);
#14203=IFCPROPERTYSINGLEVALUE('Patterns',$,IFCLABEL(''),$);
#14204=IFCPROPERTYSINGLEVALUE('ShadingStyles',$,IFCLABEL(''),$);
#14205=IFCPROPERTYSINGLEVALUE('CurrentShadingStyle',$,IFCLABEL(''),$);
#14206=IFCOWNERHISTORY(#3,#4,.READWRITE.,.ADDED.,1779428012,#3,#4,1779428012);
#14207=IFCGROUP('0K_ZDeTSz7QR2shiJeRO5h',#14206,'Doorsnede A-A',$,'DRAWING');
#14208=IFCOWNERHISTORY(#3,#4,.READWRITE.,.ADDED.,1779428012,#3,#4,1779428012);
#14209=IFCRELASSIGNSTOGROUP('3tORmmb$T6Vu1apNX$0eBM',#14208,$,$,(#14177),$,#14207);
#14210=IFCOWNERHISTORY(#3,#4,.READWRITE.,.ADDED.,1779428012,#3,#4,1779428012);
#14211=IFCANNOTATION('1$ZgezQAb5pgZkOjJFfZPp',#14210,'Vooraanzicht',$,'DRAWING',#14216,#14222);
#14212=IFCCARTESIANPOINT((0.,-1000.,0.));
#14213=IFCDIRECTION((-0.,-1.,-0.));
#14214=IFCDIRECTION((1.,0.,0.));
#14215=IFCAXIS2PLACEMENT3D(#14212,#14213,#14214);
#14216=IFCLOCALPLACEMENT($,#14215);
#14217=IFCCARTESIANPOINT((-25000.,-25000.,-10000.));
#14218=IFCAXIS2PLACEMENT3D(#14217,$,$);
#14219=IFCBLOCK(#14218,50000.,50000.,10000.);
#14220=IFCCSGSOLID(#14219);
#14221=IFCSHAPEREPRESENTATION(#17,'Body','CSG',(#14220));
#14222=IFCPRODUCTDEFINITIONSHAPE($,$,(#14221));
#14223=IFCOWNERHISTORY(#3,#4,.READWRITE.,.ADDED.,1779428012,#3,#4,1779428012);
#14224=IFCPROPERTYSET('03_mI08z55MeeoIXvmh9v4',#14223,'EPset_Drawing',$,(#14227,#14228,#14229,#14230,#14231,#14232,#14233,#14234,#14235,#14236,#14237,#14238,#14239));
#14225=IFCOWNERHISTORY(#3,#4,.READWRITE.,.ADDED.,1779428012,#3,#4,1779428012);
#14226=IFCRELDEFINESBYPROPERTIES('2PcI5GmHn9T92StgFwdx7l',#14225,$,$,(#14211),#14224);
#14227=IFCPROPERTYSINGLEVALUE('TargetView',$,IFCLABEL('ELEVATION_VIEW'),$);
#14228=IFCPROPERTYSINGLEVALUE('Scale',$,IFCLABEL('1/100'),$);
#14229=IFCPROPERTYSINGLEVALUE('HumanScale',$,IFCLABEL('1:100'),$);
#14230=IFCPROPERTYSINGLEVALUE('HasUnderlay',$,IFCBOOLEAN(.F.),$);
#14231=IFCPROPERTYSINGLEVALUE('HasLinework',$,IFCBOOLEAN(.T.),$);
#14232=IFCPROPERTYSINGLEVALUE('HasAnnotation',$,IFCBOOLEAN(.F.),$);
#14233=IFCPROPERTYSINGLEVALUE('GlobalReferencing',$,IFCBOOLEAN(.T.),$);
#14234=IFCPROPERTYSINGLEVALUE('Stylesheet',$,IFCLABEL(''),$);
#14235=IFCPROPERTYSINGLEVALUE('Markers',$,IFCLABEL(''),$);
#14236=IFCPROPERTYSINGLEVALUE('Symbols',$,IFCLABEL(''),$);
#14237=IFCPROPERTYSINGLEVALUE('Patterns',$,IFCLABEL(''),$);
#14238=IFCPROPERTYSINGLEVALUE('ShadingStyles',$,IFCLABEL(''),$);
#14239=IFCPROPERTYSINGLEVALUE('CurrentShadingStyle',$,IFCLABEL(''),$);
#14240=IFCOWNERHISTORY(#3,#4,.READWRITE.,.ADDED.,1779428012,#3,#4,1779428012);
#14241=IFCGROUP('2upJeugn1AXR5LNvHWIW8Q',#14240,'Vooraanzicht',$,'DRAWING');
#14242=IFCOWNERHISTORY(#3,#4,.READWRITE.,.ADDED.,1779428012,#3,#4,1779428012);
#14243=IFCRELASSIGNSTOGROUP('1wqoiUgL9EMfp9HRInSFHN',#14242,$,$,(#14211),$,#14241);
ENDSEC;
END-ISO-10303-21;
