ISO-10303-21;
HEADER;
FILE_DESCRIPTION(('ViewDefinition [CoordinationView]'),'2;1');
FILE_NAME('','2026-06-06T11:27:11',(''),(''),'IfcOpenShell 0.8.5-1c5b825','IfcOpenShell 0.8.5-1c5b825','');
FILE_SCHEMA(('IFC4'));
ENDSEC;
DATA;
#1=IFCPROJECT('12AFrtPtn2rw$hGrH973xw',$,'Unnamed Project',$,$,$,$,(#11),#6);
#2=IFCSIUNIT(*,.LENGTHUNIT.,.MILLI.,.METRE.);
#3=IFCSIUNIT(*,.AREAUNIT.,$,.SQUARE_METRE.);
#4=IFCSIUNIT(*,.VOLUMEUNIT.,$,.CUBIC_METRE.);
#5=IFCSIUNIT(*,.PLANEANGLEUNIT.,$,.RADIAN.);
#6=IFCUNITASSIGNMENT((#4,#2,#5,#3));
#7=IFCCARTESIANPOINT((0.,0.,0.));
#8=IFCDIRECTION((0.,0.,1.));
#9=IFCDIRECTION((1.,0.,0.));
#10=IFCAXIS2PLACEMENT3D(#7,#8,#9);
#11=IFCGEOMETRICREPRESENTATIONCONTEXT($,'Model',3,1.0000000000000001E-05,#10,$);
#12=IFCGEOMETRICREPRESENTATIONSUBCONTEXT('Body','Model',*,*,*,*,#11,$,.MODEL_VIEW.,$);
#13=IFCCARTESIANPOINT((0.,0.,0.));
#14=IFCDIRECTION((0.,0.,1.));
#15=IFCDIRECTION((1.,0.,0.));
#16=IFCAXIS2PLACEMENT3D(#13,#14,#15);
#17=IFCLOCALPLACEMENT($,#16);
#18=IFCBUILDINGSTOREY('3O8fdR6KDDJPhHvbe8yZBT',$,'Storey',$,$,#17,$,$,$,$);
#19=IFCRELAGGREGATES('1QVjPcRk9BR8FvrZtGfNHl',$,$,$,#1,(#18));
#20=IFCCARTESIANPOINT((0.,0.,0.));
#21=IFCCARTESIANPOINT((1200.,0.,0.));
#22=IFCPOLYLINE((#20,#21));
#23=IFCCOMPOSITECURVESEGMENT(.CONTSAMEGRADIENT.,.T.,#22);
#24=IFCCARTESIANPOINT((1200.,300.,0.));
#25=IFCDIRECTION((0.,0.,1.));
#26=IFCDIRECTION((0.,-1.,0.));
#27=IFCAXIS2PLACEMENT3D(#24,#25,#26);
#28=IFCCIRCLE(#27,300.);
#29=IFCTRIMMEDCURVE(#28,(IFCPARAMETERVALUE(0.)),(IFCPARAMETERVALUE(90.000000000000014)),.T.,.PARAMETER.);
#30=IFCCOMPOSITECURVESEGMENT(.CONTSAMEGRADIENT.,.T.,#29);
#31=IFCCARTESIANPOINT((1500.,300.,0.));
#32=IFCCARTESIANPOINT((1500.,2700.,0.));
#33=IFCPOLYLINE((#31,#32));
#34=IFCCOMPOSITECURVESEGMENT(.CONTSAMEGRADIENT.,.T.,#33);
#35=IFCCARTESIANPOINT((1800.,2700.,0.));
#36=IFCDIRECTION((0.,0.,-1.));
#37=IFCDIRECTION((-1.,0.,0.));
#38=IFCAXIS2PLACEMENT3D(#35,#36,#37);
#39=IFCCIRCLE(#38,300.);
#40=IFCTRIMMEDCURVE(#39,(IFCPARAMETERVALUE(0.)),(IFCPARAMETERVALUE(90.)),.T.,.PARAMETER.);
#41=IFCCOMPOSITECURVESEGMENT(.CONTSAMEGRADIENT.,.T.,#40);
#42=IFCCARTESIANPOINT((1800.,3000.,0.));
#43=IFCCARTESIANPOINT((3000.,3000.,0.));
#44=IFCPOLYLINE((#42,#43));
#45=IFCCOMPOSITECURVESEGMENT(.DISCONTINUOUS.,.T.,#44);
#46=IFCCOMPOSITECURVE((#23,#30,#34,#41,#45),.F.);
#47=IFCCARTESIANPOINT((0.,0.));
#48=IFCAXIS2PLACEMENT2D(#47,$);
#49=IFCCIRCLEHOLLOWPROFILEDEF(.AREA.,$,#48,57.149999999999999,6.2999999999999998);
#50=IFCCARTESIANPOINT((0.,0.));
#51=IFCAXIS2PLACEMENT2D(#50,$);
#52=IFCCIRCLEHOLLOWPROFILEDEF(.AREA.,$,#51,57.149999999999999,6.2999999999999998);
#53=IFCCARTESIANPOINT((0.,0.));
#54=IFCCARTESIANTRANSFORMATIONOPERATOR2D($,$,#53,$);
#55=IFCCARTESIANTRANSFORMATIONOPERATOR2DNONUNIFORM($,$,#53,1.0000856797663864,1.);
#56=IFCDERIVEDPROFILEDEF($,$,#52,#55,$);
#57=IFCCARTESIANPOINT((0.,0.));
#58=IFCAXIS2PLACEMENT2D(#57,$);
#59=IFCCIRCLEHOLLOWPROFILEDEF(.AREA.,$,#58,57.149999999999999,6.2999999999999998);
#60=IFCCARTESIANPOINT((0.,0.));
#61=IFCCARTESIANTRANSFORMATIONOPERATOR2D($,$,#60,$);
#62=IFCCARTESIANTRANSFORMATIONOPERATOR2DNONUNIFORM($,$,#60,1.0003427924908679,1.);
#63=IFCDERIVEDPROFILEDEF($,$,#59,#62,$);
#64=IFCCARTESIANPOINT((0.,0.));
#65=IFCAXIS2PLACEMENT2D(#64,$);
#66=IFCCIRCLEHOLLOWPROFILEDEF(.AREA.,$,#65,57.149999999999999,6.2999999999999998);
#67=IFCCARTESIANPOINT((0.,0.));
#68=IFCCARTESIANTRANSFORMATIONOPERATOR2D($,$,#67,$);
#69=IFCCARTESIANTRANSFORMATIONOPERATOR2DNONUNIFORM($,$,#67,1.0003427924908679,1.);
#70=IFCDERIVEDPROFILEDEF($,$,#66,#69,$);
#71=IFCCARTESIANPOINT((0.,0.));
#72=IFCAXIS2PLACEMENT2D(#71,$);
#73=IFCCIRCLEHOLLOWPROFILEDEF(.AREA.,$,#72,57.149999999999999,6.2999999999999998);
#74=IFCCARTESIANPOINT((0.,0.));
#75=IFCCARTESIANTRANSFORMATIONOPERATOR2D($,$,#74,$);
#76=IFCCARTESIANTRANSFORMATIONOPERATOR2DNONUNIFORM($,$,#74,1.0003427924908679,1.);
#77=IFCDERIVEDPROFILEDEF($,$,#73,#76,$);
#78=IFCCARTESIANPOINT((0.,0.));
#79=IFCAXIS2PLACEMENT2D(#78,$);
#80=IFCCIRCLEHOLLOWPROFILEDEF(.AREA.,$,#79,57.149999999999999,6.2999999999999998);
#81=IFCCARTESIANPOINT((0.,0.));
#82=IFCCARTESIANTRANSFORMATIONOPERATOR2D($,$,#81,$);
#83=IFCCARTESIANTRANSFORMATIONOPERATOR2DNONUNIFORM($,$,#81,1.0003427924908679,1.);
#84=IFCDERIVEDPROFILEDEF($,$,#80,#83,$);
#85=IFCCARTESIANPOINT((0.,0.));
#86=IFCAXIS2PLACEMENT2D(#85,$);
#87=IFCCIRCLEHOLLOWPROFILEDEF(.AREA.,$,#86,57.149999999999999,6.2999999999999998);
#88=IFCCARTESIANPOINT((0.,0.));
#89=IFCCARTESIANTRANSFORMATIONOPERATOR2D($,$,#88,$);
#90=IFCCARTESIANTRANSFORMATIONOPERATOR2DNONUNIFORM($,$,#88,1.0003427924908679,1.);
#91=IFCDERIVEDPROFILEDEF($,$,#87,#90,$);
#92=IFCCARTESIANPOINT((0.,0.));
#93=IFCAXIS2PLACEMENT2D(#92,$);
#94=IFCCIRCLEHOLLOWPROFILEDEF(.AREA.,$,#93,57.149999999999999,6.2999999999999998);
#95=IFCCARTESIANPOINT((0.,0.));
#96=IFCCARTESIANTRANSFORMATIONOPERATOR2D($,$,#95,$);
#97=IFCCARTESIANTRANSFORMATIONOPERATOR2DNONUNIFORM($,$,#95,1.0003427924908679,1.);
#98=IFCDERIVEDPROFILEDEF($,$,#94,#97,$);
#99=IFCCARTESIANPOINT((0.,0.));
#100=IFCAXIS2PLACEMENT2D(#99,$);
#101=IFCCIRCLEHOLLOWPROFILEDEF(.AREA.,$,#100,57.149999999999999,6.2999999999999998);
#102=IFCCARTESIANPOINT((0.,0.));
#103=IFCCARTESIANTRANSFORMATIONOPERATOR2D($,$,#102,$);
#104=IFCCARTESIANTRANSFORMATIONOPERATOR2DNONUNIFORM($,$,#102,1.0003427924908679,1.);
#105=IFCDERIVEDPROFILEDEF($,$,#101,#104,$);
#106=IFCCARTESIANPOINT((0.,0.));
#107=IFCAXIS2PLACEMENT2D(#106,$);
#108=IFCCIRCLEHOLLOWPROFILEDEF(.AREA.,$,#107,57.149999999999999,6.2999999999999998);
#109=IFCCARTESIANPOINT((0.,0.));
#110=IFCCARTESIANTRANSFORMATIONOPERATOR2D($,$,#109,$);
#111=IFCCARTESIANTRANSFORMATIONOPERATOR2DNONUNIFORM($,$,#109,1.0003427924908679,1.);
#112=IFCDERIVEDPROFILEDEF($,$,#108,#111,$);
#113=IFCCARTESIANPOINT((0.,0.));
#114=IFCAXIS2PLACEMENT2D(#113,$);
#115=IFCCIRCLEHOLLOWPROFILEDEF(.AREA.,$,#114,57.149999999999999,6.2999999999999998);
#116=IFCCARTESIANPOINT((0.,0.));
#117=IFCCARTESIANTRANSFORMATIONOPERATOR2D($,$,#116,$);
#118=IFCCARTESIANTRANSFORMATIONOPERATOR2DNONUNIFORM($,$,#116,1.0003427924908681,1.);
#119=IFCDERIVEDPROFILEDEF($,$,#115,#118,$);
#120=IFCCARTESIANPOINT((0.,0.));
#121=IFCAXIS2PLACEMENT2D(#120,$);
#122=IFCCIRCLEHOLLOWPROFILEDEF(.AREA.,$,#121,57.149999999999999,6.2999999999999998);
#123=IFCCARTESIANPOINT((0.,0.));
#124=IFCCARTESIANTRANSFORMATIONOPERATOR2D($,$,#123,$);
#125=IFCCARTESIANTRANSFORMATIONOPERATOR2DNONUNIFORM($,$,#123,1.0003427924908679,1.);
#126=IFCDERIVEDPROFILEDEF($,$,#122,#125,$);
#127=IFCCARTESIANPOINT((0.,0.));
#128=IFCAXIS2PLACEMENT2D(#127,$);
#129=IFCCIRCLEHOLLOWPROFILEDEF(.AREA.,$,#128,57.149999999999999,6.2999999999999998);
#130=IFCCARTESIANPOINT((0.,0.));
#131=IFCCARTESIANTRANSFORMATIONOPERATOR2D($,$,#130,$);
#132=IFCCARTESIANTRANSFORMATIONOPERATOR2DNONUNIFORM($,$,#130,1.0003427924908679,1.);
#133=IFCDERIVEDPROFILEDEF($,$,#129,#132,$);
#134=IFCCARTESIANPOINT((0.,0.));
#135=IFCAXIS2PLACEMENT2D(#134,$);
#136=IFCCIRCLEHOLLOWPROFILEDEF(.AREA.,$,#135,57.149999999999999,6.2999999999999998);
#137=IFCCARTESIANPOINT((0.,0.));
#138=IFCCARTESIANTRANSFORMATIONOPERATOR2D($,$,#137,$);
#139=IFCCARTESIANTRANSFORMATIONOPERATOR2DNONUNIFORM($,$,#137,1.0003427924908679,1.);
#140=IFCDERIVEDPROFILEDEF($,$,#136,#139,$);
#141=IFCCARTESIANPOINT((0.,0.));
#142=IFCAXIS2PLACEMENT2D(#141,$);
#143=IFCCIRCLEHOLLOWPROFILEDEF(.AREA.,$,#142,57.149999999999999,6.2999999999999998);
#144=IFCCARTESIANPOINT((0.,0.));
#145=IFCCARTESIANTRANSFORMATIONOPERATOR2D($,$,#144,$);
#146=IFCCARTESIANTRANSFORMATIONOPERATOR2DNONUNIFORM($,$,#144,1.0003427924908679,1.);
#147=IFCDERIVEDPROFILEDEF($,$,#143,#146,$);
#148=IFCCARTESIANPOINT((0.,0.));
#149=IFCAXIS2PLACEMENT2D(#148,$);
#150=IFCCIRCLEHOLLOWPROFILEDEF(.AREA.,$,#149,57.149999999999999,6.2999999999999998);
#151=IFCCARTESIANPOINT((0.,0.));
#152=IFCCARTESIANTRANSFORMATIONOPERATOR2D($,$,#151,$);
#153=IFCCARTESIANTRANSFORMATIONOPERATOR2DNONUNIFORM($,$,#151,1.0003427924908679,1.);
#154=IFCDERIVEDPROFILEDEF($,$,#150,#153,$);
#155=IFCCARTESIANPOINT((0.,0.));
#156=IFCAXIS2PLACEMENT2D(#155,$);
#157=IFCCIRCLEHOLLOWPROFILEDEF(.AREA.,$,#156,57.149999999999999,6.2999999999999998);
#158=IFCCARTESIANPOINT((0.,0.));
#159=IFCCARTESIANTRANSFORMATIONOPERATOR2D($,$,#158,$);
#160=IFCCARTESIANTRANSFORMATIONOPERATOR2DNONUNIFORM($,$,#158,1.0003427924908679,1.);
#161=IFCDERIVEDPROFILEDEF($,$,#157,#160,$);
#162=IFCCARTESIANPOINT((0.,0.));
#163=IFCAXIS2PLACEMENT2D(#162,$);
#164=IFCCIRCLEHOLLOWPROFILEDEF(.AREA.,$,#163,57.149999999999999,6.2999999999999998);
#165=IFCCARTESIANPOINT((0.,0.));
#166=IFCCARTESIANTRANSFORMATIONOPERATOR2D($,$,#165,$);
#167=IFCCARTESIANTRANSFORMATIONOPERATOR2DNONUNIFORM($,$,#165,1.0003427924908679,1.);
#168=IFCDERIVEDPROFILEDEF($,$,#164,#167,$);
#169=IFCCARTESIANPOINT((0.,0.));
#170=IFCAXIS2PLACEMENT2D(#169,$);
#171=IFCCIRCLEHOLLOWPROFILEDEF(.AREA.,$,#170,57.149999999999999,6.2999999999999998);
#172=IFCCARTESIANPOINT((0.,0.));
#173=IFCCARTESIANTRANSFORMATIONOPERATOR2D($,$,#172,$);
#174=IFCCARTESIANTRANSFORMATIONOPERATOR2DNONUNIFORM($,$,#172,1.0003427924908679,1.);
#175=IFCDERIVEDPROFILEDEF($,$,#171,#174,$);
#176=IFCCARTESIANPOINT((0.,0.));
#177=IFCAXIS2PLACEMENT2D(#176,$);
#178=IFCCIRCLEHOLLOWPROFILEDEF(.AREA.,$,#177,57.149999999999999,6.2999999999999998);
#179=IFCCARTESIANPOINT((0.,0.));
#180=IFCCARTESIANTRANSFORMATIONOPERATOR2D($,$,#179,$);
#181=IFCCARTESIANTRANSFORMATIONOPERATOR2DNONUNIFORM($,$,#179,1.0003427924908681,1.);
#182=IFCDERIVEDPROFILEDEF($,$,#178,#181,$);
#183=IFCCARTESIANPOINT((0.,0.));
#184=IFCAXIS2PLACEMENT2D(#183,$);
#185=IFCCIRCLEHOLLOWPROFILEDEF(.AREA.,$,#184,57.149999999999999,6.2999999999999998);
#186=IFCCARTESIANPOINT((0.,0.));
#187=IFCCARTESIANTRANSFORMATIONOPERATOR2D($,$,#186,$);
#188=IFCCARTESIANTRANSFORMATIONOPERATOR2DNONUNIFORM($,$,#186,1.0003427924908679,1.);
#189=IFCDERIVEDPROFILEDEF($,$,#185,#188,$);
#190=IFCCARTESIANPOINT((0.,0.));
#191=IFCAXIS2PLACEMENT2D(#190,$);
#192=IFCCIRCLEHOLLOWPROFILEDEF(.AREA.,$,#191,57.149999999999999,6.2999999999999998);
#193=IFCCARTESIANPOINT((0.,0.));
#194=IFCCARTESIANTRANSFORMATIONOPERATOR2D($,$,#193,$);
#195=IFCCARTESIANTRANSFORMATIONOPERATOR2DNONUNIFORM($,$,#193,1.0003427924908679,1.);
#196=IFCDERIVEDPROFILEDEF($,$,#192,#195,$);
#197=IFCCARTESIANPOINT((0.,0.));
#198=IFCAXIS2PLACEMENT2D(#197,$);
#199=IFCCIRCLEHOLLOWPROFILEDEF(.AREA.,$,#198,57.149999999999999,6.2999999999999998);
#200=IFCCARTESIANPOINT((0.,0.));
#201=IFCCARTESIANTRANSFORMATIONOPERATOR2D($,$,#200,$);
#202=IFCCARTESIANTRANSFORMATIONOPERATOR2DNONUNIFORM($,$,#200,1.0003427924908681,1.);
#203=IFCDERIVEDPROFILEDEF($,$,#199,#202,$);
#204=IFCCARTESIANPOINT((0.,0.));
#205=IFCAXIS2PLACEMENT2D(#204,$);
#206=IFCCIRCLEHOLLOWPROFILEDEF(.AREA.,$,#205,57.149999999999999,6.2999999999999998);
#207=IFCCARTESIANPOINT((0.,0.));
#208=IFCCARTESIANTRANSFORMATIONOPERATOR2D($,$,#207,$);
#209=IFCCARTESIANTRANSFORMATIONOPERATOR2DNONUNIFORM($,$,#207,1.0003427924908677,1.);
#210=IFCDERIVEDPROFILEDEF($,$,#206,#209,$);
#211=IFCCARTESIANPOINT((0.,0.));
#212=IFCAXIS2PLACEMENT2D(#211,$);
#213=IFCCIRCLEHOLLOWPROFILEDEF(.AREA.,$,#212,57.149999999999999,6.2999999999999998);
#214=IFCCARTESIANPOINT((0.,0.));
#215=IFCCARTESIANTRANSFORMATIONOPERATOR2D($,$,#214,$);
#216=IFCCARTESIANTRANSFORMATIONOPERATOR2DNONUNIFORM($,$,#214,1.0003427924908679,1.);
#217=IFCDERIVEDPROFILEDEF($,$,#213,#216,$);
#218=IFCCARTESIANPOINT((0.,0.));
#219=IFCAXIS2PLACEMENT2D(#218,$);
#220=IFCCIRCLEHOLLOWPROFILEDEF(.AREA.,$,#219,57.149999999999999,6.2999999999999998);
#221=IFCCARTESIANPOINT((0.,0.));
#222=IFCCARTESIANTRANSFORMATIONOPERATOR2D($,$,#221,$);
#223=IFCCARTESIANTRANSFORMATIONOPERATOR2DNONUNIFORM($,$,#221,1.0003427924908681,1.);
#224=IFCDERIVEDPROFILEDEF($,$,#220,#223,$);
#225=IFCCARTESIANPOINT((0.,0.));
#226=IFCAXIS2PLACEMENT2D(#225,$);
#227=IFCCIRCLEHOLLOWPROFILEDEF(.AREA.,$,#226,57.149999999999999,6.2999999999999998);
#228=IFCCARTESIANPOINT((0.,0.));
#229=IFCCARTESIANTRANSFORMATIONOPERATOR2D($,$,#228,$);
#230=IFCCARTESIANTRANSFORMATIONOPERATOR2DNONUNIFORM($,$,#228,1.0003427924908679,1.);
#231=IFCDERIVEDPROFILEDEF($,$,#227,#230,$);
#232=IFCCARTESIANPOINT((0.,0.));
#233=IFCAXIS2PLACEMENT2D(#232,$);
#234=IFCCIRCLEHOLLOWPROFILEDEF(.AREA.,$,#233,57.149999999999999,6.2999999999999998);
#235=IFCCARTESIANPOINT((0.,0.));
#236=IFCCARTESIANTRANSFORMATIONOPERATOR2D($,$,#235,$);
#237=IFCCARTESIANTRANSFORMATIONOPERATOR2DNONUNIFORM($,$,#235,1.0003427924908679,1.);
#238=IFCDERIVEDPROFILEDEF($,$,#234,#237,$);
#239=IFCCARTESIANPOINT((0.,0.));
#240=IFCAXIS2PLACEMENT2D(#239,$);
#241=IFCCIRCLEHOLLOWPROFILEDEF(.AREA.,$,#240,57.149999999999999,6.2999999999999998);
#242=IFCCARTESIANPOINT((0.,0.));
#243=IFCCARTESIANTRANSFORMATIONOPERATOR2D($,$,#242,$);
#244=IFCCARTESIANTRANSFORMATIONOPERATOR2DNONUNIFORM($,$,#242,1.0003427924908681,1.);
#245=IFCDERIVEDPROFILEDEF($,$,#241,#244,$);
#246=IFCCARTESIANPOINT((0.,0.));
#247=IFCAXIS2PLACEMENT2D(#246,$);
#248=IFCCIRCLEHOLLOWPROFILEDEF(.AREA.,$,#247,57.149999999999999,6.2999999999999998);
#249=IFCCARTESIANPOINT((0.,0.));
#250=IFCCARTESIANTRANSFORMATIONOPERATOR2D($,$,#249,$);
#251=IFCCARTESIANTRANSFORMATIONOPERATOR2DNONUNIFORM($,$,#249,1.0003427924908681,1.);
#252=IFCDERIVEDPROFILEDEF($,$,#248,#251,$);
#253=IFCCARTESIANPOINT((0.,0.));
#254=IFCAXIS2PLACEMENT2D(#253,$);
#255=IFCCIRCLEHOLLOWPROFILEDEF(.AREA.,$,#254,57.149999999999999,6.2999999999999998);
#256=IFCCARTESIANPOINT((0.,0.));
#257=IFCCARTESIANTRANSFORMATIONOPERATOR2D($,$,#256,$);
#258=IFCCARTESIANTRANSFORMATIONOPERATOR2DNONUNIFORM($,$,#256,1.0003427924908677,1.);
#259=IFCDERIVEDPROFILEDEF($,$,#255,#258,$);
#260=IFCCARTESIANPOINT((0.,0.));
#261=IFCAXIS2PLACEMENT2D(#260,$);
#262=IFCCIRCLEHOLLOWPROFILEDEF(.AREA.,$,#261,57.149999999999999,6.2999999999999998);
#263=IFCCARTESIANPOINT((0.,0.));
#264=IFCCARTESIANTRANSFORMATIONOPERATOR2D($,$,#263,$);
#265=IFCCARTESIANTRANSFORMATIONOPERATOR2DNONUNIFORM($,$,#263,1.0000856797663864,1.);
#266=IFCDERIVEDPROFILEDEF($,$,#262,#265,$);
#267=IFCCARTESIANPOINT((0.,0.));
#268=IFCAXIS2PLACEMENT2D(#267,$);
#269=IFCCIRCLEHOLLOWPROFILEDEF(.AREA.,$,#268,57.149999999999999,6.2999999999999998);
#270=IFCCARTESIANPOINT((0.,0.));
#271=IFCCARTESIANTRANSFORMATIONOPERATOR2D($,$,#270,$);
#272=IFCCARTESIANTRANSFORMATIONOPERATOR2DNONUNIFORM($,$,#270,1.0000916910535114,1.);
#273=IFCDERIVEDPROFILEDEF($,$,#269,#272,$);
#274=IFCCARTESIANPOINT((0.,0.));
#275=IFCAXIS2PLACEMENT2D(#274,$);
#276=IFCCIRCLEHOLLOWPROFILEDEF(.AREA.,$,#275,57.149999999999999,6.2999999999999998);
#277=IFCCARTESIANPOINT((0.,0.));
#278=IFCCARTESIANTRANSFORMATIONOPERATOR2D($,$,#277,$);
#279=IFCCARTESIANTRANSFORMATIONOPERATOR2DNONUNIFORM($,$,#277,1.0003668483050432,1.);
#280=IFCDERIVEDPROFILEDEF($,$,#276,#279,$);
#281=IFCCARTESIANPOINT((0.,0.));
#282=IFCAXIS2PLACEMENT2D(#281,$);
#283=IFCCIRCLEHOLLOWPROFILEDEF(.AREA.,$,#282,57.149999999999999,6.2999999999999998);
#284=IFCCARTESIANPOINT((0.,0.));
#285=IFCCARTESIANTRANSFORMATIONOPERATOR2D($,$,#284,$);
#286=IFCCARTESIANTRANSFORMATIONOPERATOR2DNONUNIFORM($,$,#284,1.0003668483050436,1.);
#287=IFCDERIVEDPROFILEDEF($,$,#283,#286,$);
#288=IFCCARTESIANPOINT((0.,0.));
#289=IFCAXIS2PLACEMENT2D(#288,$);
#290=IFCCIRCLEHOLLOWPROFILEDEF(.AREA.,$,#289,57.149999999999999,6.2999999999999998);
#291=IFCCARTESIANPOINT((0.,0.));
#292=IFCCARTESIANTRANSFORMATIONOPERATOR2D($,$,#291,$);
#293=IFCCARTESIANTRANSFORMATIONOPERATOR2DNONUNIFORM($,$,#291,1.0003668483050436,1.);
#294=IFCDERIVEDPROFILEDEF($,$,#290,#293,$);
#295=IFCCARTESIANPOINT((0.,0.));
#296=IFCAXIS2PLACEMENT2D(#295,$);
#297=IFCCIRCLEHOLLOWPROFILEDEF(.AREA.,$,#296,57.149999999999999,6.2999999999999998);
#298=IFCCARTESIANPOINT((0.,0.));
#299=IFCCARTESIANTRANSFORMATIONOPERATOR2D($,$,#298,$);
#300=IFCCARTESIANTRANSFORMATIONOPERATOR2DNONUNIFORM($,$,#298,1.0003668483050434,1.);
#301=IFCDERIVEDPROFILEDEF($,$,#297,#300,$);
#302=IFCCARTESIANPOINT((0.,0.));
#303=IFCAXIS2PLACEMENT2D(#302,$);
#304=IFCCIRCLEHOLLOWPROFILEDEF(.AREA.,$,#303,57.149999999999999,6.2999999999999998);
#305=IFCCARTESIANPOINT((0.,0.));
#306=IFCCARTESIANTRANSFORMATIONOPERATOR2D($,$,#305,$);
#307=IFCCARTESIANTRANSFORMATIONOPERATOR2DNONUNIFORM($,$,#305,1.0003668483050434,1.);
#308=IFCDERIVEDPROFILEDEF($,$,#304,#307,$);
#309=IFCCARTESIANPOINT((0.,0.));
#310=IFCAXIS2PLACEMENT2D(#309,$);
#311=IFCCIRCLEHOLLOWPROFILEDEF(.AREA.,$,#310,57.149999999999999,6.2999999999999998);
#312=IFCCARTESIANPOINT((0.,0.));
#313=IFCCARTESIANTRANSFORMATIONOPERATOR2D($,$,#312,$);
#314=IFCCARTESIANTRANSFORMATIONOPERATOR2DNONUNIFORM($,$,#312,1.0003668483050436,1.);
#315=IFCDERIVEDPROFILEDEF($,$,#311,#314,$);
#316=IFCCARTESIANPOINT((0.,0.));
#317=IFCAXIS2PLACEMENT2D(#316,$);
#318=IFCCIRCLEHOLLOWPROFILEDEF(.AREA.,$,#317,57.149999999999999,6.2999999999999998);
#319=IFCCARTESIANPOINT((0.,0.));
#320=IFCCARTESIANTRANSFORMATIONOPERATOR2D($,$,#319,$);
#321=IFCCARTESIANTRANSFORMATIONOPERATOR2DNONUNIFORM($,$,#319,1.0003668483050434,1.);
#322=IFCDERIVEDPROFILEDEF($,$,#318,#321,$);
#323=IFCCARTESIANPOINT((0.,0.));
#324=IFCAXIS2PLACEMENT2D(#323,$);
#325=IFCCIRCLEHOLLOWPROFILEDEF(.AREA.,$,#324,57.149999999999999,6.2999999999999998);
#326=IFCCARTESIANPOINT((0.,0.));
#327=IFCCARTESIANTRANSFORMATIONOPERATOR2D($,$,#326,$);
#328=IFCCARTESIANTRANSFORMATIONOPERATOR2DNONUNIFORM($,$,#326,1.0003668483050432,1.);
#329=IFCDERIVEDPROFILEDEF($,$,#325,#328,$);
#330=IFCCARTESIANPOINT((0.,0.));
#331=IFCAXIS2PLACEMENT2D(#330,$);
#332=IFCCIRCLEHOLLOWPROFILEDEF(.AREA.,$,#331,57.149999999999999,6.2999999999999998);
#333=IFCCARTESIANPOINT((0.,0.));
#334=IFCCARTESIANTRANSFORMATIONOPERATOR2D($,$,#333,$);
#335=IFCCARTESIANTRANSFORMATIONOPERATOR2DNONUNIFORM($,$,#333,1.0003668483050434,1.);
#336=IFCDERIVEDPROFILEDEF($,$,#332,#335,$);
#337=IFCCARTESIANPOINT((0.,0.));
#338=IFCAXIS2PLACEMENT2D(#337,$);
#339=IFCCIRCLEHOLLOWPROFILEDEF(.AREA.,$,#338,57.149999999999999,6.2999999999999998);
#340=IFCCARTESIANPOINT((0.,0.));
#341=IFCCARTESIANTRANSFORMATIONOPERATOR2D($,$,#340,$);
#342=IFCCARTESIANTRANSFORMATIONOPERATOR2DNONUNIFORM($,$,#340,1.0003668483050436,1.);
#343=IFCDERIVEDPROFILEDEF($,$,#339,#342,$);
#344=IFCCARTESIANPOINT((0.,0.));
#345=IFCAXIS2PLACEMENT2D(#344,$);
#346=IFCCIRCLEHOLLOWPROFILEDEF(.AREA.,$,#345,57.149999999999999,6.2999999999999998);
#347=IFCCARTESIANPOINT((0.,0.));
#348=IFCCARTESIANTRANSFORMATIONOPERATOR2D($,$,#347,$);
#349=IFCCARTESIANTRANSFORMATIONOPERATOR2DNONUNIFORM($,$,#347,1.0003668483050434,1.);
#350=IFCDERIVEDPROFILEDEF($,$,#346,#349,$);
#351=IFCCARTESIANPOINT((0.,0.));
#352=IFCAXIS2PLACEMENT2D(#351,$);
#353=IFCCIRCLEHOLLOWPROFILEDEF(.AREA.,$,#352,57.149999999999999,6.2999999999999998);
#354=IFCCARTESIANPOINT((0.,0.));
#355=IFCCARTESIANTRANSFORMATIONOPERATOR2D($,$,#354,$);
#356=IFCCARTESIANTRANSFORMATIONOPERATOR2DNONUNIFORM($,$,#354,1.0003668483050434,1.);
#357=IFCDERIVEDPROFILEDEF($,$,#353,#356,$);
#358=IFCCARTESIANPOINT((0.,0.));
#359=IFCAXIS2PLACEMENT2D(#358,$);
#360=IFCCIRCLEHOLLOWPROFILEDEF(.AREA.,$,#359,57.149999999999999,6.2999999999999998);
#361=IFCCARTESIANPOINT((0.,0.));
#362=IFCCARTESIANTRANSFORMATIONOPERATOR2D($,$,#361,$);
#363=IFCCARTESIANTRANSFORMATIONOPERATOR2DNONUNIFORM($,$,#361,1.0003668483050439,1.);
#364=IFCDERIVEDPROFILEDEF($,$,#360,#363,$);
#365=IFCCARTESIANPOINT((0.,0.));
#366=IFCAXIS2PLACEMENT2D(#365,$);
#367=IFCCIRCLEHOLLOWPROFILEDEF(.AREA.,$,#366,57.149999999999999,6.2999999999999998);
#368=IFCCARTESIANPOINT((0.,0.));
#369=IFCCARTESIANTRANSFORMATIONOPERATOR2D($,$,#368,$);
#370=IFCCARTESIANTRANSFORMATIONOPERATOR2DNONUNIFORM($,$,#368,1.0003668483050432,1.);
#371=IFCDERIVEDPROFILEDEF($,$,#367,#370,$);
#372=IFCCARTESIANPOINT((0.,0.));
#373=IFCAXIS2PLACEMENT2D(#372,$);
#374=IFCCIRCLEHOLLOWPROFILEDEF(.AREA.,$,#373,57.149999999999999,6.2999999999999998);
#375=IFCCARTESIANPOINT((0.,0.));
#376=IFCCARTESIANTRANSFORMATIONOPERATOR2D($,$,#375,$);
#377=IFCCARTESIANTRANSFORMATIONOPERATOR2DNONUNIFORM($,$,#375,1.0003668483050439,1.);
#378=IFCDERIVEDPROFILEDEF($,$,#374,#377,$);
#379=IFCCARTESIANPOINT((0.,0.));
#380=IFCAXIS2PLACEMENT2D(#379,$);
#381=IFCCIRCLEHOLLOWPROFILEDEF(.AREA.,$,#380,57.149999999999999,6.2999999999999998);
#382=IFCCARTESIANPOINT((0.,0.));
#383=IFCCARTESIANTRANSFORMATIONOPERATOR2D($,$,#382,$);
#384=IFCCARTESIANTRANSFORMATIONOPERATOR2DNONUNIFORM($,$,#382,1.0003668483050432,1.);
#385=IFCDERIVEDPROFILEDEF($,$,#381,#384,$);
#386=IFCCARTESIANPOINT((0.,0.));
#387=IFCAXIS2PLACEMENT2D(#386,$);
#388=IFCCIRCLEHOLLOWPROFILEDEF(.AREA.,$,#387,57.149999999999999,6.2999999999999998);
#389=IFCCARTESIANPOINT((0.,0.));
#390=IFCCARTESIANTRANSFORMATIONOPERATOR2D($,$,#389,$);
#391=IFCCARTESIANTRANSFORMATIONOPERATOR2DNONUNIFORM($,$,#389,1.0003668483050434,1.);
#392=IFCDERIVEDPROFILEDEF($,$,#388,#391,$);
#393=IFCCARTESIANPOINT((0.,0.));
#394=IFCAXIS2PLACEMENT2D(#393,$);
#395=IFCCIRCLEHOLLOWPROFILEDEF(.AREA.,$,#394,57.149999999999999,6.2999999999999998);
#396=IFCCARTESIANPOINT((0.,0.));
#397=IFCCARTESIANTRANSFORMATIONOPERATOR2D($,$,#396,$);
#398=IFCCARTESIANTRANSFORMATIONOPERATOR2DNONUNIFORM($,$,#396,1.0003668483050434,1.);
#399=IFCDERIVEDPROFILEDEF($,$,#395,#398,$);
#400=IFCCARTESIANPOINT((0.,0.));
#401=IFCAXIS2PLACEMENT2D(#400,$);
#402=IFCCIRCLEHOLLOWPROFILEDEF(.AREA.,$,#401,57.149999999999999,6.2999999999999998);
#403=IFCCARTESIANPOINT((0.,0.));
#404=IFCCARTESIANTRANSFORMATIONOPERATOR2D($,$,#403,$);
#405=IFCCARTESIANTRANSFORMATIONOPERATOR2DNONUNIFORM($,$,#403,1.0003668483050434,1.);
#406=IFCDERIVEDPROFILEDEF($,$,#402,#405,$);
#407=IFCCARTESIANPOINT((0.,0.));
#408=IFCAXIS2PLACEMENT2D(#407,$);
#409=IFCCIRCLEHOLLOWPROFILEDEF(.AREA.,$,#408,57.149999999999999,6.2999999999999998);
#410=IFCCARTESIANPOINT((0.,0.));
#411=IFCCARTESIANTRANSFORMATIONOPERATOR2D($,$,#410,$);
#412=IFCCARTESIANTRANSFORMATIONOPERATOR2DNONUNIFORM($,$,#410,1.0003668483050434,1.);
#413=IFCDERIVEDPROFILEDEF($,$,#409,#412,$);
#414=IFCCARTESIANPOINT((0.,0.));
#415=IFCAXIS2PLACEMENT2D(#414,$);
#416=IFCCIRCLEHOLLOWPROFILEDEF(.AREA.,$,#415,57.149999999999999,6.2999999999999998);
#417=IFCCARTESIANPOINT((0.,0.));
#418=IFCCARTESIANTRANSFORMATIONOPERATOR2D($,$,#417,$);
#419=IFCCARTESIANTRANSFORMATIONOPERATOR2DNONUNIFORM($,$,#417,1.0003668483050432,1.);
#420=IFCDERIVEDPROFILEDEF($,$,#416,#419,$);
#421=IFCCARTESIANPOINT((0.,0.));
#422=IFCAXIS2PLACEMENT2D(#421,$);
#423=IFCCIRCLEHOLLOWPROFILEDEF(.AREA.,$,#422,57.149999999999999,6.2999999999999998);
#424=IFCCARTESIANPOINT((0.,0.));
#425=IFCCARTESIANTRANSFORMATIONOPERATOR2D($,$,#424,$);
#426=IFCCARTESIANTRANSFORMATIONOPERATOR2DNONUNIFORM($,$,#424,1.0003668483050436,1.);
#427=IFCDERIVEDPROFILEDEF($,$,#423,#426,$);
#428=IFCCARTESIANPOINT((0.,0.));
#429=IFCAXIS2PLACEMENT2D(#428,$);
#430=IFCCIRCLEHOLLOWPROFILEDEF(.AREA.,$,#429,57.149999999999999,6.2999999999999998);
#431=IFCCARTESIANPOINT((0.,0.));
#432=IFCCARTESIANTRANSFORMATIONOPERATOR2D($,$,#431,$);
#433=IFCCARTESIANTRANSFORMATIONOPERATOR2DNONUNIFORM($,$,#431,1.0003668483050434,1.);
#434=IFCDERIVEDPROFILEDEF($,$,#430,#433,$);
#435=IFCCARTESIANPOINT((0.,0.));
#436=IFCAXIS2PLACEMENT2D(#435,$);
#437=IFCCIRCLEHOLLOWPROFILEDEF(.AREA.,$,#436,57.149999999999999,6.2999999999999998);
#438=IFCCARTESIANPOINT((0.,0.));
#439=IFCCARTESIANTRANSFORMATIONOPERATOR2D($,$,#438,$);
#440=IFCCARTESIANTRANSFORMATIONOPERATOR2DNONUNIFORM($,$,#438,1.0003668483050432,1.);
#441=IFCDERIVEDPROFILEDEF($,$,#437,#440,$);
#442=IFCCARTESIANPOINT((0.,0.));
#443=IFCAXIS2PLACEMENT2D(#442,$);
#444=IFCCIRCLEHOLLOWPROFILEDEF(.AREA.,$,#443,57.149999999999999,6.2999999999999998);
#445=IFCCARTESIANPOINT((0.,0.));
#446=IFCCARTESIANTRANSFORMATIONOPERATOR2D($,$,#445,$);
#447=IFCCARTESIANTRANSFORMATIONOPERATOR2DNONUNIFORM($,$,#445,1.0003668483050439,1.);
#448=IFCDERIVEDPROFILEDEF($,$,#444,#447,$);
#449=IFCCARTESIANPOINT((0.,0.));
#450=IFCAXIS2PLACEMENT2D(#449,$);
#451=IFCCIRCLEHOLLOWPROFILEDEF(.AREA.,$,#450,57.149999999999999,6.2999999999999998);
#452=IFCCARTESIANPOINT((0.,0.));
#453=IFCCARTESIANTRANSFORMATIONOPERATOR2D($,$,#452,$);
#454=IFCCARTESIANTRANSFORMATIONOPERATOR2DNONUNIFORM($,$,#452,1.0003668483050436,1.);
#455=IFCDERIVEDPROFILEDEF($,$,#451,#454,$);
#456=IFCCARTESIANPOINT((0.,0.));
#457=IFCAXIS2PLACEMENT2D(#456,$);
#458=IFCCIRCLEHOLLOWPROFILEDEF(.AREA.,$,#457,57.149999999999999,6.2999999999999998);
#459=IFCCARTESIANPOINT((0.,0.));
#460=IFCCARTESIANTRANSFORMATIONOPERATOR2D($,$,#459,$);
#461=IFCCARTESIANTRANSFORMATIONOPERATOR2DNONUNIFORM($,$,#459,1.0003668483050432,1.);
#462=IFCDERIVEDPROFILEDEF($,$,#458,#461,$);
#463=IFCCARTESIANPOINT((0.,0.));
#464=IFCAXIS2PLACEMENT2D(#463,$);
#465=IFCCIRCLEHOLLOWPROFILEDEF(.AREA.,$,#464,57.149999999999999,6.2999999999999998);
#466=IFCCARTESIANPOINT((0.,0.));
#467=IFCCARTESIANTRANSFORMATIONOPERATOR2D($,$,#466,$);
#468=IFCCARTESIANTRANSFORMATIONOPERATOR2DNONUNIFORM($,$,#466,1.0003668483050434,1.);
#469=IFCDERIVEDPROFILEDEF($,$,#465,#468,$);
#470=IFCCARTESIANPOINT((0.,0.));
#471=IFCAXIS2PLACEMENT2D(#470,$);
#472=IFCCIRCLEHOLLOWPROFILEDEF(.AREA.,$,#471,57.149999999999999,6.2999999999999998);
#473=IFCCARTESIANPOINT((0.,0.));
#474=IFCCARTESIANTRANSFORMATIONOPERATOR2D($,$,#473,$);
#475=IFCCARTESIANTRANSFORMATIONOPERATOR2DNONUNIFORM($,$,#473,1.0000916910535114,1.);
#476=IFCDERIVEDPROFILEDEF($,$,#472,#475,$);
#477=IFCCARTESIANPOINT((0.,0.));
#478=IFCAXIS2PLACEMENT2D(#477,$);
#479=IFCCIRCLEHOLLOWPROFILEDEF(.AREA.,$,#478,57.149999999999999,6.2999999999999998);
#480=IFCCARTESIANPOINT((0.,0.,0.));
#481=IFCDIRECTION((1.,0.,0.));
#482=IFCDIRECTION((0.,1.,0.));
#483=IFCAXIS2PLACEMENT3D(#480,#481,#482);
#484=IFCCARTESIANPOINT((1200.,0.,0.));
#485=IFCDIRECTION((0.99990000000000001,0.013100000000000001,-0.));
#486=IFCDIRECTION((-0.013100000000000001,0.99990000000000001,0.));
#487=IFCAXIS2PLACEMENT3D(#484,#485,#486);
#488=IFCCARTESIANPOINT((1215.7008000000001,0.41110000000000002,0.));
#489=IFCDIRECTION((0.99860000000000004,0.052299999999999999,-0.));
#490=IFCDIRECTION((-0.052299999999999999,0.99860000000000004,0.));
#491=IFCAXIS2PLACEMENT3D(#488,#489,#490);
#492=IFCCARTESIANPOINT((1231.3585,1.6434,0.));
#493=IFCDIRECTION((0.99450000000000005,0.1045,-0.));
#494=IFCDIRECTION((-0.1045,0.99450000000000005,0.));
#495=IFCAXIS2PLACEMENT3D(#492,#493,#494);
#496=IFCCARTESIANPOINT((1246.9303,3.6934999999999998,0.));
#497=IFCDIRECTION((0.98770000000000002,0.15640000000000001,-0.));
#498=IFCDIRECTION((-0.15640000000000001,0.98770000000000002,0.));
#499=IFCAXIS2PLACEMENT3D(#496,#497,#498);
#500=IFCCARTESIANPOINT((1262.3734999999999,6.5556999999999999,0.));
#501=IFCDIRECTION((0.97809999999999997,0.2079,-0.));
#502=IFCDIRECTION((-0.2079,0.97809999999999997,0.));
#503=IFCAXIS2PLACEMENT3D(#500,#501,#502);
#504=IFCCARTESIANPOINT((1277.6457,10.222300000000001,0.));
#505=IFCDIRECTION((0.96589999999999998,0.25879999999999997,-0.));
#506=IFCDIRECTION((-0.25879999999999997,0.96589999999999998,0.));
#507=IFCAXIS2PLACEMENT3D(#504,#505,#506);
#508=IFCCARTESIANPOINT((1292.7050999999999,14.683,0.));
#509=IFCDIRECTION((0.95109999999999995,0.309,-0.));
#510=IFCDIRECTION((-0.309,0.95109999999999995,0.));
#511=IFCAXIS2PLACEMENT3D(#508,#509,#510);
#512=IFCCARTESIANPOINT((1307.5103999999999,19.925899999999999,0.));
#513=IFCDIRECTION((0.93359999999999999,0.3584,-0.));
#514=IFCDIRECTION((-0.3584,0.93359999999999999,0.));
#515=IFCAXIS2PLACEMENT3D(#512,#513,#514);
#516=IFCCARTESIANPOINT((1322.021,25.936399999999999,0.));
#517=IFCDIRECTION((0.91349999999999998,0.40670000000000001,-0.));
#518=IFCDIRECTION((-0.40670000000000001,0.91349999999999998,0.));
#519=IFCAXIS2PLACEMENT3D(#516,#517,#518);
#520=IFCCARTESIANPOINT((1336.1971000000001,32.698,0.));
#521=IFCDIRECTION((0.89100000000000001,0.45400000000000001,-0.));
#522=IFCDIRECTION((-0.45400000000000001,0.89100000000000001,0.));
#523=IFCAXIS2PLACEMENT3D(#520,#521,#522);
#524=IFCCARTESIANPOINT((1350.,40.192399999999999,0.));
#525=IFCDIRECTION((0.86599999999999999,0.5,-0.));
#526=IFCDIRECTION((-0.5,0.86599999999999999,0.));
#527=IFCAXIS2PLACEMENT3D(#524,#525,#526);
#528=IFCCARTESIANPOINT((1363.3916999999999,48.398800000000001,0.));
#529=IFCDIRECTION((0.8387,0.54459999999999997,-0.));
#530=IFCDIRECTION((-0.54459999999999997,0.8387,0.));
#531=IFCAXIS2PLACEMENT3D(#528,#529,#530);
#532=IFCCARTESIANPOINT((1376.3356000000001,57.294899999999998,0.));
#533=IFCDIRECTION((0.80900000000000005,0.58779999999999999,-0.));
#534=IFCDIRECTION((-0.58779999999999999,0.80900000000000005,0.));
#535=IFCAXIS2PLACEMENT3D(#532,#533,#534);
#536=IFCCARTESIANPOINT((1388.7961,66.856200000000001,0.));
#537=IFCDIRECTION((0.77710000000000001,0.62929999999999997,-0.));
#538=IFCDIRECTION((-0.62929999999999997,0.77710000000000001,0.));
#539=IFCAXIS2PLACEMENT3D(#536,#537,#538);
#540=IFCCARTESIANPOINT((1400.7392,77.056600000000003,0.));
#541=IFCDIRECTION((0.74309999999999998,0.66910000000000003,-0.));
#542=IFCDIRECTION((-0.66910000000000003,0.74309999999999998,0.));
#543=IFCAXIS2PLACEMENT3D(#540,#541,#542);
#544=IFCCARTESIANPOINT((1412.1320000000001,87.867999999999995,0.));
#545=IFCDIRECTION((0.70709999999999995,0.70709999999999995,-0.));
#546=IFCDIRECTION((-0.70709999999999995,0.70709999999999995,0.));
#547=IFCAXIS2PLACEMENT3D(#544,#545,#546);
#548=IFCCARTESIANPOINT((1422.9434000000001,99.260800000000003,0.));
#549=IFCDIRECTION((0.66910000000000003,0.74309999999999998,-0.));
#550=IFCDIRECTION((-0.74309999999999998,0.66910000000000003,0.));
#551=IFCAXIS2PLACEMENT3D(#548,#549,#550);
#552=IFCCARTESIANPOINT((1433.1438000000001,111.2039,0.));
#553=IFCDIRECTION((0.62929999999999997,0.77710000000000001,-0.));
#554=IFCDIRECTION((-0.77710000000000001,0.62929999999999997,0.));
#555=IFCAXIS2PLACEMENT3D(#552,#553,#554);
#556=IFCCARTESIANPOINT((1442.7050999999999,123.6644,0.));
#557=IFCDIRECTION((0.58779999999999999,0.80900000000000005,-0.));
#558=IFCDIRECTION((-0.80900000000000005,0.58779999999999999,0.));
#559=IFCAXIS2PLACEMENT3D(#556,#557,#558);
#560=IFCCARTESIANPOINT((1451.6012000000001,136.60830000000001,0.));
#561=IFCDIRECTION((0.54459999999999997,0.8387,-0.));
#562=IFCDIRECTION((-0.8387,0.54459999999999997,0.));
#563=IFCAXIS2PLACEMENT3D(#560,#561,#562);
#564=IFCCARTESIANPOINT((1459.8076000000001,150.,0.));
#565=IFCDIRECTION((0.5,0.86599999999999999,-0.));
#566=IFCDIRECTION((-0.86599999999999999,0.5,0.));
#567=IFCAXIS2PLACEMENT3D(#564,#565,#566);
#568=IFCCARTESIANPOINT((1467.3019999999999,163.80289999999999,0.));
#569=IFCDIRECTION((0.45400000000000001,0.89100000000000001,-0.));
#570=IFCDIRECTION((-0.89100000000000001,0.45400000000000001,0.));
#571=IFCAXIS2PLACEMENT3D(#568,#569,#570);
#572=IFCCARTESIANPOINT((1474.0636,177.97900000000001,0.));
#573=IFCDIRECTION((0.40670000000000001,0.91349999999999998,-0.));
#574=IFCDIRECTION((-0.91349999999999998,0.40670000000000001,0.));
#575=IFCAXIS2PLACEMENT3D(#572,#573,#574);
#576=IFCCARTESIANPOINT((1480.0741,192.4896,0.));
#577=IFCDIRECTION((0.3584,0.93359999999999999,-0.));
#578=IFCDIRECTION((-0.93359999999999999,0.3584,0.));
#579=IFCAXIS2PLACEMENT3D(#576,#577,#578);
#580=IFCCARTESIANPOINT((1485.317,207.29490000000001,0.));
#581=IFCDIRECTION((0.309,0.95109999999999995,-0.));
#582=IFCDIRECTION((-0.95109999999999995,0.309,0.));
#583=IFCAXIS2PLACEMENT3D(#580,#581,#582);
#584=IFCCARTESIANPOINT((1489.7777000000001,222.35429999999999,0.));
#585=IFCDIRECTION((0.25879999999999997,0.96589999999999998,-0.));
#586=IFCDIRECTION((-0.96589999999999998,0.25879999999999997,0.));
#587=IFCAXIS2PLACEMENT3D(#584,#585,#586);
#588=IFCCARTESIANPOINT((1493.4443000000001,237.62649999999999,0.));
#589=IFCDIRECTION((0.2079,0.97809999999999997,-0.));
#590=IFCDIRECTION((-0.97809999999999997,0.2079,0.));
#591=IFCAXIS2PLACEMENT3D(#588,#589,#590);
#592=IFCCARTESIANPOINT((1496.3064999999999,253.06970000000001,0.));
#593=IFCDIRECTION((0.15640000000000001,0.98770000000000002,-0.));
#594=IFCDIRECTION((-0.98770000000000002,0.15640000000000001,0.));
#595=IFCAXIS2PLACEMENT3D(#592,#593,#594);
#596=IFCCARTESIANPOINT((1498.3566000000001,268.64150000000001,0.));
#597=IFCDIRECTION((0.1045,0.99450000000000005,-0.));
#598=IFCDIRECTION((-0.99450000000000005,0.1045,0.));
#599=IFCAXIS2PLACEMENT3D(#596,#597,#598);
#600=IFCCARTESIANPOINT((1499.5889,284.29919999999998,0.));
#601=IFCDIRECTION((0.052299999999999999,0.99860000000000004,-0.));
#602=IFCDIRECTION((-0.99860000000000004,0.052299999999999999,0.));
#603=IFCAXIS2PLACEMENT3D(#600,#601,#602);
#604=IFCCARTESIANPOINT((1500.,300.,0.));
#605=IFCDIRECTION((0.013100000000000001,0.99990000000000001,-0.));
#606=IFCDIRECTION((-0.99990000000000001,0.013100000000000001,0.));
#607=IFCAXIS2PLACEMENT3D(#604,#605,#606);
#608=IFCCARTESIANPOINT((1500.,2700.,0.));
#609=IFCDIRECTION((0.0135,0.99990000000000001,-0.));
#610=IFCDIRECTION((-0.99990000000000001,0.0135,0.));
#611=IFCAXIS2PLACEMENT3D(#608,#609,#610);
#612=IFCCARTESIANPOINT((1500.4400000000001,2716.2417,0.));
#613=IFCDIRECTION((0.054100000000000002,0.99850000000000005,-0.));
#614=IFCDIRECTION((-0.99850000000000005,0.054100000000000002,0.));
#615=IFCAXIS2PLACEMENT3D(#612,#613,#614);
#616=IFCCARTESIANPOINT((1501.7585999999999,2732.4357,0.));
#617=IFCDIRECTION((0.1081,0.99409999999999998,-0.));
#618=IFCDIRECTION((-0.99409999999999998,0.1081,0.));
#619=IFCAXIS2PLACEMENT3D(#616,#617,#618);
#620=IFCCARTESIANPOINT((1503.952,2748.5346,0.));
#621=IFCDIRECTION((0.1618,0.98680000000000001,-0.));
#622=IFCDIRECTION((-0.98680000000000001,0.1618,0.));
#623=IFCAXIS2PLACEMENT3D(#620,#621,#622);
#624=IFCCARTESIANPOINT((1507.0137999999999,2764.4911000000002,0.));
#625=IFCDIRECTION((0.215,0.97660000000000002,-0.));
#626=IFCDIRECTION((-0.97660000000000002,0.215,0.));
#627=IFCAXIS2PLACEMENT3D(#624,#625,#626);
#628=IFCCARTESIANPOINT((1510.9349999999999,2780.2584999999999,0.));
#629=IFCDIRECTION((0.26750000000000002,0.96350000000000002,-0.));
#630=IFCDIRECTION((-0.96350000000000002,0.26750000000000002,0.));
#631=IFCAXIS2PLACEMENT3D(#628,#629,#630);
#632=IFCCARTESIANPOINT((1515.704,2795.7905000000001,0.));
#633=IFCDIRECTION((0.31929999999999997,0.94769999999999999,-0.));
#634=IFCDIRECTION((-0.94769999999999999,0.31929999999999997,0.));
#635=IFCAXIS2PLACEMENT3D(#632,#633,#634);
#636=IFCCARTESIANPOINT((1521.307,2811.0414000000001,0.));
#637=IFCDIRECTION((0.37009999999999998,0.92900000000000005,-0.));
#638=IFCDIRECTION((-0.92900000000000005,0.37009999999999998,0.));
#639=IFCAXIS2PLACEMENT3D(#636,#637,#638);
#640=IFCCARTESIANPOINT((1527.7274,2825.9666999999999,0.));
#641=IFCDIRECTION((0.4199,0.90759999999999996,-0.));
#642=IFCDIRECTION((-0.90759999999999996,0.4199,0.));
#643=IFCAXIS2PLACEMENT3D(#640,#641,#642);
#644=IFCCARTESIANPOINT((1534.9464,2840.5225,0.));
#645=IFCDIRECTION((0.46839999999999998,0.88349999999999995,-0.));
#646=IFCDIRECTION((-0.88349999999999995,0.46839999999999998,0.));
#647=IFCAXIS2PLACEMENT3D(#644,#645,#646);
#648=IFCCARTESIANPOINT((1542.9428,2854.6662000000001,0.));
#649=IFCDIRECTION((0.51559999999999995,0.8569,-0.));
#650=IFCDIRECTION((-0.8569,0.51559999999999995,0.));
#651=IFCAXIS2PLACEMENT3D(#648,#649,#650);
#652=IFCCARTESIANPOINT((1551.6932999999999,2868.3561,0.));
#653=IFCDIRECTION((0.56120000000000003,0.82769999999999999,-0.));
#654=IFCDIRECTION((-0.82769999999999999,0.56120000000000003,0.));
#655=IFCAXIS2PLACEMENT3D(#652,#653,#654);
#656=IFCCARTESIANPOINT((1561.1721,2881.5522999999998,0.));
#657=IFCDIRECTION((0.60519999999999996,0.79610000000000003,-0.));
#658=IFCDIRECTION((-0.79610000000000003,0.60519999999999996,0.));
#659=IFCAXIS2PLACEMENT3D(#656,#657,#658);
#660=IFCCARTESIANPOINT((1571.3514,2894.2159000000001,0.));
#661=IFCDIRECTION((0.64739999999999998,0.76219999999999999,-0.));
#662=IFCDIRECTION((-0.76219999999999999,0.64739999999999998,0.));
#663=IFCAXIS2PLACEMENT3D(#660,#661,#662);
#664=IFCCARTESIANPOINT((1582.2013999999999,2906.3098,0.));
#665=IFCDIRECTION((0.68769999999999998,0.72599999999999998,-0.));
#666=IFCDIRECTION((-0.72599999999999998,0.68769999999999998,0.));
#667=IFCAXIS2PLACEMENT3D(#664,#665,#666);
#668=IFCCARTESIANPOINT((1593.6902,2917.7986000000001,0.));
#669=IFCDIRECTION((0.72599999999999998,0.68769999999999998,-0.));
#670=IFCDIRECTION((-0.68769999999999998,0.72599999999999998,0.));
#671=IFCAXIS2PLACEMENT3D(#668,#669,#670);
#672=IFCCARTESIANPOINT((1605.7841000000001,2928.6486,0.));
#673=IFCDIRECTION((0.76219999999999999,0.64739999999999998,-0.));
#674=IFCDIRECTION((-0.64739999999999998,0.76219999999999999,0.));
#675=IFCAXIS2PLACEMENT3D(#672,#673,#674);
#676=IFCCARTESIANPOINT((1618.4476999999999,2938.8279000000002,0.));
#677=IFCDIRECTION((0.79610000000000003,0.60519999999999996,-0.));
#678=IFCDIRECTION((-0.60519999999999996,0.79610000000000003,0.));
#679=IFCAXIS2PLACEMENT3D(#676,#677,#678);
#680=IFCCARTESIANPOINT((1631.6439,2948.3067000000001,0.));
#681=IFCDIRECTION((0.82769999999999999,0.56120000000000003,-0.));
#682=IFCDIRECTION((-0.56120000000000003,0.82769999999999999,0.));
#683=IFCAXIS2PLACEMENT3D(#680,#681,#682);
#684=IFCCARTESIANPOINT((1645.3338000000001,2957.0572000000002,0.));
#685=IFCDIRECTION((0.8569,0.51559999999999995,-0.));
#686=IFCDIRECTION((-0.51559999999999995,0.8569,0.));
#687=IFCAXIS2PLACEMENT3D(#684,#685,#686);
#688=IFCCARTESIANPOINT((1659.4775,2965.0536000000002,0.));
#689=IFCDIRECTION((0.88349999999999995,0.46839999999999998,-0.));
#690=IFCDIRECTION((-0.46839999999999998,0.88349999999999995,0.));
#691=IFCAXIS2PLACEMENT3D(#688,#689,#690);
#692=IFCCARTESIANPOINT((1674.0333000000001,2972.2725999999998,0.));
#693=IFCDIRECTION((0.90759999999999996,0.4199,-0.));
#694=IFCDIRECTION((-0.4199,0.90759999999999996,0.));
#695=IFCAXIS2PLACEMENT3D(#692,#693,#694);
#696=IFCCARTESIANPOINT((1688.9585999999999,2978.6930000000002,0.));
#697=IFCDIRECTION((0.92900000000000005,0.37009999999999998,-0.));
#698=IFCDIRECTION((-0.37009999999999998,0.92900000000000005,0.));
#699=IFCAXIS2PLACEMENT3D(#696,#697,#698);
#700=IFCCARTESIANPOINT((1704.2094999999999,2984.2959999999998,0.));
#701=IFCDIRECTION((0.94769999999999999,0.31929999999999997,-0.));
#702=IFCDIRECTION((-0.31929999999999997,0.94769999999999999,0.));
#703=IFCAXIS2PLACEMENT3D(#700,#701,#702);
#704=IFCCARTESIANPOINT((1719.7415000000001,2989.0650000000001,0.));
#705=IFCDIRECTION((0.96350000000000002,0.26750000000000002,-0.));
#706=IFCDIRECTION((-0.26750000000000002,0.96350000000000002,0.));
#707=IFCAXIS2PLACEMENT3D(#704,#705,#706);
#708=IFCCARTESIANPOINT((1735.5089,2992.9861999999998,0.));
#709=IFCDIRECTION((0.97660000000000002,0.215,-0.));
#710=IFCDIRECTION((-0.215,0.97660000000000002,0.));
#711=IFCAXIS2PLACEMENT3D(#708,#709,#710);
#712=IFCCARTESIANPOINT((1751.4654,2996.0479999999998,0.));
#713=IFCDIRECTION((0.98680000000000001,0.1618,-0.));
#714=IFCDIRECTION((-0.1618,0.98680000000000001,0.));
#715=IFCAXIS2PLACEMENT3D(#712,#713,#714);
#716=IFCCARTESIANPOINT((1767.5643,2998.2413999999999,0.));
#717=IFCDIRECTION((0.99409999999999998,0.1081,-0.));
#718=IFCDIRECTION((-0.1081,0.99409999999999998,0.));
#719=IFCAXIS2PLACEMENT3D(#716,#717,#718);
#720=IFCCARTESIANPOINT((1783.7583,2999.5599999999999,0.));
#721=IFCDIRECTION((0.99850000000000005,0.054100000000000002,-0.));
#722=IFCDIRECTION((-0.054100000000000002,0.99850000000000005,0.));
#723=IFCAXIS2PLACEMENT3D(#720,#721,#722);
#724=IFCCARTESIANPOINT((1800.,3000.,0.));
#725=IFCDIRECTION((0.99990000000000001,0.0135,-0.));
#726=IFCDIRECTION((-0.0135,0.99990000000000001,0.));
#727=IFCAXIS2PLACEMENT3D(#724,#725,#726);
#728=IFCCARTESIANPOINT((3000.,3000.,0.));
#729=IFCDIRECTION((1.,0.,0.));
#730=IFCDIRECTION((0.,1.,0.));
#731=IFCAXIS2PLACEMENT3D(#728,#729,#730);
#732=IFCCARTESIANPOINTLIST3D(((0.,57.149999999999999,0.),(0.,56.051900000000003,11.1494),(0.,52.799700000000001,21.8704),(0.,47.518500000000003,31.750800000000002),(0.,40.411200000000001,40.411200000000001),(0.,31.750800000000002,47.518500000000003),(0.,21.8704,52.799700000000001),(0.,11.1494,56.051900000000003),(0.,0.,57.149999999999999),(0.,-11.1494,56.051900000000003),(0.,-21.8704,52.799700000000001),(0.,-31.750800000000002,47.518500000000003),(0.,-40.411200000000001,40.411200000000001),(0.,-47.518500000000003,31.750800000000002),(0.,-52.799700000000001,21.8704),(0.,-56.051900000000003,11.1494),(0.,-57.149999999999999,0.),(0.,-56.051900000000003,-11.1494),(0.,-52.799700000000001,-21.8704),(0.,-47.518500000000003,-31.750800000000002),(0.,-40.411200000000001,-40.411200000000001),(0.,-31.750800000000002,-47.518500000000003),(0.,-21.8704,-52.799700000000001),(0.,-11.1494,-56.051900000000003),(0.,-0.,-57.149999999999999),(0.,11.1494,-56.051900000000003),(0.,21.8704,-52.799700000000001),(0.,31.750800000000002,-47.518500000000003),(0.,40.411200000000001,-40.411200000000001),(0.,47.518500000000003,-31.750800000000002),(0.,52.799700000000001,-21.8704),(0.,56.051900000000003,-11.1494),(0.,49.872900000000001,-9.9202999999999992),(0.,46.979300000000002,-19.459499999999998),(0.,42.280200000000001,-28.250699999999998),(0.,35.956400000000002,-35.956400000000002),(0.,28.250699999999998,-42.280200000000001),(0.,19.459499999999998,-46.979300000000002),(0.,9.9202999999999992,-49.872900000000001),(0.,-0.,-50.850000000000001),(0.,-9.9202999999999992,-49.872900000000001),(0.,-19.459499999999998,-46.979300000000002),(0.,-28.250699999999998,-42.280200000000001),(0.,-35.956400000000002,-35.956400000000002),(0.,-42.280200000000001,-28.250699999999998),(0.,-46.979300000000002,-19.459499999999998),(0.,-49.872900000000001,-9.9202999999999992),(0.,-50.850000000000001,0.),(0.,-49.872900000000001,9.9202999999999992),(0.,-46.979300000000002,19.459499999999998),(0.,-42.280200000000001,28.250699999999998),(0.,-35.956400000000002,35.956400000000002),(0.,-28.250699999999998,42.280200000000001),(0.,-19.459499999999998,46.979300000000002),(0.,-9.9202999999999992,49.872900000000001),(0.,0.,50.850000000000001),(0.,9.9202999999999992,49.872900000000001),(0.,19.459499999999998,46.979300000000002),(0.,28.250699999999998,42.280200000000001),(0.,35.956400000000002,35.956400000000002),(0.,42.280200000000001,28.250699999999998),(0.,46.979300000000002,19.459499999999998),(0.,49.872900000000001,9.9202999999999992),(0.,50.850000000000001,0.),(1199.2512999999999,57.149999999999999,0.),(1199.2655999999999,56.051900000000003,11.1494),(1199.3082999999999,52.799700000000001,21.8704),(1199.3774000000001,47.518500000000003,31.750800000000002),(1199.4706000000001,40.411099999999998,40.411200000000001),(1199.5840000000001,31.750800000000002,47.518500000000003),(1199.7135000000001,21.8704,52.799700000000001),(1199.8539000000001,11.1494,56.051900000000003),(1200.,0.,57.149999999999999),(1200.1460999999999,-11.1494,56.051900000000003),(1200.2864999999999,-21.8704,52.799700000000001),(1200.4159999999999,-31.750800000000002,47.518500000000003),(1200.5293999999999,-40.411099999999998,40.411200000000001),(1200.6225999999999,-47.518500000000003,31.750800000000002),(1200.6917000000001,-52.799700000000001,21.8704),(1200.7344000000001,-56.051900000000003,11.1494),(1200.7487000000001,-57.149999999999999,0.),(1200.7344000000001,-56.051900000000003,-11.1494),(1200.6917000000001,-52.799700000000001,-21.8704),(1200.6225999999999,-47.518500000000003,-31.750800000000002),(1200.5293999999999,-40.411099999999998,-40.411200000000001),(1200.4159999999999,-31.750800000000002,-47.518500000000003),(1200.2864999999999,-21.8704,-52.799700000000001),(1200.1460999999999,-11.1494,-56.051900000000003),(1200.,-0.,-57.149999999999999),(1199.8539000000001,11.1494,-56.051900000000003),(1199.7135000000001,21.8704,-52.799700000000001),(1199.5840000000001,31.750800000000002,-47.518500000000003),(1199.4706000000001,40.411099999999998,-40.411200000000001),(1199.3774000000001,47.518500000000003,-31.750800000000002),(1199.3082999999999,52.799700000000001,-21.8704),(1199.2655999999999,56.051900000000003,-11.1494),(1212.7107000000001,57.502400000000002,0.),(1212.7682,56.405500000000004,11.1494),(1212.9383,53.156599999999997,21.8704),(1213.2147,47.880800000000001,31.750800000000002),(1213.5864999999999,40.780799999999999,40.411200000000001),(1214.0396000000001,32.129399999999997,47.518500000000003),(1214.5565999999999,22.259,52.799700000000001),(1215.1175000000001,11.549099999999999,56.051900000000003),(1215.7008000000001,0.41110000000000002,57.149999999999999),(1216.2841000000001,-10.726900000000001,56.051900000000003),(1216.845,-21.436800000000002,52.799700000000001),(1217.3620000000001,-31.307200000000002,47.518500000000003),(1217.8151,-39.958599999999997,40.411200000000001),(1218.1868999999999,-47.058599999999998,31.750800000000002),(1218.4632999999999,-52.334400000000002,21.8704),(1218.6333999999999,-55.583300000000001,11.1494),(1218.6909000000001,-56.680199999999999,0.),(1218.6333999999999,-55.583300000000001,-11.1494),(1218.4632999999999,-52.334400000000002,-21.8704),(1218.1868999999999,-47.058599999999998,-31.750800000000002),(1217.8151,-39.958599999999997,-40.411200000000001),(1217.3620000000001,-31.307200000000002,-47.518500000000003),(1216.845,-21.436800000000002,-52.799700000000001),(1216.2841000000001,-10.726900000000001,-56.051900000000003),(1215.7008000000001,0.41110000000000002,-57.149999999999999),(1215.1175000000001,11.549099999999999,-56.051900000000003),(1214.5565999999999,22.259,-52.799700000000001),(1214.0396000000001,32.129399999999997,-47.518500000000003),(1213.5864999999999,40.780799999999999,-40.411200000000001),(1213.2147,47.880800000000001,-31.750800000000002),(1212.9383,53.156599999999997,-21.8704),(1212.7682,56.405500000000004,-11.1494),(1225.3841,58.5,0.),(1225.4989,57.407499999999999,11.1494),(1225.8389,54.171999999999997,21.8704),(1226.3910000000001,48.917900000000003,31.750800000000002),(1227.134,41.847099999999998,40.411200000000001),(1228.0392999999999,33.231200000000001,47.518500000000003),(1229.0722000000001,23.401499999999999,52.799700000000001),(1230.193,12.7356,56.051900000000003),(1231.3585,1.6434,57.149999999999999),(1232.5239999999999,-9.4488000000000003,56.051900000000003),(1233.6448,-20.114699999999999,52.799700000000001),(1234.6777,-29.944400000000002,47.518500000000003),(1235.5830000000001,-38.560299999999998,40.411200000000001),(1236.326,-45.631100000000004,31.750800000000002),(1236.8780999999999,-50.885199999999998,21.8704),(1237.2181,-54.120699999999999,11.1494),(1237.3329000000001,-55.213200000000001,0.),(1237.2181,-54.120699999999999,-11.1494),(1236.8780999999999,-50.885199999999998,-21.8704),(1236.326,-45.631100000000004,-31.750800000000002),(1235.5830000000001,-38.560299999999998,-40.411200000000001),(1234.6777,-29.944400000000002,-47.518500000000003),(1233.6448,-20.114699999999999,-52.799700000000001),(1232.5239999999999,-9.4488000000000003,-56.051900000000003),(1231.3585,1.6434,-57.149999999999999),(1230.193,12.7356,-56.051900000000003),(1229.0722000000001,23.401499999999999,-52.799700000000001),(1228.0392999999999,33.231200000000001,-47.518500000000003),(1227.134,41.847099999999998,-40.411200000000001),(1226.3910000000001,48.917900000000003,-31.750800000000002),(1225.8389,54.171999999999997,-21.8704),(1225.4989,57.407499999999999,-11.1494),(1237.989,60.159599999999998,0.),(1238.1608000000001,59.074599999999997,11.1494),(1238.6695999999999,55.8613,21.8704),(1239.4958999999999,50.643300000000004,31.750800000000002),(1240.6079,43.621000000000002,40.411200000000001),(1241.9628,35.064399999999999,47.518500000000003),(1243.5085999999999,25.302099999999999,52.799700000000001),(1245.1858999999999,14.7095,56.051900000000003),(1246.9303,3.6934999999999998,57.149999999999999),(1248.6747,-7.3224999999999998,56.051900000000003),(1250.3520000000001,-17.915099999999999,52.799700000000001),(1251.8978,-27.677399999999999,47.518500000000003),(1253.2527,-36.234000000000002,40.411200000000001),(1254.3647000000001,-43.256300000000003,31.750800000000002),(1255.191,-48.474299999999999,21.8704),(1255.6998000000001,-51.687600000000003,11.1494),(1255.8715999999999,-52.772599999999997,0.),(1255.6998000000001,-51.687600000000003,-11.1494),(1255.191,-48.474299999999999,-21.8704),(1254.3647000000001,-43.256300000000003,-31.750800000000002),(1253.2527,-36.234000000000002,-40.411200000000001),(1251.8978,-27.677399999999999,-47.518500000000003),(1250.3520000000001,-17.915099999999999,-52.799700000000001),(1248.6747,-7.3224999999999998,-56.051900000000003),(1246.9303,3.6934999999999998,-57.149999999999999),(1245.1858999999999,14.7095,-56.051900000000003),(1243.5085999999999,25.302099999999999,-52.799700000000001),(1241.9628,35.064399999999999,-47.518500000000003),(1240.6079,43.621000000000002,-40.411200000000001),(1239.4958999999999,50.643300000000004,-31.750800000000002),(1238.6695999999999,55.8613,-21.8704),(1238.1608000000001,59.074599999999997,-11.1494),(1250.4874,62.475999999999999,0.),(1250.7157,61.401499999999999,11.1494),(1251.3921,58.219299999999997,21.8704),(1252.4905000000001,53.051699999999997,31.750800000000002),(1253.9686999999999,46.097299999999997,40.411200000000001),(1255.7699,37.623399999999997,47.518500000000003),(1257.8249000000001,27.955500000000001,52.799700000000001),(1260.0545999999999,17.465199999999999,56.051900000000003),(1262.3734999999999,6.5556999999999999,57.149999999999999),(1264.6923999999999,-4.3537999999999997,56.051900000000003),(1266.9221,-14.844099999999999,52.799700000000001),(1268.9771000000001,-24.512,47.518500000000003),(1270.7782999999999,-32.985900000000001,40.411200000000001),(1272.2565,-39.940300000000001,31.750800000000002),(1273.3549,-45.107900000000001,21.8704),(1274.0313000000001,-48.290100000000002,11.1494),(1274.2596000000001,-49.364600000000003,0.),(1274.0313000000001,-48.290100000000002,-11.1494),(1273.3549,-45.107900000000001,-21.8704),(1272.2565,-39.940300000000001,-31.750800000000002),(1270.7782999999999,-32.985900000000001,-40.411200000000001),(1268.9771000000001,-24.512,-47.518500000000003),(1266.9221,-14.844099999999999,-52.799700000000001),(1264.6923999999999,-4.3537999999999997,-56.051900000000003),(1262.3734999999999,6.5556999999999999,-57.149999999999999),(1260.0545999999999,17.465199999999999,-56.051900000000003),(1257.8249000000001,27.955500000000001,-52.799700000000001),(1255.7699,37.623399999999997,-47.518500000000003),(1253.9686999999999,46.097299999999997,-40.411200000000001),(1252.4905000000001,53.051699999999997,-31.750800000000002),(1251.3921,58.219299999999997,-21.8704),(1250.7157,61.401499999999999,-11.1494),(1262.8498,65.444100000000006,0.),(1263.1341,64.382999999999996,11.1494),(1263.9760000000001,61.240600000000001,21.8704),(1265.3433,56.137500000000003,31.750800000000002),(1267.1833999999999,49.270000000000003,40.411200000000001),(1269.4255000000001,40.901899999999998,47.518500000000003),(1271.9835,31.354800000000001,52.799700000000001),(1274.7592,20.9955,56.051900000000003),(1277.6457,10.222300000000001,57.149999999999999),(1280.5322000000001,-0.55089999999999995,56.051900000000003),(1283.3079,-10.9102,52.799700000000001),(1285.8659,-20.4573,47.518500000000003),(1288.1079999999999,-28.825399999999998,40.411200000000001),(1289.9481000000001,-35.692900000000002,31.750800000000002),(1291.3154,-40.795999999999999,21.8704),(1292.1573000000001,-43.938400000000001,11.1494),(1292.4416000000001,-44.999499999999998,0.),(1292.1573000000001,-43.938400000000001,-11.1494),(1291.3154,-40.795999999999999,-21.8704),(1289.9481000000001,-35.692900000000002,-31.750800000000002),(1288.1079999999999,-28.825399999999998,-40.411200000000001),(1285.8659,-20.4573,-47.518500000000003),(1283.3079,-10.9102,-52.799700000000001),(1280.5322000000001,-0.55089999999999995,-56.051900000000003),(1277.6457,10.222300000000001,-57.149999999999999),(1274.7592,20.9955,-56.051900000000003),(1271.9835,31.354800000000001,-52.799700000000001),(1269.4255000000001,40.901899999999998,-47.518500000000003),(1267.1833999999999,49.270000000000003,-40.411200000000001),(1265.3433,56.137500000000003,-31.750800000000002),(1263.9760000000001,61.240600000000001,-21.8704),(1263.1341,64.382999999999996,-11.1494),(1275.0402999999999,69.055000000000007,0.),(1275.3797999999999,68.010300000000001,11.1494),(1276.385,64.916200000000003,21.8704),(1278.0174,59.8917,31.750800000000002),(1280.2141999999999,53.129800000000003,40.411200000000001),(1282.8911000000001,44.890500000000003,47.518500000000003),(1285.9450999999999,35.490299999999998,52.799700000000001),(1289.2589,25.290500000000002,56.051900000000003),(1292.7050999999999,14.683,57.149999999999999),(1296.1513,4.0754999999999999,56.051900000000003),(1299.4650999999999,-6.1242999999999999,52.799700000000001),(1302.5191,-15.5245,47.518500000000003),(1305.1959999999999,-23.7638,40.411200000000001),(1307.3928000000001,-30.525700000000001,31.750800000000002),(1309.0252,-35.550199999999997,21.8704),(1310.0304000000001,-38.644300000000001,11.1494),(1310.3698999999999,-39.689,0.),(1310.0304000000001,-38.644300000000001,-11.1494),(1309.0252,-35.550199999999997,-21.8704),(1307.3928000000001,-30.525700000000001,-31.750800000000002),(1305.1959999999999,-23.7638,-40.411200000000001),(1302.5191,-15.5245,-47.518500000000003),(1299.4650999999999,-6.1242999999999999,-52.799700000000001),(1296.1513,4.0754999999999999,-56.051900000000003),(1292.7050999999999,14.683,-57.149999999999999),(1289.2589,25.290500000000002,-56.051900000000003),(1285.9450999999999,35.490299999999998,-52.799700000000001),(1282.8911000000001,44.890500000000003,-47.518500000000003),(1280.2141999999999,53.129800000000003,-40.411200000000001),(1278.0174,59.8917,-31.750800000000002),(1276.385,64.916200000000003,-21.8704),(1275.3797999999999,68.010300000000001,-11.1494),(1287.0214000000001,73.297799999999995,0.),(1287.4150999999999,72.272300000000001,11.1494),(1288.5811000000001,69.235100000000003,21.8704),(1290.4744000000001,64.302999999999997,31.750800000000002),(1293.0225,57.665599999999998,40.411200000000001),(1296.1273000000001,49.577800000000003,47.518500000000003),(1299.6695999999999,40.350499999999997,52.799700000000001),(1303.5132000000001,30.338200000000001,56.051900000000003),(1307.5103999999999,19.925899999999999,57.149999999999999),(1311.5075999999999,9.5136000000000003,56.051900000000003),(1315.3512000000001,-0.49869999999999998,52.799700000000001),(1318.8934999999999,-9.7260000000000009,47.518500000000003),(1321.9983,-17.813800000000001,40.411200000000001),(1324.5463999999999,-24.4512,31.750800000000002),(1326.4396999999999,-29.383299999999998,21.8704),(1327.6057000000001,-32.420499999999997,11.1494),(1327.9993999999999,-33.445999999999998,0.),(1327.6057000000001,-32.420499999999997,-11.1494),(1326.4396999999999,-29.383299999999998,-21.8704),(1324.5463999999999,-24.4512,-31.750800000000002),(1321.9983,-17.813800000000001,-40.411200000000001),(1318.8934999999999,-9.7260000000000009,-47.518500000000003),(1315.3512000000001,-0.49869999999999998,-52.799700000000001),(1311.5075999999999,9.5136000000000003,-56.051900000000003),(1307.5103999999999,19.925899999999999,-57.149999999999999),(1303.5132000000001,30.338200000000001,-56.051900000000003),(1299.6695999999999,40.350499999999997,-52.799700000000001),(1296.1273000000001,49.577800000000003,-47.518500000000003),(1293.0225,57.665599999999998,-40.411200000000001),(1290.4744000000001,64.302999999999997,-31.750800000000002),(1288.5811000000001,69.235100000000003,-21.8704),(1287.4150999999999,72.272300000000001,-11.1494),(1298.7688000000001,78.163799999999995,0.),(1299.2156,77.160200000000003,11.1494),(1300.5388,74.188199999999995,21.8704),(1302.6875,69.361900000000006,31.750800000000002),(1305.5791999999999,62.866700000000002,40.411200000000001),(1309.1027999999999,54.952399999999997,47.518500000000003),(1313.1228000000001,45.922899999999998,52.799700000000001),(1317.4847,36.125500000000002,56.051900000000003),(1322.021,25.936399999999999,57.149999999999999),(1326.5572999999999,15.747299999999999,56.051900000000003),(1330.9192,5.9499000000000004,52.799700000000001),(1334.9392,-3.0796000000000001,47.518500000000003),(1338.4628,-10.9939,40.411200000000001),(1341.3544999999999,-17.489100000000001,31.750800000000002),(1343.5032000000001,-22.3154,21.8704),(1344.8263999999999,-25.287400000000002,11.1494),(1345.2732000000001,-26.291,0.),(1344.8263999999999,-25.287400000000002,-11.1494),(1343.5032000000001,-22.3154,-21.8704),(1341.3544999999999,-17.489100000000001,-31.750800000000002),(1338.4628,-10.9939,-40.411200000000001),(1334.9392,-3.0796000000000001,-47.518500000000003),(1330.9192,5.9499000000000004,-52.799700000000001),(1326.5572999999999,15.747299999999999,-56.051900000000003),(1322.021,25.936399999999999,-57.149999999999999),(1317.4847,36.125500000000002,-56.051900000000003),(1313.1228000000001,45.922899999999998,-52.799700000000001),(1309.1027999999999,54.952399999999997,-47.518500000000003),(1305.5791999999999,62.866700000000002,-40.411200000000001),(1302.6875,69.361900000000006,-31.750800000000002),(1300.5388,74.188199999999995,-21.8704),(1299.2156,77.160200000000003,-11.1494),(1310.2420999999999,83.636200000000002,0.),(1310.7408,82.657399999999996,11.1494),(1312.2177999999999,79.758700000000005,21.8704),(1314.6162999999999,75.051599999999993,31.750800000000002),(1317.8441,68.716700000000003,40.411200000000001),(1321.7773,60.997700000000002,47.518500000000003),(1326.2645,52.191200000000002,52.799700000000001),(1331.1334999999999,42.6355,56.051900000000003),(1336.1971000000001,32.698,57.149999999999999),(1341.2607,22.7605,56.051900000000003),(1346.1297,13.204800000000001,52.799700000000001),(1350.6169,4.3982999999999999,47.518500000000003),(1354.5500999999999,-3.3207,40.411200000000001),(1357.7779,-9.6555999999999997,31.750800000000002),(1360.1764000000001,-14.3627,21.8704),(1361.6533999999999,-17.261399999999998,11.1494),(1362.1521,-18.240200000000002,0.),(1361.6533999999999,-17.261399999999998,-11.1494),(1360.1764000000001,-14.3627,-21.8704),(1357.7779,-9.6555999999999997,-31.750800000000002),(1354.5500999999999,-3.3207,-40.411200000000001),(1350.6169,4.3982999999999999,-47.518500000000003),(1346.1297,13.204800000000001,-52.799700000000001),(1341.2607,22.7605,-56.051900000000003),(1336.1971000000001,32.698,-57.149999999999999),(1331.1334999999999,42.6355,-56.051900000000003),(1326.2645,52.191200000000002,-52.799700000000001),(1321.7773,60.997700000000002,-47.518500000000003),(1317.8441,68.716700000000003,-40.411200000000001),(1314.6162999999999,75.051599999999993,-31.750800000000002),(1312.2177999999999,79.758700000000005,-21.8704),(1310.7408,82.657399999999996,-11.1494),(1321.4146000000001,89.702399999999997,0.),(1321.9638,88.751000000000005,11.1494),(1323.5905,85.933599999999998,21.8704),(1326.2320999999999,81.358400000000003,31.750800000000002),(1329.7871,75.2012,40.411200000000001),(1334.1188,67.698700000000002,47.518500000000003),(1339.0608,59.139000000000003,52.799700000000001),(1344.4232999999999,49.851300000000002,56.051900000000003),(1350.,40.192399999999999,57.149999999999999),(1355.5767000000001,30.5335,56.051900000000003),(1360.9392,21.245799999999999,52.799700000000001),(1365.8812,12.6861,47.518500000000003),(1370.2129,5.1836000000000002,40.411200000000001),(1373.7679000000001,-0.97360000000000002,31.750800000000002),(1376.4095,-5.5488,21.8704),(1378.0362,-8.3661999999999992,11.1494),(1378.5853999999999,-9.3176000000000005,0.),(1378.0362,-8.3661999999999992,-11.1494),(1376.4095,-5.5488,-21.8704),(1373.7679000000001,-0.97360000000000002,-31.750800000000002),(1370.2129,5.1836000000000002,-40.411200000000001),(1365.8812,12.6861,-47.518500000000003),(1360.9392,21.245799999999999,-52.799700000000001),(1355.5767000000001,30.5335,-56.051900000000003),(1350.,40.192399999999999,-57.149999999999999),(1344.4232999999999,49.851300000000002,-56.051900000000003),(1339.0608,59.139000000000003,-52.799700000000001),(1334.1188,67.698700000000002,-47.518500000000003),(1329.7871,75.2012,-40.411200000000001),(1326.2320999999999,81.358400000000003,-31.750800000000002),(1323.5905,85.933599999999998,-21.8704),(1321.9638,88.751000000000005,-11.1494),(1332.2572,96.346800000000002,0.),(1332.8554999999999,95.4255,11.1494),(1334.6271999999999,92.696899999999999,21.8704),(1337.5043000000001,88.266099999999994,31.750800000000002),(1341.3762999999999,82.303100000000001,40.411200000000001),(1346.0943,75.037300000000002,47.518500000000003),(1351.4771000000001,66.747699999999995,52.799700000000001),(1357.3177000000001,57.753,56.051900000000003),(1363.3916999999999,48.398800000000001,57.149999999999999),(1369.4657,39.044600000000003,56.051900000000003),(1375.3063,30.049900000000001,52.799700000000001),(1380.6891000000001,21.760300000000001,47.518500000000003),(1385.4070999999999,14.4945,40.411200000000001),(1389.2791,8.5314999999999994,31.750800000000002),(1392.1561999999999,4.1006999999999998,21.8704),(1393.9278999999999,1.3721000000000001,11.1494),(1394.5262,0.45079999999999998,0.),(1393.9278999999999,1.3721000000000001,-11.1494),(1392.1561999999999,4.1006999999999998,-21.8704),(1389.2791,8.5314999999999994,-31.750800000000002),(1385.4070999999999,14.4945,-40.411200000000001),(1380.6891000000001,21.760300000000001,-47.518500000000003),(1375.3063,30.049900000000001,-52.799700000000001),(1369.4657,39.044600000000003,-56.051900000000003),(1363.3916999999999,48.398800000000001,-57.149999999999999),(1357.3177000000001,57.753,-56.051900000000003),(1351.4771000000001,66.747699999999995,-52.799700000000001),(1346.0943,75.037300000000002,-47.518500000000003),(1341.3762999999999,82.303100000000001,-40.411200000000001),(1337.5043000000001,88.266099999999994,-31.750800000000002),(1334.6271999999999,92.696899999999999,-21.8704),(1332.8554999999999,95.4255,-11.1494),(1342.7311,103.5453,0.),(1343.3768,102.6566,11.1494),(1345.2891,100.0247,21.8704),(1348.3945000000001,95.750699999999995,31.750800000000002),(1352.5736999999999,89.998900000000006,40.411200000000001),(1357.6659999999999,82.990300000000005,47.518500000000003),(1363.4757,74.994200000000006,52.799700000000001),(1369.7797,66.317899999999995,56.051900000000003),(1376.3356000000001,57.294899999999998,57.149999999999999),(1382.8915,48.271900000000002,56.051900000000003),(1389.1955,39.595599999999997,52.799700000000001),(1395.0052000000001,31.599499999999999,47.518500000000003),(1400.0975000000001,24.590900000000001,40.411200000000001),(1404.2766999999999,18.839099999999998,31.750800000000002),(1407.3821,14.565099999999999,21.8704),(1409.2944,11.933199999999999,11.1494),(1409.9401,11.044499999999999,0.),(1409.2944,11.933199999999999,-11.1494),(1407.3821,14.565099999999999,-21.8704),(1404.2766999999999,18.839099999999998,-31.750800000000002),(1400.0975000000001,24.590900000000001,-40.411200000000001),(1395.0052000000001,31.599499999999999,-47.518500000000003),(1389.1955,39.595599999999997,-52.799700000000001),(1382.8915,48.271900000000002,-56.051900000000003),(1376.3356000000001,57.294899999999998,-57.149999999999999),(1369.7797,66.317899999999995,-56.051900000000003),(1363.4757,74.994200000000006,-52.799700000000001),(1357.6659999999999,82.990300000000005,-47.518500000000003),(1352.5736999999999,89.998900000000006,-40.411200000000001),(1348.3945000000001,95.750699999999995,-31.750800000000002),(1345.2891,100.0247,-21.8704),(1343.3768,102.6566,-11.1494),(1352.8175000000001,111.2848,0.),(1353.5088000000001,110.4312,11.1494),(1355.5562,107.9029,21.8704),(1358.8810000000001,103.79730000000001,31.750800000000002),(1363.3553999999999,98.272000000000006,40.411200000000001),(1368.8074999999999,91.539400000000001,47.518500000000003),(1375.0277000000001,83.8583,52.799700000000001),(1381.777,75.523799999999994,56.051900000000003),(1388.7961,66.856200000000001,57.149999999999999),(1395.8152,58.188600000000001,56.051900000000003),(1402.5645,49.854100000000003,52.799700000000001),(1408.7846999999999,42.173000000000002,47.518500000000003),(1414.2367999999999,35.440399999999997,40.411200000000001),(1418.7112,29.915099999999999,31.750800000000002),(1422.0360000000001,25.8095,21.8704),(1424.0834,23.281199999999998,11.1494),(1424.7746999999999,22.427600000000002,0.),(1424.0834,23.281199999999998,-11.1494),(1422.0360000000001,25.8095,-21.8704),(1418.7112,29.915099999999999,-31.750800000000002),(1414.2367999999999,35.440399999999997,-40.411200000000001),(1408.7846999999999,42.173000000000002,-47.518500000000003),(1402.5645,49.854100000000003,-52.799700000000001),(1395.8152,58.188600000000001,-56.051900000000003),(1388.7961,66.856200000000001,-57.149999999999999),(1381.777,75.523799999999994,-56.051900000000003),(1375.0277000000001,83.8583,-52.799700000000001),(1368.8074999999999,91.539400000000001,-47.518500000000003),(1363.3553999999999,98.272000000000006,-40.411200000000001),(1358.8810000000001,103.79730000000001,-31.750800000000002),(1355.5562,107.9029,-21.8704),(1353.5088000000001,110.4312,-11.1494),(1362.4849999999999,119.5416,0.),(1363.22,118.7253,11.1494),(1365.3969,116.30759999999999,21.8704),(1368.932,112.38160000000001,31.750800000000002),(1373.6894,107.098,40.411200000000001),(1379.4863,100.66,47.518500000000003),(1386.0998999999999,93.314899999999994,52.799700000000001),(1393.2762,85.344999999999999,56.051900000000003),(1400.7392,77.056600000000003,57.149999999999999),(1408.2021999999999,68.768199999999993,56.051900000000003),(1415.3785,60.798299999999998,52.799700000000001),(1421.9920999999999,53.453200000000002,47.518500000000003),(1427.789,47.0152,40.411200000000001),(1432.5463999999999,41.7316,31.750800000000002),(1436.0815,37.805599999999998,21.8704),(1438.2583999999999,35.387900000000002,11.1494),(1438.9934000000001,34.571599999999997,0.),(1438.2583999999999,35.387900000000002,-11.1494),(1436.0815,37.805599999999998,-21.8704),(1432.5463999999999,41.7316,-31.750800000000002),(1427.789,47.0152,-40.411200000000001),(1421.9920999999999,53.453200000000002,-47.518500000000003),(1415.3785,60.798299999999998,-52.799700000000001),(1408.2021999999999,68.768199999999993,-56.051900000000003),(1400.7392,77.056600000000003,-57.149999999999999),(1393.2762,85.344999999999999,-56.051900000000003),(1386.0998999999999,93.314899999999994,-52.799700000000001),(1379.4863,100.66,-47.518500000000003),(1373.6894,107.098,-40.411200000000001),(1368.932,112.38160000000001,-31.750800000000002),(1365.3969,116.30759999999999,-21.8704),(1363.22,118.7253,-11.1494),(1371.7070000000001,128.29300000000001,0.),(1372.4837,127.5163,11.1494),(1374.7842000000001,125.2158,21.8704),(1378.5198,121.4802,31.750800000000002),(1383.5472,116.4528,40.411200000000001),(1389.6731,110.32689999999999,47.518500000000003),(1396.662,103.33799999999999,52.799700000000001),(1404.2455,95.754499999999993,56.051900000000003),(1412.1320000000001,87.867999999999995,57.149999999999999),(1420.0184999999999,79.981499999999997,56.051900000000003),(1427.6020000000001,72.397999999999996,52.799700000000001),(1434.5908999999999,65.409099999999995,47.518500000000003),(1440.7167999999999,59.283200000000001,40.411200000000001),(1445.7442000000001,54.255800000000001,31.750800000000002),(1449.4798000000001,50.520200000000003,21.8704),(1451.7802999999999,48.219700000000003,11.1494),(1452.557,47.442999999999998,0.),(1451.7802999999999,48.219700000000003,-11.1494),(1449.4798000000001,50.520200000000003,-21.8704),(1445.7442000000001,54.255800000000001,-31.750800000000002),(1440.7167999999999,59.283200000000001,-40.411200000000001),(1434.5908999999999,65.409099999999995,-47.518500000000003),(1427.6020000000001,72.397999999999996,-52.799700000000001),(1420.0184999999999,79.981499999999997,-56.051900000000003),(1412.1320000000001,87.867999999999995,-57.149999999999999),(1404.2455,95.754499999999993,-56.051900000000003),(1396.662,103.33799999999999,-52.799700000000001),(1389.6731,110.32689999999999,-47.518500000000003),(1383.5472,116.4528,-40.411200000000001),(1378.5198,121.4802,-31.750800000000002),(1374.7842000000001,125.2158,-21.8704),(1372.4837,127.5163,-11.1494),(1380.4584,137.51499999999999,0.),(1381.2746999999999,136.78,11.1494),(1383.6923999999999,134.60310000000001,21.8704),(1387.6184000000001,131.06800000000001,31.750800000000002),(1392.902,126.31059999999999,40.411200000000001),(1399.3399999999999,120.5137,47.518500000000003),(1406.6850999999999,113.90009999999999,52.799700000000001),(1414.655,106.7238,56.051900000000003),(1422.9434000000001,99.260800000000003,57.149999999999999),(1431.2318,91.797799999999995,56.051900000000003),(1439.2017000000001,84.621499999999997,52.799700000000001),(1446.5468000000001,78.007900000000006,47.518500000000003),(1452.9848,72.210999999999999,40.411200000000001),(1458.2683999999999,67.453599999999994,31.750800000000002),(1462.1944000000001,63.918500000000002,21.8704),(1464.6121000000001,61.741599999999998,11.1494),(1465.4284,61.006599999999999,0.),(1464.6121000000001,61.741599999999998,-11.1494),(1462.1944000000001,63.918500000000002,-21.8704),(1458.2683999999999,67.453599999999994,-31.750800000000002),(1452.9848,72.210999999999999,-40.411200000000001),(1446.5468000000001,78.007900000000006,-47.518500000000003),(1439.2017000000001,84.621499999999997,-52.799700000000001),(1431.2318,91.797799999999995,-56.051900000000003),(1422.9434000000001,99.260800000000003,-57.149999999999999),(1414.655,106.7238,-56.051900000000003),(1406.6850999999999,113.90009999999999,-52.799700000000001),(1399.3399999999999,120.5137,-47.518500000000003),(1392.902,126.31059999999999,-40.411200000000001),(1387.6184000000001,131.06800000000001,-31.750800000000002),(1383.6923999999999,134.60310000000001,-21.8704),(1381.2746999999999,136.78,-11.1494),(1388.7152000000001,147.1825,0.),(1389.5688,146.49119999999999,11.1494),(1392.0971,144.44380000000001,21.8704),(1396.2027,141.119,31.750800000000002),(1401.7280000000001,136.6446,40.411200000000001),(1408.4606000000001,131.1925,47.518500000000003),(1416.1416999999999,124.9723,52.799700000000001),(1424.4762000000001,118.223,56.051900000000003),(1433.1438000000001,111.2039,57.149999999999999),(1441.8114,104.1848,56.051900000000003),(1450.1459,97.435500000000005,52.799700000000001),(1457.827,91.215299999999999,47.518500000000003),(1464.5596,85.763199999999998,40.411200000000001),(1470.0849000000001,81.288799999999995,31.750800000000002),(1474.1904999999999,77.963999999999999,21.8704),(1476.7188000000001,75.916600000000003,11.1494),(1477.5724,75.225300000000004,0.),(1476.7188000000001,75.916600000000003,-11.1494),(1474.1904999999999,77.963999999999999,-21.8704),(1470.0849000000001,81.288799999999995,-31.750800000000002),(1464.5596,85.763199999999998,-40.411200000000001),(1457.827,91.215299999999999,-47.518500000000003),(1450.1459,97.435500000000005,-52.799700000000001),(1441.8114,104.1848,-56.051900000000003),(1433.1438000000001,111.2039,-57.149999999999999),(1424.4762000000001,118.223,-56.051900000000003),(1416.1416999999999,124.9723,-52.799700000000001),(1408.4606000000001,131.1925,-47.518500000000003),(1401.7280000000001,136.6446,-40.411200000000001),(1396.2027,141.119,-31.750800000000002),(1392.0971,144.44380000000001,-21.8704),(1389.5688,146.49119999999999,-11.1494),(1396.4547,157.2689,0.),(1397.3434,156.6232,11.1494),(1399.9753000000001,154.71090000000001,21.8704),(1404.2492999999999,151.60550000000001,31.750800000000002),(1410.0011,147.4263,40.411200000000001),(1417.0097000000001,142.334,47.518500000000003),(1425.0057999999999,136.52430000000001,52.799700000000001),(1433.6821,130.22030000000001,56.051900000000003),(1442.7050999999999,123.6644,57.149999999999999),(1451.7281,117.10850000000001,56.051900000000003),(1460.4043999999999,110.8045,52.799700000000001),(1468.4005,104.9948,47.518500000000003),(1475.4091000000001,99.902500000000003,40.411200000000001),(1481.1609000000001,95.723299999999995,31.750800000000002),(1485.4349,92.617900000000006,21.8704),(1488.0668000000001,90.705600000000004,11.1494),(1488.9555,90.059899999999999,0.),(1488.0668000000001,90.705600000000004,-11.1494),(1485.4349,92.617900000000006,-21.8704),(1481.1609000000001,95.723299999999995,-31.750800000000002),(1475.4091000000001,99.902500000000003,-40.411200000000001),(1468.4005,104.9948,-47.518500000000003),(1460.4043999999999,110.8045,-52.799700000000001),(1451.7281,117.10850000000001,-56.051900000000003),(1442.7050999999999,123.6644,-57.149999999999999),(1433.6821,130.22030000000001,-56.051900000000003),(1425.0057999999999,136.52430000000001,-52.799700000000001),(1417.0097000000001,142.334,-47.518500000000003),(1410.0011,147.4263,-40.411200000000001),(1404.2492999999999,151.60550000000001,-31.750800000000002),(1399.9753000000001,154.71090000000001,-21.8704),(1397.3434,156.6232,-11.1494),(1403.6532,167.74279999999999,0.),(1404.5744999999999,167.14449999999999,11.1494),(1407.3031000000001,165.37280000000001,21.8704),(1411.7338999999999,162.4957,31.750800000000002),(1417.6968999999999,158.62370000000001,40.411200000000001),(1424.9627,153.9057,47.518500000000003),(1433.2523000000001,148.52289999999999,52.799700000000001),(1442.2470000000001,142.6823,56.051900000000003),(1451.6012000000001,136.60830000000001,57.149999999999999),(1460.9554000000001,130.5343,56.051900000000003),(1469.9501,124.69370000000001,52.799700000000001),(1478.2397000000001,119.3109,47.518500000000003),(1485.5055,114.5929,40.411200000000001),(1491.4684999999999,110.7209,31.750800000000002),(1495.8993,107.8438,21.8704),(1498.6279,106.07210000000001,11.1494),(1499.5491999999999,105.4738,0.),(1498.6279,106.07210000000001,-11.1494),(1495.8993,107.8438,-21.8704),(1491.4684999999999,110.7209,-31.750800000000002),(1485.5055,114.5929,-40.411200000000001),(1478.2397000000001,119.3109,-47.518500000000003),(1469.9501,124.69370000000001,-52.799700000000001),(1460.9554000000001,130.5343,-56.051900000000003),(1451.6012000000001,136.60830000000001,-57.149999999999999),(1442.2470000000001,142.6823,-56.051900000000003),(1433.2523000000001,148.52289999999999,-52.799700000000001),(1424.9627,153.9057,-47.518500000000003),(1417.6968999999999,158.62370000000001,-40.411200000000001),(1411.7338999999999,162.4957,-31.750800000000002),(1407.3031000000001,165.37280000000001,-21.8704),(1404.5744999999999,167.14449999999999,-11.1494),(1410.2976000000001,178.58539999999999,0.),(1411.249,178.03620000000001,11.1494),(1414.0663999999999,176.40950000000001,21.8704),(1418.6415999999999,173.7679,31.750800000000002),(1424.7988,170.21289999999999,40.411200000000001),(1432.3013000000001,165.88120000000001,47.518500000000003),(1440.8610000000001,160.9392,52.799700000000001),(1450.1487,155.57669999999999,56.051900000000003),(1459.8076000000001,150.,57.149999999999999),(1469.4665,144.42330000000001,56.051900000000003),(1478.7542000000001,139.0608,52.799700000000001),(1487.3139000000001,134.11879999999999,47.518500000000003),(1494.8163999999999,129.78710000000001,40.411200000000001),(1500.9736,126.2321,31.750800000000002),(1505.5488,123.59050000000001,21.8704),(1508.3661999999999,121.96380000000001,11.1494),(1509.3176000000001,121.41459999999999,0.),(1508.3661999999999,121.96380000000001,-11.1494),(1505.5488,123.59050000000001,-21.8704),(1500.9736,126.2321,-31.750800000000002),(1494.8163999999999,129.78710000000001,-40.411200000000001),(1487.3139000000001,134.11879999999999,-47.518500000000003),(1478.7542000000001,139.0608,-52.799700000000001),(1469.4665,144.42330000000001,-56.051900000000003),(1459.8076000000001,150.,-57.149999999999999),(1450.1487,155.57669999999999,-56.051900000000003),(1440.8610000000001,160.9392,-52.799700000000001),(1432.3013000000001,165.88120000000001,-47.518500000000003),(1424.7988,170.21289999999999,-40.411200000000001),(1418.6415999999999,173.7679,-31.750800000000002),(1414.0663999999999,176.40950000000001,-21.8704),(1411.249,178.03620000000001,-11.1494),(1416.3638000000001,189.75790000000001,0.),(1417.3425999999999,189.25919999999999,11.1494),(1420.2412999999999,187.78219999999999,21.8704),(1424.9484,185.3837,31.750800000000002),(1431.2833000000001,182.1559,40.411200000000001),(1439.0023000000001,178.2227,47.518500000000003),(1447.8088,173.7355,52.799700000000001),(1457.3644999999999,168.8665,56.051900000000003),(1467.3019999999999,163.80289999999999,57.149999999999999),(1477.2394999999999,158.73929999999999,56.051900000000003),(1486.7952,153.87029999999999,52.799700000000001),(1495.6016999999999,149.38310000000001,47.518500000000003),(1503.3207,145.44990000000001,40.411200000000001),(1509.6556,142.22210000000001,31.750800000000002),(1514.3626999999999,139.8236,21.8704),(1517.2614000000001,138.3466,11.1494),(1518.2402,137.84790000000001,0.),(1517.2614000000001,138.3466,-11.1494),(1514.3626999999999,139.8236,-21.8704),(1509.6556,142.22210000000001,-31.750800000000002),(1503.3207,145.44990000000001,-40.411200000000001),(1495.6016999999999,149.38310000000001,-47.518500000000003),(1486.7952,153.87029999999999,-52.799700000000001),(1477.2394999999999,158.73929999999999,-56.051900000000003),(1467.3019999999999,163.80289999999999,-57.149999999999999),(1457.3644999999999,168.8665,-56.051900000000003),(1447.8088,173.7355,-52.799700000000001),(1439.0023000000001,178.2227,-47.518500000000003),(1431.2833000000001,182.1559,-40.411200000000001),(1424.9484,185.3837,-31.750800000000002),(1420.2412999999999,187.78219999999999,-21.8704),(1417.3425999999999,189.25919999999999,-11.1494),(1421.8362,201.2312,0.),(1422.8398,200.78440000000001,11.1494),(1425.8117999999999,199.46119999999999,21.8704),(1430.6380999999999,197.3125,31.750800000000002),(1437.1333,194.42080000000001,40.411200000000001),(1445.0476000000001,190.8972,47.518500000000003),(1454.0771,186.87719999999999,52.799700000000001),(1463.8744999999999,182.5153,56.051900000000003),(1474.0636,177.97900000000001,57.149999999999999),(1484.2527,173.4427,56.051900000000003),(1494.0500999999999,169.08080000000001,52.799700000000001),(1503.0796,165.0608,47.518500000000003),(1510.9938999999999,161.53720000000001,40.411200000000001),(1517.4891,158.6455,31.750800000000002),(1522.3154,156.49680000000001,21.8704),(1525.2873999999999,155.17359999999999,11.1494),(1526.2909999999999,154.7268,0.),(1525.2873999999999,155.17359999999999,-11.1494),(1522.3154,156.49680000000001,-21.8704),(1517.4891,158.6455,-31.750800000000002),(1510.9938999999999,161.53720000000001,-40.411200000000001),(1503.0796,165.0608,-47.518500000000003),(1494.0500999999999,169.08080000000001,-52.799700000000001),(1484.2527,173.4427,-56.051900000000003),(1474.0636,177.97900000000001,-57.149999999999999),(1463.8744999999999,182.5153,-56.051900000000003),(1454.0771,186.87719999999999,-52.799700000000001),(1445.0476000000001,190.8972,-47.518500000000003),(1437.1333,194.42080000000001,-40.411200000000001),(1430.6380999999999,197.3125,-31.750800000000002),(1425.8117999999999,199.46119999999999,-21.8704),(1422.8398,200.78440000000001,-11.1494),(1426.7021999999999,212.9786,0.),(1427.7276999999999,212.5849,11.1494),(1430.7648999999999,211.41890000000001,21.8704),(1435.6969999999999,209.5256,31.750800000000002),(1442.3344,206.97749999999999,40.411200000000001),(1450.4222,203.87270000000001,47.518500000000003),(1459.6495,200.3304,52.799700000000001),(1469.6618000000001,196.48679999999999,56.051900000000003),(1480.0741,192.4896,57.149999999999999),(1490.4864,188.4924,56.051900000000003),(1500.4987000000001,184.64879999999999,52.799700000000001),(1509.7260000000001,181.10650000000001,47.518500000000003),(1517.8137999999999,178.0017,40.411200000000001),(1524.4512,175.45359999999999,31.750800000000002),(1529.3833,173.56030000000001,21.8704),(1532.4204999999999,172.39429999999999,11.1494),(1533.4459999999999,172.00059999999999,0.),(1532.4204999999999,172.39429999999999,-11.1494),(1529.3833,173.56030000000001,-21.8704),(1524.4512,175.45359999999999,-31.750800000000002),(1517.8137999999999,178.0017,-40.411200000000001),(1509.7260000000001,181.10650000000001,-47.518500000000003),(1500.4987000000001,184.64879999999999,-52.799700000000001),(1490.4864,188.4924,-56.051900000000003),(1480.0741,192.4896,-57.149999999999999),(1469.6618000000001,196.48679999999999,-56.051900000000003),(1459.6495,200.3304,-52.799700000000001),(1450.4222,203.87270000000001,-47.518500000000003),(1442.3344,206.97749999999999,-40.411200000000001),(1435.6969999999999,209.5256,-31.750800000000002),(1430.7648999999999,211.41890000000001,-21.8704),(1427.7276999999999,212.5849,-11.1494),(1430.9449999999999,224.9597,0.),(1431.9897000000001,224.62020000000001,11.1494),(1435.0838000000001,223.61500000000001,21.8704),(1440.1083000000001,221.98259999999999,31.750800000000002),(1446.8702000000001,219.78579999999999,40.411200000000001),(1455.1095,217.10890000000001,47.518500000000003),(1464.5097000000001,214.0549,52.799700000000001),(1474.7094999999999,210.74109999999999,56.051900000000003),(1485.317,207.29490000000001,57.149999999999999),(1495.9245000000001,203.84870000000001,56.051900000000003),(1506.1242999999999,200.53489999999999,52.799700000000001),(1515.5245,197.48089999999999,47.518500000000003),(1523.7637999999999,194.804,40.411200000000001),(1530.5256999999999,192.60720000000001,31.750800000000002),(1535.5501999999999,190.97479999999999,21.8704),(1538.6442999999999,189.96960000000001,11.1494),(1539.6890000000001,189.6301,0.),(1538.6442999999999,189.96960000000001,-11.1494),(1535.5501999999999,190.97479999999999,-21.8704),(1530.5256999999999,192.60720000000001,-31.750800000000002),(1523.7637999999999,194.804,-40.411200000000001),(1515.5245,197.48089999999999,-47.518500000000003),(1506.1242999999999,200.53489999999999,-52.799700000000001),(1495.9245000000001,203.84870000000001,-56.051900000000003),(1485.317,207.29490000000001,-57.149999999999999),(1474.7094999999999,210.74109999999999,-56.051900000000003),(1464.5097000000001,214.0549,-52.799700000000001),(1455.1095,217.10890000000001,-47.518500000000003),(1446.8702000000001,219.78579999999999,-40.411200000000001),(1440.1083000000001,221.98259999999999,-31.750800000000002),(1435.0838000000001,223.61500000000001,-21.8704),(1431.9897000000001,224.62020000000001,-11.1494),(1434.5559000000001,237.15020000000001,0.),(1435.617,236.86590000000001,11.1494),(1438.7593999999999,236.024,21.8704),(1443.8625,234.6567,31.750800000000002),(1450.73,232.81659999999999,40.411200000000001),(1459.0980999999999,230.5745,47.518500000000003),(1468.6451999999999,228.01650000000001,52.799700000000001),(1479.0045,225.24080000000001,56.051900000000003),(1489.7777000000001,222.35429999999999,57.149999999999999),(1500.5509,219.46780000000001,56.051900000000003),(1510.9102,216.69210000000001,52.799700000000001),(1520.4573,214.13409999999999,47.518500000000003),(1528.8253999999999,211.892,40.411200000000001),(1535.6929,210.05189999999999,31.750800000000002),(1540.796,208.68459999999999,21.8704),(1543.9384,207.84270000000001,11.1494),(1544.9994999999999,207.55840000000001,0.),(1543.9384,207.84270000000001,-11.1494),(1540.796,208.68459999999999,-21.8704),(1535.6929,210.05189999999999,-31.750800000000002),(1528.8253999999999,211.892,-40.411200000000001),(1520.4573,214.13409999999999,-47.518500000000003),(1510.9102,216.69210000000001,-52.799700000000001),(1500.5509,219.46780000000001,-56.051900000000003),(1489.7777000000001,222.35429999999999,-57.149999999999999),(1479.0045,225.24080000000001,-56.051900000000003),(1468.6451999999999,228.01650000000001,-52.799700000000001),(1459.0980999999999,230.5745,-47.518500000000003),(1450.73,232.81659999999999,-40.411200000000001),(1443.8625,234.6567,-31.750800000000002),(1438.7593999999999,236.024,-21.8704),(1435.617,236.86590000000001,-11.1494),(1437.5239999999999,249.51259999999999,0.),(1438.5985000000001,249.2843,11.1494),(1441.7807,248.6079,21.8704),(1446.9483,247.5095,31.750800000000002),(1453.9027000000001,246.03129999999999,40.411200000000001),(1462.3766000000001,244.23009999999999,47.518500000000003),(1472.0445,242.17509999999999,52.799700000000001),(1482.5347999999999,239.94540000000001,56.051900000000003),(1493.4443000000001,237.62649999999999,57.149999999999999),(1504.3538000000001,235.30760000000001,56.051900000000003),(1514.8441,233.0779,52.799700000000001),(1524.5119999999999,231.02289999999999,47.518500000000003),(1532.9858999999999,229.2217,40.411200000000001),(1539.9403,227.74350000000001,31.750800000000002),(1545.1079,226.64510000000001,21.8704),(1548.2900999999999,225.96870000000001,11.1494),(1549.3646000000001,225.74039999999999,0.),(1548.2900999999999,225.96870000000001,-11.1494),(1545.1079,226.64510000000001,-21.8704),(1539.9403,227.74350000000001,-31.750800000000002),(1532.9858999999999,229.2217,-40.411200000000001),(1524.5119999999999,231.02289999999999,-47.518500000000003),(1514.8441,233.0779,-52.799700000000001),(1504.3538000000001,235.30760000000001,-56.051900000000003),(1493.4443000000001,237.62649999999999,-57.149999999999999),(1482.5347999999999,239.94540000000001,-56.051900000000003),(1472.0445,242.17509999999999,-52.799700000000001),(1462.3766000000001,244.23009999999999,-47.518500000000003),(1453.9027000000001,246.03129999999999,-40.411200000000001),(1446.9483,247.5095,-31.750800000000002),(1441.7807,248.6079,-21.8704),(1438.5985000000001,249.2843,-11.1494),(1439.8404,262.01100000000002,0.),(1440.9254000000001,261.83920000000001,11.1494),(1444.1387,261.3304,21.8704),(1449.3567,260.50409999999999,31.750800000000002),(1456.3789999999999,259.39210000000003,40.411200000000001),(1464.9356,258.03719999999998,47.518500000000003),(1474.6978999999999,256.4914,52.799700000000001),(1485.2905000000001,254.8141,56.051900000000003),(1496.3064999999999,253.06970000000001,57.149999999999999),(1507.3225,251.3253,56.051900000000003),(1517.9150999999999,249.648,52.799700000000001),(1527.6774,248.10220000000001,47.518500000000003),(1536.2339999999999,246.7473,40.411200000000001),(1543.2563,245.6353,31.750800000000002),(1548.4743000000001,244.809,21.8704),(1551.6876,244.30019999999999,11.1494),(1552.7726,244.1284,0.),(1551.6876,244.30019999999999,-11.1494),(1548.4743000000001,244.809,-21.8704),(1543.2563,245.6353,-31.750800000000002),(1536.2339999999999,246.7473,-40.411200000000001),(1527.6774,248.10220000000001,-47.518500000000003),(1517.9150999999999,249.648,-52.799700000000001),(1507.3225,251.3253,-56.051900000000003),(1496.3064999999999,253.06970000000001,-57.149999999999999),(1485.2905000000001,254.8141,-56.051900000000003),(1474.6978999999999,256.4914,-52.799700000000001),(1464.9356,258.03719999999998,-47.518500000000003),(1456.3789999999999,259.39210000000003,-40.411200000000001),(1449.3567,260.50409999999999,-31.750800000000002),(1444.1387,261.3304,-21.8704),(1440.9254000000001,261.83920000000001,-11.1494),(1441.5,274.61590000000001,0.),(1442.5925,274.50110000000001,11.1494),(1445.828,274.16109999999998,21.8704),(1451.0821000000001,273.60899999999998,31.750800000000002),(1458.1529,272.86599999999999,40.411200000000001),(1466.7688000000001,271.96069999999997,47.518500000000003),(1476.5985000000001,270.92779999999999,52.799700000000001),(1487.2644,269.80700000000002,56.051900000000003),(1498.3566000000001,268.64150000000001,57.149999999999999),(1509.4487999999999,267.476,56.051900000000003),(1520.1147000000001,266.35520000000002,52.799700000000001),(1529.9444000000001,265.32229999999998,47.518500000000003),(1538.5603000000001,264.41699999999997,40.411200000000001),(1545.6311000000001,263.67399999999998,31.750800000000002),(1550.8851999999999,263.12189999999998,21.8704),(1554.1206999999999,262.78190000000001,11.1494),(1555.2131999999999,262.6671,0.),(1554.1206999999999,262.78190000000001,-11.1494),(1550.8851999999999,263.12189999999998,-21.8704),(1545.6311000000001,263.67399999999998,-31.750800000000002),(1538.5603000000001,264.41699999999997,-40.411200000000001),(1529.9444000000001,265.32229999999998,-47.518500000000003),(1520.1147000000001,266.35520000000002,-52.799700000000001),(1509.4487999999999,267.476,-56.051900000000003),(1498.3566000000001,268.64150000000001,-57.149999999999999),(1487.2644,269.80700000000002,-56.051900000000003),(1476.5985000000001,270.92779999999999,-52.799700000000001),(1466.7688000000001,271.96069999999997,-47.518500000000003),(1458.1529,272.86599999999999,-40.411200000000001),(1451.0821000000001,273.60899999999998,-31.750800000000002),(1445.828,274.16109999999998,-21.8704),(1442.5925,274.50110000000001,-11.1494),(1442.4975999999999,287.28930000000003,0.),(1443.5944999999999,287.23180000000002,11.1494),(1446.8434,287.06169999999997,21.8704),(1452.1192000000001,286.78530000000001,31.750800000000002),(1459.2192,286.4135,40.411200000000001),(1467.8706,285.96039999999999,47.518500000000003),(1477.741,285.4434,52.799700000000001),(1488.4509,284.88249999999999,56.051900000000003),(1499.5889,284.29919999999998,57.149999999999999),(1510.7268999999999,283.71589999999998,56.051900000000003),(1521.4367999999999,283.15499999999997,52.799700000000001),(1531.3072,282.63799999999998,47.518500000000003),(1539.9585999999999,282.18490000000003,40.411200000000001),(1547.0586000000001,281.81310000000002,31.750800000000002),(1552.3344,281.5367,21.8704),(1555.5833,281.36660000000001,11.1494),(1556.6802,281.3091,0.),(1555.5833,281.36660000000001,-11.1494),(1552.3344,281.5367,-21.8704),(1547.0586000000001,281.81310000000002,-31.750800000000002),(1539.9585999999999,282.18490000000003,-40.411200000000001),(1531.3072,282.63799999999998,-47.518500000000003),(1521.4367999999999,283.15499999999997,-52.799700000000001),(1510.7268999999999,283.71589999999998,-56.051900000000003),(1499.5889,284.29919999999998,-57.149999999999999),(1488.4509,284.88249999999999,-56.051900000000003),(1477.741,285.4434,-52.799700000000001),(1467.8706,285.96039999999999,-47.518500000000003),(1459.2192,286.4135,-40.411200000000001),(1452.1192000000001,286.78530000000001,-31.750800000000002),(1446.8434,287.06169999999997,-21.8704),(1443.5944999999999,287.23180000000002,-11.1494),(1442.8499999999999,300.74869999999999,0.),(1443.9481000000001,300.73439999999999,11.1494),(1447.2003,300.69170000000003,21.8704),(1452.4815000000001,300.62259999999998,31.750800000000002),(1459.5889,300.52940000000001,40.411200000000001),(1468.2492,300.416,47.518500000000003),(1478.1296,300.28649999999999,52.799700000000001),(1488.8506,300.14609999999999,56.051900000000003),(1500.,300.,57.149999999999999),(1511.1494,299.85390000000001,56.051900000000003),(1521.8704,299.71350000000001,52.799700000000001),(1531.7508,299.584,47.518500000000003),(1540.4111,299.47059999999999,40.411200000000001),(1547.5184999999999,299.37740000000002,31.750800000000002),(1552.7997,299.30829999999997,21.8704),(1556.0518999999999,299.26560000000001,11.1494),(1557.1500000000001,299.25130000000001,0.),(1556.0518999999999,299.26560000000001,-11.1494),(1552.7997,299.30829999999997,-21.8704),(1547.5184999999999,299.37740000000002,-31.750800000000002),(1540.4111,299.47059999999999,-40.411200000000001),(1531.7508,299.584,-47.518500000000003),(1521.8704,299.71350000000001,-52.799700000000001),(1511.1494,299.85390000000001,-56.051900000000003),(1500.,300.,-57.149999999999999),(1488.8506,300.14609999999999,-56.051900000000003),(1478.1296,300.28649999999999,-52.799700000000001),(1468.2492,300.416,-47.518500000000003),(1459.5889,300.52940000000001,-40.411200000000001),(1452.4815000000001,300.62259999999998,-31.750800000000002),(1447.2003,300.69170000000003,-21.8704),(1443.9481000000001,300.73439999999999,-11.1494),(1442.8499999999999,2700.7716,0.),(1443.9481000000001,2700.7568000000001,11.1494),(1447.2003,2700.7129,21.8704),(1452.4815000000001,2700.6415999999999,31.750800000000002),(1459.5888,2700.5455999999999,40.411200000000001),(1468.2491,2700.4286999999999,47.518500000000003),(1478.1296,2700.2953000000002,52.799700000000001),(1488.8506,2700.1505000000002,56.051900000000003),(1500.,2700.,57.149999999999999),(1511.1494,2699.8494999999998,56.051900000000003),(1521.8704,2699.7046999999998,52.799700000000001),(1531.7509,2699.5713000000001,47.518500000000003),(1540.4112,2699.4544000000001,40.411200000000001),(1547.5184999999999,2699.3584000000001,31.750800000000002),(1552.7997,2699.2871,21.8704),(1556.0518999999999,2699.2431999999999,11.1494),(1557.1500000000001,2699.2284,0.),(1556.0518999999999,2699.2431999999999,-11.1494),(1552.7997,2699.2871,-21.8704),(1547.5184999999999,2699.3584000000001,-31.750800000000002),(1540.4112,2699.4544000000001,-40.411200000000001),(1531.7509,2699.5713000000001,-47.518500000000003),(1521.8704,2699.7046999999998,-52.799700000000001),(1511.1494,2699.8494999999998,-56.051900000000003),(1500.,2700.,-57.149999999999999),(1488.8506,2700.1505000000002,-56.051900000000003),(1478.1296,2700.2953000000002,-52.799700000000001),(1468.2491,2700.4286999999999,-47.518500000000003),(1459.5888,2700.5455999999999,-40.411200000000001),(1452.4815000000001,2700.6415999999999,-31.750800000000002),(1447.2003,2700.7129,-21.8704),(1443.9481000000001,2700.7568000000001,-11.1494),(1443.3527999999999,2719.3348000000001,0.),(1444.4496999999999,2719.2752999999998,11.1494),(1447.6983,2719.0992999999999,21.8704),(1452.9737,2718.8135000000002,31.750800000000002),(1460.0732,2718.4288000000001,40.411200000000001),(1468.7239999999999,2717.9600999999998,47.518500000000003),(1478.5936999999999,2717.4254000000001,52.799700000000001),(1489.3027999999999,2716.8451,56.051900000000003),(1500.4400000000001,2716.2417,57.149999999999999),(1511.5771999999999,2715.6383000000001,56.051900000000003),(1522.2863,2715.058,52.799700000000001),(1532.1559999999999,2714.5232999999998,47.518500000000003),(1540.8068000000001,2714.0545999999999,40.411200000000001),(1547.9063000000001,2713.6698999999999,31.750800000000002),(1553.1817000000001,2713.3841000000002,21.8704),(1556.4303,2713.2080999999998,11.1494),(1557.5272,2713.1486,0.),(1556.4303,2713.2080999999998,-11.1494),(1553.1817000000001,2713.3841000000002,-21.8704),(1547.9063000000001,2713.6698999999999,-31.750800000000002),(1540.8068000000001,2714.0545999999999,-40.411200000000001),(1532.1559999999999,2714.5232999999998,-47.518500000000003),(1522.2863,2715.058,-52.799700000000001),(1511.5771999999999,2715.6383000000001,-56.051900000000003),(1500.4400000000001,2716.2417,-57.149999999999999),(1489.3027999999999,2716.8451,-56.051900000000003),(1478.5936999999999,2717.4254000000001,-52.799700000000001),(1468.7239999999999,2717.9600999999998,-47.518500000000003),(1460.0732,2718.4288000000001,-40.411200000000001),(1452.9737,2718.8135000000002,-31.750800000000002),(1447.6983,2719.0992999999999,-21.8704),(1444.4496999999999,2719.2752999999998,-11.1494),(1444.9227000000001,2738.6161000000002,0.),(1446.0147999999999,2738.4974000000002,11.1494),(1449.2491,2738.1457,21.8704),(1454.5012999999999,2737.5745000000002,31.750800000000002),(1461.5695000000001,2736.8058999999998,40.411200000000001),(1470.1822999999999,2735.8694,47.518500000000003),(1480.0083999999999,2734.8008,52.799700000000001),(1490.6704999999999,2733.6414,56.051900000000003),(1501.7585999999999,2732.4357,57.149999999999999),(1512.8467000000001,2731.23,56.051900000000003),(1523.5088000000001,2730.0706,52.799700000000001),(1533.3349000000001,2729.002,47.518500000000003),(1541.9476999999999,2728.0655000000002,40.411200000000001),(1549.0159000000001,2727.2968999999998,31.750800000000002),(1554.2681,2726.7257,21.8704),(1557.5024000000001,2726.3739999999998,11.1494),(1558.5944999999999,2726.2552999999998,0.),(1557.5024000000001,2726.3739999999998,-11.1494),(1554.2681,2726.7257,-21.8704),(1549.0159000000001,2727.2968999999998,-31.750800000000002),(1541.9476999999999,2728.0655000000002,-40.411200000000001),(1533.3349000000001,2729.002,-47.518500000000003),(1523.5088000000001,2730.0706,-52.799700000000001),(1512.8467000000001,2731.23,-56.051900000000003),(1501.7585999999999,2732.4357,-57.149999999999999),(1490.6704999999999,2733.6414,-56.051900000000003),(1480.0083999999999,2734.8008,-52.799700000000001),(1470.1822999999999,2735.8694,-47.518500000000003),(1461.5695000000001,2736.8058999999998,-40.411200000000001),(1454.5012999999999,2737.5745000000002,-31.750800000000002),(1449.2491,2738.1457,-21.8704),(1446.0147999999999,2738.4974000000002,-11.1494),(1447.5344,2757.7851000000001,0.),(1448.6184000000001,2757.6073000000001,11.1494),(1451.8289,2757.0808999999999,21.8704),(1457.0425,2756.2260999999999,31.750800000000002),(1464.0587,2755.0756999999999,40.411200000000001),(1472.6079999999999,2753.6738999999998,47.518500000000003),(1482.3619000000001,2752.0745999999999,52.799700000000001),(1492.9455,2750.3393000000001,56.051900000000003),(1503.952,2748.5346,57.149999999999999),(1514.9585,2746.7298999999998,56.051900000000003),(1525.5420999999999,2744.9946,52.799700000000001),(1535.296,2743.3953000000001,47.518500000000003),(1543.8453,2741.9935,40.411200000000001),(1550.8615,2740.8431,31.750800000000002),(1556.0751,2739.9883,21.8704),(1559.2855999999999,2739.4618999999998,11.1494),(1560.3696,2739.2840999999999,0.),(1559.2855999999999,2739.4618999999998,-11.1494),(1556.0751,2739.9883,-21.8704),(1550.8615,2740.8431,-31.750800000000002),(1543.8453,2741.9935,-40.411200000000001),(1535.296,2743.3953000000001,-47.518500000000003),(1525.5420999999999,2744.9946,-52.799700000000001),(1514.9585,2746.7298999999998,-56.051900000000003),(1503.952,2748.5346,-57.149999999999999),(1492.9455,2750.3393000000001,-56.051900000000003),(1482.3619000000001,2752.0745999999999,-52.799700000000001),(1472.6079999999999,2753.6738999999998,-47.518500000000003),(1464.0587,2755.0756999999999,-40.411200000000001),(1457.0425,2756.2260999999999,-31.750800000000002),(1451.8289,2757.0808999999999,-21.8704),(1448.6184000000001,2757.6073000000001,-11.1494),(1451.1799000000001,2776.7829999999999,0.),(1452.2527,2776.5468000000001,11.1494),(1455.4300000000001,2775.8474000000001,21.8704),(1460.5896,2774.7114999999999,31.750800000000002),(1467.5332000000001,2773.1828,40.411200000000001),(1475.9940999999999,2771.3200999999999,47.518500000000003),(1485.6470999999999,2769.1950000000002,52.799700000000001),(1496.1211000000001,2766.8890999999999,56.051900000000003),(1507.0137999999999,2764.4911000000002,57.149999999999999),(1517.9065000000001,2762.0931,56.051900000000003),(1528.3805,2759.7872000000002,52.799700000000001),(1538.0335,2757.6621,47.518500000000003),(1546.4944,2755.7993999999999,40.411200000000001),(1553.4380000000001,2754.2707,31.750800000000002),(1558.5976000000001,2753.1347999999998,21.8704),(1561.7748999999999,2752.4353999999998,11.1494),(1562.8477,2752.1992,0.),(1561.7748999999999,2752.4353999999998,-11.1494),(1558.5976000000001,2753.1347999999998,-21.8704),(1553.4380000000001,2754.2707,-31.750800000000002),(1546.4944,2755.7993999999999,-40.411200000000001),(1538.0335,2757.6621,-47.518500000000003),(1528.3805,2759.7872000000002,-52.799700000000001),(1517.9065000000001,2762.0931,-56.051900000000003),(1507.0137999999999,2764.4911000000002,-57.149999999999999),(1496.1211000000001,2766.8890999999999,-56.051900000000003),(1485.6470999999999,2769.1950000000002,-52.799700000000001),(1475.9940999999999,2771.3200999999999,-47.518500000000003),(1467.5332000000001,2773.1828,-40.411200000000001),(1460.5896,2774.7114999999999,-31.750800000000002),(1455.4300000000001,2775.8474000000001,-21.8704),(1452.2527,2776.5468000000001,-11.1494),(1455.8477,2795.5526,0.),(1456.9061999999999,2795.2586999999999,11.1494),(1460.0409999999999,2794.3883999999998,21.8704),(1465.1315999999999,2792.9751000000001,31.750800000000002),(1471.9824000000001,2791.0731000000001,40.411200000000001),(1480.3300999999999,2788.7554,47.518500000000003),(1489.854,2786.1113,52.799700000000001),(1500.1880000000001,2783.2422000000001,56.051900000000003),(1510.9349999999999,2780.2584999999999,57.149999999999999),(1521.682,2777.2748000000001,56.051900000000003),(1532.0160000000001,2774.4056999999998,52.799700000000001),(1541.5399,2771.7615999999998,47.518500000000003),(1549.8876,2769.4439000000002,40.411200000000001),(1556.7384,2767.5419000000002,31.750800000000002),(1561.829,2766.1286,21.8704),(1564.9638,2765.2583,11.1494),(1566.0223000000001,2764.9643999999998,0.),(1564.9638,2765.2583,-11.1494),(1561.829,2766.1286,-21.8704),(1556.7384,2767.5419000000002,-31.750800000000002),(1549.8876,2769.4439000000002,-40.411200000000001),(1541.5399,2771.7615999999998,-47.518500000000003),(1532.0160000000001,2774.4056999999998,-52.799700000000001),(1521.682,2777.2748000000001,-56.051900000000003),(1510.9349999999999,2780.2584999999999,-57.149999999999999),(1500.1880000000001,2783.2422000000001,-56.051900000000003),(1489.854,2786.1113,-52.799700000000001),(1480.3300999999999,2788.7554,-47.518500000000003),(1471.9824000000001,2791.0731000000001,-40.411200000000001),(1465.1315999999999,2792.9751000000001,-31.750800000000002),(1460.0409999999999,2794.3883999999998,-21.8704),(1456.9061999999999,2795.2586999999999,-11.1494),(1461.5255,2814.0444000000002,0.),(1462.5664999999999,2813.6936000000001,11.1494),(1465.6496,2812.6549,21.8704),(1470.6561999999999,2810.9681,31.750800000000002),(1477.394,2808.6979000000001,40.411200000000001),(1485.604,2805.9317999999998,47.518500000000003),(1494.9708000000001,2802.7759999999998,52.799700000000001),(1505.1342999999999,2799.3517000000002,56.051900000000003),(1515.704,2795.7905000000001,57.149999999999999),(1526.2737,2792.2293,56.051900000000003),(1536.4372000000001,2788.8049999999998,52.799700000000001),(1545.8040000000001,2785.6491999999998,47.518500000000003),(1554.0139999999999,2782.8831,40.411200000000001),(1560.7518,2780.6129000000001,31.750800000000002),(1565.7583999999999,2778.9261000000001,21.8704),(1568.8415,2777.8874000000001,11.1494),(1569.8824999999999,2777.5365999999999,0.),(1568.8415,2777.8874000000001,-11.1494),(1565.7583999999999,2778.9261000000001,-21.8704),(1560.7518,2780.6129000000001,-31.750800000000002),(1554.0139999999999,2782.8831,-40.411200000000001),(1545.8040000000001,2785.6491999999998,-47.518500000000003),(1536.4372000000001,2788.8049999999998,-52.799700000000001),(1526.2737,2792.2293,-56.051900000000003),(1515.704,2795.7905000000001,-57.149999999999999),(1505.1342999999999,2799.3517000000002,-56.051900000000003),(1494.9708000000001,2802.7759999999998,-52.799700000000001),(1485.604,2805.9317999999998,-47.518500000000003),(1477.394,2808.6979000000001,-40.411200000000001),(1470.6561999999999,2810.9681,-31.750800000000002),(1465.6496,2812.6549,-21.8704),(1462.5664999999999,2813.6936000000001,-11.1494),(1468.1956,2832.2002000000002,0.),(1469.2161000000001,2831.7937000000002,11.1494),(1472.2384,2830.5895999999998,21.8704),(1477.1465000000001,2828.6343000000002,31.750800000000002),(1483.7515000000001,2826.0029,40.411200000000001),(1491.7999,2822.7966000000001,47.518500000000003),(1500.9820999999999,2819.1385,52.799700000000001),(1510.9455,2815.1693,56.051900000000003),(1521.307,2811.0414000000001,57.149999999999999),(1531.6685,2806.9135000000001,56.051900000000003),(1541.6319000000001,2802.9443000000001,52.799700000000001),(1550.8141000000001,2799.2862,47.518500000000003),(1558.8625,2796.0799000000002,40.411200000000001),(1565.4675,2793.4485,31.750800000000002),(1570.3756000000001,2791.4931999999999,21.8704),(1573.3978999999999,2790.2891,11.1494),(1574.4184,2789.8825999999999,0.),(1573.3978999999999,2790.2891,-11.1494),(1570.3756000000001,2791.4931999999999,-21.8704),(1565.4675,2793.4485,-31.750800000000002),(1558.8625,2796.0799000000002,-40.411200000000001),(1550.8141000000001,2799.2862,-47.518500000000003),(1541.6319000000001,2802.9443000000001,-52.799700000000001),(1531.6685,2806.9135000000001,-56.051900000000003),(1521.307,2811.0414000000001,-57.149999999999999),(1510.9455,2815.1693,-56.051900000000003),(1500.9820999999999,2819.1385,-52.799700000000001),(1491.7999,2822.7966000000001,-47.518500000000003),(1483.7515000000001,2826.0029,-40.411200000000001),(1477.1465000000001,2828.6343000000002,-31.750800000000002),(1472.2384,2830.5895999999998,-21.8704),(1469.2161000000001,2831.7937000000002,-11.1494),(1475.8404,2849.9721,0.),(1476.8373999999999,2849.5109000000002,11.1494),(1479.7900999999999,2848.1448,21.8704),(1484.585,2845.9265,31.750800000000002),(1491.0378000000001,2842.9411,40.411200000000001),(1498.9005,2839.3033999999998,47.518500000000003),(1507.8711000000001,2835.1532000000002,52.799700000000001),(1517.6048000000001,2830.6498999999999,56.051900000000003),(1527.7274,2825.9666999999999,57.149999999999999),(1537.8499999999999,2821.2835,56.051900000000003),(1547.5836999999999,2816.7802000000001,52.799700000000001),(1556.5543,2812.6300000000001,47.518500000000003),(1564.4169999999999,2808.9922999999999,40.411200000000001),(1570.8697999999999,2806.0068999999999,31.750800000000002),(1575.6647,2803.7885999999999,21.8704),(1578.6174000000001,2802.4225000000001,11.1494),(1579.6143999999999,2801.9612999999999,0.),(1578.6174000000001,2802.4225000000001,-11.1494),(1575.6647,2803.7885999999999,-21.8704),(1570.8697999999999,2806.0068999999999,-31.750800000000002),(1564.4169999999999,2808.9922999999999,-40.411200000000001),(1556.5543,2812.6300000000001,-47.518500000000003),(1547.5836999999999,2816.7802000000001,-52.799700000000001),(1537.8499999999999,2821.2835,-56.051900000000003),(1527.7274,2825.9666999999999,-57.149999999999999),(1517.6048000000001,2830.6498999999999,-56.051900000000003),(1507.8711000000001,2835.1532000000002,-52.799700000000001),(1498.9005,2839.3033999999998,-47.518500000000003),(1491.0378000000001,2842.9411,-40.411200000000001),(1484.585,2845.9265,-31.750800000000002),(1479.7900999999999,2848.1448,-21.8704),(1476.8373999999999,2849.5109000000002,-11.1494),(1484.4350999999999,2867.3018000000002,0.),(1485.4057,2866.7872000000002,11.1494),(1488.2800999999999,2865.2633000000001,21.8704),(1492.9477999999999,2862.7887000000001,31.750800000000002),(1499.2294999999999,2859.4582999999998,40.411200000000001),(1506.8838000000001,2855.4002999999998,47.518500000000003),(1515.6166000000001,2850.7705000000001,52.799700000000001),(1525.0921000000001,2845.7469000000001,56.051900000000003),(1534.9464,2840.5225,57.149999999999999),(1544.8007,2835.2981,56.051900000000003),(1554.2762,2830.2745,52.799700000000001),(1563.009,2825.6446999999998,47.518500000000003),(1570.6632999999999,2821.5866999999998,40.411200000000001),(1576.9449999999999,2818.2563,31.750800000000002),(1581.6126999999999,2815.7817,21.8704),(1584.4871000000001,2814.2577999999999,11.1494),(1585.4576999999999,2813.7431999999999,0.),(1584.4871000000001,2814.2577999999999,-11.1494),(1581.6126999999999,2815.7817,-21.8704),(1576.9449999999999,2818.2563,-31.750800000000002),(1570.6632999999999,2821.5866999999998,-40.411200000000001),(1563.009,2825.6446999999998,-47.518500000000003),(1554.2762,2830.2745,-52.799700000000001),(1544.8007,2835.2981,-56.051900000000003),(1534.9464,2840.5225,-57.149999999999999),(1525.0921000000001,2845.7469000000001,-56.051900000000003),(1515.6166000000001,2850.7705000000001,-52.799700000000001),(1506.8838000000001,2855.4002999999998,-47.518500000000003),(1499.2294999999999,2859.4582999999998,-40.411200000000001),(1492.9477999999999,2862.7887000000001,-31.750800000000002),(1488.2800999999999,2865.2633000000001,-21.8704),(1485.4057,2866.7872000000002,-11.1494),(1493.9559999999999,2884.1417999999999,0.),(1494.8972000000001,2883.5754000000002,11.1494),(1497.6849,2881.8980999999999,21.8704),(1502.2117000000001,2879.1741999999999,31.750800000000002),(1508.3039000000001,2875.5086000000001,40.411200000000001),(1515.7272,2871.0419000000002,47.518500000000003),(1524.1963000000001,2865.9459999999999,52.799700000000001),(1533.3859,2860.4166,56.051900000000003),(1542.9428,2854.6662000000001,57.149999999999999),(1552.4997000000001,2848.9158000000002,56.051900000000003),(1561.6893,2843.3863999999999,52.799700000000001),(1570.1584,2838.2905000000001,47.518500000000003),(1577.5817,2833.8238000000001,40.411200000000001),(1583.6739,2830.1581999999999,31.750800000000002),(1588.2007000000001,2827.4342999999999,21.8704),(1590.9884,2825.7570000000001,11.1494),(1591.9295999999999,2825.1905999999999,0.),(1590.9884,2825.7570000000001,-11.1494),(1588.2007000000001,2827.4342999999999,-21.8704),(1583.6739,2830.1581999999999,-31.750800000000002),(1577.5817,2833.8238000000001,-40.411200000000001),(1570.1584,2838.2905000000001,-47.518500000000003),(1561.6893,2843.3863999999999,-52.799700000000001),(1552.4997000000001,2848.9158000000002,-56.051900000000003),(1542.9428,2854.6662000000001,-57.149999999999999),(1533.3859,2860.4166,-56.051900000000003),(1524.1963000000001,2865.9459999999999,-52.799700000000001),(1515.7272,2871.0419000000002,-47.518500000000003),(1508.3039000000001,2875.5086000000001,-40.411200000000001),(1502.2117000000001,2879.1741999999999,-31.750800000000002),(1497.6849,2881.8980999999999,-21.8704),(1494.8972000000001,2883.5754000000002,-11.1494),(1504.3737000000001,2900.4398999999999,0.),(1505.2828999999999,2899.8234000000002,11.1494),(1507.9757,2897.9976999999999,21.8704),(1512.3485000000001,2895.0328,31.750800000000002),(1518.2333000000001,2891.0428000000002,40.411200000000001),(1525.4039,2886.1808999999998,47.518500000000003),(1533.5849000000001,2880.634,52.799700000000001),(1542.4617000000001,2874.6152999999999,56.051900000000003),(1551.6932999999999,2868.3561,57.149999999999999),(1560.9249,2862.0969,56.051900000000003),(1569.8017,2856.0781999999999,52.799700000000001),(1577.9827,2850.5313000000001,47.518500000000003),(1585.1532999999999,2845.6694000000002,40.411200000000001),(1591.0381,2841.6794,31.750800000000002),(1595.4109000000001,2838.7145,21.8704),(1598.1036999999999,2836.8888000000002,11.1494),(1599.0128999999999,2836.2723000000001,0.),(1598.1036999999999,2836.8888000000002,-11.1494),(1595.4109000000001,2838.7145,-21.8704),(1591.0381,2841.6794,-31.750800000000002),(1585.1532999999999,2845.6694000000002,-40.411200000000001),(1577.9827,2850.5313000000001,-47.518500000000003),(1569.8017,2856.0781999999999,-52.799700000000001),(1560.9249,2862.0969,-56.051900000000003),(1551.6932999999999,2868.3561,-57.149999999999999),(1542.4617000000001,2874.6152999999999,-56.051900000000003),(1533.5849000000001,2880.634,-52.799700000000001),(1525.4039,2886.1808999999998,-47.518500000000003),(1518.2333000000001,2891.0428000000002,-40.411200000000001),(1512.3485000000001,2895.0328,-31.750800000000002),(1507.9757,2897.9976999999999,-21.8704),(1505.2828999999999,2899.8234000000002,-11.1494),(1515.6593,2916.1514000000002,0.),(1516.5337999999999,2915.4866000000002,11.1494),(1519.1237000000001,2913.5176999999999,21.8704),(1523.3296,2910.3204000000001,31.750800000000002),(1528.9897000000001,2906.0176000000001,40.411200000000001),(1535.8865000000001,2900.7746000000002,47.518500000000003),(1543.7551000000001,2894.7928000000002,52.799700000000001),(1552.2929999999999,2888.3022999999998,56.051900000000003),(1561.1721,2881.5522999999998,57.149999999999999),(1570.0512000000001,2874.8022999999998,56.051900000000003),(1578.5890999999999,2868.3117999999999,52.799700000000001),(1586.4576999999999,2862.3299999999999,47.518500000000003),(1593.3544999999999,2857.087,40.411200000000001),(1599.0146,2852.7842000000001,31.750800000000002),(1603.2204999999999,2849.5868999999998,21.8704),(1605.8104000000001,2847.6179999999999,11.1494),(1606.6849,2846.9531999999999,0.),(1605.8104000000001,2847.6179999999999,-11.1494),(1603.2204999999999,2849.5868999999998,-21.8704),(1599.0146,2852.7842000000001,-31.750800000000002),(1593.3544999999999,2857.087,-40.411200000000001),(1586.4576999999999,2862.3299999999999,-47.518500000000003),(1578.5890999999999,2868.3117999999999,-52.799700000000001),(1570.0512000000001,2874.8022999999998,-56.051900000000003),(1561.1721,2881.5522999999998,-57.149999999999999),(1552.2929999999999,2888.3022999999998,-56.051900000000003),(1543.7551000000001,2894.7928000000002,-52.799700000000001),(1535.8865000000001,2900.7746000000002,-47.518500000000003),(1528.9897000000001,2906.0176000000001,-40.411200000000001),(1523.3296,2910.3204000000001,-31.750800000000002),(1519.1237000000001,2913.5176999999999,-21.8704),(1516.5337999999999,2915.4866000000002,-11.1494),(1527.7773,2931.2269999999999,0.),(1528.6146000000001,2930.5158000000001,11.1494),(1531.0942,2928.4097000000002,21.8704),(1535.1208999999999,2924.9895000000001,31.750800000000002),(1540.5399,2920.3867,40.411200000000001),(1547.1429000000001,2914.7782000000002,47.518500000000003),(1554.6763000000001,2908.3793999999998,52.799700000000001),(1562.8505,2901.4364,56.051900000000003),(1571.3514,2894.2159000000001,57.149999999999999),(1579.8523,2886.9953999999998,56.051900000000003),(1588.0264999999999,2880.0524,52.799700000000001),(1595.5599,2873.6536000000001,47.518500000000003),(1602.1629,2868.0450999999998,40.411200000000001),(1607.5818999999999,2863.4423000000002,31.750800000000002),(1611.6086,2860.0221000000001,21.8704),(1614.0881999999999,2857.9160000000002,11.1494),(1614.9255000000001,2857.2048,0.),(1614.0881999999999,2857.9160000000002,-11.1494),(1611.6086,2860.0221000000001,-21.8704),(1607.5818999999999,2863.4423000000002,-31.750800000000002),(1602.1629,2868.0450999999998,-40.411200000000001),(1595.5599,2873.6536000000001,-47.518500000000003),(1588.0264999999999,2880.0524,-52.799700000000001),(1579.8523,2886.9953999999998,-56.051900000000003),(1571.3514,2894.2159000000001,-57.149999999999999),(1562.8505,2901.4364,-56.051900000000003),(1554.6763000000001,2908.3793999999998,-52.799700000000001),(1547.1429000000001,2914.7782000000002,-47.518500000000003),(1540.5399,2920.3867,-40.411200000000001),(1535.1208999999999,2924.9895000000001,-31.750800000000002),(1531.0942,2928.4097000000002,-21.8704),(1528.6146000000001,2930.5158000000001,-11.1494),(1540.6954000000001,2945.6261,0.),(1541.4929999999999,2944.8706999999999,11.1494),(1543.8549,2942.6334000000002,21.8704),(1547.6904,2939.0001000000002,31.750800000000002),(1552.8522,2934.1106,40.411200000000001),(1559.1419000000001,2928.1527999999998,47.518500000000003),(1566.3178,2921.3555000000001,52.799700000000001),(1574.104,2913.98,56.051900000000003),(1582.2013999999999,2906.3098,57.149999999999999),(1590.2988,2898.6396,56.051900000000003),(1598.085,2891.2640999999999,52.799700000000001),(1605.2609,2884.4668000000001,47.518500000000003),(1611.5506,2878.509,40.411200000000001),(1616.7123999999999,2873.6194999999998,31.750800000000002),(1620.5479,2869.9861999999998,21.8704),(1622.9097999999999,2867.7489,11.1494),(1623.7074,2866.9935,0.),(1622.9097999999999,2867.7489,-11.1494),(1620.5479,2869.9861999999998,-21.8704),(1616.7123999999999,2873.6194999999998,-31.750800000000002),(1611.5506,2878.509,-40.411200000000001),(1605.2609,2884.4668000000001,-47.518500000000003),(1598.085,2891.2640999999999,-52.799700000000001),(1590.2988,2898.6396,-56.051900000000003),(1582.2013999999999,2906.3098,-57.149999999999999),(1574.104,2913.98,-56.051900000000003),(1566.3178,2921.3555000000001,-52.799700000000001),(1559.1419000000001,2928.1527999999998,-47.518500000000003),(1552.8522,2934.1106,-40.411200000000001),(1547.6904,2939.0001000000002,-31.750800000000002),(1543.8549,2942.6334000000002,-21.8704),(1541.4929999999999,2944.8706999999999,-11.1494),(1554.3739,2959.3045999999999,0.),(1555.1293000000001,2958.5070000000001,11.1494),(1557.3666000000001,2956.1451000000002,21.8704),(1560.9999,2952.3096,31.750800000000002),(1565.8894,2947.1478000000002,40.411200000000001),(1571.8471999999999,2940.8580999999999,47.518500000000003),(1578.6445000000001,2933.6822000000002,52.799700000000001),(1586.02,2925.8960000000002,56.051900000000003),(1593.6902,2917.7986000000001,57.149999999999999),(1601.3604,2909.7012,56.051900000000003),(1608.7358999999999,2901.915,52.799700000000001),(1615.5332000000001,2894.7390999999998,47.518500000000003),(1621.491,2888.4494,40.411200000000001),(1626.3805,2883.2876000000001,31.750800000000002),(1630.0137999999999,2879.4521,21.8704),(1632.2511,2877.0902000000001,11.1494),(1633.0065,2876.2926000000002,0.),(1632.2511,2877.0902000000001,-11.1494),(1630.0137999999999,2879.4521,-21.8704),(1626.3805,2883.2876000000001,-31.750800000000002),(1621.491,2888.4494,-40.411200000000001),(1615.5332000000001,2894.7390999999998,-47.518500000000003),(1608.7358999999999,2901.915,-52.799700000000001),(1601.3604,2909.7012,-56.051900000000003),(1593.6902,2917.7986000000001,-57.149999999999999),(1586.02,2925.8960000000002,-56.051900000000003),(1578.6445000000001,2933.6822000000002,-52.799700000000001),(1571.8471999999999,2940.8580999999999,-47.518500000000003),(1565.8894,2947.1478000000002,-40.411200000000001),(1560.9999,2952.3096,-31.750800000000002),(1557.3666000000001,2956.1451000000002,-21.8704),(1555.1293000000001,2958.5070000000001,-11.1494),(1568.7729999999999,2972.2226999999998,0.),(1569.4842000000001,2971.3854000000001,11.1494),(1571.5903000000001,2968.9058,21.8704),(1575.0105000000001,2964.8791000000001,31.750800000000002),(1579.6133,2959.4600999999998,40.411200000000001),(1585.2218,2952.8571000000002,47.518500000000003),(1591.6206,2945.3236999999999,52.799700000000001),(1598.5636,2937.1495,56.051900000000003),(1605.7841000000001,2928.6486,57.149999999999999),(1613.0046,2920.1477,56.051900000000003),(1619.9476,2911.9735000000001,52.799700000000001),(1626.3463999999999,2904.4400999999998,47.518500000000003),(1631.9549,2897.8371000000002,40.411200000000001),(1636.5577000000001,2892.4180999999999,31.750800000000002),(1639.9779000000001,2888.3914,21.8704),(1642.0840000000001,2885.9117999999999,11.1494),(1642.7952,2885.0745000000002,0.),(1642.0840000000001,2885.9117999999999,-11.1494),(1639.9779000000001,2888.3914,-21.8704),(1636.5577000000001,2892.4180999999999,-31.750800000000002),(1631.9549,2897.8371000000002,-40.411200000000001),(1626.3463999999999,2904.4400999999998,-47.518500000000003),(1619.9476,2911.9735000000001,-52.799700000000001),(1613.0046,2920.1477,-56.051900000000003),(1605.7841000000001,2928.6486,-57.149999999999999),(1598.5636,2937.1495,-56.051900000000003),(1591.6206,2945.3236999999999,-52.799700000000001),(1585.2218,2952.8571000000002,-47.518500000000003),(1579.6133,2959.4600999999998,-40.411200000000001),(1575.0105000000001,2964.8791000000001,-31.750800000000002),(1571.5903000000001,2968.9058,-21.8704),(1569.4842000000001,2971.3854000000001,-11.1494),(1583.8486,2984.3407000000002,0.),(1584.5134,2983.4661999999998,11.1494),(1586.4822999999999,2980.8762999999999,21.8704),(1589.6795999999999,2976.6704,31.750800000000002),(1593.9824000000001,2971.0102999999999,40.411200000000001),(1599.2254,2964.1134999999999,47.518500000000003),(1605.2072000000001,2956.2449000000001,52.799700000000001),(1611.6976999999999,2947.7069999999999,56.051900000000003),(1618.4476999999999,2938.8279000000002,57.149999999999999),(1625.1976999999999,2929.9488000000001,56.051900000000003),(1631.6882000000001,2921.4108999999999,52.799700000000001),(1637.6700000000001,2913.5423000000001,47.518500000000003),(1642.913,2906.6455000000001,40.411200000000001),(1647.2157999999999,2900.9854,31.750800000000002),(1650.4131,2896.7795000000001,21.8704),(1652.3820000000001,2894.1896000000002,11.1494),(1653.0468000000001,2893.3150999999998,0.),(1652.3820000000001,2894.1896000000002,-11.1494),(1650.4131,2896.7795000000001,-21.8704),(1647.2157999999999,2900.9854,-31.750800000000002),(1642.913,2906.6455000000001,-40.411200000000001),(1637.6700000000001,2913.5423000000001,-47.518500000000003),(1631.6882000000001,2921.4108999999999,-52.799700000000001),(1625.1976999999999,2929.9488000000001,-56.051900000000003),(1618.4476999999999,2938.8279000000002,-57.149999999999999),(1611.6976999999999,2947.7069999999999,-56.051900000000003),(1605.2072000000001,2956.2449000000001,-52.799700000000001),(1599.2254,2964.1134999999999,-47.518500000000003),(1593.9824000000001,2971.0102999999999,-40.411200000000001),(1589.6795999999999,2976.6704,-31.750800000000002),(1586.4822999999999,2980.8762999999999,-21.8704),(1584.5134,2983.4661999999998,-11.1494),(1599.5600999999999,2995.6262999999999,0.),(1600.1766,2994.7170999999998,11.1494),(1602.0023000000001,2992.0243,21.8704),(1604.9672,2987.6514999999999,31.750800000000002),(1608.9572000000001,2981.7667000000001,40.411200000000001),(1613.8190999999999,2974.5961000000002,47.518500000000003),(1619.366,2966.4151000000002,52.799700000000001),(1625.3847000000001,2957.5383000000002,56.051900000000003),(1631.6439,2948.3067000000001,57.149999999999999),(1637.9031,2939.0751,56.051900000000003),(1643.9218000000001,2930.1983,52.799700000000001),(1649.4686999999999,2922.0173,47.518500000000003),(1654.3306,2914.8467000000001,40.411200000000001),(1658.3206,2908.9618999999998,31.750800000000002),(1661.2855,2904.5891000000001,21.8704),(1663.1112000000001,2901.8962999999999,11.1494),(1663.7276999999999,2900.9870999999998,0.),(1663.1112000000001,2901.8962999999999,-11.1494),(1661.2855,2904.5891000000001,-21.8704),(1658.3206,2908.9618999999998,-31.750800000000002),(1654.3306,2914.8467000000001,-40.411200000000001),(1649.4686999999999,2922.0173,-47.518500000000003),(1643.9218000000001,2930.1983,-52.799700000000001),(1637.9031,2939.0751,-56.051900000000003),(1631.6439,2948.3067000000001,-57.149999999999999),(1625.3847000000001,2957.5383000000002,-56.051900000000003),(1619.366,2966.4151000000002,-52.799700000000001),(1613.8190999999999,2974.5961000000002,-47.518500000000003),(1608.9572000000001,2981.7667000000001,-40.411200000000001),(1604.9672,2987.6514999999999,-31.750800000000002),(1602.0023000000001,2992.0243,-21.8704),(1600.1766,2994.7170999999998,-11.1494),(1615.8581999999999,3006.0439999999999,0.),(1616.4246000000001,3005.1028000000001,11.1494),(1618.1018999999999,3002.3150999999998,21.8704),(1620.8258000000001,2997.7883000000002,31.750800000000002),(1624.4914000000001,2991.6961000000001,40.411200000000001),(1628.9581000000001,2984.2728000000002,47.518500000000003),(1634.0540000000001,2975.8036999999999,52.799700000000001),(1639.5834,2966.6140999999998,56.051900000000003),(1645.3338000000001,2957.0572000000002,57.149999999999999),(1651.0842,2947.5003000000002,56.051900000000003),(1656.6135999999999,2938.3107,52.799700000000001),(1661.7094999999999,2929.8416000000002,47.518500000000003),(1666.1762000000001,2922.4182999999998,40.411200000000001),(1669.8417999999999,2916.3261000000002,31.750800000000002),(1672.5657000000001,2911.7993000000001,21.8704),(1674.2429999999999,2909.0115999999998,11.1494),(1674.8094000000001,2908.0704000000001,0.),(1674.2429999999999,2909.0115999999998,-11.1494),(1672.5657000000001,2911.7993000000001,-21.8704),(1669.8417999999999,2916.3261000000002,-31.750800000000002),(1666.1762000000001,2922.4182999999998,-40.411200000000001),(1661.7094999999999,2929.8416000000002,-47.518500000000003),(1656.6135999999999,2938.3107,-52.799700000000001),(1651.0842,2947.5003000000002,-56.051900000000003),(1645.3338000000001,2957.0572000000002,-57.149999999999999),(1639.5834,2966.6140999999998,-56.051900000000003),(1634.0540000000001,2975.8036999999999,-52.799700000000001),(1628.9581000000001,2984.2728000000002,-47.518500000000003),(1624.4914000000001,2991.6961000000001,-40.411200000000001),(1620.8258000000001,2997.7883000000002,-31.750800000000002),(1618.1018999999999,3002.3150999999998,-21.8704),(1616.4246000000001,3005.1028000000001,-11.1494),(1632.6982,3015.5648999999999,0.),(1633.2128,3014.5943000000002,11.1494),(1634.7366999999999,3011.7199000000001,21.8704),(1637.2112999999999,3007.0522000000001,31.750800000000002),(1640.5417,3000.7705000000001,40.411200000000001),(1644.5997,2993.1161999999999,47.518500000000003),(1649.2294999999999,2984.3834000000002,52.799700000000001),(1654.2530999999999,2974.9079000000002,56.051900000000003),(1659.4775,2965.0536000000002,57.149999999999999),(1664.7019,2955.1993000000002,56.051900000000003),(1669.7255,2945.7238000000002,52.799700000000001),(1674.3552999999999,2936.991,47.518500000000003),(1678.4132999999999,2929.3366999999998,40.411200000000001),(1681.7437,2923.0549999999998,31.750800000000002),(1684.2183,2918.3872999999999,21.8704),(1685.7421999999999,2915.5129000000002,11.1494),(1686.2568000000001,2914.5423000000001,0.),(1685.7421999999999,2915.5129000000002,-11.1494),(1684.2183,2918.3872999999999,-21.8704),(1681.7437,2923.0549999999998,-31.750800000000002),(1678.4132999999999,2929.3366999999998,-40.411200000000001),(1674.3552999999999,2936.991,-47.518500000000003),(1669.7255,2945.7238000000002,-52.799700000000001),(1664.7019,2955.1993000000002,-56.051900000000003),(1659.4775,2965.0536000000002,-57.149999999999999),(1654.2530999999999,2974.9079000000002,-56.051900000000003),(1649.2294999999999,2984.3834000000002,-52.799700000000001),(1644.5997,2993.1161999999999,-47.518500000000003),(1640.5417,3000.7705000000001,-40.411200000000001),(1637.2112999999999,3007.0522000000001,-31.750800000000002),(1634.7366999999999,3011.7199000000001,-21.8704),(1633.2128,3014.5943000000002,-11.1494),(1650.0279,3024.1596,0.),(1650.4891,3023.1626000000001,11.1494),(1651.8552,3020.2098999999998,21.8704),(1654.0735,3015.415,31.750800000000002),(1657.0589,3008.9621999999999,40.411200000000001),(1660.6966,3001.0994999999998,47.518500000000003),(1664.8468,2992.1289000000002,52.799700000000001),(1669.3501000000001,2982.3951999999999,56.051900000000003),(1674.0333000000001,2972.2725999999998,57.149999999999999),(1678.7165,2962.1500000000001,56.051900000000003),(1683.2198000000001,2952.4162999999999,52.799700000000001),(1687.3699999999999,2943.4457000000002,47.518500000000003),(1691.0077000000001,2935.5830000000001,40.411200000000001),(1693.9930999999999,2929.1302000000001,31.750800000000002),(1696.2113999999999,2924.3353000000002,21.8704),(1697.5775000000001,2921.3825999999999,11.1494),(1698.0387000000001,2920.3856000000001,0.),(1697.5775000000001,2921.3825999999999,-11.1494),(1696.2113999999999,2924.3353000000002,-21.8704),(1693.9930999999999,2929.1302000000001,-31.750800000000002),(1691.0077000000001,2935.5830000000001,-40.411200000000001),(1687.3699999999999,2943.4457000000002,-47.518500000000003),(1683.2198000000001,2952.4162999999999,-52.799700000000001),(1678.7165,2962.1500000000001,-56.051900000000003),(1674.0333000000001,2972.2725999999998,-57.149999999999999),(1669.3501000000001,2982.3951999999999,-56.051900000000003),(1664.8468,2992.1289000000002,-52.799700000000001),(1660.6966,3001.0994999999998,-47.518500000000003),(1657.0589,3008.9621999999999,-40.411200000000001),(1654.0735,3015.415,-31.750800000000002),(1651.8552,3020.2098999999998,-21.8704),(1650.4891,3023.1626000000001,-11.1494),(1667.7998,3031.8044,0.),(1668.2063000000001,3030.7838999999999,11.1494),(1669.4104,3027.7615999999998,21.8704),(1671.3657000000001,3022.8535000000002,31.750800000000002),(1673.9971,3016.2485000000001,40.411200000000001),(1677.2034000000001,3008.2001,47.518500000000003),(1680.8615,2999.0178999999998,52.799700000000001),(1684.8307,2989.0545000000002,56.051900000000003),(1688.9585999999999,2978.6930000000002,57.149999999999999),(1693.0864999999999,2968.3314999999998,56.051900000000003),(1697.0556999999999,2958.3681000000001,52.799700000000001),(1700.7138,2949.1858999999999,47.518500000000003),(1703.9201,2941.1374999999998,40.411200000000001),(1706.5515,2934.5324999999998,31.750800000000002),(1708.5068000000001,2929.6244000000002,21.8704),(1709.7109,2926.6021000000001,11.1494),(1710.1174000000001,2925.5816,0.),(1709.7109,2926.6021000000001,-11.1494),(1708.5068000000001,2929.6244000000002,-21.8704),(1706.5515,2934.5324999999998,-31.750800000000002),(1703.9201,2941.1374999999998,-40.411200000000001),(1700.7138,2949.1858999999999,-47.518500000000003),(1697.0556999999999,2958.3681000000001,-52.799700000000001),(1693.0864999999999,2968.3314999999998,-56.051900000000003),(1688.9585999999999,2978.6930000000002,-57.149999999999999),(1684.8307,2989.0545000000002,-56.051900000000003),(1680.8615,2999.0178999999998,-52.799700000000001),(1677.2034000000001,3008.2001,-47.518500000000003),(1673.9971,3016.2485000000001,-40.411200000000001),(1671.3657000000001,3022.8535000000002,-31.750800000000002),(1669.4104,3027.7615999999998,-21.8704),(1668.2063000000001,3030.7838999999999,-11.1494),(1685.9556,3038.4744999999998,0.),(1686.3063999999999,3037.4335000000001,11.1494),(1687.3451,3034.3503999999998,21.8704),(1689.0319,3029.3438000000001,31.750800000000002),(1691.3021000000001,3022.6060000000002,40.411200000000001),(1694.0681999999999,3014.3960000000002,47.518500000000003),(1697.2239999999999,3005.0291999999999,52.799700000000001),(1700.6483000000001,2994.8656999999998,56.051900000000003),(1704.2094999999999,2984.2959999999998,57.149999999999999),(1707.7707,2973.7262999999998,56.051900000000003),(1711.1949999999999,2963.5628000000002,52.799700000000001),(1714.3507999999999,2954.1959999999999,47.518500000000003),(1717.1169,2945.9859999999999,40.411200000000001),(1719.3870999999999,2939.2482,31.750800000000002),(1721.0739000000001,2934.2415999999998,21.8704),(1722.1125999999999,2931.1585,11.1494),(1722.4634000000001,2930.1174999999998,0.),(1722.1125999999999,2931.1585,-11.1494),(1721.0739000000001,2934.2415999999998,-21.8704),(1719.3870999999999,2939.2482,-31.750800000000002),(1717.1169,2945.9859999999999,-40.411200000000001),(1714.3507999999999,2954.1959999999999,-47.518500000000003),(1711.1949999999999,2963.5628000000002,-52.799700000000001),(1707.7707,2973.7262999999998,-56.051900000000003),(1704.2094999999999,2984.2959999999998,-57.149999999999999),(1700.6483000000001,2994.8656999999998,-56.051900000000003),(1697.2239999999999,3005.0291999999999,-52.799700000000001),(1694.0681999999999,3014.3960000000002,-47.518500000000003),(1691.3021000000001,3022.6060000000002,-40.411200000000001),(1689.0319,3029.3438000000001,-31.750800000000002),(1687.3451,3034.3503999999998,-21.8704),(1686.3063999999999,3037.4335000000001,-11.1494),(1704.4474,3044.1523000000002,0.),(1704.7412999999999,3043.0938000000001,11.1494),(1705.6116,3039.9589999999998,21.8704),(1707.0248999999999,3034.8683999999998,31.750800000000002),(1708.9268999999999,3028.0176000000001,40.411200000000001),(1711.2446,3019.6698999999999,47.518500000000003),(1713.8887,3010.1460000000002,52.799700000000001),(1716.7578000000001,2999.8119999999999,56.051900000000003),(1719.7415000000001,2989.0650000000001,57.149999999999999),(1722.7252000000001,2978.3180000000002,56.051900000000003),(1725.5943,2967.9839999999999,52.799700000000001),(1728.2384,2958.4600999999998,47.518500000000003),(1730.5561,2950.1124,40.411200000000001),(1732.4581000000001,2943.2615999999998,31.750800000000002),(1733.8714,2938.1709999999998,21.8704),(1734.7417,2935.0362,11.1494),(1735.0355999999999,2933.9776999999999,0.),(1734.7417,2935.0362,-11.1494),(1733.8714,2938.1709999999998,-21.8704),(1732.4581000000001,2943.2615999999998,-31.750800000000002),(1730.5561,2950.1124,-40.411200000000001),(1728.2384,2958.4600999999998,-47.518500000000003),(1725.5943,2967.9839999999999,-52.799700000000001),(1722.7252000000001,2978.3180000000002,-56.051900000000003),(1719.7415000000001,2989.0650000000001,-57.149999999999999),(1716.7578000000001,2999.8119999999999,-56.051900000000003),(1713.8887,3010.1460000000002,-52.799700000000001),(1711.2446,3019.6698999999999,-47.518500000000003),(1708.9268999999999,3028.0176000000001,-40.411200000000001),(1707.0248999999999,3034.8683999999998,-31.750800000000002),(1705.6116,3039.9589999999998,-21.8704),(1704.7412999999999,3043.0938000000001,-11.1494),(1723.2170000000001,3048.8200999999999,0.),(1723.4531999999999,3047.7473,11.1494),(1724.1525999999999,3044.5700000000002,21.8704),(1725.2885000000001,3039.4104000000002,31.750800000000002),(1726.8172,3032.4668000000001,40.411200000000001),(1728.6799000000001,3024.0059000000001,47.518500000000003),(1730.8050000000001,3014.3528999999999,52.799700000000001),(1733.1108999999999,3003.8789000000002,56.051900000000003),(1735.5089,2992.9861999999998,57.149999999999999),(1737.9069,2982.0934999999999,56.051900000000003),(1740.2128,2971.6194999999998,52.799700000000001),(1742.3379,2961.9665,47.518500000000003),(1744.2005999999999,2953.5056,40.411200000000001),(1745.7293,2946.5619999999999,31.750800000000002),(1746.8652,2941.4023999999999,21.8704),(1747.5645999999999,2938.2251000000001,11.1494),(1747.8008,2937.1523000000002,0.),(1747.5645999999999,2938.2251000000001,-11.1494),(1746.8652,2941.4023999999999,-21.8704),(1745.7293,2946.5619999999999,-31.750800000000002),(1744.2005999999999,2953.5056,-40.411200000000001),(1742.3379,2961.9665,-47.518500000000003),(1740.2128,2971.6194999999998,-52.799700000000001),(1737.9069,2982.0934999999999,-56.051900000000003),(1735.5089,2992.9861999999998,-57.149999999999999),(1733.1108999999999,3003.8789000000002,-56.051900000000003),(1730.8050000000001,3014.3528999999999,-52.799700000000001),(1728.6799000000001,3024.0059000000001,-47.518500000000003),(1726.8172,3032.4668000000001,-40.411200000000001),(1725.2885000000001,3039.4104000000002,-31.750800000000002),(1724.1525999999999,3044.5700000000002,-21.8704),(1723.4531999999999,3047.7473,-11.1494),(1742.2148999999999,3052.4656,0.),(1742.3927000000001,3051.3816000000002,11.1494),(1742.9191000000001,3048.1711,21.8704),(1743.7738999999999,3042.9575,31.750800000000002),(1744.9242999999999,3035.9413,40.411200000000001),(1746.3261,3027.3919999999998,47.518500000000003),(1747.9254000000001,3017.6381000000001,52.799700000000001),(1749.6606999999999,3007.0545000000002,56.051900000000003),(1751.4654,2996.0479999999998,57.149999999999999),(1753.2701,2985.0414999999998,56.051900000000003),(1755.0054,2974.4578999999999,52.799700000000001),(1756.6047000000001,2964.7040000000002,47.518500000000003),(1758.0065,2956.1547,40.411200000000001),(1759.1569,2949.1385,31.750800000000002),(1760.0117,2943.9249,21.8704),(1760.5381,2940.7143999999998,11.1494),(1760.7158999999999,2939.6304,0.),(1760.5381,2940.7143999999998,-11.1494),(1760.0117,2943.9249,-21.8704),(1759.1569,2949.1385,-31.750800000000002),(1758.0065,2956.1547,-40.411200000000001),(1756.6047000000001,2964.7040000000002,-47.518500000000003),(1755.0054,2974.4578999999999,-52.799700000000001),(1753.2701,2985.0414999999998,-56.051900000000003),(1751.4654,2996.0479999999998,-57.149999999999999),(1749.6606999999999,3007.0545000000002,-56.051900000000003),(1747.9254000000001,3017.6381000000001,-52.799700000000001),(1746.3261,3027.3919999999998,-47.518500000000003),(1744.9242999999999,3035.9413,-40.411200000000001),(1743.7738999999999,3042.9575,-31.750800000000002),(1742.9191000000001,3048.1711,-21.8704),(1742.3927000000001,3051.3816000000002,-11.1494),(1761.3839,3055.0772999999999,0.),(1761.5026,3053.9852000000001,11.1494),(1761.8543,3050.7509,21.8704),(1762.4255000000001,3045.4987000000001,31.750800000000002),(1763.1940999999999,3038.4304999999999,40.411200000000001),(1764.1306,3029.8177000000001,47.518500000000003),(1765.1992,3019.9915999999998,52.799700000000001),(1766.3586,3009.3294999999998,56.051900000000003),(1767.5643,2998.2413999999999,57.149999999999999),(1768.77,2987.1532999999999,56.051900000000003),(1769.9294,2976.4911999999999,52.799700000000001),(1770.998,2966.6651000000002,47.518500000000003),(1771.9345000000001,2958.0522999999998,40.411200000000001),(1772.7030999999999,2950.9841000000001,31.750800000000002),(1773.2743,2945.7319000000002,21.8704),(1773.626,2942.4976000000001,11.1494),(1773.7447,2941.4054999999998,0.),(1773.626,2942.4976000000001,-11.1494),(1773.2743,2945.7319000000002,-21.8704),(1772.7030999999999,2950.9841000000001,-31.750800000000002),(1771.9345000000001,2958.0522999999998,-40.411200000000001),(1770.998,2966.6651000000002,-47.518500000000003),(1769.9294,2976.4911999999999,-52.799700000000001),(1768.77,2987.1532999999999,-56.051900000000003),(1767.5643,2998.2413999999999,-57.149999999999999),(1766.3586,3009.3294999999998,-56.051900000000003),(1765.1992,3019.9915999999998,-52.799700000000001),(1764.1306,3029.8177000000001,-47.518500000000003),(1763.1940999999999,3038.4304999999999,-40.411200000000001),(1762.4255000000001,3045.4987000000001,-31.750800000000002),(1761.8543,3050.7509,-21.8704),(1761.5026,3053.9852000000001,-11.1494),(1780.6651999999999,3056.6471999999999,0.),(1780.7247,3055.5502999999999,11.1494),(1780.9006999999999,3052.3017,21.8704),(1781.1865,3047.0263,31.750800000000002),(1781.5712000000001,3039.9268000000002,40.411200000000001),(1782.0399,3031.2759999999998,47.518500000000003),(1782.5745999999999,3021.4063000000001,52.799700000000001),(1783.1549,3010.6972000000001,56.051900000000003),(1783.7583,2999.5599999999999,57.149999999999999),(1784.3616999999999,2988.4227999999998,56.051900000000003),(1784.942,2977.7136999999998,52.799700000000001),(1785.4766999999999,2967.8440000000001,47.518500000000003),(1785.9454000000001,2959.1932000000002,40.411200000000001),(1786.3300999999999,2952.0936999999999,31.750800000000002),(1786.6159,2946.8182999999999,21.8704),(1786.7918999999999,2943.5697,11.1494),(1786.8514,2942.4728,0.),(1786.7918999999999,2943.5697,-11.1494),(1786.6159,2946.8182999999999,-21.8704),(1786.3300999999999,2952.0936999999999,-31.750800000000002),(1785.9454000000001,2959.1932000000002,-40.411200000000001),(1785.4766999999999,2967.8440000000001,-47.518500000000003),(1784.942,2977.7136999999998,-52.799700000000001),(1784.3616999999999,2988.4227999999998,-56.051900000000003),(1783.7583,2999.5599999999999,-57.149999999999999),(1783.1549,3010.6972000000001,-56.051900000000003),(1782.5745999999999,3021.4063000000001,-52.799700000000001),(1782.0399,3031.2759999999998,-47.518500000000003),(1781.5712000000001,3039.9268000000002,-40.411200000000001),(1781.1865,3047.0263,-31.750800000000002),(1780.9006999999999,3052.3017,-21.8704),(1780.7247,3055.5502999999999,-11.1494),(1799.2284,3057.1500000000001,0.),(1799.2431999999999,3056.0518999999999,11.1494),(1799.2871,3052.7997,21.8704),(1799.3584000000001,3047.5185000000001,31.750800000000002),(1799.4544000000001,3040.4112,40.411200000000001),(1799.5713000000001,3031.7509,47.518500000000003),(1799.7047,3021.8703999999998,52.799700000000001),(1799.8495,3011.1493999999998,56.051900000000003),(1800.,3000.,57.149999999999999),(1800.1505,2988.8506000000002,56.051900000000003),(1800.2953,2978.1296000000002,52.799700000000001),(1800.4286999999999,2968.2491,47.518500000000003),(1800.5455999999999,2959.5888,40.411200000000001),(1800.6415999999999,2952.4814999999999,31.750800000000002),(1800.7129,2947.2003,21.8704),(1800.7568000000001,2943.9481000000001,11.1494),(1800.7716,2942.8499999999999,0.),(1800.7568000000001,2943.9481000000001,-11.1494),(1800.7129,2947.2003,-21.8704),(1800.6415999999999,2952.4814999999999,-31.750800000000002),(1800.5455999999999,2959.5888,-40.411200000000001),(1800.4286999999999,2968.2491,-47.518500000000003),(1800.2953,2978.1296000000002,-52.799700000000001),(1800.1505,2988.8506000000002,-56.051900000000003),(1800.,3000.,-57.149999999999999),(1799.8495,3011.1493999999998,-56.051900000000003),(1799.7047,3021.8703999999998,-52.799700000000001),(1799.5713000000001,3031.7509,-47.518500000000003),(1799.4544000000001,3040.4112,-40.411200000000001),(1799.3584000000001,3047.5185000000001,-31.750800000000002),(1799.2871,3052.7997,-21.8704),(1799.2431999999999,3056.0518999999999,-11.1494),(3000.,3057.1500000000001,0.),(3000.,3056.0518999999999,11.1494),(3000.,3052.7997,21.8704),(3000.,3047.5185000000001,31.750800000000002),(3000.,3040.4112,40.411200000000001),(3000.,3031.7507999999998,47.518500000000003),(3000.,3021.8703999999998,52.799700000000001),(3000.,3011.1493999999998,56.051900000000003),(3000.,3000.,57.149999999999999),(3000.,2988.8506000000002,56.051900000000003),(3000.,2978.1296000000002,52.799700000000001),(3000.,2968.2492000000002,47.518500000000003),(3000.,2959.5888,40.411200000000001),(3000.,2952.4814999999999,31.750800000000002),(3000.,2947.2003,21.8704),(3000.,2943.9481000000001,11.1494),(3000.,2942.8499999999999,0.),(3000.,2943.9481000000001,-11.1494),(3000.,2947.2003,-21.8704),(3000.,2952.4814999999999,-31.750800000000002),(3000.,2959.5888,-40.411200000000001),(3000.,2968.2492000000002,-47.518500000000003),(3000.,2978.1296000000002,-52.799700000000001),(3000.,2988.8506000000002,-56.051900000000003),(3000.,3000.,-57.149999999999999),(3000.,3011.1493999999998,-56.051900000000003),(3000.,3021.8703999999998,-52.799700000000001),(3000.,3031.7507999999998,-47.518500000000003),(3000.,3040.4112,-40.411200000000001),(3000.,3047.5185000000001,-31.750800000000002),(3000.,3052.7997,-21.8704),(3000.,3056.0518999999999,-11.1494),(3000.,3049.8728999999998,-9.9202999999999992),(3000.,3046.9793,-19.459499999999998),(3000.,3042.2802000000001,-28.250699999999998),(3000.,3035.9564,-35.956400000000002),(3000.,3028.2507000000001,-42.280200000000001),(3000.,3019.4594999999999,-46.979300000000002),(3000.,3009.9203000000002,-49.872900000000001),(3000.,3000.,-50.850000000000001),(3000.,2990.0796999999998,-49.872900000000001),(3000.,2980.5405000000001,-46.979300000000002),(3000.,2971.7492999999999,-42.280200000000001),(3000.,2964.0436,-35.956400000000002),(3000.,2957.7197999999999,-28.250699999999998),(3000.,2953.0207,-19.459499999999998),(3000.,2950.1271000000002,-9.9202999999999992),(3000.,2949.1500000000001,0.),(3000.,2950.1271000000002,9.9202999999999992),(3000.,2953.0207,19.459499999999998),(3000.,2957.7197999999999,28.250699999999998),(3000.,2964.0436,35.956400000000002),(3000.,2971.7492999999999,42.280200000000001),(3000.,2980.5405000000001,46.979300000000002),(3000.,2990.0796999999998,49.872900000000001),(3000.,3000.,50.850000000000001),(3000.,3009.9203000000002,49.872900000000001),(3000.,3019.4594999999999,46.979300000000002),(3000.,3028.2507000000001,42.280200000000001),(3000.,3035.9564,35.956400000000002),(3000.,3042.2802000000001,28.250699999999998),(3000.,3046.9793,19.459499999999998),(3000.,3049.8728999999998,9.9202999999999992),(3000.,3050.8499999999999,0.),(0.,57.149999999999999,0.),(0.,56.051900000000003,11.1494),(0.,52.799700000000001,21.8704),(0.,47.518500000000003,31.750800000000002),(0.,40.411200000000001,40.411200000000001),(0.,31.750800000000002,47.518500000000003),(0.,21.8704,52.799700000000001),(0.,11.1494,56.051900000000003),(0.,0.,57.149999999999999),(0.,-11.1494,56.051900000000003),(0.,-21.8704,52.799700000000001),(0.,-31.750800000000002,47.518500000000003),(0.,-40.411200000000001,40.411200000000001),(0.,-47.518500000000003,31.750800000000002),(0.,-52.799700000000001,21.8704),(0.,-56.051900000000003,11.1494),(0.,-57.149999999999999,0.),(0.,-56.051900000000003,-11.1494),(0.,-52.799700000000001,-21.8704),(0.,-47.518500000000003,-31.750800000000002),(0.,-40.411200000000001,-40.411200000000001),(0.,-31.750800000000002,-47.518500000000003),(0.,-21.8704,-52.799700000000001),(0.,-11.1494,-56.051900000000003),(0.,-0.,-57.149999999999999),(0.,11.1494,-56.051900000000003),(0.,21.8704,-52.799700000000001),(0.,31.750800000000002,-47.518500000000003),(0.,40.411200000000001,-40.411200000000001),(0.,47.518500000000003,-31.750800000000002),(0.,52.799700000000001,-21.8704),(0.,56.051900000000003,-11.1494),(0.,49.872900000000001,-9.9202999999999992),(0.,46.979300000000002,-19.459499999999998),(0.,42.280200000000001,-28.250699999999998),(0.,35.956400000000002,-35.956400000000002),(0.,28.250699999999998,-42.280200000000001),(0.,19.459499999999998,-46.979300000000002),(0.,9.9202999999999992,-49.872900000000001),(0.,-0.,-50.850000000000001),(0.,-9.9202999999999992,-49.872900000000001),(0.,-19.459499999999998,-46.979300000000002),(0.,-28.250699999999998,-42.280200000000001),(0.,-35.956400000000002,-35.956400000000002),(0.,-42.280200000000001,-28.250699999999998),(0.,-46.979300000000002,-19.459499999999998),(0.,-49.872900000000001,-9.9202999999999992),(0.,-50.850000000000001,0.),(0.,-49.872900000000001,9.9202999999999992),(0.,-46.979300000000002,19.459499999999998),(0.,-42.280200000000001,28.250699999999998),(0.,-35.956400000000002,35.956400000000002),(0.,-28.250699999999998,42.280200000000001),(0.,-19.459499999999998,46.979300000000002),(0.,-9.9202999999999992,49.872900000000001),(0.,0.,50.850000000000001),(0.,9.9202999999999992,49.872900000000001),(0.,19.459499999999998,46.979300000000002),(0.,28.250699999999998,42.280200000000001),(0.,35.956400000000002,35.956400000000002),(0.,42.280200000000001,28.250699999999998),(0.,46.979300000000002,19.459499999999998),(0.,49.872900000000001,9.9202999999999992),(0.,50.850000000000001,0.),(3000.,3057.1500000000001,0.),(3000.,3056.0518999999999,11.1494),(3000.,3052.7997,21.8704),(3000.,3047.5185000000001,31.750800000000002),(3000.,3040.4112,40.411200000000001),(3000.,3031.7507999999998,47.518500000000003),(3000.,3021.8703999999998,52.799700000000001),(3000.,3011.1493999999998,56.051900000000003),(3000.,3000.,57.149999999999999),(3000.,2988.8506000000002,56.051900000000003),(3000.,2978.1296000000002,52.799700000000001),(3000.,2968.2492000000002,47.518500000000003),(3000.,2959.5888,40.411200000000001),(3000.,2952.4814999999999,31.750800000000002),(3000.,2947.2003,21.8704),(3000.,2943.9481000000001,11.1494),(3000.,2942.8499999999999,0.),(3000.,2943.9481000000001,-11.1494),(3000.,2947.2003,-21.8704),(3000.,2952.4814999999999,-31.750800000000002),(3000.,2959.5888,-40.411200000000001),(3000.,2968.2492000000002,-47.518500000000003),(3000.,2978.1296000000002,-52.799700000000001),(3000.,2988.8506000000002,-56.051900000000003),(3000.,3000.,-57.149999999999999),(3000.,3011.1493999999998,-56.051900000000003),(3000.,3021.8703999999998,-52.799700000000001),(3000.,3031.7507999999998,-47.518500000000003),(3000.,3040.4112,-40.411200000000001),(3000.,3047.5185000000001,-31.750800000000002),(3000.,3052.7997,-21.8704),(3000.,3056.0518999999999,-11.1494),(3000.,3049.8728999999998,-9.9202999999999992),(3000.,3046.9793,-19.459499999999998),(3000.,3042.2802000000001,-28.250699999999998),(3000.,3035.9564,-35.956400000000002),(3000.,3028.2507000000001,-42.280200000000001),(3000.,3019.4594999999999,-46.979300000000002),(3000.,3009.9203000000002,-49.872900000000001),(3000.,3000.,-50.850000000000001),(3000.,2990.0796999999998,-49.872900000000001),(3000.,2980.5405000000001,-46.979300000000002),(3000.,2971.7492999999999,-42.280200000000001),(3000.,2964.0436,-35.956400000000002),(3000.,2957.7197999999999,-28.250699999999998),(3000.,2953.0207,-19.459499999999998),(3000.,2950.1271000000002,-9.9202999999999992),(3000.,2949.1500000000001,0.),(3000.,2950.1271000000002,9.9202999999999992),(3000.,2953.0207,19.459499999999998),(3000.,2957.7197999999999,28.250699999999998),(3000.,2964.0436,35.956400000000002),(3000.,2971.7492999999999,42.280200000000001),(3000.,2980.5405000000001,46.979300000000002),(3000.,2990.0796999999998,49.872900000000001),(3000.,3000.,50.850000000000001),(3000.,3009.9203000000002,49.872900000000001),(3000.,3019.4594999999999,46.979300000000002),(3000.,3028.2507000000001,42.280200000000001),(3000.,3035.9564,35.956400000000002),(3000.,3042.2802000000001,28.250699999999998),(3000.,3046.9793,19.459499999999998),(3000.,3049.8728999999998,9.9202999999999992),(3000.,3050.8499999999999,0.)));
#733=IFCTRIANGULATEDFACESET(#732,$,.F.,((1,2,66),(1,66,65),(2,3,67),(2,67,66),(3,4,68),(3,68,67),(4,5,69),(4,69,68),(5,6,70),(5,70,69),(6,7,71),(6,71,70),(7,8,72),(7,72,71),(8,9,73),(8,73,72),(9,10,74),(9,74,73),(10,11,75),(10,75,74),(11,12,76),(11,76,75),(12,13,77),(12,77,76),(13,14,78),(13,78,77),(14,15,79),(14,79,78),(15,16,80),(15,80,79),(16,17,81),(16,81,80),(17,18,82),(17,82,81),(18,19,83),(18,83,82),(19,20,84),(19,84,83),(20,21,85),(20,85,84),(21,22,86),(21,86,85),(22,23,87),(22,87,86),(23,24,88),(23,88,87),(24,25,89),(24,89,88),(25,26,90),(25,90,89),(26,27,91),(26,91,90),(27,28,92),(27,92,91),(28,29,93),(28,93,92),(29,30,94),(29,94,93),(30,31,95),(30,95,94),(31,32,96),(31,96,95),(32,1,65),(32,65,96),(65,66,98),(65,98,97),(66,67,99),(66,99,98),(67,68,100),(67,100,99),(68,69,101),(68,101,100),(69,70,102),(69,102,101),(70,71,103),(70,103,102),(71,72,104),(71,104,103),(72,73,105),(72,105,104),(73,74,106),(73,106,105),(74,75,107),(74,107,106),(75,76,108),(75,108,107),(76,77,109),(76,109,108),(77,78,110),(77,110,109),(78,79,111),(78,111,110),(79,80,112),(79,112,111),(80,81,113),(80,113,112),(81,82,114),(81,114,113),(82,83,115),(82,115,114),(83,84,116),(83,116,115),(84,85,117),(84,117,116),(85,86,118),(85,118,117),(86,87,119),(86,119,118),(87,88,120),(87,120,119),(88,89,121),(88,121,120),(89,90,122),(89,122,121),(90,91,123),(90,123,122),(91,92,124),(91,124,123),(92,93,125),(92,125,124),(93,94,126),(93,126,125),(94,95,127),(94,127,126),(95,96,128),(95,128,127),(96,65,97),(96,97,128),(97,98,130),(97,130,129),(98,99,131),(98,131,130),(99,100,132),(99,132,131),(100,101,133),(100,133,132),(101,102,134),(101,134,133),(102,103,135),(102,135,134),(103,104,136),(103,136,135),(104,105,137),(104,137,136),(105,106,138),(105,138,137),(106,107,139),(106,139,138),(107,108,140),(107,140,139),(108,109,141),(108,141,140),(109,110,142),(109,142,141),(110,111,143),(110,143,142),(111,112,144),(111,144,143),(112,113,145),(112,145,144),(113,114,146),(113,146,145),(114,115,147),(114,147,146),(115,116,148),(115,148,147),(116,117,149),(116,149,148),(117,118,150),(117,150,149),(118,119,151),(118,151,150),(119,120,152),(119,152,151),(120,121,153),(120,153,152),(121,122,154),(121,154,153),(122,123,155),(122,155,154),(123,124,156),(123,156,155),(124,125,157),(124,157,156),(125,126,158),(125,158,157),(126,127,159),(126,159,158),(127,128,160),(127,160,159),(128,97,129),(128,129,160),(129,130,162),(129,162,161),(130,131,163),(130,163,162),(131,132,164),(131,164,163),(132,133,165),(132,165,164),(133,134,166),(133,166,165),(134,135,167),(134,167,166),(135,136,168),(135,168,167),(136,137,169),(136,169,168),(137,138,170),(137,170,169),(138,139,171),(138,171,170),(139,140,172),(139,172,171),(140,141,173),(140,173,172),(141,142,174),(141,174,173),(142,143,175),(142,175,174),(143,144,176),(143,176,175),(144,145,177),(144,177,176),(145,146,178),(145,178,177),(146,147,179),(146,179,178),(147,148,180),(147,180,179),(148,149,181),(148,181,180),(149,150,182),(149,182,181),(150,151,183),(150,183,182),(151,152,184),(151,184,183),(152,153,185),(152,185,184),(153,154,186),(153,186,185),(154,155,187),(154,187,186),(155,156,188),(155,188,187),(156,157,189),(156,189,188),(157,158,190),(157,190,189),(158,159,191),(158,191,190),(159,160,192),(159,192,191),(160,129,161),(160,161,192),(161,162,194),(161,194,193),(162,163,195),(162,195,194),(163,164,196),(163,196,195),(164,165,197),(164,197,196),(165,166,198),(165,198,197),(166,167,199),(166,199,198),(167,168,200),(167,200,199),(168,169,201),(168,201,200),(169,170,202),(169,202,201),(170,171,203),(170,203,202),(171,172,204),(171,204,203),(172,173,205),(172,205,204),(173,174,206),(173,206,205),(174,175,207),(174,207,206),(175,176,208),(175,208,207),(176,177,209),(176,209,208),(177,178,210),(177,210,209),(178,179,211),(178,211,210),(179,180,212),(179,212,211),(180,181,213),(180,213,212),(181,182,214),(181,214,213),(182,183,215),(182,215,214),(183,184,216),(183,216,215),(184,185,217),(184,217,216),(185,186,218),(185,218,217),(186,187,219),(186,219,218),(187,188,220),(187,220,219),(188,189,221),(188,221,220),(189,190,222),(189,222,221),(190,191,223),(190,223,222),(191,192,224),(191,224,223),(192,161,193),(192,193,224),(193,194,226),(193,226,225),(194,195,227),(194,227,226),(195,196,228),(195,228,227),(196,197,229),(196,229,228),(197,198,230),(197,230,229),(198,199,231),(198,231,230),(199,200,232),(199,232,231),(200,201,233),(200,233,232),(201,202,234),(201,234,233),(202,203,235),(202,235,234),(203,204,236),(203,236,235),(204,205,237),(204,237,236),(205,206,238),(205,238,237),(206,207,239),(206,239,238),(207,208,240),(207,240,239),(208,209,241),(208,241,240),(209,210,242),(209,242,241),(210,211,243),(210,243,242),(211,212,244),(211,244,243),(212,213,245),(212,245,244),(213,214,246),(213,246,245),(214,215,247),(214,247,246),(215,216,248),(215,248,247),(216,217,249),(216,249,248),(217,218,250),(217,250,249),(218,219,251),(218,251,250),(219,220,252),(219,252,251),(220,221,253),(220,253,252),(221,222,254),(221,254,253),(222,223,255),(222,255,254),(223,224,256),(223,256,255),(224,193,225),(224,225,256),(225,226,258),(225,258,257),(226,227,259),(226,259,258),(227,228,260),(227,260,259),(228,229,261),(228,261,260),(229,230,262),(229,262,261),(230,231,263),(230,263,262),(231,232,264),(231,264,263),(232,233,265),(232,265,264),(233,234,266),(233,266,265),(234,235,267),(234,267,266),(235,236,268),(235,268,267),(236,237,269),(236,269,268),(237,238,270),(237,270,269),(238,239,271),(238,271,270),(239,240,272),(239,272,271),(240,241,273),(240,273,272),(241,242,274),(241,274,273),(242,243,275),(242,275,274),(243,244,276),(243,276,275),(244,245,277),(244,277,276),(245,246,278),(245,278,277),(246,247,279),(246,279,278),(247,248,280),(247,280,279),(248,249,281),(248,281,280),(249,250,282),(249,282,281),(250,251,283),(250,283,282),(251,252,284),(251,284,283),(252,253,285),(252,285,284),(253,254,286),(253,286,285),(254,255,287),(254,287,286),(255,256,288),(255,288,287),(256,225,257),(256,257,288),(257,258,290),(257,290,289),(258,259,291),(258,291,290),(259,260,292),(259,292,291),(260,261,293),(260,293,292),(261,262,294),(261,294,293),(262,263,295),(262,295,294),(263,264,296),(263,296,295),(264,265,297),(264,297,296),(265,266,298),(265,298,297),(266,267,299),(266,299,298),(267,268,300),(267,300,299),(268,269,301),(268,301,300),(269,270,302),(269,302,301),(270,271,303),(270,303,302),(271,272,304),(271,304,303),(272,273,305),(272,305,304),(273,274,306),(273,306,305),(274,275,307),(274,307,306),(275,276,308),(275,308,307),(276,277,309),(276,309,308),(277,278,310),(277,310,309),(278,279,311),(278,311,310),(279,280,312),(279,312,311),(280,281,313),(280,313,312),(281,282,314),(281,314,313),(282,283,315),(282,315,314),(283,284,316),(283,316,315),(284,285,317),(284,317,316),(285,286,318),(285,318,317),(286,287,319),(286,319,318),(287,288,320),(287,320,319),(288,257,289),(288,289,320),(289,290,322),(289,322,321),(290,291,323),(290,323,322),(291,292,324),(291,324,323),(292,293,325),(292,325,324),(293,294,326),(293,326,325),(294,295,327),(294,327,326),(295,296,328),(295,328,327),(296,297,329),(296,329,328),(297,298,330),(297,330,329),(298,299,331),(298,331,330),(299,300,332),(299,332,331),(300,301,333),(300,333,332),(301,302,334),(301,334,333),(302,303,335),(302,335,334),(303,304,336),(303,336,335),(304,305,337),(304,337,336),(305,306,338),(305,338,337),(306,307,339),(306,339,338),(307,308,340),(307,340,339),(308,309,341),(308,341,340),(309,310,342),(309,342,341),(310,311,343),(310,343,342),(311,312,344),(311,344,343),(312,313,345),(312,345,344),(313,314,346),(313,346,345),(314,315,347),(314,347,346),(315,316,348),(315,348,347),(316,317,349),(316,349,348),(317,318,350),(317,350,349),(318,319,351),(318,351,350),(319,320,352),(319,352,351),(320,289,321),(320,321,352),(321,322,354),(321,354,353),(322,323,355),(322,355,354),(323,324,356),(323,356,355),(324,325,357),(324,357,356),(325,326,358),(325,358,357),(326,327,359),(326,359,358),(327,328,360),(327,360,359),(328,329,361),(328,361,360),(329,330,362),(329,362,361),(330,331,363),(330,363,362),(331,332,364),(331,364,363),(332,333,365),(332,365,364),(333,334,366),(333,366,365),(334,335,367),(334,367,366),(335,336,368),(335,368,367),(336,337,369),(336,369,368),(337,338,370),(337,370,369),(338,339,371),(338,371,370),(339,340,372),(339,372,371),(340,341,373),(340,373,372),(341,342,374),(341,374,373),(342,343,375),(342,375,374),(343,344,376),(343,376,375),(344,345,377),(344,377,376),(345,346,378),(345,378,377),(346,347,379),(346,379,378),(347,348,380),(347,380,379),(348,349,381),(348,381,380),(349,350,382),(349,382,381),(350,351,383),(350,383,382),(351,352,384),(351,384,383),(352,321,353),(352,353,384),(353,354,386),(353,386,385),(354,355,387),(354,387,386),(355,356,388),(355,388,387),(356,357,389),(356,389,388),(357,358,390),(357,390,389),(358,359,391),(358,391,390),(359,360,392),(359,392,391),(360,361,393),(360,393,392),(361,362,394),(361,394,393),(362,363,395),(362,395,394),(363,364,396),(363,396,395),(364,365,397),(364,397,396),(365,366,398),(365,398,397),(366,367,399),(366,399,398),(367,368,400),(367,400,399),(368,369,401),(368,401,400),(369,370,402),(369,402,401),(370,371,403),(370,403,402),(371,372,404),(371,404,403),(372,373,405),(372,405,404),(373,374,406),(373,406,405),(374,375,407),(374,407,406),(375,376,408),(375,408,407),(376,377,409),(376,409,408),(377,378,410),(377,410,409),(378,379,411),(378,411,410),(379,380,412),(379,412,411),(380,381,413),(380,413,412),(381,382,414),(381,414,413),(382,383,415),(382,415,414),(383,384,416),(383,416,415),(384,353,385),(384,385,416),(385,386,418),(385,418,417),(386,387,419),(386,419,418),(387,388,420),(387,420,419),(388,389,421),(388,421,420),(389,390,422),(389,422,421),(390,391,423),(390,423,422),(391,392,424),(391,424,423),(392,393,425),(392,425,424),(393,394,426),(393,426,425),(394,395,427),(394,427,426),(395,396,428),(395,428,427),(396,397,429),(396,429,428),(397,398,430),(397,430,429),(398,399,431),(398,431,430),(399,400,432),(399,432,431),(400,401,433),(400,433,432),(401,402,434),(401,434,433),(402,403,435),(402,435,434),(403,404,436),(403,436,435),(404,405,437),(404,437,436),(405,406,438),(405,438,437),(406,407,439),(406,439,438),(407,408,440),(407,440,439),(408,409,441),(408,441,440),(409,410,442),(409,442,441),(410,411,443),(410,443,442),(411,412,444),(411,444,443),(412,413,445),(412,445,444),(413,414,446),(413,446,445),(414,415,447),(414,447,446),(415,416,448),(415,448,447),(416,385,417),(416,417,448),(417,418,450),(417,450,449),(418,419,451),(418,451,450),(419,420,452),(419,452,451),(420,421,453),(420,453,452),(421,422,454),(421,454,453),(422,423,455),(422,455,454),(423,424,456),(423,456,455),(424,425,457),(424,457,456),(425,426,458),(425,458,457),(426,427,459),(426,459,458),(427,428,460),(427,460,459),(428,429,461),(428,461,460),(429,430,462),(429,462,461),(430,431,463),(430,463,462),(431,432,464),(431,464,463),(432,433,465),(432,465,464),(433,434,466),(433,466,465),(434,435,467),(434,467,466),(435,436,468),(435,468,467),(436,437,469),(436,469,468),(437,438,470),(437,470,469),(438,439,471),(438,471,470),(439,440,472),(439,472,471),(440,441,473),(440,473,472),(441,442,474),(441,474,473),(442,443,475),(442,475,474),(443,444,476),(443,476,475),(444,445,477),(444,477,476),(445,446,478),(445,478,477),(446,447,479),(446,479,478),(447,448,480),(447,480,479),(448,417,449),(448,449,480),(449,450,482),(449,482,481),(450,451,483),(450,483,482),(451,452,484),(451,484,483),(452,453,485),(452,485,484),(453,454,486),(453,486,485),(454,455,487),(454,487,486),(455,456,488),(455,488,487),(456,457,489),(456,489,488),(457,458,490),(457,490,489),(458,459,491),(458,491,490),(459,460,492),(459,492,491),(460,461,493),(460,493,492),(461,462,494),(461,494,493),(462,463,495),(462,495,494),(463,464,496),(463,496,495),(464,465,497),(464,497,496),(465,466,498),(465,498,497),(466,467,499),(466,499,498),(467,468,500),(467,500,499),(468,469,501),(468,501,500),(469,470,502),(469,502,501),(470,471,503),(470,503,502),(471,472,504),(471,504,503),(472,473,505),(472,505,504),(473,474,506),(473,506,505),(474,475,507),(474,507,506),(475,476,508),(475,508,507),(476,477,509),(476,509,508),(477,478,510),(477,510,509),(478,479,511),(478,511,510),(479,480,512),(479,512,511),(480,449,481),(480,481,512),(481,482,514),(481,514,513),(482,483,515),(482,515,514),(483,484,516),(483,516,515),(484,485,517),(484,517,516),(485,486,518),(485,518,517),(486,487,519),(486,519,518),(487,488,520),(487,520,519),(488,489,521),(488,521,520),(489,490,522),(489,522,521),(490,491,523),(490,523,522),(491,492,524),(491,524,523),(492,493,525),(492,525,524),(493,494,526),(493,526,525),(494,495,527),(494,527,526),(495,496,528),(495,528,527),(496,497,529),(496,529,528),(497,498,530),(497,530,529),(498,499,531),(498,531,530),(499,500,532),(499,532,531),(500,501,533),(500,533,532),(501,502,534),(501,534,533),(502,503,535),(502,535,534),(503,504,536),(503,536,535),(504,505,537),(504,537,536),(505,506,538),(505,538,537),(506,507,539),(506,539,538),(507,508,540),(507,540,539),(508,509,541),(508,541,540),(509,510,542),(509,542,541),(510,511,543),(510,543,542),(511,512,544),(511,544,543),(512,481,513),(512,513,544),(513,514,546),(513,546,545),(514,515,547),(514,547,546),(515,516,548),(515,548,547),(516,517,549),(516,549,548),(517,518,550),(517,550,549),(518,519,551),(518,551,550),(519,520,552),(519,552,551),(520,521,553),(520,553,552),(521,522,554),(521,554,553),(522,523,555),(522,555,554),(523,524,556),(523,556,555),(524,525,557),(524,557,556),(525,526,558),(525,558,557),(526,527,559),(526,559,558),(527,528,560),(527,560,559),(528,529,561),(528,561,560),(529,530,562),(529,562,561),(530,531,563),(530,563,562),(531,532,564),(531,564,563),(532,533,565),(532,565,564),(533,534,566),(533,566,565),(534,535,567),(534,567,566),(535,536,568),(535,568,567),(536,537,569),(536,569,568),(537,538,570),(537,570,569),(538,539,571),(538,571,570),(539,540,572),(539,572,571),(540,541,573),(540,573,572),(541,542,574),(541,574,573),(542,543,575),(542,575,574),(543,544,576),(543,576,575),(544,513,545),(544,545,576),(545,546,578),(545,578,577),(546,547,579),(546,579,578),(547,548,580),(547,580,579),(548,549,581),(548,581,580),(549,550,582),(549,582,581),(550,551,583),(550,583,582),(551,552,584),(551,584,583),(552,553,585),(552,585,584),(553,554,586),(553,586,585),(554,555,587),(554,587,586),(555,556,588),(555,588,587),(556,557,589),(556,589,588),(557,558,590),(557,590,589),(558,559,591),(558,591,590),(559,560,592),(559,592,591),(560,561,593),(560,593,592),(561,562,594),(561,594,593),(562,563,595),(562,595,594),(563,564,596),(563,596,595),(564,565,597),(564,597,596),(565,566,598),(565,598,597),(566,567,599),(566,599,598),(567,568,600),(567,600,599),(568,569,601),(568,601,600),(569,570,602),(569,602,601),(570,571,603),(570,603,602),(571,572,604),(571,604,603),(572,573,605),(572,605,604),(573,574,606),(573,606,605),(574,575,607),(574,607,606),(575,576,608),(575,608,607),(576,545,577),(576,577,608),(577,578,610),(577,610,609),(578,579,611),(578,611,610),(579,580,612),(579,612,611),(580,581,613),(580,613,612),(581,582,614),(581,614,613),(582,583,615),(582,615,614),(583,584,616),(583,616,615),(584,585,617),(584,617,616),(585,586,618),(585,618,617),(586,587,619),(586,619,618),(587,588,620),(587,620,619),(588,589,621),(588,621,620),(589,590,622),(589,622,621),(590,591,623),(590,623,622),(591,592,624),(591,624,623),(592,593,625),(592,625,624),(593,594,626),(593,626,625),(594,595,627),(594,627,626),(595,596,628),(595,628,627),(596,597,629),(596,629,628),(597,598,630),(597,630,629),(598,599,631),(598,631,630),(599,600,632),(599,632,631),(600,601,633),(600,633,632),(601,602,634),(601,634,633),(602,603,635),(602,635,634),(603,604,636),(603,636,635),(604,605,637),(604,637,636),(605,606,638),(605,638,637),(606,607,639),(606,639,638),(607,608,640),(607,640,639),(608,577,609),(608,609,640),(609,610,642),(609,642,641),(610,611,643),(610,643,642),(611,612,644),(611,644,643),(612,613,645),(612,645,644),(613,614,646),(613,646,645),(614,615,647),(614,647,646),(615,616,648),(615,648,647),(616,617,649),(616,649,648),(617,618,650),(617,650,649),(618,619,651),(618,651,650),(619,620,652),(619,652,651),(620,621,653),(620,653,652),(621,622,654),(621,654,653),(622,623,655),(622,655,654),(623,624,656),(623,656,655),(624,625,657),(624,657,656),(625,626,658),(625,658,657),(626,627,659),(626,659,658),(627,628,660),(627,660,659),(628,629,661),(628,661,660),(629,630,662),(629,662,661),(630,631,663),(630,663,662),(631,632,664),(631,664,663),(632,633,665),(632,665,664),(633,634,666),(633,666,665),(634,635,667),(634,667,666),(635,636,668),(635,668,667),(636,637,669),(636,669,668),(637,638,670),(637,670,669),(638,639,671),(638,671,670),(639,640,672),(639,672,671),(640,609,641),(640,641,672),(641,642,674),(641,674,673),(642,643,675),(642,675,674),(643,644,676),(643,676,675),(644,645,677),(644,677,676),(645,646,678),(645,678,677),(646,647,679),(646,679,678),(647,648,680),(647,680,679),(648,649,681),(648,681,680),(649,650,682),(649,682,681),(650,651,683),(650,683,682),(651,652,684),(651,684,683),(652,653,685),(652,685,684),(653,654,686),(653,686,685),(654,655,687),(654,687,686),(655,656,688),(655,688,687),(656,657,689),(656,689,688),(657,658,690),(657,690,689),(658,659,691),(658,691,690),(659,660,692),(659,692,691),(660,661,693),(660,693,692),(661,662,694),(661,694,693),(662,663,695),(662,695,694),(663,664,696),(663,696,695),(664,665,697),(664,697,696),(665,666,698),(665,698,697),(666,667,699),(666,699,698),(667,668,700),(667,700,699),(668,669,701),(668,701,700),(669,670,702),(669,702,701),(670,671,703),(670,703,702),(671,672,704),(671,704,703),(672,641,673),(672,673,704),(673,674,706),(673,706,705),(674,675,707),(674,707,706),(675,676,708),(675,708,707),(676,677,709),(676,709,708),(677,678,710),(677,710,709),(678,679,711),(678,711,710),(679,680,712),(679,712,711),(680,681,713),(680,713,712),(681,682,714),(681,714,713),(682,683,715),(682,715,714),(683,684,716),(683,716,715),(684,685,717),(684,717,716),(685,686,718),(685,718,717),(686,687,719),(686,719,718),(687,688,720),(687,720,719),(688,689,721),(688,721,720),(689,690,722),(689,722,721),(690,691,723),(690,723,722),(691,692,724),(691,724,723),(692,693,725),(692,725,724),(693,694,726),(693,726,725),(694,695,727),(694,727,726),(695,696,728),(695,728,727),(696,697,729),(696,729,728),(697,698,730),(697,730,729),(698,699,731),(698,731,730),(699,700,732),(699,732,731),(700,701,733),(700,733,732),(701,702,734),(701,734,733),(702,703,735),(702,735,734),(703,704,736),(703,736,735),(704,673,705),(704,705,736),(705,706,738),(705,738,737),(706,707,739),(706,739,738),(707,708,740),(707,740,739),(708,709,741),(708,741,740),(709,710,742),(709,742,741),(710,711,743),(710,743,742),(711,712,744),(711,744,743),(712,713,745),(712,745,744),(713,714,746),(713,746,745),(714,715,747),(714,747,746),(715,716,748),(715,748,747),(716,717,749),(716,749,748),(717,718,750),(717,750,749),(718,719,751),(718,751,750),(719,720,752),(719,752,751),(720,721,753),(720,753,752),(721,722,754),(721,754,753),(722,723,755),(722,755,754),(723,724,756),(723,756,755),(724,725,757),(724,757,756),(725,726,758),(725,758,757),(726,727,759),(726,759,758),(727,728,760),(727,760,759),(728,729,761),(728,761,760),(729,730,762),(729,762,761),(730,731,763),(730,763,762),(731,732,764),(731,764,763),(732,733,765),(732,765,764),(733,734,766),(733,766,765),(734,735,767),(734,767,766),(735,736,768),(735,768,767),(736,705,737),(736,737,768),(737,738,770),(737,770,769),(738,739,771),(738,771,770),(739,740,772),(739,772,771),(740,741,773),(740,773,772),(741,742,774),(741,774,773),(742,743,775),(742,775,774),(743,744,776),(743,776,775),(744,745,777),(744,777,776),(745,746,778),(745,778,777),(746,747,779),(746,779,778),(747,748,780),(747,780,779),(748,749,781),(748,781,780),(749,750,782),(749,782,781),(750,751,783),(750,783,782),(751,752,784),(751,784,783),(752,753,785),(752,785,784),(753,754,786),(753,786,785),(754,755,787),(754,787,786),(755,756,788),(755,788,787),(756,757,789),(756,789,788),(757,758,790),(757,790,789),(758,759,791),(758,791,790),(759,760,792),(759,792,791),(760,761,793),(760,793,792),(761,762,794),(761,794,793),(762,763,795),(762,795,794),(763,764,796),(763,796,795),(764,765,797),(764,797,796),(765,766,798),(765,798,797),(766,767,799),(766,799,798),(767,768,800),(767,800,799),(768,737,769),(768,769,800),(769,770,802),(769,802,801),(770,771,803),(770,803,802),(771,772,804),(771,804,803),(772,773,805),(772,805,804),(773,774,806),(773,806,805),(774,775,807),(774,807,806),(775,776,808),(775,808,807),(776,777,809),(776,809,808),(777,778,810),(777,810,809),(778,779,811),(778,811,810),(779,780,812),(779,812,811),(780,781,813),(780,813,812),(781,782,814),(781,814,813),(782,783,815),(782,815,814),(783,784,816),(783,816,815),(784,785,817),(784,817,816),(785,786,818),(785,818,817),(786,787,819),(786,819,818),(787,788,820),(787,820,819),(788,789,821),(788,821,820),(789,790,822),(789,822,821),(790,791,823),(790,823,822),(791,792,824),(791,824,823),(792,793,825),(792,825,824),(793,794,826),(793,826,825),(794,795,827),(794,827,826),(795,796,828),(795,828,827),(796,797,829),(796,829,828),(797,798,830),(797,830,829),(798,799,831),(798,831,830),(799,800,832),(799,832,831),(800,769,801),(800,801,832),(801,802,834),(801,834,833),(802,803,835),(802,835,834),(803,804,836),(803,836,835),(804,805,837),(804,837,836),(805,806,838),(805,838,837),(806,807,839),(806,839,838),(807,808,840),(807,840,839),(808,809,841),(808,841,840),(809,810,842),(809,842,841),(810,811,843),(810,843,842),(811,812,844),(811,844,843),(812,813,845),(812,845,844),(813,814,846),(813,846,845),(814,815,847),(814,847,846),(815,816,848),(815,848,847),(816,817,849),(816,849,848),(817,818,850),(817,850,849),(818,819,851),(818,851,850),(819,820,852),(819,852,851),(820,821,853),(820,853,852),(821,822,854),(821,854,853),(822,823,855),(822,855,854),(823,824,856),(823,856,855),(824,825,857),(824,857,856),(825,826,858),(825,858,857),(826,827,859),(826,859,858),(827,828,860),(827,860,859),(828,829,861),(828,861,860),(829,830,862),(829,862,861),(830,831,863),(830,863,862),(831,832,864),(831,864,863),(832,801,833),(832,833,864),(833,834,866),(833,866,865),(834,835,867),(834,867,866),(835,836,868),(835,868,867),(836,837,869),(836,869,868),(837,838,870),(837,870,869),(838,839,871),(838,871,870),(839,840,872),(839,872,871),(840,841,873),(840,873,872),(841,842,874),(841,874,873),(842,843,875),(842,875,874),(843,844,876),(843,876,875),(844,845,877),(844,877,876),(845,846,878),(845,878,877),(846,847,879),(846,879,878),(847,848,880),(847,880,879),(848,849,881),(848,881,880),(849,850,882),(849,882,881),(850,851,883),(850,883,882),(851,852,884),(851,884,883),(852,853,885),(852,885,884),(853,854,886),(853,886,885),(854,855,887),(854,887,886),(855,856,888),(855,888,887),(856,857,889),(856,889,888),(857,858,890),(857,890,889),(858,859,891),(858,891,890),(859,860,892),(859,892,891),(860,861,893),(860,893,892),(861,862,894),(861,894,893),(862,863,895),(862,895,894),(863,864,896),(863,896,895),(864,833,865),(864,865,896),(865,866,898),(865,898,897),(866,867,899),(866,899,898),(867,868,900),(867,900,899),(868,869,901),(868,901,900),(869,870,902),(869,902,901),(870,871,903),(870,903,902),(871,872,904),(871,904,903),(872,873,905),(872,905,904),(873,874,906),(873,906,905),(874,875,907),(874,907,906),(875,876,908),(875,908,907),(876,877,909),(876,909,908),(877,878,910),(877,910,909),(878,879,911),(878,911,910),(879,880,912),(879,912,911),(880,881,913),(880,913,912),(881,882,914),(881,914,913),(882,883,915),(882,915,914),(883,884,916),(883,916,915),(884,885,917),(884,917,916),(885,886,918),(885,918,917),(886,887,919),(886,919,918),(887,888,920),(887,920,919),(888,889,921),(888,921,920),(889,890,922),(889,922,921),(890,891,923),(890,923,922),(891,892,924),(891,924,923),(892,893,925),(892,925,924),(893,894,926),(893,926,925),(894,895,927),(894,927,926),(895,896,928),(895,928,927),(896,865,897),(896,897,928),(897,898,930),(897,930,929),(898,899,931),(898,931,930),(899,900,932),(899,932,931),(900,901,933),(900,933,932),(901,902,934),(901,934,933),(902,903,935),(902,935,934),(903,904,936),(903,936,935),(904,905,937),(904,937,936),(905,906,938),(905,938,937),(906,907,939),(906,939,938),(907,908,940),(907,940,939),(908,909,941),(908,941,940),(909,910,942),(909,942,941),(910,911,943),(910,943,942),(911,912,944),(911,944,943),(912,913,945),(912,945,944),(913,914,946),(913,946,945),(914,915,947),(914,947,946),(915,916,948),(915,948,947),(916,917,949),(916,949,948),(917,918,950),(917,950,949),(918,919,951),(918,951,950),(919,920,952),(919,952,951),(920,921,953),(920,953,952),(921,922,954),(921,954,953),(922,923,955),(922,955,954),(923,924,956),(923,956,955),(924,925,957),(924,957,956),(925,926,958),(925,958,957),(926,927,959),(926,959,958),(927,928,960),(927,960,959),(928,897,929),(928,929,960),(929,930,962),(929,962,961),(930,931,963),(930,963,962),(931,932,964),(931,964,963),(932,933,965),(932,965,964),(933,934,966),(933,966,965),(934,935,967),(934,967,966),(935,936,968),(935,968,967),(936,937,969),(936,969,968),(937,938,970),(937,970,969),(938,939,971),(938,971,970),(939,940,972),(939,972,971),(940,941,973),(940,973,972),(941,942,974),(941,974,973),(942,943,975),(942,975,974),(943,944,976),(943,976,975),(944,945,977),(944,977,976),(945,946,978),(945,978,977),(946,947,979),(946,979,978),(947,948,980),(947,980,979),(948,949,981),(948,981,980),(949,950,982),(949,982,981),(950,951,983),(950,983,982),(951,952,984),(951,984,983),(952,953,985),(952,985,984),(953,954,986),(953,986,985),(954,955,987),(954,987,986),(955,956,988),(955,988,987),(956,957,989),(956,989,988),(957,958,990),(957,990,989),(958,959,991),(958,991,990),(959,960,992),(959,992,991),(960,929,961),(960,961,992),(961,962,994),(961,994,993),(962,963,995),(962,995,994),(963,964,996),(963,996,995),(964,965,997),(964,997,996),(965,966,998),(965,998,997),(966,967,999),(966,999,998),(967,968,1000),(967,1000,999),(968,969,1001),(968,1001,1000),(969,970,1002),(969,1002,1001),(970,971,1003),(970,1003,1002),(971,972,1004),(971,1004,1003),(972,973,1005),(972,1005,1004),(973,974,1006),(973,1006,1005),(974,975,1007),(974,1007,1006),(975,976,1008),(975,1008,1007),(976,977,1009),(976,1009,1008),(977,978,1010),(977,1010,1009),(978,979,1011),(978,1011,1010),(979,980,1012),(979,1012,1011),(980,981,1013),(980,1013,1012),(981,982,1014),(981,1014,1013),(982,983,1015),(982,1015,1014),(983,984,1016),(983,1016,1015),(984,985,1017),(984,1017,1016),(985,986,1018),(985,1018,1017),(986,987,1019),(986,1019,1018),(987,988,1020),(987,1020,1019),(988,989,1021),(988,1021,1020),(989,990,1022),(989,1022,1021),(990,991,1023),(990,1023,1022),(991,992,1024),(991,1024,1023),(992,961,993),(992,993,1024),(993,994,1026),(993,1026,1025),(994,995,1027),(994,1027,1026),(995,996,1028),(995,1028,1027),(996,997,1029),(996,1029,1028),(997,998,1030),(997,1030,1029),(998,999,1031),(998,1031,1030),(999,1000,1032),(999,1032,1031),(1000,1001,1033),(1000,1033,1032),(1001,1002,1034),(1001,1034,1033),(1002,1003,1035),(1002,1035,1034),(1003,1004,1036),(1003,1036,1035),(1004,1005,1037),(1004,1037,1036),(1005,1006,1038),(1005,1038,1037),(1006,1007,1039),(1006,1039,1038),(1007,1008,1040),(1007,1040,1039),(1008,1009,1041),(1008,1041,1040),(1009,1010,1042),(1009,1042,1041),(1010,1011,1043),(1010,1043,1042),(1011,1012,1044),(1011,1044,1043),(1012,1013,1045),(1012,1045,1044),(1013,1014,1046),(1013,1046,1045),(1014,1015,1047),(1014,1047,1046),(1015,1016,1048),(1015,1048,1047),(1016,1017,1049),(1016,1049,1048),(1017,1018,1050),(1017,1050,1049),(1018,1019,1051),(1018,1051,1050),(1019,1020,1052),(1019,1052,1051),(1020,1021,1053),(1020,1053,1052),(1021,1022,1054),(1021,1054,1053),(1022,1023,1055),(1022,1055,1054),(1023,1024,1056),(1023,1056,1055),(1024,993,1025),(1024,1025,1056),(1025,1026,1058),(1025,1058,1057),(1026,1027,1059),(1026,1059,1058),(1027,1028,1060),(1027,1060,1059),(1028,1029,1061),(1028,1061,1060),(1029,1030,1062),(1029,1062,1061),(1030,1031,1063),(1030,1063,1062),(1031,1032,1064),(1031,1064,1063),(1032,1033,1065),(1032,1065,1064),(1033,1034,1066),(1033,1066,1065),(1034,1035,1067),(1034,1067,1066),(1035,1036,1068),(1035,1068,1067),(1036,1037,1069),(1036,1069,1068),(1037,1038,1070),(1037,1070,1069),(1038,1039,1071),(1038,1071,1070),(1039,1040,1072),(1039,1072,1071),(1040,1041,1073),(1040,1073,1072),(1041,1042,1074),(1041,1074,1073),(1042,1043,1075),(1042,1075,1074),(1043,1044,1076),(1043,1076,1075),(1044,1045,1077),(1044,1077,1076),(1045,1046,1078),(1045,1078,1077),(1046,1047,1079),(1046,1079,1078),(1047,1048,1080),(1047,1080,1079),(1048,1049,1081),(1048,1081,1080),(1049,1050,1082),(1049,1082,1081),(1050,1051,1083),(1050,1083,1082),(1051,1052,1084),(1051,1084,1083),(1052,1053,1085),(1052,1085,1084),(1053,1054,1086),(1053,1086,1085),(1054,1055,1087),(1054,1087,1086),(1055,1056,1088),(1055,1088,1087),(1056,1025,1057),(1056,1057,1088),(1057,1058,1090),(1057,1090,1089),(1058,1059,1091),(1058,1091,1090),(1059,1060,1092),(1059,1092,1091),(1060,1061,1093),(1060,1093,1092),(1061,1062,1094),(1061,1094,1093),(1062,1063,1095),(1062,1095,1094),(1063,1064,1096),(1063,1096,1095),(1064,1065,1097),(1064,1097,1096),(1065,1066,1098),(1065,1098,1097),(1066,1067,1099),(1066,1099,1098),(1067,1068,1100),(1067,1100,1099),(1068,1069,1101),(1068,1101,1100),(1069,1070,1102),(1069,1102,1101),(1070,1071,1103),(1070,1103,1102),(1071,1072,1104),(1071,1104,1103),(1072,1073,1105),(1072,1105,1104),(1073,1074,1106),(1073,1106,1105),(1074,1075,1107),(1074,1107,1106),(1075,1076,1108),(1075,1108,1107),(1076,1077,1109),(1076,1109,1108),(1077,1078,1110),(1077,1110,1109),(1078,1079,1111),(1078,1111,1110),(1079,1080,1112),(1079,1112,1111),(1080,1081,1113),(1080,1113,1112),(1081,1082,1114),(1081,1114,1113),(1082,1083,1115),(1082,1115,1114),(1083,1084,1116),(1083,1116,1115),(1084,1085,1117),(1084,1117,1116),(1085,1086,1118),(1085,1118,1117),(1086,1087,1119),(1086,1119,1118),(1087,1088,1120),(1087,1120,1119),(1088,1057,1089),(1088,1089,1120),(1089,1090,1122),(1089,1122,1121),(1090,1091,1123),(1090,1123,1122),(1091,1092,1124),(1091,1124,1123),(1092,1093,1125),(1092,1125,1124),(1093,1094,1126),(1093,1126,1125),(1094,1095,1127),(1094,1127,1126),(1095,1096,1128),(1095,1128,1127),(1096,1097,1129),(1096,1129,1128),(1097,1098,1130),(1097,1130,1129),(1098,1099,1131),(1098,1131,1130),(1099,1100,1132),(1099,1132,1131),(1100,1101,1133),(1100,1133,1132),(1101,1102,1134),(1101,1134,1133),(1102,1103,1135),(1102,1135,1134),(1103,1104,1136),(1103,1136,1135),(1104,1105,1137),(1104,1137,1136),(1105,1106,1138),(1105,1138,1137),(1106,1107,1139),(1106,1139,1138),(1107,1108,1140),(1107,1140,1139),(1108,1109,1141),(1108,1141,1140),(1109,1110,1142),(1109,1142,1141),(1110,1111,1143),(1110,1143,1142),(1111,1112,1144),(1111,1144,1143),(1112,1113,1145),(1112,1145,1144),(1113,1114,1146),(1113,1146,1145),(1114,1115,1147),(1114,1147,1146),(1115,1116,1148),(1115,1148,1147),(1116,1117,1149),(1116,1149,1148),(1117,1118,1150),(1117,1150,1149),(1118,1119,1151),(1118,1151,1150),(1119,1120,1152),(1119,1152,1151),(1120,1089,1121),(1120,1121,1152),(1121,1122,1154),(1121,1154,1153),(1122,1123,1155),(1122,1155,1154),(1123,1124,1156),(1123,1156,1155),(1124,1125,1157),(1124,1157,1156),(1125,1126,1158),(1125,1158,1157),(1126,1127,1159),(1126,1159,1158),(1127,1128,1160),(1127,1160,1159),(1128,1129,1161),(1128,1161,1160),(1129,1130,1162),(1129,1162,1161),(1130,1131,1163),(1130,1163,1162),(1131,1132,1164),(1131,1164,1163),(1132,1133,1165),(1132,1165,1164),(1133,1134,1166),(1133,1166,1165),(1134,1135,1167),(1134,1167,1166),(1135,1136,1168),(1135,1168,1167),(1136,1137,1169),(1136,1169,1168),(1137,1138,1170),(1137,1170,1169),(1138,1139,1171),(1138,1171,1170),(1139,1140,1172),(1139,1172,1171),(1140,1141,1173),(1140,1173,1172),(1141,1142,1174),(1141,1174,1173),(1142,1143,1175),(1142,1175,1174),(1143,1144,1176),(1143,1176,1175),(1144,1145,1177),(1144,1177,1176),(1145,1146,1178),(1145,1178,1177),(1146,1147,1179),(1146,1179,1178),(1147,1148,1180),(1147,1180,1179),(1148,1149,1181),(1148,1181,1180),(1149,1150,1182),(1149,1182,1181),(1150,1151,1183),(1150,1183,1182),(1151,1152,1184),(1151,1184,1183),(1152,1121,1153),(1152,1153,1184),(1153,1154,1186),(1153,1186,1185),(1154,1155,1187),(1154,1187,1186),(1155,1156,1188),(1155,1188,1187),(1156,1157,1189),(1156,1189,1188),(1157,1158,1190),(1157,1190,1189),(1158,1159,1191),(1158,1191,1190),(1159,1160,1192),(1159,1192,1191),(1160,1161,1193),(1160,1193,1192),(1161,1162,1194),(1161,1194,1193),(1162,1163,1195),(1162,1195,1194),(1163,1164,1196),(1163,1196,1195),(1164,1165,1197),(1164,1197,1196),(1165,1166,1198),(1165,1198,1197),(1166,1167,1199),(1166,1199,1198),(1167,1168,1200),(1167,1200,1199),(1168,1169,1201),(1168,1201,1200),(1169,1170,1202),(1169,1202,1201),(1170,1171,1203),(1170,1203,1202),(1171,1172,1204),(1171,1204,1203),(1172,1173,1205),(1172,1205,1204),(1173,1174,1206),(1173,1206,1205),(1174,1175,1207),(1174,1207,1206),(1175,1176,1208),(1175,1208,1207),(1176,1177,1209),(1176,1209,1208),(1177,1178,1210),(1177,1210,1209),(1178,1179,1211),(1178,1211,1210),(1179,1180,1212),(1179,1212,1211),(1180,1181,1213),(1180,1213,1212),(1181,1182,1214),(1181,1214,1213),(1182,1183,1215),(1182,1215,1214),(1183,1184,1216),(1183,1216,1215),(1184,1153,1185),(1184,1185,1216),(1185,1186,1218),(1185,1218,1217),(1186,1187,1219),(1186,1219,1218),(1187,1188,1220),(1187,1220,1219),(1188,1189,1221),(1188,1221,1220),(1189,1190,1222),(1189,1222,1221),(1190,1191,1223),(1190,1223,1222),(1191,1192,1224),(1191,1224,1223),(1192,1193,1225),(1192,1225,1224),(1193,1194,1226),(1193,1226,1225),(1194,1195,1227),(1194,1227,1226),(1195,1196,1228),(1195,1228,1227),(1196,1197,1229),(1196,1229,1228),(1197,1198,1230),(1197,1230,1229),(1198,1199,1231),(1198,1231,1230),(1199,1200,1232),(1199,1232,1231),(1200,1201,1233),(1200,1233,1232),(1201,1202,1234),(1201,1234,1233),(1202,1203,1235),(1202,1235,1234),(1203,1204,1236),(1203,1236,1235),(1204,1205,1237),(1204,1237,1236),(1205,1206,1238),(1205,1238,1237),(1206,1207,1239),(1206,1239,1238),(1207,1208,1240),(1207,1240,1239),(1208,1209,1241),(1208,1241,1240),(1209,1210,1242),(1209,1242,1241),(1210,1211,1243),(1210,1243,1242),(1211,1212,1244),(1211,1244,1243),(1212,1213,1245),(1212,1245,1244),(1213,1214,1246),(1213,1246,1245),(1214,1215,1247),(1214,1247,1246),(1215,1216,1248),(1215,1248,1247),(1216,1185,1217),(1216,1217,1248),(1217,1218,1250),(1217,1250,1249),(1218,1219,1251),(1218,1251,1250),(1219,1220,1252),(1219,1252,1251),(1220,1221,1253),(1220,1253,1252),(1221,1222,1254),(1221,1254,1253),(1222,1223,1255),(1222,1255,1254),(1223,1224,1256),(1223,1256,1255),(1224,1225,1257),(1224,1257,1256),(1225,1226,1258),(1225,1258,1257),(1226,1227,1259),(1226,1259,1258),(1227,1228,1260),(1227,1260,1259),(1228,1229,1261),(1228,1261,1260),(1229,1230,1262),(1229,1262,1261),(1230,1231,1263),(1230,1263,1262),(1231,1232,1264),(1231,1264,1263),(1232,1233,1265),(1232,1265,1264),(1233,1234,1266),(1233,1266,1265),(1234,1235,1267),(1234,1267,1266),(1235,1236,1268),(1235,1268,1267),(1236,1237,1269),(1236,1269,1268),(1237,1238,1270),(1237,1270,1269),(1238,1239,1271),(1238,1271,1270),(1239,1240,1272),(1239,1272,1271),(1240,1241,1273),(1240,1273,1272),(1241,1242,1274),(1241,1274,1273),(1242,1243,1275),(1242,1275,1274),(1243,1244,1276),(1243,1276,1275),(1244,1245,1277),(1244,1277,1276),(1245,1246,1278),(1245,1278,1277),(1246,1247,1279),(1246,1279,1278),(1247,1248,1280),(1247,1280,1279),(1248,1217,1249),(1248,1249,1280),(1249,1250,1282),(1249,1282,1281),(1250,1251,1283),(1250,1283,1282),(1251,1252,1284),(1251,1284,1283),(1252,1253,1285),(1252,1285,1284),(1253,1254,1286),(1253,1286,1285),(1254,1255,1287),(1254,1287,1286),(1255,1256,1288),(1255,1288,1287),(1256,1257,1289),(1256,1289,1288),(1257,1258,1290),(1257,1290,1289),(1258,1259,1291),(1258,1291,1290),(1259,1260,1292),(1259,1292,1291),(1260,1261,1293),(1260,1293,1292),(1261,1262,1294),(1261,1294,1293),(1262,1263,1295),(1262,1295,1294),(1263,1264,1296),(1263,1296,1295),(1264,1265,1297),(1264,1297,1296),(1265,1266,1298),(1265,1298,1297),(1266,1267,1299),(1266,1299,1298),(1267,1268,1300),(1267,1300,1299),(1268,1269,1301),(1268,1301,1300),(1269,1270,1302),(1269,1302,1301),(1270,1271,1303),(1270,1303,1302),(1271,1272,1304),(1271,1304,1303),(1272,1273,1305),(1272,1305,1304),(1273,1274,1306),(1273,1306,1305),(1274,1275,1307),(1274,1307,1306),(1275,1276,1308),(1275,1308,1307),(1276,1277,1309),(1276,1309,1308),(1277,1278,1310),(1277,1310,1309),(1278,1279,1311),(1278,1311,1310),(1279,1280,1312),(1279,1312,1311),(1280,1249,1281),(1280,1281,1312),(1281,1282,1314),(1281,1314,1313),(1282,1283,1315),(1282,1315,1314),(1283,1284,1316),(1283,1316,1315),(1284,1285,1317),(1284,1317,1316),(1285,1286,1318),(1285,1318,1317),(1286,1287,1319),(1286,1319,1318),(1287,1288,1320),(1287,1320,1319),(1288,1289,1321),(1288,1321,1320),(1289,1290,1322),(1289,1322,1321),(1290,1291,1323),(1290,1323,1322),(1291,1292,1324),(1291,1324,1323),(1292,1293,1325),(1292,1325,1324),(1293,1294,1326),(1293,1326,1325),(1294,1295,1327),(1294,1327,1326),(1295,1296,1328),(1295,1328,1327),(1296,1297,1329),(1296,1329,1328),(1297,1298,1330),(1297,1330,1329),(1298,1299,1331),(1298,1331,1330),(1299,1300,1332),(1299,1332,1331),(1300,1301,1333),(1300,1333,1332),(1301,1302,1334),(1301,1334,1333),(1302,1303,1335),(1302,1335,1334),(1303,1304,1336),(1303,1336,1335),(1304,1305,1337),(1304,1337,1336),(1305,1306,1338),(1305,1338,1337),(1306,1307,1339),(1306,1339,1338),(1307,1308,1340),(1307,1340,1339),(1308,1309,1341),(1308,1341,1340),(1309,1310,1342),(1309,1342,1341),(1310,1311,1343),(1310,1343,1342),(1311,1312,1344),(1311,1344,1343),(1312,1281,1313),(1312,1313,1344),(1313,1314,1346),(1313,1346,1345),(1314,1315,1347),(1314,1347,1346),(1315,1316,1348),(1315,1348,1347),(1316,1317,1349),(1316,1349,1348),(1317,1318,1350),(1317,1350,1349),(1318,1319,1351),(1318,1351,1350),(1319,1320,1352),(1319,1352,1351),(1320,1321,1353),(1320,1353,1352),(1321,1322,1354),(1321,1354,1353),(1322,1323,1355),(1322,1355,1354),(1323,1324,1356),(1323,1356,1355),(1324,1325,1357),(1324,1357,1356),(1325,1326,1358),(1325,1358,1357),(1326,1327,1359),(1326,1359,1358),(1327,1328,1360),(1327,1360,1359),(1328,1329,1361),(1328,1361,1360),(1329,1330,1362),(1329,1362,1361),(1330,1331,1363),(1330,1363,1362),(1331,1332,1364),(1331,1364,1363),(1332,1333,1365),(1332,1365,1364),(1333,1334,1366),(1333,1366,1365),(1334,1335,1367),(1334,1367,1366),(1335,1336,1368),(1335,1368,1367),(1336,1337,1369),(1336,1369,1368),(1337,1338,1370),(1337,1370,1369),(1338,1339,1371),(1338,1371,1370),(1339,1340,1372),(1339,1372,1371),(1340,1341,1373),(1340,1373,1372),(1341,1342,1374),(1341,1374,1373),(1342,1343,1375),(1342,1375,1374),(1343,1344,1376),(1343,1376,1375),(1344,1313,1345),(1344,1345,1376),(1345,1346,1378),(1345,1378,1377),(1346,1347,1379),(1346,1379,1378),(1347,1348,1380),(1347,1380,1379),(1348,1349,1381),(1348,1381,1380),(1349,1350,1382),(1349,1382,1381),(1350,1351,1383),(1350,1383,1382),(1351,1352,1384),(1351,1384,1383),(1352,1353,1385),(1352,1385,1384),(1353,1354,1386),(1353,1386,1385),(1354,1355,1387),(1354,1387,1386),(1355,1356,1388),(1355,1388,1387),(1356,1357,1389),(1356,1389,1388),(1357,1358,1390),(1357,1390,1389),(1358,1359,1391),(1358,1391,1390),(1359,1360,1392),(1359,1392,1391),(1360,1361,1393),(1360,1393,1392),(1361,1362,1394),(1361,1394,1393),(1362,1363,1395),(1362,1395,1394),(1363,1364,1396),(1363,1396,1395),(1364,1365,1397),(1364,1397,1396),(1365,1366,1398),(1365,1398,1397),(1366,1367,1399),(1366,1399,1398),(1367,1368,1400),(1367,1400,1399),(1368,1369,1401),(1368,1401,1400),(1369,1370,1402),(1369,1402,1401),(1370,1371,1403),(1370,1403,1402),(1371,1372,1404),(1371,1404,1403),(1372,1373,1405),(1372,1405,1404),(1373,1374,1406),(1373,1406,1405),(1374,1375,1407),(1374,1407,1406),(1375,1376,1408),(1375,1408,1407),(1376,1345,1377),(1376,1377,1408),(1377,1378,1410),(1377,1410,1409),(1378,1379,1411),(1378,1411,1410),(1379,1380,1412),(1379,1412,1411),(1380,1381,1413),(1380,1413,1412),(1381,1382,1414),(1381,1414,1413),(1382,1383,1415),(1382,1415,1414),(1383,1384,1416),(1383,1416,1415),(1384,1385,1417),(1384,1417,1416),(1385,1386,1418),(1385,1418,1417),(1386,1387,1419),(1386,1419,1418),(1387,1388,1420),(1387,1420,1419),(1388,1389,1421),(1388,1421,1420),(1389,1390,1422),(1389,1422,1421),(1390,1391,1423),(1390,1423,1422),(1391,1392,1424),(1391,1424,1423),(1392,1393,1425),(1392,1425,1424),(1393,1394,1426),(1393,1426,1425),(1394,1395,1427),(1394,1427,1426),(1395,1396,1428),(1395,1428,1427),(1396,1397,1429),(1396,1429,1428),(1397,1398,1430),(1397,1430,1429),(1398,1399,1431),(1398,1431,1430),(1399,1400,1432),(1399,1432,1431),(1400,1401,1433),(1400,1433,1432),(1401,1402,1434),(1401,1434,1433),(1402,1403,1435),(1402,1435,1434),(1403,1404,1436),(1403,1436,1435),(1404,1405,1437),(1404,1437,1436),(1405,1406,1438),(1405,1438,1437),(1406,1407,1439),(1406,1439,1438),(1407,1408,1440),(1407,1440,1439),(1408,1377,1409),(1408,1409,1440),(1409,1410,1442),(1409,1442,1441),(1410,1411,1443),(1410,1443,1442),(1411,1412,1444),(1411,1444,1443),(1412,1413,1445),(1412,1445,1444),(1413,1414,1446),(1413,1446,1445),(1414,1415,1447),(1414,1447,1446),(1415,1416,1448),(1415,1448,1447),(1416,1417,1449),(1416,1449,1448),(1417,1418,1450),(1417,1450,1449),(1418,1419,1451),(1418,1451,1450),(1419,1420,1452),(1419,1452,1451),(1420,1421,1453),(1420,1453,1452),(1421,1422,1454),(1421,1454,1453),(1422,1423,1455),(1422,1455,1454),(1423,1424,1456),(1423,1456,1455),(1424,1425,1457),(1424,1457,1456),(1425,1426,1458),(1425,1458,1457),(1426,1427,1459),(1426,1459,1458),(1427,1428,1460),(1427,1460,1459),(1428,1429,1461),(1428,1461,1460),(1429,1430,1462),(1429,1462,1461),(1430,1431,1463),(1430,1463,1462),(1431,1432,1464),(1431,1464,1463),(1432,1433,1465),(1432,1465,1464),(1433,1434,1466),(1433,1466,1465),(1434,1435,1467),(1434,1467,1466),(1435,1436,1468),(1435,1468,1467),(1436,1437,1469),(1436,1469,1468),(1437,1438,1470),(1437,1470,1469),(1438,1439,1471),(1438,1471,1470),(1439,1440,1472),(1439,1472,1471),(1440,1409,1441),(1440,1441,1472),(1441,1442,1474),(1441,1474,1473),(1442,1443,1475),(1442,1475,1474),(1443,1444,1476),(1443,1476,1475),(1444,1445,1477),(1444,1477,1476),(1445,1446,1478),(1445,1478,1477),(1446,1447,1479),(1446,1479,1478),(1447,1448,1480),(1447,1480,1479),(1448,1449,1481),(1448,1481,1480),(1449,1450,1482),(1449,1482,1481),(1450,1451,1483),(1450,1483,1482),(1451,1452,1484),(1451,1484,1483),(1452,1453,1485),(1452,1485,1484),(1453,1454,1486),(1453,1486,1485),(1454,1455,1487),(1454,1487,1486),(1455,1456,1488),(1455,1488,1487),(1456,1457,1489),(1456,1489,1488),(1457,1458,1490),(1457,1490,1489),(1458,1459,1491),(1458,1491,1490),(1459,1460,1492),(1459,1492,1491),(1460,1461,1493),(1460,1493,1492),(1461,1462,1494),(1461,1494,1493),(1462,1463,1495),(1462,1495,1494),(1463,1464,1496),(1463,1496,1495),(1464,1465,1497),(1464,1497,1496),(1465,1466,1498),(1465,1498,1497),(1466,1467,1499),(1466,1499,1498),(1467,1468,1500),(1467,1500,1499),(1468,1469,1501),(1468,1501,1500),(1469,1470,1502),(1469,1502,1501),(1470,1471,1503),(1470,1503,1502),(1471,1472,1504),(1471,1504,1503),(1472,1441,1473),(1472,1473,1504),(1473,1474,1506),(1473,1506,1505),(1474,1475,1507),(1474,1507,1506),(1475,1476,1508),(1475,1508,1507),(1476,1477,1509),(1476,1509,1508),(1477,1478,1510),(1477,1510,1509),(1478,1479,1511),(1478,1511,1510),(1479,1480,1512),(1479,1512,1511),(1480,1481,1513),(1480,1513,1512),(1481,1482,1514),(1481,1514,1513),(1482,1483,1515),(1482,1515,1514),(1483,1484,1516),(1483,1516,1515),(1484,1485,1517),(1484,1517,1516),(1485,1486,1518),(1485,1518,1517),(1486,1487,1519),(1486,1519,1518),(1487,1488,1520),(1487,1520,1519),(1488,1489,1521),(1488,1521,1520),(1489,1490,1522),(1489,1522,1521),(1490,1491,1523),(1490,1523,1522),(1491,1492,1524),(1491,1524,1523),(1492,1493,1525),(1492,1525,1524),(1493,1494,1526),(1493,1526,1525),(1494,1495,1527),(1494,1527,1526),(1495,1496,1528),(1495,1528,1527),(1496,1497,1529),(1496,1529,1528),(1497,1498,1530),(1497,1530,1529),(1498,1499,1531),(1498,1531,1530),(1499,1500,1532),(1499,1532,1531),(1500,1501,1533),(1500,1533,1532),(1501,1502,1534),(1501,1534,1533),(1502,1503,1535),(1502,1535,1534),(1503,1504,1536),(1503,1536,1535),(1504,1473,1505),(1504,1505,1536),(1505,1506,1538),(1505,1538,1537),(1506,1507,1539),(1506,1539,1538),(1507,1508,1540),(1507,1540,1539),(1508,1509,1541),(1508,1541,1540),(1509,1510,1542),(1509,1542,1541),(1510,1511,1543),(1510,1543,1542),(1511,1512,1544),(1511,1544,1543),(1512,1513,1545),(1512,1545,1544),(1513,1514,1546),(1513,1546,1545),(1514,1515,1547),(1514,1547,1546),(1515,1516,1548),(1515,1548,1547),(1516,1517,1549),(1516,1549,1548),(1517,1518,1550),(1517,1550,1549),(1518,1519,1551),(1518,1551,1550),(1519,1520,1552),(1519,1552,1551),(1520,1521,1553),(1520,1553,1552),(1521,1522,1554),(1521,1554,1553),(1522,1523,1555),(1522,1555,1554),(1523,1524,1556),(1523,1556,1555),(1524,1525,1557),(1524,1557,1556),(1525,1526,1558),(1525,1558,1557),(1526,1527,1559),(1526,1559,1558),(1527,1528,1560),(1527,1560,1559),(1528,1529,1561),(1528,1561,1560),(1529,1530,1562),(1529,1562,1561),(1530,1531,1563),(1530,1563,1562),(1531,1532,1564),(1531,1564,1563),(1532,1533,1565),(1532,1565,1564),(1533,1534,1566),(1533,1566,1565),(1534,1535,1567),(1534,1567,1566),(1535,1536,1568),(1535,1568,1567),(1536,1505,1537),(1536,1537,1568),(1537,1538,1570),(1537,1570,1569),(1538,1539,1571),(1538,1571,1570),(1539,1540,1572),(1539,1572,1571),(1540,1541,1573),(1540,1573,1572),(1541,1542,1574),(1541,1574,1573),(1542,1543,1575),(1542,1575,1574),(1543,1544,1576),(1543,1576,1575),(1544,1545,1577),(1544,1577,1576),(1545,1546,1578),(1545,1578,1577),(1546,1547,1579),(1546,1579,1578),(1547,1548,1580),(1547,1580,1579),(1548,1549,1581),(1548,1581,1580),(1549,1550,1582),(1549,1582,1581),(1550,1551,1583),(1550,1583,1582),(1551,1552,1584),(1551,1584,1583),(1552,1553,1585),(1552,1585,1584),(1553,1554,1586),(1553,1586,1585),(1554,1555,1587),(1554,1587,1586),(1555,1556,1588),(1555,1588,1587),(1556,1557,1589),(1556,1589,1588),(1557,1558,1590),(1557,1590,1589),(1558,1559,1591),(1558,1591,1590),(1559,1560,1592),(1559,1592,1591),(1560,1561,1593),(1560,1593,1592),(1561,1562,1594),(1561,1594,1593),(1562,1563,1595),(1562,1595,1594),(1563,1564,1596),(1563,1596,1595),(1564,1565,1597),(1564,1597,1596),(1565,1566,1598),(1565,1598,1597),(1566,1567,1599),(1566,1599,1598),(1567,1568,1600),(1567,1600,1599),(1568,1537,1569),(1568,1569,1600),(1569,1570,1602),(1569,1602,1601),(1570,1571,1603),(1570,1603,1602),(1571,1572,1604),(1571,1604,1603),(1572,1573,1605),(1572,1605,1604),(1573,1574,1606),(1573,1606,1605),(1574,1575,1607),(1574,1607,1606),(1575,1576,1608),(1575,1608,1607),(1576,1577,1609),(1576,1609,1608),(1577,1578,1610),(1577,1610,1609),(1578,1579,1611),(1578,1611,1610),(1579,1580,1612),(1579,1612,1611),(1580,1581,1613),(1580,1613,1612),(1581,1582,1614),(1581,1614,1613),(1582,1583,1615),(1582,1615,1614),(1583,1584,1616),(1583,1616,1615),(1584,1585,1617),(1584,1617,1616),(1585,1586,1618),(1585,1618,1617),(1586,1587,1619),(1586,1619,1618),(1587,1588,1620),(1587,1620,1619),(1588,1589,1621),(1588,1621,1620),(1589,1590,1622),(1589,1622,1621),(1590,1591,1623),(1590,1623,1622),(1591,1592,1624),(1591,1624,1623),(1592,1593,1625),(1592,1625,1624),(1593,1594,1626),(1593,1626,1625),(1594,1595,1627),(1594,1627,1626),(1595,1596,1628),(1595,1628,1627),(1596,1597,1629),(1596,1629,1628),(1597,1598,1630),(1597,1630,1629),(1598,1599,1631),(1598,1631,1630),(1599,1600,1632),(1599,1632,1631),(1600,1569,1601),(1600,1601,1632),(1601,1602,1634),(1601,1634,1633),(1602,1603,1635),(1602,1635,1634),(1603,1604,1636),(1603,1636,1635),(1604,1605,1637),(1604,1637,1636),(1605,1606,1638),(1605,1638,1637),(1606,1607,1639),(1606,1639,1638),(1607,1608,1640),(1607,1640,1639),(1608,1609,1641),(1608,1641,1640),(1609,1610,1642),(1609,1642,1641),(1610,1611,1643),(1610,1643,1642),(1611,1612,1644),(1611,1644,1643),(1612,1613,1645),(1612,1645,1644),(1613,1614,1646),(1613,1646,1645),(1614,1615,1647),(1614,1647,1646),(1615,1616,1648),(1615,1648,1647),(1616,1617,1649),(1616,1649,1648),(1617,1618,1650),(1617,1650,1649),(1618,1619,1651),(1618,1651,1650),(1619,1620,1652),(1619,1652,1651),(1620,1621,1653),(1620,1653,1652),(1621,1622,1654),(1621,1654,1653),(1622,1623,1655),(1622,1655,1654),(1623,1624,1656),(1623,1656,1655),(1624,1625,1657),(1624,1657,1656),(1625,1626,1658),(1625,1658,1657),(1626,1627,1659),(1626,1659,1658),(1627,1628,1660),(1627,1660,1659),(1628,1629,1661),(1628,1661,1660),(1629,1630,1662),(1629,1662,1661),(1630,1631,1663),(1630,1663,1662),(1631,1632,1664),(1631,1664,1663),(1632,1601,1633),(1632,1633,1664),(1633,1634,1666),(1633,1666,1665),(1634,1635,1667),(1634,1667,1666),(1635,1636,1668),(1635,1668,1667),(1636,1637,1669),(1636,1669,1668),(1637,1638,1670),(1637,1670,1669),(1638,1639,1671),(1638,1671,1670),(1639,1640,1672),(1639,1672,1671),(1640,1641,1673),(1640,1673,1672),(1641,1642,1674),(1641,1674,1673),(1642,1643,1675),(1642,1675,1674),(1643,1644,1676),(1643,1676,1675),(1644,1645,1677),(1644,1677,1676),(1645,1646,1678),(1645,1678,1677),(1646,1647,1679),(1646,1679,1678),(1647,1648,1680),(1647,1680,1679),(1648,1649,1681),(1648,1681,1680),(1649,1650,1682),(1649,1682,1681),(1650,1651,1683),(1650,1683,1682),(1651,1652,1684),(1651,1684,1683),(1652,1653,1685),(1652,1685,1684),(1653,1654,1686),(1653,1686,1685),(1654,1655,1687),(1654,1687,1686),(1655,1656,1688),(1655,1688,1687),(1656,1657,1689),(1656,1689,1688),(1657,1658,1690),(1657,1690,1689),(1658,1659,1691),(1658,1691,1690),(1659,1660,1692),(1659,1692,1691),(1660,1661,1693),(1660,1693,1692),(1661,1662,1694),(1661,1694,1693),(1662,1663,1695),(1662,1695,1694),(1663,1664,1696),(1663,1696,1695),(1664,1633,1665),(1664,1665,1696),(1665,1666,1698),(1665,1698,1697),(1666,1667,1699),(1666,1699,1698),(1667,1668,1700),(1667,1700,1699),(1668,1669,1701),(1668,1701,1700),(1669,1670,1702),(1669,1702,1701),(1670,1671,1703),(1670,1703,1702),(1671,1672,1704),(1671,1704,1703),(1672,1673,1705),(1672,1705,1704),(1673,1674,1706),(1673,1706,1705),(1674,1675,1707),(1674,1707,1706),(1675,1676,1708),(1675,1708,1707),(1676,1677,1709),(1676,1709,1708),(1677,1678,1710),(1677,1710,1709),(1678,1679,1711),(1678,1711,1710),(1679,1680,1712),(1679,1712,1711),(1680,1681,1713),(1680,1713,1712),(1681,1682,1714),(1681,1714,1713),(1682,1683,1715),(1682,1715,1714),(1683,1684,1716),(1683,1716,1715),(1684,1685,1717),(1684,1717,1716),(1685,1686,1718),(1685,1718,1717),(1686,1687,1719),(1686,1719,1718),(1687,1688,1720),(1687,1720,1719),(1688,1689,1721),(1688,1721,1720),(1689,1690,1722),(1689,1722,1721),(1690,1691,1723),(1690,1723,1722),(1691,1692,1724),(1691,1724,1723),(1692,1693,1725),(1692,1725,1724),(1693,1694,1726),(1693,1726,1725),(1694,1695,1727),(1694,1727,1726),(1695,1696,1728),(1695,1728,1727),(1696,1665,1697),(1696,1697,1728),(1697,1698,1730),(1697,1730,1729),(1698,1699,1731),(1698,1731,1730),(1699,1700,1732),(1699,1732,1731),(1700,1701,1733),(1700,1733,1732),(1701,1702,1734),(1701,1734,1733),(1702,1703,1735),(1702,1735,1734),(1703,1704,1736),(1703,1736,1735),(1704,1705,1737),(1704,1737,1736),(1705,1706,1738),(1705,1738,1737),(1706,1707,1739),(1706,1739,1738),(1707,1708,1740),(1707,1740,1739),(1708,1709,1741),(1708,1741,1740),(1709,1710,1742),(1709,1742,1741),(1710,1711,1743),(1710,1743,1742),(1711,1712,1744),(1711,1744,1743),(1712,1713,1745),(1712,1745,1744),(1713,1714,1746),(1713,1746,1745),(1714,1715,1747),(1714,1747,1746),(1715,1716,1748),(1715,1748,1747),(1716,1717,1749),(1716,1749,1748),(1717,1718,1750),(1717,1750,1749),(1718,1719,1751),(1718,1751,1750),(1719,1720,1752),(1719,1752,1751),(1720,1721,1753),(1720,1753,1752),(1721,1722,1754),(1721,1754,1753),(1722,1723,1755),(1722,1755,1754),(1723,1724,1756),(1723,1756,1755),(1724,1725,1757),(1724,1757,1756),(1725,1726,1758),(1725,1758,1757),(1726,1727,1759),(1726,1759,1758),(1727,1728,1760),(1727,1760,1759),(1728,1697,1729),(1728,1729,1760),(1729,1730,1762),(1729,1762,1761),(1730,1731,1763),(1730,1763,1762),(1731,1732,1764),(1731,1764,1763),(1732,1733,1765),(1732,1765,1764),(1733,1734,1766),(1733,1766,1765),(1734,1735,1767),(1734,1767,1766),(1735,1736,1768),(1735,1768,1767),(1736,1737,1769),(1736,1769,1768),(1737,1738,1770),(1737,1770,1769),(1738,1739,1771),(1738,1771,1770),(1739,1740,1772),(1739,1772,1771),(1740,1741,1773),(1740,1773,1772),(1741,1742,1774),(1741,1774,1773),(1742,1743,1775),(1742,1775,1774),(1743,1744,1776),(1743,1776,1775),(1744,1745,1777),(1744,1777,1776),(1745,1746,1778),(1745,1778,1777),(1746,1747,1779),(1746,1779,1778),(1747,1748,1780),(1747,1780,1779),(1748,1749,1781),(1748,1781,1780),(1749,1750,1782),(1749,1782,1781),(1750,1751,1783),(1750,1783,1782),(1751,1752,1784),(1751,1784,1783),(1752,1753,1785),(1752,1785,1784),(1753,1754,1786),(1753,1786,1785),(1754,1755,1787),(1754,1787,1786),(1755,1756,1788),(1755,1788,1787),(1756,1757,1789),(1756,1789,1788),(1757,1758,1790),(1757,1790,1789),(1758,1759,1791),(1758,1791,1790),(1759,1760,1792),(1759,1792,1791),(1760,1729,1761),(1760,1761,1792),(1761,1762,1794),(1761,1794,1793),(1762,1763,1795),(1762,1795,1794),(1763,1764,1796),(1763,1796,1795),(1764,1765,1797),(1764,1797,1796),(1765,1766,1798),(1765,1798,1797),(1766,1767,1799),(1766,1799,1798),(1767,1768,1800),(1767,1800,1799),(1768,1769,1801),(1768,1801,1800),(1769,1770,1802),(1769,1802,1801),(1770,1771,1803),(1770,1803,1802),(1771,1772,1804),(1771,1804,1803),(1772,1773,1805),(1772,1805,1804),(1773,1774,1806),(1773,1806,1805),(1774,1775,1807),(1774,1807,1806),(1775,1776,1808),(1775,1808,1807),(1776,1777,1809),(1776,1809,1808),(1777,1778,1810),(1777,1810,1809),(1778,1779,1811),(1778,1811,1810),(1779,1780,1812),(1779,1812,1811),(1780,1781,1813),(1780,1813,1812),(1781,1782,1814),(1781,1814,1813),(1782,1783,1815),(1782,1815,1814),(1783,1784,1816),(1783,1816,1815),(1784,1785,1817),(1784,1817,1816),(1785,1786,1818),(1785,1818,1817),(1786,1787,1819),(1786,1819,1818),(1787,1788,1820),(1787,1820,1819),(1788,1789,1821),(1788,1821,1820),(1789,1790,1822),(1789,1822,1821),(1790,1791,1823),(1790,1823,1822),(1791,1792,1824),(1791,1824,1823),(1792,1761,1793),(1792,1793,1824),(1793,1794,1826),(1793,1826,1825),(1794,1795,1827),(1794,1827,1826),(1795,1796,1828),(1795,1828,1827),(1796,1797,1829),(1796,1829,1828),(1797,1798,1830),(1797,1830,1829),(1798,1799,1831),(1798,1831,1830),(1799,1800,1832),(1799,1832,1831),(1800,1801,1833),(1800,1833,1832),(1801,1802,1834),(1801,1834,1833),(1802,1803,1835),(1802,1835,1834),(1803,1804,1836),(1803,1836,1835),(1804,1805,1837),(1804,1837,1836),(1805,1806,1838),(1805,1838,1837),(1806,1807,1839),(1806,1839,1838),(1807,1808,1840),(1807,1840,1839),(1808,1809,1841),(1808,1841,1840),(1809,1810,1842),(1809,1842,1841),(1810,1811,1843),(1810,1843,1842),(1811,1812,1844),(1811,1844,1843),(1812,1813,1845),(1812,1845,1844),(1813,1814,1846),(1813,1846,1845),(1814,1815,1847),(1814,1847,1846),(1815,1816,1848),(1815,1848,1847),(1816,1817,1849),(1816,1849,1848),(1817,1818,1850),(1817,1850,1849),(1818,1819,1851),(1818,1851,1850),(1819,1820,1852),(1819,1852,1851),(1820,1821,1853),(1820,1853,1852),(1821,1822,1854),(1821,1854,1853),(1822,1823,1855),(1822,1855,1854),(1823,1824,1856),(1823,1856,1855),(1824,1793,1825),(1824,1825,1856),(1825,1826,1858),(1825,1858,1857),(1826,1827,1859),(1826,1859,1858),(1827,1828,1860),(1827,1860,1859),(1828,1829,1861),(1828,1861,1860),(1829,1830,1862),(1829,1862,1861),(1830,1831,1863),(1830,1863,1862),(1831,1832,1864),(1831,1864,1863),(1832,1833,1865),(1832,1865,1864),(1833,1834,1866),(1833,1866,1865),(1834,1835,1867),(1834,1867,1866),(1835,1836,1868),(1835,1868,1867),(1836,1837,1869),(1836,1869,1868),(1837,1838,1870),(1837,1870,1869),(1838,1839,1871),(1838,1871,1870),(1839,1840,1872),(1839,1872,1871),(1840,1841,1873),(1840,1873,1872),(1841,1842,1874),(1841,1874,1873),(1842,1843,1875),(1842,1875,1874),(1843,1844,1876),(1843,1876,1875),(1844,1845,1877),(1844,1877,1876),(1845,1846,1878),(1845,1878,1877),(1846,1847,1879),(1846,1879,1878),(1847,1848,1880),(1847,1880,1879),(1848,1849,1881),(1848,1881,1880),(1849,1850,1882),(1849,1882,1881),(1850,1851,1883),(1850,1883,1882),(1851,1852,1884),(1851,1884,1883),(1852,1853,1885),(1852,1885,1884),(1853,1854,1886),(1853,1886,1885),(1854,1855,1887),(1854,1887,1886),(1855,1856,1888),(1855,1888,1887),(1856,1825,1857),(1856,1857,1888),(1857,1858,1890),(1857,1890,1889),(1858,1859,1891),(1858,1891,1890),(1859,1860,1892),(1859,1892,1891),(1860,1861,1893),(1860,1893,1892),(1861,1862,1894),(1861,1894,1893),(1862,1863,1895),(1862,1895,1894),(1863,1864,1896),(1863,1896,1895),(1864,1865,1897),(1864,1897,1896),(1865,1866,1898),(1865,1898,1897),(1866,1867,1899),(1866,1899,1898),(1867,1868,1900),(1867,1900,1899),(1868,1869,1901),(1868,1901,1900),(1869,1870,1902),(1869,1902,1901),(1870,1871,1903),(1870,1903,1902),(1871,1872,1904),(1871,1904,1903),(1872,1873,1905),(1872,1905,1904),(1873,1874,1906),(1873,1906,1905),(1874,1875,1907),(1874,1907,1906),(1875,1876,1908),(1875,1908,1907),(1876,1877,1909),(1876,1909,1908),(1877,1878,1910),(1877,1910,1909),(1878,1879,1911),(1878,1911,1910),(1879,1880,1912),(1879,1912,1911),(1880,1881,1913),(1880,1913,1912),(1881,1882,1914),(1881,1914,1913),(1882,1883,1915),(1882,1915,1914),(1883,1884,1916),(1883,1916,1915),(1884,1885,1917),(1884,1917,1916),(1885,1886,1918),(1885,1918,1917),(1886,1887,1919),(1886,1919,1918),(1887,1888,1920),(1887,1920,1919),(1888,1857,1889),(1888,1889,1920),(1889,1890,1922),(1889,1922,1921),(1890,1891,1923),(1890,1923,1922),(1891,1892,1924),(1891,1924,1923),(1892,1893,1925),(1892,1925,1924),(1893,1894,1926),(1893,1926,1925),(1894,1895,1927),(1894,1927,1926),(1895,1896,1928),(1895,1928,1927),(1896,1897,1929),(1896,1929,1928),(1897,1898,1930),(1897,1930,1929),(1898,1899,1931),(1898,1931,1930),(1899,1900,1932),(1899,1932,1931),(1900,1901,1933),(1900,1933,1932),(1901,1902,1934),(1901,1934,1933),(1902,1903,1935),(1902,1935,1934),(1903,1904,1936),(1903,1936,1935),(1904,1905,1937),(1904,1937,1936),(1905,1906,1938),(1905,1938,1937),(1906,1907,1939),(1906,1939,1938),(1907,1908,1940),(1907,1940,1939),(1908,1909,1941),(1908,1941,1940),(1909,1910,1942),(1909,1942,1941),(1910,1911,1943),(1910,1943,1942),(1911,1912,1944),(1911,1944,1943),(1912,1913,1945),(1912,1945,1944),(1913,1914,1946),(1913,1946,1945),(1914,1915,1947),(1914,1947,1946),(1915,1916,1948),(1915,1948,1947),(1916,1917,1949),(1916,1949,1948),(1917,1918,1950),(1917,1950,1949),(1918,1919,1951),(1918,1951,1950),(1919,1920,1952),(1919,1952,1951),(1920,1889,1921),(1920,1921,1952),(1921,1922,1954),(1921,1954,1953),(1922,1923,1955),(1922,1955,1954),(1923,1924,1956),(1923,1956,1955),(1924,1925,1957),(1924,1957,1956),(1925,1926,1958),(1925,1958,1957),(1926,1927,1959),(1926,1959,1958),(1927,1928,1960),(1927,1960,1959),(1928,1929,1961),(1928,1961,1960),(1929,1930,1962),(1929,1962,1961),(1930,1931,1963),(1930,1963,1962),(1931,1932,1964),(1931,1964,1963),(1932,1933,1965),(1932,1965,1964),(1933,1934,1966),(1933,1966,1965),(1934,1935,1967),(1934,1967,1966),(1935,1936,1968),(1935,1968,1967),(1936,1937,1969),(1936,1969,1968),(1937,1938,1970),(1937,1970,1969),(1938,1939,1971),(1938,1971,1970),(1939,1940,1972),(1939,1972,1971),(1940,1941,1973),(1940,1973,1972),(1941,1942,1974),(1941,1974,1973),(1942,1943,1975),(1942,1975,1974),(1943,1944,1976),(1943,1976,1975),(1944,1945,1977),(1944,1977,1976),(1945,1946,1978),(1945,1978,1977),(1946,1947,1979),(1946,1979,1978),(1947,1948,1980),(1947,1980,1979),(1948,1949,1981),(1948,1981,1980),(1949,1950,1982),(1949,1982,1981),(1950,1951,1983),(1950,1983,1982),(1951,1952,1984),(1951,1984,1983),(1952,1921,1953),(1952,1953,1984),(1953,1954,1986),(1953,1986,1985),(1954,1955,1987),(1954,1987,1986),(1955,1956,1988),(1955,1988,1987),(1956,1957,1989),(1956,1989,1988),(1957,1958,1990),(1957,1990,1989),(1958,1959,1991),(1958,1991,1990),(1959,1960,1992),(1959,1992,1991),(1960,1961,1993),(1960,1993,1992),(1961,1962,1994),(1961,1994,1993),(1962,1963,1995),(1962,1995,1994),(1963,1964,1996),(1963,1996,1995),(1964,1965,1997),(1964,1997,1996),(1965,1966,1998),(1965,1998,1997),(1966,1967,1999),(1966,1999,1998),(1967,1968,2000),(1967,2000,1999),(1968,1969,2001),(1968,2001,2000),(1969,1970,2002),(1969,2002,2001),(1970,1971,2003),(1970,2003,2002),(1971,1972,2004),(1971,2004,2003),(1972,1973,2005),(1972,2005,2004),(1973,1974,2006),(1973,2006,2005),(1974,1975,2007),(1974,2007,2006),(1975,1976,2008),(1975,2008,2007),(1976,1977,2009),(1976,2009,2008),(1977,1978,2010),(1977,2010,2009),(1978,1979,2011),(1978,2011,2010),(1979,1980,2012),(1979,2012,2011),(1980,1981,2013),(1980,2013,2012),(1981,1982,2014),(1981,2014,2013),(1982,1983,2015),(1982,2015,2014),(1983,1984,2016),(1983,2016,2015),(1984,1953,1985),(1984,1985,2016),(1985,1986,2018),(1985,2018,2017),(1986,1987,2019),(1986,2019,2018),(1987,1988,2020),(1987,2020,2019),(1988,1989,2021),(1988,2021,2020),(1989,1990,2022),(1989,2022,2021),(1990,1991,2023),(1990,2023,2022),(1991,1992,2024),(1991,2024,2023),(1992,1993,2025),(1992,2025,2024),(1993,1994,2026),(1993,2026,2025),(1994,1995,2027),(1994,2027,2026),(1995,1996,2028),(1995,2028,2027),(1996,1997,2029),(1996,2029,2028),(1997,1998,2030),(1997,2030,2029),(1998,1999,2031),(1998,2031,2030),(1999,2000,2032),(1999,2032,2031),(2000,2001,2033),(2000,2033,2032),(2001,2002,2034),(2001,2034,2033),(2002,2003,2035),(2002,2035,2034),(2003,2004,2036),(2003,2036,2035),(2004,2005,2037),(2004,2037,2036),(2005,2006,2038),(2005,2038,2037),(2006,2007,2039),(2006,2039,2038),(2007,2008,2040),(2007,2040,2039),(2008,2009,2041),(2008,2041,2040),(2009,2010,2042),(2009,2042,2041),(2010,2011,2043),(2010,2043,2042),(2011,2012,2044),(2011,2044,2043),(2012,2013,2045),(2012,2045,2044),(2013,2014,2046),(2013,2046,2045),(2014,2015,2047),(2014,2047,2046),(2015,2016,2048),(2015,2048,2047),(2016,1985,2017),(2016,2017,2048),(2113,2114,2082),(2113,2082,2081),(2114,2115,2083),(2114,2083,2082),(2115,2116,2084),(2115,2084,2083),(2116,2117,2085),(2116,2085,2084),(2117,2118,2086),(2117,2086,2085),(2118,2119,2087),(2118,2087,2086),(2119,2120,2088),(2119,2088,2087),(2120,2121,2089),(2120,2089,2088),(2121,2122,2090),(2121,2090,2089),(2122,2123,2091),(2122,2091,2090),(2123,2124,2092),(2123,2092,2091),(2124,2125,2093),(2124,2093,2092),(2125,2126,2094),(2125,2094,2093),(2126,2127,2095),(2126,2095,2094),(2127,2128,2096),(2127,2096,2095),(2128,2129,2097),(2128,2097,2096),(2129,2130,2098),(2129,2098,2097),(2130,2131,2099),(2130,2099,2098),(2131,2132,2100),(2131,2100,2099),(2132,2133,2101),(2132,2101,2100),(2133,2134,2102),(2133,2102,2101),(2134,2135,2103),(2134,2103,2102),(2135,2136,2104),(2135,2104,2103),(2136,2137,2105),(2136,2105,2104),(2137,2138,2106),(2137,2106,2105),(2138,2139,2107),(2138,2107,2106),(2139,2140,2108),(2139,2108,2107),(2140,2141,2109),(2140,2109,2108),(2141,2142,2110),(2141,2110,2109),(2142,2143,2111),(2142,2111,2110),(2143,2144,2112),(2143,2112,2111),(2144,2113,2081),(2144,2081,2112),(2145,2146,2178),(2145,2178,2177),(2146,2147,2179),(2146,2179,2178),(2147,2148,2180),(2147,2180,2179),(2148,2149,2181),(2148,2181,2180),(2149,2150,2182),(2149,2182,2181),(2150,2151,2183),(2150,2183,2182),(2151,2152,2184),(2151,2184,2183),(2152,2153,2185),(2152,2185,2184),(2153,2154,2186),(2153,2186,2185),(2154,2155,2187),(2154,2187,2186),(2155,2156,2188),(2155,2188,2187),(2156,2157,2189),(2156,2189,2188),(2157,2158,2190),(2157,2190,2189),(2158,2159,2191),(2158,2191,2190),(2159,2160,2192),(2159,2192,2191),(2160,2161,2193),(2160,2193,2192),(2161,2162,2194),(2161,2194,2193),(2162,2163,2195),(2162,2195,2194),(2163,2164,2196),(2163,2196,2195),(2164,2165,2197),(2164,2197,2196),(2165,2166,2198),(2165,2198,2197),(2166,2167,2199),(2166,2199,2198),(2167,2168,2200),(2167,2200,2199),(2168,2169,2201),(2168,2201,2200),(2169,2170,2202),(2169,2202,2201),(2170,2171,2203),(2170,2203,2202),(2171,2172,2204),(2171,2204,2203),(2172,2173,2205),(2172,2205,2204),(2173,2174,2206),(2173,2206,2205),(2174,2175,2207),(2174,2207,2206),(2175,2176,2208),(2175,2208,2207),(2176,2145,2177),(2176,2177,2208)),$);
#734=IFCSHAPEREPRESENTATION(#12,'Body','Tessellation',(#733));
#735=IFCCARTESIANPOINT((0.,0.,0.));
#736=IFCDIRECTION((0.,0.,1.));
#737=IFCDIRECTION((1.,0.,0.));
#738=IFCAXIS2PLACEMENT3D(#735,#736,#737);
#739=IFCLOCALPLACEMENT(#17,#738);
#740=IFCPRODUCTDEFINITIONSHAPE($,$,(#734));
#741=IFCBUILDINGELEMENTPROXY('35ItHQE1HBhRBoGHi93B2w',$,'pipe_s_curve',$,$,#739,#740,$,$);
#742=IFCRELCONTAINEDINSPATIALSTRUCTURE('0rdmTA8p51yuVfEU4E5P9b',$,$,$,(#741),#18);
#743=IFCCOLOURRGB($,0.50196078431372548,0.50196078431372548,0.50196078431372548);
#744=IFCSURFACESTYLERENDERING(#743,0.,$,$,$,$,$,$,.FLAT.);
#745=IFCSURFACESTYLE($,.BOTH.,(#744));
#746=IFCSTYLEDITEM(#733,(#745),$);
ENDSEC;
END-ISO-10303-21;
