ISO-10303-21;
HEADER;
FILE_DESCRIPTION(('ViewDefinition [CoordinationView]'),'2;1');
FILE_NAME('','2026-06-06T11:27:11',(''),(''),'IfcOpenShell 0.8.5-1c5b825','IfcOpenShell 0.8.5-1c5b825','');
FILE_SCHEMA(('IFC4'));
ENDSEC;
DATA;
#1=IFCPROJECT('1PZcCur0zEYxwUxzeWKRSb',$,'Unnamed Project',$,$,$,$,(#11),#6);
#2=IFCSIUNIT(*,.LENGTHUNIT.,.MILLI.,.METRE.);
#3=IFCSIUNIT(*,.AREAUNIT.,$,.SQUARE_METRE.);
#4=IFCSIUNIT(*,.VOLUMEUNIT.,$,.CUBIC_METRE.);
#5=IFCSIUNIT(*,.PLANEANGLEUNIT.,$,.RADIAN.);
#6=IFCUNITASSIGNMENT((#4,#2,#3,#5));
#7=IFCCARTESIANPOINT((0.,0.,0.));
#8=IFCDIRECTION((0.,0.,1.));
#9=IFCDIRECTION((1.,0.,0.));
#10=IFCAXIS2PLACEMENT3D(#7,#8,#9);
#11=IFCGEOMETRICREPRESENTATIONCONTEXT($,'Model',3,1.0000000000000001E-05,#10,$);
#12=IFCGEOMETRICREPRESENTATIONSUBCONTEXT('Body','Model',*,*,*,*,#11,$,.MODEL_VIEW.,$);
#13=IFCCARTESIANPOINT((0.,0.,0.));
#14=IFCDIRECTION((0.,0.,1.));
#15=IFCDIRECTION((1.,0.,0.));
#16=IFCAXIS2PLACEMENT3D(#13,#14,#15);
#17=IFCLOCALPLACEMENT($,#16);
#18=IFCBUILDINGSTOREY('3$fAKtajL4sRsBczRAFRmr',$,'Storey',$,$,#17,$,$,$,$);
#19=IFCRELAGGREGATES('2o7307_GP2TOC8kva0b9uh',$,$,$,#1,(#18));
#20=IFCCARTESIANPOINT((0.,0.,0.));
#21=IFCCARTESIANPOINT((1500.,0.,0.));
#22=IFCPOLYLINE((#20,#21));
#23=IFCCOMPOSITECURVESEGMENT(.CONTSAMEGRADIENT.,.T.,#22);
#24=IFCCARTESIANPOINT((1500.,500.,0.));
#25=IFCDIRECTION((0.,0.,1.));
#26=IFCDIRECTION((0.,-1.,0.));
#27=IFCAXIS2PLACEMENT3D(#24,#25,#26);
#28=IFCCIRCLE(#27,500.);
#29=IFCTRIMMEDCURVE(#28,(IFCPARAMETERVALUE(0.)),(IFCPARAMETERVALUE(90.000000000000014)),.T.,.PARAMETER.);
#30=IFCCOMPOSITECURVESEGMENT(.CONTSAMEGRADIENT.,.T.,#29);
#31=IFCCARTESIANPOINT((2000.,500.,0.));
#32=IFCCARTESIANPOINT((2000.,2000.,0.));
#33=IFCPOLYLINE((#31,#32));
#34=IFCCOMPOSITECURVESEGMENT(.DISCONTINUOUS.,.T.,#33);
#35=IFCCOMPOSITECURVE((#23,#30,#34),.F.);
#36=IFCCARTESIANPOINT((0.,0.));
#37=IFCAXIS2PLACEMENT2D(#36,$);
#38=IFCCIRCLEHOLLOWPROFILEDEF(.AREA.,$,#37,57.149999999999999,6.2999999999999998);
#39=IFCCARTESIANPOINT((0.,0.));
#40=IFCAXIS2PLACEMENT2D(#39,$);
#41=IFCCIRCLEHOLLOWPROFILEDEF(.AREA.,$,#40,57.149999999999999,6.2999999999999998);
#42=IFCCARTESIANPOINT((0.,0.));
#43=IFCCARTESIANTRANSFORMATIONOPERATOR2D($,$,#42,$);
#44=IFCCARTESIANTRANSFORMATIONOPERATOR2DNONUNIFORM($,$,#42,1.0000856797663864,1.);
#45=IFCDERIVEDPROFILEDEF($,$,#41,#44,$);
#46=IFCCARTESIANPOINT((0.,0.));
#47=IFCAXIS2PLACEMENT2D(#46,$);
#48=IFCCIRCLEHOLLOWPROFILEDEF(.AREA.,$,#47,57.149999999999999,6.2999999999999998);
#49=IFCCARTESIANPOINT((0.,0.));
#50=IFCCARTESIANTRANSFORMATIONOPERATOR2D($,$,#49,$);
#51=IFCCARTESIANTRANSFORMATIONOPERATOR2DNONUNIFORM($,$,#49,1.0003427924908679,1.);
#52=IFCDERIVEDPROFILEDEF($,$,#48,#51,$);
#53=IFCCARTESIANPOINT((0.,0.));
#54=IFCAXIS2PLACEMENT2D(#53,$);
#55=IFCCIRCLEHOLLOWPROFILEDEF(.AREA.,$,#54,57.149999999999999,6.2999999999999998);
#56=IFCCARTESIANPOINT((0.,0.));
#57=IFCCARTESIANTRANSFORMATIONOPERATOR2D($,$,#56,$);
#58=IFCCARTESIANTRANSFORMATIONOPERATOR2DNONUNIFORM($,$,#56,1.0003427924908679,1.);
#59=IFCDERIVEDPROFILEDEF($,$,#55,#58,$);
#60=IFCCARTESIANPOINT((0.,0.));
#61=IFCAXIS2PLACEMENT2D(#60,$);
#62=IFCCIRCLEHOLLOWPROFILEDEF(.AREA.,$,#61,57.149999999999999,6.2999999999999998);
#63=IFCCARTESIANPOINT((0.,0.));
#64=IFCCARTESIANTRANSFORMATIONOPERATOR2D($,$,#63,$);
#65=IFCCARTESIANTRANSFORMATIONOPERATOR2DNONUNIFORM($,$,#63,1.0003427924908679,1.);
#66=IFCDERIVEDPROFILEDEF($,$,#62,#65,$);
#67=IFCCARTESIANPOINT((0.,0.));
#68=IFCAXIS2PLACEMENT2D(#67,$);
#69=IFCCIRCLEHOLLOWPROFILEDEF(.AREA.,$,#68,57.149999999999999,6.2999999999999998);
#70=IFCCARTESIANPOINT((0.,0.));
#71=IFCCARTESIANTRANSFORMATIONOPERATOR2D($,$,#70,$);
#72=IFCCARTESIANTRANSFORMATIONOPERATOR2DNONUNIFORM($,$,#70,1.0003427924908679,1.);
#73=IFCDERIVEDPROFILEDEF($,$,#69,#72,$);
#74=IFCCARTESIANPOINT((0.,0.));
#75=IFCAXIS2PLACEMENT2D(#74,$);
#76=IFCCIRCLEHOLLOWPROFILEDEF(.AREA.,$,#75,57.149999999999999,6.2999999999999998);
#77=IFCCARTESIANPOINT((0.,0.));
#78=IFCCARTESIANTRANSFORMATIONOPERATOR2D($,$,#77,$);
#79=IFCCARTESIANTRANSFORMATIONOPERATOR2DNONUNIFORM($,$,#77,1.0003427924908679,1.);
#80=IFCDERIVEDPROFILEDEF($,$,#76,#79,$);
#81=IFCCARTESIANPOINT((0.,0.));
#82=IFCAXIS2PLACEMENT2D(#81,$);
#83=IFCCIRCLEHOLLOWPROFILEDEF(.AREA.,$,#82,57.149999999999999,6.2999999999999998);
#84=IFCCARTESIANPOINT((0.,0.));
#85=IFCCARTESIANTRANSFORMATIONOPERATOR2D($,$,#84,$);
#86=IFCCARTESIANTRANSFORMATIONOPERATOR2DNONUNIFORM($,$,#84,1.0003427924908679,1.);
#87=IFCDERIVEDPROFILEDEF($,$,#83,#86,$);
#88=IFCCARTESIANPOINT((0.,0.));
#89=IFCAXIS2PLACEMENT2D(#88,$);
#90=IFCCIRCLEHOLLOWPROFILEDEF(.AREA.,$,#89,57.149999999999999,6.2999999999999998);
#91=IFCCARTESIANPOINT((0.,0.));
#92=IFCCARTESIANTRANSFORMATIONOPERATOR2D($,$,#91,$);
#93=IFCCARTESIANTRANSFORMATIONOPERATOR2DNONUNIFORM($,$,#91,1.0003427924908679,1.);
#94=IFCDERIVEDPROFILEDEF($,$,#90,#93,$);
#95=IFCCARTESIANPOINT((0.,0.));
#96=IFCAXIS2PLACEMENT2D(#95,$);
#97=IFCCIRCLEHOLLOWPROFILEDEF(.AREA.,$,#96,57.149999999999999,6.2999999999999998);
#98=IFCCARTESIANPOINT((0.,0.));
#99=IFCCARTESIANTRANSFORMATIONOPERATOR2D($,$,#98,$);
#100=IFCCARTESIANTRANSFORMATIONOPERATOR2DNONUNIFORM($,$,#98,1.0003427924908679,1.);
#101=IFCDERIVEDPROFILEDEF($,$,#97,#100,$);
#102=IFCCARTESIANPOINT((0.,0.));
#103=IFCAXIS2PLACEMENT2D(#102,$);
#104=IFCCIRCLEHOLLOWPROFILEDEF(.AREA.,$,#103,57.149999999999999,6.2999999999999998);
#105=IFCCARTESIANPOINT((0.,0.));
#106=IFCCARTESIANTRANSFORMATIONOPERATOR2D($,$,#105,$);
#107=IFCCARTESIANTRANSFORMATIONOPERATOR2DNONUNIFORM($,$,#105,1.0003427924908679,1.);
#108=IFCDERIVEDPROFILEDEF($,$,#104,#107,$);
#109=IFCCARTESIANPOINT((0.,0.));
#110=IFCAXIS2PLACEMENT2D(#109,$);
#111=IFCCIRCLEHOLLOWPROFILEDEF(.AREA.,$,#110,57.149999999999999,6.2999999999999998);
#112=IFCCARTESIANPOINT((0.,0.));
#113=IFCCARTESIANTRANSFORMATIONOPERATOR2D($,$,#112,$);
#114=IFCCARTESIANTRANSFORMATIONOPERATOR2DNONUNIFORM($,$,#112,1.0003427924908679,1.);
#115=IFCDERIVEDPROFILEDEF($,$,#111,#114,$);
#116=IFCCARTESIANPOINT((0.,0.));
#117=IFCAXIS2PLACEMENT2D(#116,$);
#118=IFCCIRCLEHOLLOWPROFILEDEF(.AREA.,$,#117,57.149999999999999,6.2999999999999998);
#119=IFCCARTESIANPOINT((0.,0.));
#120=IFCCARTESIANTRANSFORMATIONOPERATOR2D($,$,#119,$);
#121=IFCCARTESIANTRANSFORMATIONOPERATOR2DNONUNIFORM($,$,#119,1.0003427924908679,1.);
#122=IFCDERIVEDPROFILEDEF($,$,#118,#121,$);
#123=IFCCARTESIANPOINT((0.,0.));
#124=IFCAXIS2PLACEMENT2D(#123,$);
#125=IFCCIRCLEHOLLOWPROFILEDEF(.AREA.,$,#124,57.149999999999999,6.2999999999999998);
#126=IFCCARTESIANPOINT((0.,0.));
#127=IFCCARTESIANTRANSFORMATIONOPERATOR2D($,$,#126,$);
#128=IFCCARTESIANTRANSFORMATIONOPERATOR2DNONUNIFORM($,$,#126,1.0003427924908679,1.);
#129=IFCDERIVEDPROFILEDEF($,$,#125,#128,$);
#130=IFCCARTESIANPOINT((0.,0.));
#131=IFCAXIS2PLACEMENT2D(#130,$);
#132=IFCCIRCLEHOLLOWPROFILEDEF(.AREA.,$,#131,57.149999999999999,6.2999999999999998);
#133=IFCCARTESIANPOINT((0.,0.));
#134=IFCCARTESIANTRANSFORMATIONOPERATOR2D($,$,#133,$);
#135=IFCCARTESIANTRANSFORMATIONOPERATOR2DNONUNIFORM($,$,#133,1.0003427924908681,1.);
#136=IFCDERIVEDPROFILEDEF($,$,#132,#135,$);
#137=IFCCARTESIANPOINT((0.,0.));
#138=IFCAXIS2PLACEMENT2D(#137,$);
#139=IFCCIRCLEHOLLOWPROFILEDEF(.AREA.,$,#138,57.149999999999999,6.2999999999999998);
#140=IFCCARTESIANPOINT((0.,0.));
#141=IFCCARTESIANTRANSFORMATIONOPERATOR2D($,$,#140,$);
#142=IFCCARTESIANTRANSFORMATIONOPERATOR2DNONUNIFORM($,$,#140,1.0003427924908677,1.);
#143=IFCDERIVEDPROFILEDEF($,$,#139,#142,$);
#144=IFCCARTESIANPOINT((0.,0.));
#145=IFCAXIS2PLACEMENT2D(#144,$);
#146=IFCCIRCLEHOLLOWPROFILEDEF(.AREA.,$,#145,57.149999999999999,6.2999999999999998);
#147=IFCCARTESIANPOINT((0.,0.));
#148=IFCCARTESIANTRANSFORMATIONOPERATOR2D($,$,#147,$);
#149=IFCCARTESIANTRANSFORMATIONOPERATOR2DNONUNIFORM($,$,#147,1.0003427924908681,1.);
#150=IFCDERIVEDPROFILEDEF($,$,#146,#149,$);
#151=IFCCARTESIANPOINT((0.,0.));
#152=IFCAXIS2PLACEMENT2D(#151,$);
#153=IFCCIRCLEHOLLOWPROFILEDEF(.AREA.,$,#152,57.149999999999999,6.2999999999999998);
#154=IFCCARTESIANPOINT((0.,0.));
#155=IFCCARTESIANTRANSFORMATIONOPERATOR2D($,$,#154,$);
#156=IFCCARTESIANTRANSFORMATIONOPERATOR2DNONUNIFORM($,$,#154,1.0003427924908679,1.);
#157=IFCDERIVEDPROFILEDEF($,$,#153,#156,$);
#158=IFCCARTESIANPOINT((0.,0.));
#159=IFCAXIS2PLACEMENT2D(#158,$);
#160=IFCCIRCLEHOLLOWPROFILEDEF(.AREA.,$,#159,57.149999999999999,6.2999999999999998);
#161=IFCCARTESIANPOINT((0.,0.));
#162=IFCCARTESIANTRANSFORMATIONOPERATOR2D($,$,#161,$);
#163=IFCCARTESIANTRANSFORMATIONOPERATOR2DNONUNIFORM($,$,#161,1.0003427924908679,1.);
#164=IFCDERIVEDPROFILEDEF($,$,#160,#163,$);
#165=IFCCARTESIANPOINT((0.,0.));
#166=IFCAXIS2PLACEMENT2D(#165,$);
#167=IFCCIRCLEHOLLOWPROFILEDEF(.AREA.,$,#166,57.149999999999999,6.2999999999999998);
#168=IFCCARTESIANPOINT((0.,0.));
#169=IFCCARTESIANTRANSFORMATIONOPERATOR2D($,$,#168,$);
#170=IFCCARTESIANTRANSFORMATIONOPERATOR2DNONUNIFORM($,$,#168,1.0003427924908679,1.);
#171=IFCDERIVEDPROFILEDEF($,$,#167,#170,$);
#172=IFCCARTESIANPOINT((0.,0.));
#173=IFCAXIS2PLACEMENT2D(#172,$);
#174=IFCCIRCLEHOLLOWPROFILEDEF(.AREA.,$,#173,57.149999999999999,6.2999999999999998);
#175=IFCCARTESIANPOINT((0.,0.));
#176=IFCCARTESIANTRANSFORMATIONOPERATOR2D($,$,#175,$);
#177=IFCCARTESIANTRANSFORMATIONOPERATOR2DNONUNIFORM($,$,#175,1.0003427924908679,1.);
#178=IFCDERIVEDPROFILEDEF($,$,#174,#177,$);
#179=IFCCARTESIANPOINT((0.,0.));
#180=IFCAXIS2PLACEMENT2D(#179,$);
#181=IFCCIRCLEHOLLOWPROFILEDEF(.AREA.,$,#180,57.149999999999999,6.2999999999999998);
#182=IFCCARTESIANPOINT((0.,0.));
#183=IFCCARTESIANTRANSFORMATIONOPERATOR2D($,$,#182,$);
#184=IFCCARTESIANTRANSFORMATIONOPERATOR2DNONUNIFORM($,$,#182,1.0003427924908681,1.);
#185=IFCDERIVEDPROFILEDEF($,$,#181,#184,$);
#186=IFCCARTESIANPOINT((0.,0.));
#187=IFCAXIS2PLACEMENT2D(#186,$);
#188=IFCCIRCLEHOLLOWPROFILEDEF(.AREA.,$,#187,57.149999999999999,6.2999999999999998);
#189=IFCCARTESIANPOINT((0.,0.));
#190=IFCCARTESIANTRANSFORMATIONOPERATOR2D($,$,#189,$);
#191=IFCCARTESIANTRANSFORMATIONOPERATOR2DNONUNIFORM($,$,#189,1.0003427924908679,1.);
#192=IFCDERIVEDPROFILEDEF($,$,#188,#191,$);
#193=IFCCARTESIANPOINT((0.,0.));
#194=IFCAXIS2PLACEMENT2D(#193,$);
#195=IFCCIRCLEHOLLOWPROFILEDEF(.AREA.,$,#194,57.149999999999999,6.2999999999999998);
#196=IFCCARTESIANPOINT((0.,0.));
#197=IFCCARTESIANTRANSFORMATIONOPERATOR2D($,$,#196,$);
#198=IFCCARTESIANTRANSFORMATIONOPERATOR2DNONUNIFORM($,$,#196,1.0003427924908681,1.);
#199=IFCDERIVEDPROFILEDEF($,$,#195,#198,$);
#200=IFCCARTESIANPOINT((0.,0.));
#201=IFCAXIS2PLACEMENT2D(#200,$);
#202=IFCCIRCLEHOLLOWPROFILEDEF(.AREA.,$,#201,57.149999999999999,6.2999999999999998);
#203=IFCCARTESIANPOINT((0.,0.));
#204=IFCCARTESIANTRANSFORMATIONOPERATOR2D($,$,#203,$);
#205=IFCCARTESIANTRANSFORMATIONOPERATOR2DNONUNIFORM($,$,#203,1.0003427924908679,1.);
#206=IFCDERIVEDPROFILEDEF($,$,#202,#205,$);
#207=IFCCARTESIANPOINT((0.,0.));
#208=IFCAXIS2PLACEMENT2D(#207,$);
#209=IFCCIRCLEHOLLOWPROFILEDEF(.AREA.,$,#208,57.149999999999999,6.2999999999999998);
#210=IFCCARTESIANPOINT((0.,0.));
#211=IFCCARTESIANTRANSFORMATIONOPERATOR2D($,$,#210,$);
#212=IFCCARTESIANTRANSFORMATIONOPERATOR2DNONUNIFORM($,$,#210,1.0003427924908679,1.);
#213=IFCDERIVEDPROFILEDEF($,$,#209,#212,$);
#214=IFCCARTESIANPOINT((0.,0.));
#215=IFCAXIS2PLACEMENT2D(#214,$);
#216=IFCCIRCLEHOLLOWPROFILEDEF(.AREA.,$,#215,57.149999999999999,6.2999999999999998);
#217=IFCCARTESIANPOINT((0.,0.));
#218=IFCCARTESIANTRANSFORMATIONOPERATOR2D($,$,#217,$);
#219=IFCCARTESIANTRANSFORMATIONOPERATOR2DNONUNIFORM($,$,#217,1.0003427924908681,1.);
#220=IFCDERIVEDPROFILEDEF($,$,#216,#219,$);
#221=IFCCARTESIANPOINT((0.,0.));
#222=IFCAXIS2PLACEMENT2D(#221,$);
#223=IFCCIRCLEHOLLOWPROFILEDEF(.AREA.,$,#222,57.149999999999999,6.2999999999999998);
#224=IFCCARTESIANPOINT((0.,0.));
#225=IFCCARTESIANTRANSFORMATIONOPERATOR2D($,$,#224,$);
#226=IFCCARTESIANTRANSFORMATIONOPERATOR2DNONUNIFORM($,$,#224,1.0003427924908679,1.);
#227=IFCDERIVEDPROFILEDEF($,$,#223,#226,$);
#228=IFCCARTESIANPOINT((0.,0.));
#229=IFCAXIS2PLACEMENT2D(#228,$);
#230=IFCCIRCLEHOLLOWPROFILEDEF(.AREA.,$,#229,57.149999999999999,6.2999999999999998);
#231=IFCCARTESIANPOINT((0.,0.));
#232=IFCCARTESIANTRANSFORMATIONOPERATOR2D($,$,#231,$);
#233=IFCCARTESIANTRANSFORMATIONOPERATOR2DNONUNIFORM($,$,#231,1.0003427924908679,1.);
#234=IFCDERIVEDPROFILEDEF($,$,#230,#233,$);
#235=IFCCARTESIANPOINT((0.,0.));
#236=IFCAXIS2PLACEMENT2D(#235,$);
#237=IFCCIRCLEHOLLOWPROFILEDEF(.AREA.,$,#236,57.149999999999999,6.2999999999999998);
#238=IFCCARTESIANPOINT((0.,0.));
#239=IFCCARTESIANTRANSFORMATIONOPERATOR2D($,$,#238,$);
#240=IFCCARTESIANTRANSFORMATIONOPERATOR2DNONUNIFORM($,$,#238,1.0003427924908681,1.);
#241=IFCDERIVEDPROFILEDEF($,$,#237,#240,$);
#242=IFCCARTESIANPOINT((0.,0.));
#243=IFCAXIS2PLACEMENT2D(#242,$);
#244=IFCCIRCLEHOLLOWPROFILEDEF(.AREA.,$,#243,57.149999999999999,6.2999999999999998);
#245=IFCCARTESIANPOINT((0.,0.));
#246=IFCCARTESIANTRANSFORMATIONOPERATOR2D($,$,#245,$);
#247=IFCCARTESIANTRANSFORMATIONOPERATOR2DNONUNIFORM($,$,#245,1.0003427924908679,1.);
#248=IFCDERIVEDPROFILEDEF($,$,#244,#247,$);
#249=IFCCARTESIANPOINT((0.,0.));
#250=IFCAXIS2PLACEMENT2D(#249,$);
#251=IFCCIRCLEHOLLOWPROFILEDEF(.AREA.,$,#250,57.149999999999999,6.2999999999999998);
#252=IFCCARTESIANPOINT((0.,0.));
#253=IFCCARTESIANTRANSFORMATIONOPERATOR2D($,$,#252,$);
#254=IFCCARTESIANTRANSFORMATIONOPERATOR2DNONUNIFORM($,$,#252,1.0000856797663864,1.);
#255=IFCDERIVEDPROFILEDEF($,$,#251,#254,$);
#256=IFCCARTESIANPOINT((0.,0.));
#257=IFCAXIS2PLACEMENT2D(#256,$);
#258=IFCCIRCLEHOLLOWPROFILEDEF(.AREA.,$,#257,57.149999999999999,6.2999999999999998);
#259=IFCCARTESIANPOINT((0.,0.,0.));
#260=IFCDIRECTION((1.,0.,0.));
#261=IFCDIRECTION((0.,1.,0.));
#262=IFCAXIS2PLACEMENT3D(#259,#260,#261);
#263=IFCCARTESIANPOINT((1500.,0.,0.));
#264=IFCDIRECTION((0.99990000000000001,0.013100000000000001,-0.));
#265=IFCDIRECTION((-0.013100000000000001,0.99990000000000001,0.));
#266=IFCAXIS2PLACEMENT3D(#263,#264,#265);
#267=IFCCARTESIANPOINT((1526.1679999999999,0.68520000000000003,0.));
#268=IFCDIRECTION((0.99860000000000004,0.052299999999999999,-0.));
#269=IFCDIRECTION((-0.052299999999999999,0.99860000000000004,0.));
#270=IFCAXIS2PLACEMENT3D(#267,#268,#269);
#271=IFCCARTESIANPOINT((1552.2642000000001,2.7391000000000001,0.));
#272=IFCDIRECTION((0.99450000000000005,0.1045,-0.));
#273=IFCDIRECTION((-0.1045,0.99450000000000005,0.));
#274=IFCAXIS2PLACEMENT3D(#271,#272,#273);
#275=IFCCARTESIANPOINT((1578.2172,6.1558000000000002,0.));
#276=IFCDIRECTION((0.98770000000000002,0.15640000000000001,-0.));
#277=IFCDIRECTION((-0.15640000000000001,0.98770000000000002,0.));
#278=IFCAXIS2PLACEMENT3D(#275,#276,#277);
#279=IFCCARTESIANPOINT((1603.9558,10.9262,0.));
#280=IFCDIRECTION((0.97809999999999997,0.2079,-0.));
#281=IFCDIRECTION((-0.2079,0.97809999999999997,0.));
#282=IFCAXIS2PLACEMENT3D(#279,#280,#281);
#283=IFCCARTESIANPOINT((1629.4095,17.037099999999999,0.));
#284=IFCDIRECTION((0.96589999999999998,0.25879999999999997,-0.));
#285=IFCDIRECTION((-0.25879999999999997,0.96589999999999998,0.));
#286=IFCAXIS2PLACEMENT3D(#283,#284,#285);
#287=IFCCARTESIANPOINT((1654.5084999999999,24.471699999999998,0.));
#288=IFCDIRECTION((0.95109999999999995,0.309,-0.));
#289=IFCDIRECTION((-0.309,0.95109999999999995,0.));
#290=IFCAXIS2PLACEMENT3D(#287,#288,#289);
#291=IFCCARTESIANPOINT((1679.184,33.209800000000001,0.));
#292=IFCDIRECTION((0.93359999999999999,0.3584,-0.));
#293=IFCDIRECTION((-0.3584,0.93359999999999999,0.));
#294=IFCAXIS2PLACEMENT3D(#291,#292,#293);
#295=IFCCARTESIANPOINT((1703.3683000000001,43.2273,0.));
#296=IFCDIRECTION((0.91349999999999998,0.40670000000000001,-0.));
#297=IFCDIRECTION((-0.40670000000000001,0.91349999999999998,0.));
#298=IFCAXIS2PLACEMENT3D(#295,#296,#297);
#299=IFCCARTESIANPOINT((1726.9952000000001,54.496699999999997,0.));
#300=IFCDIRECTION((0.89100000000000001,0.45400000000000001,-0.));
#301=IFCDIRECTION((-0.45400000000000001,0.89100000000000001,0.));
#302=IFCAXIS2PLACEMENT3D(#299,#300,#301);
#303=IFCCARTESIANPOINT((1750.,66.987300000000005,0.));
#304=IFCDIRECTION((0.86599999999999999,0.5,-0.));
#305=IFCDIRECTION((-0.5,0.86599999999999999,0.));
#306=IFCAXIS2PLACEMENT3D(#303,#304,#305);
#307=IFCCARTESIANPOINT((1772.3195000000001,80.664699999999996,0.));
#308=IFCDIRECTION((0.8387,0.54459999999999997,-0.));
#309=IFCDIRECTION((-0.54459999999999997,0.8387,0.));
#310=IFCAXIS2PLACEMENT3D(#307,#308,#309);
#311=IFCCARTESIANPOINT((1793.8925999999999,95.491500000000002,0.));
#312=IFCDIRECTION((0.80900000000000005,0.58779999999999999,-0.));
#313=IFCDIRECTION((-0.58779999999999999,0.80900000000000005,0.));
#314=IFCAXIS2PLACEMENT3D(#311,#312,#313);
#315=IFCCARTESIANPOINT((1814.6602,111.42700000000001,0.));
#316=IFCDIRECTION((0.77710000000000001,0.62929999999999997,-0.));
#317=IFCDIRECTION((-0.62929999999999997,0.77710000000000001,0.));
#318=IFCAXIS2PLACEMENT3D(#315,#316,#317);
#319=IFCCARTESIANPOINT((1834.5653,128.42760000000001,0.));
#320=IFCDIRECTION((0.74309999999999998,0.66910000000000003,-0.));
#321=IFCDIRECTION((-0.66910000000000003,0.74309999999999998,0.));
#322=IFCAXIS2PLACEMENT3D(#319,#320,#321);
#323=IFCCARTESIANPOINT((1853.5534,146.44659999999999,0.));
#324=IFCDIRECTION((0.70709999999999995,0.70709999999999995,-0.));
#325=IFCDIRECTION((-0.70709999999999995,0.70709999999999995,0.));
#326=IFCAXIS2PLACEMENT3D(#323,#324,#325);
#327=IFCCARTESIANPOINT((1871.5724,165.43469999999999,0.));
#328=IFCDIRECTION((0.66910000000000003,0.74309999999999998,-0.));
#329=IFCDIRECTION((-0.74309999999999998,0.66910000000000003,0.));
#330=IFCAXIS2PLACEMENT3D(#327,#328,#329);
#331=IFCCARTESIANPOINT((1888.5730000000001,185.3398,0.));
#332=IFCDIRECTION((0.62929999999999997,0.77710000000000001,-0.));
#333=IFCDIRECTION((-0.77710000000000001,0.62929999999999997,0.));
#334=IFCAXIS2PLACEMENT3D(#331,#332,#333);
#335=IFCCARTESIANPOINT((1904.5084999999999,206.10740000000001,0.));
#336=IFCDIRECTION((0.58779999999999999,0.80900000000000005,-0.));
#337=IFCDIRECTION((-0.80900000000000005,0.58779999999999999,0.));
#338=IFCAXIS2PLACEMENT3D(#335,#336,#337);
#339=IFCCARTESIANPOINT((1919.3353,227.68049999999999,0.));
#340=IFCDIRECTION((0.54459999999999997,0.8387,-0.));
#341=IFCDIRECTION((-0.8387,0.54459999999999997,0.));
#342=IFCAXIS2PLACEMENT3D(#339,#340,#341);
#343=IFCCARTESIANPOINT((1933.0127,250.,0.));
#344=IFCDIRECTION((0.5,0.86599999999999999,-0.));
#345=IFCDIRECTION((-0.86599999999999999,0.5,0.));
#346=IFCAXIS2PLACEMENT3D(#343,#344,#345);
#347=IFCCARTESIANPOINT((1945.5033000000001,273.00479999999999,0.));
#348=IFCDIRECTION((0.45400000000000001,0.89100000000000001,-0.));
#349=IFCDIRECTION((-0.89100000000000001,0.45400000000000001,0.));
#350=IFCAXIS2PLACEMENT3D(#347,#348,#349);
#351=IFCCARTESIANPOINT((1956.7727,296.63170000000002,0.));
#352=IFCDIRECTION((0.40670000000000001,0.91349999999999998,-0.));
#353=IFCDIRECTION((-0.91349999999999998,0.40670000000000001,0.));
#354=IFCAXIS2PLACEMENT3D(#351,#352,#353);
#355=IFCCARTESIANPOINT((1966.7901999999999,320.81599999999997,0.));
#356=IFCDIRECTION((0.3584,0.93359999999999999,-0.));
#357=IFCDIRECTION((-0.93359999999999999,0.3584,0.));
#358=IFCAXIS2PLACEMENT3D(#355,#356,#357);
#359=IFCCARTESIANPOINT((1975.5282999999999,345.49149999999997,0.));
#360=IFCDIRECTION((0.309,0.95109999999999995,-0.));
#361=IFCDIRECTION((-0.95109999999999995,0.309,0.));
#362=IFCAXIS2PLACEMENT3D(#359,#360,#361);
#363=IFCCARTESIANPOINT((1982.9629,370.59050000000002,0.));
#364=IFCDIRECTION((0.25879999999999997,0.96589999999999998,-0.));
#365=IFCDIRECTION((-0.96589999999999998,0.25879999999999997,0.));
#366=IFCAXIS2PLACEMENT3D(#363,#364,#365);
#367=IFCCARTESIANPOINT((1989.0737999999999,396.04419999999999,0.));
#368=IFCDIRECTION((0.2079,0.97809999999999997,-0.));
#369=IFCDIRECTION((-0.97809999999999997,0.2079,0.));
#370=IFCAXIS2PLACEMENT3D(#367,#368,#369);
#371=IFCCARTESIANPOINT((1993.8442,421.78280000000001,0.));
#372=IFCDIRECTION((0.15640000000000001,0.98770000000000002,-0.));
#373=IFCDIRECTION((-0.98770000000000002,0.15640000000000001,0.));
#374=IFCAXIS2PLACEMENT3D(#371,#372,#373);
#375=IFCCARTESIANPOINT((1997.2609,447.73579999999998,0.));
#376=IFCDIRECTION((0.1045,0.99450000000000005,-0.));
#377=IFCDIRECTION((-0.99450000000000005,0.1045,0.));
#378=IFCAXIS2PLACEMENT3D(#375,#376,#377);
#379=IFCCARTESIANPOINT((1999.3148000000001,473.83199999999999,0.));
#380=IFCDIRECTION((0.052299999999999999,0.99860000000000004,-0.));
#381=IFCDIRECTION((-0.99860000000000004,0.052299999999999999,0.));
#382=IFCAXIS2PLACEMENT3D(#379,#380,#381);
#383=IFCCARTESIANPOINT((2000.,500.,0.));
#384=IFCDIRECTION((0.013100000000000001,0.99990000000000001,-0.));
#385=IFCDIRECTION((-0.99990000000000001,0.013100000000000001,0.));
#386=IFCAXIS2PLACEMENT3D(#383,#384,#385);
#387=IFCCARTESIANPOINT((2000.,2000.,0.));
#388=IFCDIRECTION((0.,1.,-0.));
#389=IFCDIRECTION((-1.,0.,0.));
#390=IFCAXIS2PLACEMENT3D(#387,#388,#389);
#391=IFCCARTESIANPOINTLIST3D(((0.,57.149999999999999,0.),(0.,56.051900000000003,11.1494),(0.,52.799700000000001,21.8704),(0.,47.518500000000003,31.750800000000002),(0.,40.411200000000001,40.411200000000001),(0.,31.750800000000002,47.518500000000003),(0.,21.8704,52.799700000000001),(0.,11.1494,56.051900000000003),(0.,0.,57.149999999999999),(0.,-11.1494,56.051900000000003),(0.,-21.8704,52.799700000000001),(0.,-31.750800000000002,47.518500000000003),(0.,-40.411200000000001,40.411200000000001),(0.,-47.518500000000003,31.750800000000002),(0.,-52.799700000000001,21.8704),(0.,-56.051900000000003,11.1494),(0.,-57.149999999999999,0.),(0.,-56.051900000000003,-11.1494),(0.,-52.799700000000001,-21.8704),(0.,-47.518500000000003,-31.750800000000002),(0.,-40.411200000000001,-40.411200000000001),(0.,-31.750800000000002,-47.518500000000003),(0.,-21.8704,-52.799700000000001),(0.,-11.1494,-56.051900000000003),(0.,-0.,-57.149999999999999),(0.,11.1494,-56.051900000000003),(0.,21.8704,-52.799700000000001),(0.,31.750800000000002,-47.518500000000003),(0.,40.411200000000001,-40.411200000000001),(0.,47.518500000000003,-31.750800000000002),(0.,52.799700000000001,-21.8704),(0.,56.051900000000003,-11.1494),(0.,49.872900000000001,-9.9202999999999992),(0.,46.979300000000002,-19.459499999999998),(0.,42.280200000000001,-28.250699999999998),(0.,35.956400000000002,-35.956400000000002),(0.,28.250699999999998,-42.280200000000001),(0.,19.459499999999998,-46.979300000000002),(0.,9.9202999999999992,-49.872900000000001),(0.,-0.,-50.850000000000001),(0.,-9.9202999999999992,-49.872900000000001),(0.,-19.459499999999998,-46.979300000000002),(0.,-28.250699999999998,-42.280200000000001),(0.,-35.956400000000002,-35.956400000000002),(0.,-42.280200000000001,-28.250699999999998),(0.,-46.979300000000002,-19.459499999999998),(0.,-49.872900000000001,-9.9202999999999992),(0.,-50.850000000000001,0.),(0.,-49.872900000000001,9.9202999999999992),(0.,-46.979300000000002,19.459499999999998),(0.,-42.280200000000001,28.250699999999998),(0.,-35.956400000000002,35.956400000000002),(0.,-28.250699999999998,42.280200000000001),(0.,-19.459499999999998,46.979300000000002),(0.,-9.9202999999999992,49.872900000000001),(0.,0.,50.850000000000001),(0.,9.9202999999999992,49.872900000000001),(0.,19.459499999999998,46.979300000000002),(0.,28.250699999999998,42.280200000000001),(0.,35.956400000000002,35.956400000000002),(0.,42.280200000000001,28.250699999999998),(0.,46.979300000000002,19.459499999999998),(0.,49.872900000000001,9.9202999999999992),(0.,50.850000000000001,0.),(1499.2512999999999,57.149999999999999,0.),(1499.2655999999999,56.051900000000003,11.1494),(1499.3082999999999,52.799700000000001,21.8704),(1499.3774000000001,47.518500000000003,31.750800000000002),(1499.4706000000001,40.411099999999998,40.411200000000001),(1499.5840000000001,31.750800000000002,47.518500000000003),(1499.7135000000001,21.8704,52.799700000000001),(1499.8539000000001,11.1494,56.051900000000003),(1500.,0.,57.149999999999999),(1500.1460999999999,-11.1494,56.051900000000003),(1500.2864999999999,-21.8704,52.799700000000001),(1500.4159999999999,-31.750800000000002,47.518500000000003),(1500.5293999999999,-40.411099999999998,40.411200000000001),(1500.6225999999999,-47.518500000000003,31.750800000000002),(1500.6917000000001,-52.799700000000001,21.8704),(1500.7344000000001,-56.051900000000003,11.1494),(1500.7487000000001,-57.149999999999999,0.),(1500.7344000000001,-56.051900000000003,-11.1494),(1500.6917000000001,-52.799700000000001,-21.8704),(1500.6225999999999,-47.518500000000003,-31.750800000000002),(1500.5293999999999,-40.411099999999998,-40.411200000000001),(1500.4159999999999,-31.750800000000002,-47.518500000000003),(1500.2864999999999,-21.8704,-52.799700000000001),(1500.1460999999999,-11.1494,-56.051900000000003),(1500.,-0.,-57.149999999999999),(1499.8539000000001,11.1494,-56.051900000000003),(1499.7135000000001,21.8704,-52.799700000000001),(1499.5840000000001,31.750800000000002,-47.518500000000003),(1499.4706000000001,40.411099999999998,-40.411200000000001),(1499.3774000000001,47.518500000000003,-31.750800000000002),(1499.3082999999999,52.799700000000001,-21.8704),(1499.2655999999999,56.051900000000003,-11.1494),(1523.1778999999999,57.776499999999999,0.),(1523.2354,56.679600000000001,11.1494),(1523.4055000000001,53.430700000000002,21.8704),(1523.6819,48.154899999999998,31.750800000000002),(1524.0536999999999,41.054900000000004,40.411200000000001),(1524.5068000000001,32.403500000000001,47.518500000000003),(1525.0237999999999,22.533100000000001,52.799700000000001),(1525.5847000000001,11.8232,56.051900000000003),(1526.1679999999999,0.68520000000000003,57.149999999999999),(1526.7512999999999,-10.4528,56.051900000000003),(1527.3122000000001,-21.162700000000001,52.799700000000001),(1527.8291999999999,-31.033100000000001,47.518500000000003),(1528.2823000000001,-39.6845,40.411200000000001),(1528.6541,-46.784500000000001,31.750800000000002),(1528.9304999999999,-52.060299999999998,21.8704),(1529.1006,-55.309199999999997,11.1494),(1529.1581000000001,-56.406100000000002,0.),(1529.1006,-55.309199999999997,-11.1494),(1528.9304999999999,-52.060299999999998,-21.8704),(1528.6541,-46.784500000000001,-31.750800000000002),(1528.2823000000001,-39.6845,-40.411200000000001),(1527.8291999999999,-31.033100000000001,-47.518500000000003),(1527.3122000000001,-21.162700000000001,-52.799700000000001),(1526.7512999999999,-10.4528,-56.051900000000003),(1526.1679999999999,0.68520000000000003,-57.149999999999999),(1525.5847000000001,11.8232,-56.051900000000003),(1525.0237999999999,22.533100000000001,-52.799700000000001),(1524.5068000000001,32.403500000000001,-47.518500000000003),(1524.0536999999999,41.054900000000004,-40.411200000000001),(1523.6819,48.154899999999998,-31.750800000000002),(1523.4055000000001,53.430700000000002,-21.8704),(1523.2354,56.679600000000001,-11.1494),(1546.2898,59.595700000000001,0.),(1546.4046000000001,58.5032,11.1494),(1546.7446,55.267699999999998,21.8704),(1547.2967000000001,50.013599999999997,31.750800000000002),(1548.0397,42.942799999999998,40.411200000000001),(1548.9449999999999,34.326900000000002,47.518500000000003),(1549.9779000000001,24.497199999999999,52.799700000000001),(1551.0987,13.831300000000001,56.051900000000003),(1552.2642000000001,2.7391000000000001,57.149999999999999),(1553.4296999999999,-8.3530999999999995,56.051900000000003),(1554.5505000000001,-19.018999999999998,52.799700000000001),(1555.5834,-28.848700000000001,47.518500000000003),(1556.4887000000001,-37.464599999999997,40.411200000000001),(1557.2317,-44.535400000000003,31.750800000000002),(1557.7837999999999,-49.789499999999997,21.8704),(1558.1238000000001,-53.024999999999999,11.1494),(1558.2385999999999,-54.1175,0.),(1558.1238000000001,-53.024999999999999,-11.1494),(1557.7837999999999,-49.789499999999997,-21.8704),(1557.2317,-44.535400000000003,-31.750800000000002),(1556.4887000000001,-37.464599999999997,-40.411200000000001),(1555.5834,-28.848700000000001,-47.518500000000003),(1554.5505000000001,-19.018999999999998,-52.799700000000001),(1553.4296999999999,-8.3530999999999995,-56.051900000000003),(1552.2642000000001,2.7391000000000001,-57.149999999999999),(1551.0987,13.831300000000001,-56.051900000000003),(1549.9779000000001,24.497199999999999,-52.799700000000001),(1548.9449999999999,34.326900000000002,-47.518500000000003),(1548.0397,42.942799999999998,-40.411200000000001),(1547.2967000000001,50.013599999999997,-31.750800000000002),(1546.7446,55.267699999999998,-21.8704),(1546.4046000000001,58.5032,-11.1494),(1569.2759000000001,62.621899999999997,0.),(1569.4476999999999,61.536900000000003,11.1494),(1569.9565,58.323599999999999,21.8704),(1570.7828,53.105600000000003,31.750800000000002),(1571.8948,46.083300000000001,40.411200000000001),(1573.2497000000001,37.526699999999998,47.518500000000003),(1574.7954999999999,27.764399999999998,52.799700000000001),(1576.4728,17.171800000000001,56.051900000000003),(1578.2172,6.1558000000000002,57.149999999999999),(1579.9616000000001,-4.8601999999999999,56.051900000000003),(1581.6388999999999,-15.4528,52.799700000000001),(1583.1847,-25.2151,47.518500000000003),(1584.5396000000001,-33.771700000000003,40.411200000000001),(1585.6515999999999,-40.793999999999997,31.750800000000002),(1586.4779000000001,-46.012,21.8704),(1586.9866999999999,-49.225299999999997,11.1494),(1587.1585,-50.310299999999998,0.),(1586.9866999999999,-49.225299999999997,-11.1494),(1586.4779000000001,-46.012,-21.8704),(1585.6515999999999,-40.793999999999997,-31.750800000000002),(1584.5396000000001,-33.771700000000003,-40.411200000000001),(1583.1847,-25.2151,-47.518500000000003),(1581.6388999999999,-15.4528,-52.799700000000001),(1579.9616000000001,-4.8601999999999999,-56.051900000000003),(1578.2172,6.1558000000000002,-57.149999999999999),(1576.4728,17.171800000000001,-56.051900000000003),(1574.7954999999999,27.764399999999998,-52.799700000000001),(1573.2497000000001,37.526699999999998,-47.518500000000003),(1571.8948,46.083300000000001,-40.411200000000001),(1570.7828,53.105600000000003,-31.750800000000002),(1569.9565,58.323599999999999,-21.8704),(1569.4476999999999,61.536900000000003,-11.1494),(1592.0697,66.846500000000006,0.),(1592.298,65.772000000000006,11.1494),(1592.9744000000001,62.589799999999997,21.8704),(1594.0727999999999,57.422199999999997,31.750800000000002),(1595.5509999999999,50.467799999999997,40.411200000000001),(1597.3522,41.993899999999996,47.518500000000003),(1599.4072000000001,32.326000000000001,52.799700000000001),(1601.6369,21.835699999999999,56.051900000000003),(1603.9558,10.9262,57.149999999999999),(1606.2746999999999,0.0167,56.051900000000003),(1608.5044,-10.473599999999999,52.799700000000001),(1610.5594000000001,-20.141500000000001,47.518500000000003),(1612.3606,-28.615400000000001,40.411200000000001),(1613.8388,-35.569800000000001,31.750800000000002),(1614.9372000000001,-40.737400000000001,21.8704),(1615.6135999999999,-43.919600000000003,11.1494),(1615.8418999999999,-44.994100000000003,0.),(1615.6135999999999,-43.919600000000003,-11.1494),(1614.9372000000001,-40.737400000000001,-21.8704),(1613.8388,-35.569800000000001,-31.750800000000002),(1612.3606,-28.615400000000001,-40.411200000000001),(1610.5594000000001,-20.141500000000001,-47.518500000000003),(1608.5044,-10.473599999999999,-52.799700000000001),(1606.2746999999999,0.0167,-56.051900000000003),(1603.9558,10.9262,-57.149999999999999),(1601.6369,21.835699999999999,-56.051900000000003),(1599.4072000000001,32.326000000000001,-52.799700000000001),(1597.3522,41.993899999999996,-47.518500000000003),(1595.5509999999999,50.467799999999997,-40.411200000000001),(1594.0727999999999,57.422199999999997,-31.750800000000002),(1592.9744000000001,62.589799999999997,-21.8704),(1592.298,65.772000000000006,-11.1494),(1614.6135999999999,72.258899999999997,0.),(1614.8978999999999,71.197800000000001,11.1494),(1615.7398000000001,68.055400000000006,21.8704),(1617.1070999999999,62.952300000000001,31.750800000000002),(1618.9472000000001,56.084800000000001,40.411200000000001),(1621.1893,47.716700000000003,47.518500000000003),(1623.7473,38.169600000000003,52.799700000000001),(1626.5229999999999,27.810300000000002,56.051900000000003),(1629.4095,17.037099999999999,57.149999999999999),(1632.296,6.2638999999999996,56.051900000000003),(1635.0717,-4.0953999999999997,52.799700000000001),(1637.6297,-13.6425,47.518500000000003),(1639.8717999999999,-22.0106,40.411200000000001),(1641.7119,-28.8781,31.750800000000002),(1643.0791999999999,-33.981200000000001,21.8704),(1643.9211,-37.123600000000003,11.1494),(1644.2054000000001,-38.184699999999999,0.),(1643.9211,-37.123600000000003,-11.1494),(1643.0791999999999,-33.981200000000001,-21.8704),(1641.7119,-28.8781,-31.750800000000002),(1639.8717999999999,-22.0106,-40.411200000000001),(1637.6297,-13.6425,-47.518500000000003),(1635.0717,-4.0953999999999997,-52.799700000000001),(1632.296,6.2638999999999996,-56.051900000000003),(1629.4095,17.037099999999999,-57.149999999999999),(1626.5229999999999,27.810300000000002,-56.051900000000003),(1623.7473,38.169600000000003,-52.799700000000001),(1621.1893,47.716700000000003,-47.518500000000003),(1618.9472000000001,56.084800000000001,-40.411200000000001),(1617.1070999999999,62.952300000000001,-31.750800000000002),(1615.7398000000001,68.055400000000006,-21.8704),(1614.8978999999999,71.197800000000001,-11.1494),(1636.8436999999999,78.843699999999998,0.),(1637.1831999999999,77.799000000000007,11.1494),(1638.1884,74.704899999999995,21.8704),(1639.8208,69.680400000000006,31.750800000000002),(1642.0175999999999,62.918500000000002,40.411200000000001),(1644.6945000000001,54.679200000000002,47.518500000000003),(1647.7484999999999,45.279000000000003,52.799700000000001),(1651.0623000000001,35.0792,56.051900000000003),(1654.5084999999999,24.471699999999998,57.149999999999999),(1657.9547,13.8642,56.051900000000003),(1661.2684999999999,3.6644000000000001,52.799700000000001),(1664.3225,-5.7358000000000002,47.518500000000003),(1666.9993999999999,-13.975099999999999,40.411200000000001),(1669.1962000000001,-20.736999999999998,31.750800000000002),(1670.8286000000001,-25.761500000000002,21.8704),(1671.8338000000001,-28.855599999999999,11.1494),(1672.1732999999999,-29.900300000000001,0.),(1671.8338000000001,-28.855599999999999,-11.1494),(1670.8286000000001,-25.761500000000002,-21.8704),(1669.1962000000001,-20.736999999999998,-31.750800000000002),(1666.9993999999999,-13.975099999999999,-40.411200000000001),(1664.3225,-5.7358000000000002,-47.518500000000003),(1661.2684999999999,3.6644000000000001,-52.799700000000001),(1657.9547,13.8642,-56.051900000000003),(1654.5084999999999,24.471699999999998,-57.149999999999999),(1651.0623000000001,35.0792,-56.051900000000003),(1647.7484999999999,45.279000000000003,-52.799700000000001),(1644.6945000000001,54.679200000000002,-47.518500000000003),(1642.0175999999999,62.918500000000002,-40.411200000000001),(1639.8208,69.680400000000006,-31.750800000000002),(1638.1884,74.704899999999995,-21.8704),(1637.1831999999999,77.799000000000007,-11.1494),(1658.6949999999999,86.581699999999998,0.),(1659.0887,85.556200000000004,11.1494),(1660.2547,82.519000000000005,21.8704),(1662.1479999999999,77.5869,31.750800000000002),(1664.6960999999999,70.9495,40.411200000000001),(1667.8009,62.861699999999999,47.518500000000003),(1671.3432,53.634399999999999,52.799700000000001),(1675.1867999999999,43.622100000000003,56.051900000000003),(1679.184,33.209800000000001,57.149999999999999),(1683.1812,22.797499999999999,56.051900000000003),(1687.0247999999999,12.7852,52.799700000000001),(1690.5671,3.5579000000000001,47.518500000000003),(1693.6719000000001,-4.5298999999999996,40.411200000000001),(1696.22,-11.167299999999999,31.750800000000002),(1698.1133,-16.099399999999999,21.8704),(1699.2792999999999,-19.136600000000001,11.1494),(1699.673,-20.162099999999999,0.),(1699.2792999999999,-19.136600000000001,-11.1494),(1698.1133,-16.099399999999999,-21.8704),(1696.22,-11.167299999999999,-31.750800000000002),(1693.6719000000001,-4.5298999999999996,-40.411200000000001),(1690.5671,3.5579000000000001,-47.518500000000003),(1687.0247999999999,12.7852,-52.799700000000001),(1683.1812,22.797499999999999,-56.051900000000003),(1679.184,33.209800000000001,-57.149999999999999),(1675.1867999999999,43.622100000000003,-56.051900000000003),(1671.3432,53.634399999999999,-52.799700000000001),(1667.8009,62.861699999999999,-47.518500000000003),(1664.6960999999999,70.9495,-40.411200000000001),(1662.1479999999999,77.5869,-31.750800000000002),(1660.2547,82.519000000000005,-21.8704),(1659.0887,85.556200000000004,-11.1494),(1680.1161,95.454700000000003,0.),(1680.5628999999999,94.451099999999997,11.1494),(1681.8860999999999,91.479100000000003,21.8704),(1684.0347999999999,86.652799999999999,31.750800000000002),(1686.9265,80.157600000000002,40.411200000000001),(1690.4501,72.243300000000005,47.518500000000003),(1694.4701,63.213799999999999,52.799700000000001),(1698.8320000000001,53.416400000000003,56.051900000000003),(1703.3683000000001,43.2273,57.149999999999999),(1707.9046000000001,33.038200000000003,56.051900000000003),(1712.2665,23.2408,52.799700000000001),(1716.2864999999999,14.2113,47.518500000000003),(1719.8100999999999,6.2969999999999997,40.411200000000001),(1722.7018,-0.19819999999999999,31.750800000000002),(1724.8505,-5.0244999999999997,21.8704),(1726.1737000000001,-7.9965000000000002,11.1494),(1726.6205,-9.0000999999999998,0.),(1726.1737000000001,-7.9965000000000002,-11.1494),(1724.8505,-5.0244999999999997,-21.8704),(1722.7018,-0.19819999999999999,-31.750800000000002),(1719.8100999999999,6.2969999999999997,-40.411200000000001),(1716.2864999999999,14.2113,-47.518500000000003),(1712.2665,23.2408,-52.799700000000001),(1707.9046000000001,33.038200000000003,-56.051900000000003),(1703.3683000000001,43.2273,-57.149999999999999),(1698.8320000000001,53.416400000000003,-56.051900000000003),(1694.4701,63.213799999999999,-52.799700000000001),(1690.4501,72.243300000000005,-47.518500000000003),(1686.9265,80.157600000000002,-40.411200000000001),(1684.0347999999999,86.652799999999999,-31.750800000000002),(1681.8860999999999,91.479100000000003,-21.8704),(1680.5628999999999,94.451099999999997,-11.1494),(1701.0401999999999,105.4349,0.),(1701.5389,104.45610000000001,11.1494),(1703.0159000000001,101.5574,21.8704),(1705.4143999999999,96.850300000000004,31.750800000000002),(1708.6422,90.5154,40.411200000000001),(1712.5753999999999,82.796400000000006,47.518500000000003),(1717.0626,73.989900000000006,52.799700000000001),(1721.9315999999999,64.434200000000004,56.051900000000003),(1726.9952000000001,54.496699999999997,57.149999999999999),(1732.0588,44.559199999999997,56.051900000000003),(1736.9277999999999,35.003500000000003,52.799700000000001),(1741.415,26.196999999999999,47.518500000000003),(1745.3481999999999,18.478000000000002,40.411200000000001),(1748.576,12.1431,31.750800000000002),(1750.9745,7.4359999999999999,21.8704),(1752.4514999999999,4.5373000000000001,11.1494),(1752.9502,3.5585,0.),(1752.4514999999999,4.5373000000000001,-11.1494),(1750.9745,7.4359999999999999,-21.8704),(1748.576,12.1431,-31.750800000000002),(1745.3481999999999,18.478000000000002,-40.411200000000001),(1741.415,26.196999999999999,-47.518500000000003),(1736.9277999999999,35.003500000000003,-52.799700000000001),(1732.0588,44.559199999999997,-56.051900000000003),(1726.9952000000001,54.496699999999997,-57.149999999999999),(1721.9315999999999,64.434200000000004,-56.051900000000003),(1717.0626,73.989900000000006,-52.799700000000001),(1712.5753999999999,82.796400000000006,-47.518500000000003),(1708.6422,90.5154,-40.411200000000001),(1705.4143999999999,96.850300000000004,-31.750800000000002),(1703.0159000000001,101.5574,-21.8704),(1701.5389,104.45610000000001,-11.1494),(1721.4146000000001,116.4973,0.),(1721.9638,115.5459,11.1494),(1723.5905,112.7285,21.8704),(1726.2320999999999,108.1533,31.750800000000002),(1729.7871,101.9961,40.411200000000001),(1734.1188,94.493600000000001,47.518500000000003),(1739.0608,85.933899999999994,52.799700000000001),(1744.4232999999999,76.646199999999993,56.051900000000003),(1750.,66.987300000000005,57.149999999999999),(1755.5767000000001,57.328400000000002,56.051900000000003),(1760.9392,48.040700000000001,52.799700000000001),(1765.8812,39.481000000000002,47.518500000000003),(1770.2129,31.9785,40.411200000000001),(1773.7679000000001,25.821300000000001,31.750800000000002),(1776.4095,21.246099999999998,21.8704),(1778.0362,18.428699999999999,11.1494),(1778.5853999999999,17.4773,0.),(1778.0362,18.428699999999999,-11.1494),(1776.4095,21.246099999999998,-21.8704),(1773.7679000000001,25.821300000000001,-31.750800000000002),(1770.2129,31.9785,-40.411200000000001),(1765.8812,39.481000000000002,-47.518500000000003),(1760.9392,48.040700000000001,-52.799700000000001),(1755.5767000000001,57.328400000000002,-56.051900000000003),(1750.,66.987300000000005,-57.149999999999999),(1744.4232999999999,76.646199999999993,-56.051900000000003),(1739.0608,85.933899999999994,-52.799700000000001),(1734.1188,94.493600000000001,-47.518500000000003),(1729.7871,101.9961,-40.411200000000001),(1726.2320999999999,108.1533,-31.750800000000002),(1723.5905,112.7285,-21.8704),(1721.9638,115.5459,-11.1494),(1741.1849999999999,128.61269999999999,0.),(1741.7833000000001,127.6914,11.1494),(1743.5550000000001,124.9628,21.8704),(1746.4321,120.532,31.750800000000002),(1750.3041000000001,114.569,40.411200000000001),(1755.0220999999999,107.3032,47.518500000000003),(1760.4049,99.013599999999997,52.799700000000001),(1766.2455,90.018900000000002,56.051900000000003),(1772.3195000000001,80.664699999999996,57.149999999999999),(1778.3934999999999,71.310500000000005,56.051900000000003),(1784.2340999999999,62.315800000000003,52.799700000000001),(1789.6169,54.026200000000003,47.518500000000003),(1794.3349000000001,46.760399999999997,40.411200000000001),(1798.2068999999999,40.797400000000003,31.750800000000002),(1801.0840000000001,36.366599999999998,21.8704),(1802.8557000000001,33.637999999999998,11.1494),(1803.454,32.716700000000003,0.),(1802.8557000000001,33.637999999999998,-11.1494),(1801.0840000000001,36.366599999999998,-21.8704),(1798.2068999999999,40.797400000000003,-31.750800000000002),(1794.3349000000001,46.760399999999997,-40.411200000000001),(1789.6169,54.026200000000003,-47.518500000000003),(1784.2340999999999,62.315800000000003,-52.799700000000001),(1778.3934999999999,71.310500000000005,-56.051900000000003),(1772.3195000000001,80.664699999999996,-57.149999999999999),(1766.2455,90.018900000000002,-56.051900000000003),(1760.4049,99.013599999999997,-52.799700000000001),(1755.0220999999999,107.3032,-47.518500000000003),(1750.3041000000001,114.569,-40.411200000000001),(1746.4321,120.532,-31.750800000000002),(1743.5550000000001,124.9628,-21.8704),(1741.7833000000001,127.6914,-11.1494),(1760.2881,141.74189999999999,0.),(1760.9338,140.85319999999999,11.1494),(1762.8461,138.22130000000001,21.8704),(1765.9514999999999,133.94730000000001,31.750800000000002),(1770.1306999999999,128.19550000000001,40.411200000000001),(1775.223,121.18689999999999,47.518500000000003),(1781.0327,113.1908,52.799700000000001),(1787.3367000000001,104.5145,56.051900000000003),(1793.8925999999999,95.491500000000002,57.149999999999999),(1800.4485,86.468500000000006,56.051900000000003),(1806.7525000000001,77.792199999999994,52.799700000000001),(1812.5622000000001,69.796099999999996,47.518500000000003),(1817.6545000000001,62.787500000000001,40.411200000000001),(1821.8336999999999,57.035699999999999,31.750800000000002),(1824.9391000000001,52.761699999999998,21.8704),(1826.8514,50.129800000000003,11.1494),(1827.4971,49.241100000000003,0.),(1826.8514,50.129800000000003,-11.1494),(1824.9391000000001,52.761699999999998,-21.8704),(1821.8336999999999,57.035699999999999,-31.750800000000002),(1817.6545000000001,62.787500000000001,-40.411200000000001),(1812.5622000000001,69.796099999999996,-47.518500000000003),(1806.7525000000001,77.792199999999994,-52.799700000000001),(1800.4485,86.468500000000006,-56.051900000000003),(1793.8925999999999,95.491500000000002,-57.149999999999999),(1787.3367000000001,104.5145,-56.051900000000003),(1781.0327,113.1908,-52.799700000000001),(1775.223,121.18689999999999,-47.518500000000003),(1770.1306999999999,128.19550000000001,-40.411200000000001),(1765.9514999999999,133.94730000000001,-31.750800000000002),(1762.8461,138.22130000000001,-21.8704),(1760.9338,140.85319999999999,-11.1494),(1778.6815999999999,155.85560000000001,0.),(1779.3729000000001,155.00200000000001,11.1494),(1781.4203,152.47370000000001,21.8704),(1784.7451000000001,148.3681,31.750800000000002),(1789.2194999999999,142.84280000000001,40.411200000000001),(1794.6715999999999,136.11019999999999,47.518500000000003),(1800.8918000000001,128.42910000000001,52.799700000000001),(1807.6411000000001,120.0946,56.051900000000003),(1814.6602,111.42700000000001,57.149999999999999),(1821.6793,102.7594,56.051900000000003),(1828.4286,94.424899999999994,52.799700000000001),(1834.6487999999999,86.743799999999993,47.518500000000003),(1840.1008999999999,80.011200000000002,40.411200000000001),(1844.5753,74.485900000000001,31.750800000000002),(1847.9001000000001,70.380300000000005,21.8704),(1849.9475,67.852000000000004,11.1494),(1850.6387999999999,66.998400000000004,0.),(1849.9475,67.852000000000004,-11.1494),(1847.9001000000001,70.380300000000005,-21.8704),(1844.5753,74.485900000000001,-31.750800000000002),(1840.1008999999999,80.011200000000002,-40.411200000000001),(1834.6487999999999,86.743799999999993,-47.518500000000003),(1828.4286,94.424899999999994,-52.799700000000001),(1821.6793,102.7594,-56.051900000000003),(1814.6602,111.42700000000001,-57.149999999999999),(1807.6411000000001,120.0946,-56.051900000000003),(1800.8918000000001,128.42910000000001,-52.799700000000001),(1794.6715999999999,136.11019999999999,-47.518500000000003),(1789.2194999999999,142.84280000000001,-40.411200000000001),(1784.7451000000001,148.3681,-31.750800000000002),(1781.4203,152.47370000000001,-21.8704),(1779.3729000000001,155.00200000000001,-11.1494),(1796.3110999999999,170.9126,0.),(1797.0461,170.09630000000001,11.1494),(1799.223,167.67859999999999,21.8704),(1802.7581,163.7526,31.750800000000002),(1807.5155,158.46899999999999,40.411200000000001),(1813.3124,152.03100000000001,47.518500000000003),(1819.9259999999999,144.6859,52.799700000000001),(1827.1023,136.71600000000001,56.051900000000003),(1834.5653,128.42760000000001,57.149999999999999),(1842.0282999999999,120.1392,56.051900000000003),(1849.2046,112.16930000000001,52.799700000000001),(1855.8181999999999,104.8242,47.518500000000003),(1861.6151,98.386200000000002,40.411200000000001),(1866.3724999999999,93.102599999999995,31.750800000000002),(1869.9076,89.176599999999993,21.8704),(1872.0844999999999,86.758899999999997,11.1494),(1872.8195000000001,85.942599999999999,0.),(1872.0844999999999,86.758899999999997,-11.1494),(1869.9076,89.176599999999993,-21.8704),(1866.3724999999999,93.102599999999995,-31.750800000000002),(1861.6151,98.386200000000002,-40.411200000000001),(1855.8181999999999,104.8242,-47.518500000000003),(1849.2046,112.16930000000001,-52.799700000000001),(1842.0282999999999,120.1392,-56.051900000000003),(1834.5653,128.42760000000001,-57.149999999999999),(1827.1023,136.71600000000001,-56.051900000000003),(1819.9259999999999,144.6859,-52.799700000000001),(1813.3124,152.03100000000001,-47.518500000000003),(1807.5155,158.46899999999999,-40.411200000000001),(1802.7581,163.7526,-31.750800000000002),(1799.223,167.67859999999999,-21.8704),(1797.0461,170.09630000000001,-11.1494),(1813.1284000000001,186.8716,0.),(1813.9050999999999,186.0949,11.1494),(1816.2056,183.7944,21.8704),(1819.9412,180.05879999999999,31.750800000000002),(1824.9685999999999,175.03139999999999,40.411200000000001),(1831.0944999999999,168.90549999999999,47.518500000000003),(1838.0834,161.91659999999999,52.799700000000001),(1845.6668999999999,154.3331,56.051900000000003),(1853.5534,146.44659999999999,57.149999999999999),(1861.4399000000001,138.56010000000001,56.051900000000003),(1869.0234,130.97659999999999,52.799700000000001),(1876.0123000000001,123.9877,47.518500000000003),(1882.1382000000001,117.8618,40.411200000000001),(1887.1656,112.8344,31.750800000000002),(1890.9012,109.0988,21.8704),(1893.2017000000001,106.7983,11.1494),(1893.9784,106.02160000000001,0.),(1893.2017000000001,106.7983,-11.1494),(1890.9012,109.0988,-21.8704),(1887.1656,112.8344,-31.750800000000002),(1882.1382000000001,117.8618,-40.411200000000001),(1876.0123000000001,123.9877,-47.518500000000003),(1869.0234,130.97659999999999,-52.799700000000001),(1861.4399000000001,138.56010000000001,-56.051900000000003),(1853.5534,146.44659999999999,-57.149999999999999),(1845.6668999999999,154.3331,-56.051900000000003),(1838.0834,161.91659999999999,-52.799700000000001),(1831.0944999999999,168.90549999999999,-47.518500000000003),(1824.9685999999999,175.03139999999999,-40.411200000000001),(1819.9412,180.05879999999999,-31.750800000000002),(1816.2056,183.7944,-21.8704),(1813.9050999999999,186.0949,-11.1494),(1829.0873999999999,203.68889999999999,0.),(1829.9037000000001,202.9539,11.1494),(1832.3214,200.77699999999999,21.8704),(1836.2474,197.24189999999999,31.750800000000002),(1841.5309999999999,192.4845,40.411200000000001),(1847.9690000000001,186.6876,47.518500000000003),(1855.3141000000001,180.07400000000001,52.799700000000001),(1863.2840000000001,172.89769999999999,56.051900000000003),(1871.5724,165.43469999999999,57.149999999999999),(1879.8607999999999,157.9717,56.051900000000003),(1887.8307,150.7954,52.799700000000001),(1895.1758,144.18180000000001,47.518500000000003),(1901.6138000000001,138.38489999999999,40.411200000000001),(1906.8974000000001,133.6275,31.750800000000002),(1910.8234,130.0924,21.8704),(1913.2411,127.91549999999999,11.1494),(1914.0573999999999,127.18049999999999,0.),(1913.2411,127.91549999999999,-11.1494),(1910.8234,130.0924,-21.8704),(1906.8974000000001,133.6275,-31.750800000000002),(1901.6138000000001,138.38489999999999,-40.411200000000001),(1895.1758,144.18180000000001,-47.518500000000003),(1887.8307,150.7954,-52.799700000000001),(1879.8607999999999,157.9717,-56.051900000000003),(1871.5724,165.43469999999999,-57.149999999999999),(1863.2840000000001,172.89769999999999,-56.051900000000003),(1855.3141000000001,180.07400000000001,-52.799700000000001),(1847.9690000000001,186.6876,-47.518500000000003),(1841.5309999999999,192.4845,-40.411200000000001),(1836.2474,197.24189999999999,-31.750800000000002),(1832.3214,200.77699999999999,-21.8704),(1829.9037000000001,202.9539,-11.1494),(1844.1443999999999,221.3184,0.),(1844.998,220.62710000000001,11.1494),(1847.5263,218.5797,21.8704),(1851.6319000000001,215.25489999999999,31.750800000000002),(1857.1572000000001,210.78049999999999,40.411200000000001),(1863.8897999999999,205.32839999999999,47.518500000000003),(1871.5708999999999,199.10820000000001,52.799700000000001),(1879.9054000000001,192.35890000000001,56.051900000000003),(1888.5730000000001,185.3398,57.149999999999999),(1897.2406000000001,178.32069999999999,56.051900000000003),(1905.5751,171.57140000000001,52.799700000000001),(1913.2562,165.35120000000001,47.518500000000003),(1919.9888000000001,159.8991,40.411200000000001),(1925.5141000000001,155.4247,31.750800000000002),(1929.6197,152.09989999999999,21.8704),(1932.1479999999999,150.05250000000001,11.1494),(1933.0016000000001,149.3612,0.),(1932.1479999999999,150.05250000000001,-11.1494),(1929.6197,152.09989999999999,-21.8704),(1925.5141000000001,155.4247,-31.750800000000002),(1919.9888000000001,159.8991,-40.411200000000001),(1913.2562,165.35120000000001,-47.518500000000003),(1905.5751,171.57140000000001,-52.799700000000001),(1897.2406000000001,178.32069999999999,-56.051900000000003),(1888.5730000000001,185.3398,-57.149999999999999),(1879.9054000000001,192.35890000000001,-56.051900000000003),(1871.5708999999999,199.10820000000001,-52.799700000000001),(1863.8897999999999,205.32839999999999,-47.518500000000003),(1857.1572000000001,210.78049999999999,-40.411200000000001),(1851.6319000000001,215.25489999999999,-31.750800000000002),(1847.5263,218.5797,-21.8704),(1844.998,220.62710000000001,-11.1494),(1858.2581,239.71190000000001,0.),(1859.1468,239.06620000000001,11.1494),(1861.7787000000001,237.15389999999999,21.8704),(1866.0527,234.04849999999999,31.750800000000002),(1871.8045,229.86930000000001,40.411200000000001),(1878.8131000000001,224.77699999999999,47.518500000000003),(1886.8091999999999,218.96729999999999,52.799700000000001),(1895.4855,212.66329999999999,56.051900000000003),(1904.5084999999999,206.10740000000001,57.149999999999999),(1913.5315000000001,199.5515,56.051900000000003),(1922.2077999999999,193.2475,52.799700000000001),(1930.2039,187.43780000000001,47.518500000000003),(1937.2125000000001,182.34549999999999,40.411200000000001),(1942.9643000000001,178.16630000000001,31.750800000000002),(1947.2383,175.0609,21.8704),(1949.8702000000001,173.14859999999999,11.1494),(1950.7589,172.50290000000001,0.),(1949.8702000000001,173.14859999999999,-11.1494),(1947.2383,175.0609,-21.8704),(1942.9643000000001,178.16630000000001,-31.750800000000002),(1937.2125000000001,182.34549999999999,-40.411200000000001),(1930.2039,187.43780000000001,-47.518500000000003),(1922.2077999999999,193.2475,-52.799700000000001),(1913.5315000000001,199.5515,-56.051900000000003),(1904.5084999999999,206.10740000000001,-57.149999999999999),(1895.4855,212.66329999999999,-56.051900000000003),(1886.8091999999999,218.96729999999999,-52.799700000000001),(1878.8131000000001,224.77699999999999,-47.518500000000003),(1871.8045,229.86930000000001,-40.411200000000001),(1866.0527,234.04849999999999,-31.750800000000002),(1861.7787000000001,237.15389999999999,-21.8704),(1859.1468,239.06620000000001,-11.1494),(1871.3873000000001,258.815,0.),(1872.3086000000001,258.2167,11.1494),(1875.0372,256.44499999999999,21.8704),(1879.4680000000001,253.56790000000001,31.750800000000002),(1885.431,249.69589999999999,40.411200000000001),(1892.6967999999999,244.97790000000001,47.518500000000003),(1900.9864,239.5951,52.799700000000001),(1909.9811,233.75450000000001,56.051900000000003),(1919.3353,227.68049999999999,57.149999999999999),(1928.6895,221.60650000000001,56.051900000000003),(1937.6841999999999,215.76589999999999,52.799700000000001),(1945.9738,210.38310000000001,47.518500000000003),(1953.2396000000001,205.6651,40.411200000000001),(1959.2026000000001,201.79310000000001,31.750800000000002),(1963.6333999999999,198.916,21.8704),(1966.3620000000001,197.14429999999999,11.1494),(1967.2833000000001,196.54599999999999,0.),(1966.3620000000001,197.14429999999999,-11.1494),(1963.6333999999999,198.916,-21.8704),(1959.2026000000001,201.79310000000001,-31.750800000000002),(1953.2396000000001,205.6651,-40.411200000000001),(1945.9738,210.38310000000001,-47.518500000000003),(1937.6841999999999,215.76589999999999,-52.799700000000001),(1928.6895,221.60650000000001,-56.051900000000003),(1919.3353,227.68049999999999,-57.149999999999999),(1909.9811,233.75450000000001,-56.051900000000003),(1900.9864,239.5951,-52.799700000000001),(1892.6967999999999,244.97790000000001,-47.518500000000003),(1885.431,249.69589999999999,-40.411200000000001),(1879.4680000000001,253.56790000000001,-31.750800000000002),(1875.0372,256.44499999999999,-21.8704),(1872.3086000000001,258.2167,-11.1494),(1883.5027,278.58539999999999,0.),(1884.4540999999999,278.03620000000001,11.1494),(1887.2715000000001,276.40949999999998,21.8704),(1891.8467000000001,273.7679,31.750800000000002),(1898.0038999999999,270.21289999999999,40.411200000000001),(1905.5064,265.88119999999998,47.518500000000003),(1914.0661,260.93920000000003,52.799700000000001),(1923.3538000000001,255.57669999999999,56.051900000000003),(1933.0127,250.,57.149999999999999),(1942.6715999999999,244.42330000000001,56.051900000000003),(1951.9593,239.0608,52.799700000000001),(1960.519,234.11879999999999,47.518500000000003),(1968.0215000000001,229.78710000000001,40.411200000000001),(1974.1786999999999,226.2321,31.750800000000002),(1978.7538999999999,223.59049999999999,21.8704),(1981.5713000000001,221.96379999999999,11.1494),(1982.5227,221.41460000000001,0.),(1981.5713000000001,221.96379999999999,-11.1494),(1978.7538999999999,223.59049999999999,-21.8704),(1974.1786999999999,226.2321,-31.750800000000002),(1968.0215000000001,229.78710000000001,-40.411200000000001),(1960.519,234.11879999999999,-47.518500000000003),(1951.9593,239.0608,-52.799700000000001),(1942.6715999999999,244.42330000000001,-56.051900000000003),(1933.0127,250.,-57.149999999999999),(1923.3538000000001,255.57669999999999,-56.051900000000003),(1914.0661,260.93920000000003,-52.799700000000001),(1905.5064,265.88119999999998,-47.518500000000003),(1898.0038999999999,270.21289999999999,-40.411200000000001),(1891.8467000000001,273.7679,-31.750800000000002),(1887.2715000000001,276.40949999999998,-21.8704),(1884.4540999999999,278.03620000000001,-11.1494),(1894.5651,298.95979999999997,0.),(1895.5438999999999,298.46109999999999,11.1494),(1898.4426000000001,296.98410000000001,21.8704),(1903.1496999999999,294.5856,31.750800000000002),(1909.4846,291.3578,40.411200000000001),(1917.2036000000001,287.4246,47.518500000000003),(1926.0101,282.93740000000003,52.799700000000001),(1935.5658000000001,278.0684,56.051900000000003),(1945.5033000000001,273.00479999999999,57.149999999999999),(1955.4408000000001,267.94119999999998,56.051900000000003),(1964.9965,263.07220000000001,52.799700000000001),(1973.8030000000001,258.58499999999998,47.518500000000003),(1981.5219999999999,254.65180000000001,40.411200000000001),(1987.8569,251.42400000000001,31.750800000000002),(1992.5640000000001,249.02549999999999,21.8704),(1995.4627,247.54849999999999,11.1494),(1996.4414999999999,247.0498,0.),(1995.4627,247.54849999999999,-11.1494),(1992.5640000000001,249.02549999999999,-21.8704),(1987.8569,251.42400000000001,-31.750800000000002),(1981.5219999999999,254.65180000000001,-40.411200000000001),(1973.8030000000001,258.58499999999998,-47.518500000000003),(1964.9965,263.07220000000001,-52.799700000000001),(1955.4408000000001,267.94119999999998,-56.051900000000003),(1945.5033000000001,273.00479999999999,-57.149999999999999),(1935.5658000000001,278.0684,-56.051900000000003),(1926.0101,282.93740000000003,-52.799700000000001),(1917.2036000000001,287.4246,-47.518500000000003),(1909.4846,291.3578,-40.411200000000001),(1903.1496999999999,294.5856,-31.750800000000002),(1898.4426000000001,296.98410000000001,-21.8704),(1895.5438999999999,298.46109999999999,-11.1494),(1904.5453,319.88389999999998,0.),(1905.5489,319.43709999999999,11.1494),(1908.5209,318.1139,21.8704),(1913.3471999999999,315.96519999999998,31.750800000000002),(1919.8424,313.07350000000002,40.411200000000001),(1927.7566999999999,309.54989999999998,47.518500000000003),(1936.7862,305.5299,52.799700000000001),(1946.5835999999999,301.16800000000001,56.051900000000003),(1956.7727,296.63170000000002,57.149999999999999),(1966.9618,292.09539999999998,56.051900000000003),(1976.7592,287.73349999999999,52.799700000000001),(1985.7887000000001,283.71350000000001,47.518500000000003),(1993.703,280.18990000000002,40.411200000000001),(2000.1982,277.29820000000001,31.750800000000002),(2005.0245,275.14949999999999,21.8704),(2007.9965,273.8263,11.1494),(2009.0001,273.37950000000001,0.),(2007.9965,273.8263,-11.1494),(2005.0245,275.14949999999999,-21.8704),(2000.1982,277.29820000000001,-31.750800000000002),(1993.703,280.18990000000002,-40.411200000000001),(1985.7887000000001,283.71350000000001,-47.518500000000003),(1976.7592,287.73349999999999,-52.799700000000001),(1966.9618,292.09539999999998,-56.051900000000003),(1956.7727,296.63170000000002,-57.149999999999999),(1946.5835999999999,301.16800000000001,-56.051900000000003),(1936.7862,305.5299,-52.799700000000001),(1927.7566999999999,309.54989999999998,-47.518500000000003),(1919.8424,313.07350000000002,-40.411200000000001),(1913.3471999999999,315.96519999999998,-31.750800000000002),(1908.5209,318.1139,-21.8704),(1905.5489,319.43709999999999,-11.1494),(1913.4183,341.30500000000001,0.),(1914.4438,340.91129999999998,11.1494),(1917.481,339.74529999999999,21.8704),(1922.4131,337.85199999999998,31.750800000000002),(1929.0505000000001,335.3039,40.411200000000001),(1937.1383000000001,332.19909999999999,47.518500000000003),(1946.3656000000001,328.65679999999998,52.799700000000001),(1956.3779,324.81319999999999,56.051900000000003),(1966.7901999999999,320.81599999999997,57.149999999999999),(1977.2025000000001,316.81880000000001,56.051900000000003),(1987.2148,312.97519999999997,52.799700000000001),(1996.4421,309.43290000000002,47.518500000000003),(2004.5299,306.32810000000001,40.411200000000001),(2011.1673000000001,303.77999999999997,31.750800000000002),(2016.0994000000001,301.88670000000002,21.8704),(2019.1366,300.72070000000002,11.1494),(2020.1621,300.327,0.),(2019.1366,300.72070000000002,-11.1494),(2016.0994000000001,301.88670000000002,-21.8704),(2011.1673000000001,303.77999999999997,-31.750800000000002),(2004.5299,306.32810000000001,-40.411200000000001),(1996.4421,309.43290000000002,-47.518500000000003),(1987.2148,312.97519999999997,-52.799700000000001),(1977.2025000000001,316.81880000000001,-56.051900000000003),(1966.7901999999999,320.81599999999997,-57.149999999999999),(1956.3779,324.81319999999999,-56.051900000000003),(1946.3656000000001,328.65679999999998,-52.799700000000001),(1937.1383000000001,332.19909999999999,-47.518500000000003),(1929.0505000000001,335.3039,-40.411200000000001),(1922.4131,337.85199999999998,-31.750800000000002),(1917.481,339.74529999999999,-21.8704),(1914.4438,340.91129999999998,-11.1494),(1921.1563000000001,363.15629999999999,0.),(1922.201,362.8168,11.1494),(1925.2951,361.8116,21.8704),(1930.3196,360.17919999999998,31.750800000000002),(1937.0815,357.98239999999998,40.411200000000001),(1945.3208,355.30549999999999,47.518500000000003),(1954.721,352.25150000000002,52.799700000000001),(1964.9208000000001,348.93770000000001,56.051900000000003),(1975.5282999999999,345.49149999999997,57.149999999999999),(1986.1358,342.0453,56.051900000000003),(1996.3356000000001,338.73149999999998,52.799700000000001),(2005.7357999999999,335.67750000000001,47.518500000000003),(2013.9751000000001,333.00060000000002,40.411200000000001),(2020.7370000000001,330.80380000000002,31.750800000000002),(2025.7615000000001,329.17140000000001,21.8704),(2028.8556000000001,328.1662,11.1494),(2029.9003,327.82670000000002,0.),(2028.8556000000001,328.1662,-11.1494),(2025.7615000000001,329.17140000000001,-21.8704),(2020.7370000000001,330.80380000000002,-31.750800000000002),(2013.9751000000001,333.00060000000002,-40.411200000000001),(2005.7357999999999,335.67750000000001,-47.518500000000003),(1996.3356000000001,338.73149999999998,-52.799700000000001),(1986.1358,342.0453,-56.051900000000003),(1975.5282999999999,345.49149999999997,-57.149999999999999),(1964.9208000000001,348.93770000000001,-56.051900000000003),(1954.721,352.25150000000002,-52.799700000000001),(1945.3208,355.30549999999999,-47.518500000000003),(1937.0815,357.98239999999998,-40.411200000000001),(1930.3196,360.17919999999998,-31.750800000000002),(1925.2951,361.8116,-21.8704),(1922.201,362.8168,-11.1494),(1927.7411,385.38639999999998,0.),(1928.8022000000001,385.10210000000001,11.1494),(1931.9446,384.2602,21.8704),(1937.0477000000001,382.8929,31.750800000000002),(1943.9151999999999,381.05279999999999,40.411200000000001),(1952.2833000000001,378.8107,47.518500000000003),(1961.8304000000001,376.2527,52.799700000000001),(1972.1896999999999,373.47699999999998,56.051900000000003),(1982.9629,370.59050000000002,57.149999999999999),(1993.7361000000001,367.70400000000001,56.051900000000003),(2004.0953999999999,364.92829999999998,52.799700000000001),(2013.6424999999999,362.37029999999999,47.518500000000003),(2022.0106000000001,360.12819999999999,40.411200000000001),(2028.8780999999999,358.28809999999999,31.750800000000002),(2033.9811999999999,356.92079999999999,21.8704),(2037.1235999999999,356.07889999999998,11.1494),(2038.1847,355.7946,0.),(2037.1235999999999,356.07889999999998,-11.1494),(2033.9811999999999,356.92079999999999,-21.8704),(2028.8780999999999,358.28809999999999,-31.750800000000002),(2022.0106000000001,360.12819999999999,-40.411200000000001),(2013.6424999999999,362.37029999999999,-47.518500000000003),(2004.0953999999999,364.92829999999998,-52.799700000000001),(1993.7361000000001,367.70400000000001,-56.051900000000003),(1982.9629,370.59050000000002,-57.149999999999999),(1972.1896999999999,373.47699999999998,-56.051900000000003),(1961.8304000000001,376.2527,-52.799700000000001),(1952.2833000000001,378.8107,-47.518500000000003),(1943.9151999999999,381.05279999999999,-40.411200000000001),(1937.0477000000001,382.8929,-31.750800000000002),(1931.9446,384.2602,-21.8704),(1928.8022000000001,385.10210000000001,-11.1494),(1933.1534999999999,407.93029999999999,0.),(1934.2280000000001,407.702,11.1494),(1937.4102,407.0256,21.8704),(1942.5778,405.92720000000003,31.750800000000002),(1949.5322000000001,404.44900000000001,40.411200000000001),(1958.0061000000001,402.64780000000002,47.518500000000003),(1967.674,400.59280000000001,52.799700000000001),(1978.1642999999999,398.36309999999997,56.051900000000003),(1989.0737999999999,396.04419999999999,57.149999999999999),(1999.9833000000001,393.7253,56.051900000000003),(2010.4736,391.49560000000002,52.799700000000001),(2020.1415,389.44060000000002,47.518500000000003),(2028.6153999999999,387.63940000000002,40.411200000000001),(2035.5698,386.16120000000001,31.750800000000002),(2040.7374,385.06279999999998,21.8704),(2043.9195999999999,384.38639999999998,11.1494),(2044.9940999999999,384.15809999999999,0.),(2043.9195999999999,384.38639999999998,-11.1494),(2040.7374,385.06279999999998,-21.8704),(2035.5698,386.16120000000001,-31.750800000000002),(2028.6153999999999,387.63940000000002,-40.411200000000001),(2020.1415,389.44060000000002,-47.518500000000003),(2010.4736,391.49560000000002,-52.799700000000001),(1999.9833000000001,393.7253,-56.051900000000003),(1989.0737999999999,396.04419999999999,-57.149999999999999),(1978.1642999999999,398.36309999999997,-56.051900000000003),(1967.674,400.59280000000001,-52.799700000000001),(1958.0061000000001,402.64780000000002,-47.518500000000003),(1949.5322000000001,404.44900000000001,-40.411200000000001),(1942.5778,405.92720000000003,-31.750800000000002),(1937.4102,407.0256,-21.8704),(1934.2280000000001,407.702,-11.1494),(1937.3780999999999,430.72410000000002,0.),(1938.4630999999999,430.5523,11.1494),(1941.6764000000001,430.04349999999999,21.8704),(1946.8943999999999,429.21719999999999,31.750800000000002),(1953.9167,428.10520000000002,40.411200000000001),(1962.4733000000001,426.75029999999998,47.518500000000003),(1972.2356,425.2045,52.799700000000001),(1982.8281999999999,423.52719999999999,56.051900000000003),(1993.8442,421.78280000000001,57.149999999999999),(2004.8602000000001,420.03840000000002,56.051900000000003),(2015.4528,418.36110000000002,52.799700000000001),(2025.2150999999999,416.81529999999998,47.518500000000003),(2033.7717,415.46039999999999,40.411200000000001),(2040.7940000000001,414.34840000000003,31.750800000000002),(2046.0119999999999,413.52210000000002,21.8704),(2049.2253000000001,413.01330000000002,11.1494),(2050.3103000000001,412.8415,0.),(2049.2253000000001,413.01330000000002,-11.1494),(2046.0119999999999,413.52210000000002,-21.8704),(2040.7940000000001,414.34840000000003,-31.750800000000002),(2033.7717,415.46039999999999,-40.411200000000001),(2025.2150999999999,416.81529999999998,-47.518500000000003),(2015.4528,418.36110000000002,-52.799700000000001),(2004.8602000000001,420.03840000000002,-56.051900000000003),(1993.8442,421.78280000000001,-57.149999999999999),(1982.8281999999999,423.52719999999999,-56.051900000000003),(1972.2356,425.2045,-52.799700000000001),(1962.4733000000001,426.75029999999998,-47.518500000000003),(1953.9167,428.10520000000002,-40.411200000000001),(1946.8943999999999,429.21719999999999,-31.750800000000002),(1941.6764000000001,430.04349999999999,-21.8704),(1938.4630999999999,430.5523,-11.1494),(1940.4042999999999,453.71019999999999,0.),(1941.4967999999999,453.59539999999998,11.1494),(1944.7322999999999,453.25540000000001,21.8704),(1949.9864,452.70330000000001,31.750800000000002),(1957.0572,451.96030000000002,40.411200000000001),(1965.6731,451.05500000000001,47.518500000000003),(1975.5028,450.02210000000002,52.799700000000001),(1986.1686999999999,448.90129999999999,56.051900000000003),(1997.2609,447.73579999999998,57.149999999999999),(2008.3531,446.57029999999997,56.051900000000003),(2019.019,445.4495,52.799700000000001),(2028.8487,444.41660000000002,47.518500000000003),(2037.4646,443.51130000000001,40.411200000000001),(2044.5354,442.76830000000001,31.750800000000002),(2049.7894999999999,442.21620000000001,21.8704),(2053.0250000000001,441.87619999999998,11.1494),(2054.1174999999998,441.76139999999998,0.),(2053.0250000000001,441.87619999999998,-11.1494),(2049.7894999999999,442.21620000000001,-21.8704),(2044.5354,442.76830000000001,-31.750800000000002),(2037.4646,443.51130000000001,-40.411200000000001),(2028.8487,444.41660000000002,-47.518500000000003),(2019.019,445.4495,-52.799700000000001),(2008.3531,446.57029999999997,-56.051900000000003),(1997.2609,447.73579999999998,-57.149999999999999),(1986.1686999999999,448.90129999999999,-56.051900000000003),(1975.5028,450.02210000000002,-52.799700000000001),(1965.6731,451.05500000000001,-47.518500000000003),(1957.0572,451.96030000000002,-40.411200000000001),(1949.9864,452.70330000000001,-31.750800000000002),(1944.7322999999999,453.25540000000001,-21.8704),(1941.4967999999999,453.59539999999998,-11.1494),(1942.2235000000001,476.82209999999998,0.),(1943.3204000000001,476.76459999999997,11.1494),(1946.5693000000001,476.59449999999998,21.8704),(1951.8451,476.31810000000002,31.750800000000002),(1958.9450999999999,475.94630000000001,40.411200000000001),(1967.5965000000001,475.4932,47.518500000000003),(1977.4668999999999,474.97620000000001,52.799700000000001),(1988.1768,474.4153,56.051900000000003),(1999.3148000000001,473.83199999999999,57.149999999999999),(2010.4528,473.24869999999999,56.051900000000003),(2021.1627000000001,472.68779999999998,52.799700000000001),(2031.0331000000001,472.17079999999999,47.518500000000003),(2039.6845000000001,471.71769999999998,40.411200000000001),(2046.7845,471.34589999999997,31.750800000000002),(2052.0603000000001,471.06950000000001,21.8704),(2055.3092000000001,470.89940000000001,11.1494),(2056.4061000000002,470.84190000000001,0.),(2055.3092000000001,470.89940000000001,-11.1494),(2052.0603000000001,471.06950000000001,-21.8704),(2046.7845,471.34589999999997,-31.750800000000002),(2039.6845000000001,471.71769999999998,-40.411200000000001),(2031.0331000000001,472.17079999999999,-47.518500000000003),(2021.1627000000001,472.68779999999998,-52.799700000000001),(2010.4528,473.24869999999999,-56.051900000000003),(1999.3148000000001,473.83199999999999,-57.149999999999999),(1988.1768,474.4153,-56.051900000000003),(1977.4668999999999,474.97620000000001,-52.799700000000001),(1967.5965000000001,475.4932,-47.518500000000003),(1958.9450999999999,475.94630000000001,-40.411200000000001),(1951.8451,476.31810000000002,-31.750800000000002),(1946.5693000000001,476.59449999999998,-21.8704),(1943.3204000000001,476.76459999999997,-11.1494),(1942.8499999999999,500.74869999999999,0.),(1943.9481000000001,500.73439999999999,11.1494),(1947.2003,500.69170000000003,21.8704),(1952.4815000000001,500.62259999999998,31.750800000000002),(1959.5889,500.52940000000001,40.411200000000001),(1968.2492,500.416,47.518500000000003),(1978.1296,500.28649999999999,52.799700000000001),(1988.8506,500.14609999999999,56.051900000000003),(2000.,500.,57.149999999999999),(2011.1494,499.85390000000001,56.051900000000003),(2021.8704,499.71350000000001,52.799700000000001),(2031.7508,499.584,47.518500000000003),(2040.4111,499.47059999999999,40.411200000000001),(2047.5184999999999,499.37740000000002,31.750800000000002),(2052.7997,499.30829999999997,21.8704),(2056.0518999999999,499.26560000000001,11.1494),(2057.1500000000001,499.25130000000001,0.),(2056.0518999999999,499.26560000000001,-11.1494),(2052.7997,499.30829999999997,-21.8704),(2047.5184999999999,499.37740000000002,-31.750800000000002),(2040.4111,499.47059999999999,-40.411200000000001),(2031.7508,499.584,-47.518500000000003),(2021.8704,499.71350000000001,-52.799700000000001),(2011.1494,499.85390000000001,-56.051900000000003),(2000.,500.,-57.149999999999999),(1988.8506,500.14609999999999,-56.051900000000003),(1978.1296,500.28649999999999,-52.799700000000001),(1968.2492,500.416,-47.518500000000003),(1959.5889,500.52940000000001,-40.411200000000001),(1952.4815000000001,500.62259999999998,-31.750800000000002),(1947.2003,500.69170000000003,-21.8704),(1943.9481000000001,500.73439999999999,-11.1494),(1942.8499999999999,2000.,0.),(1943.9481000000001,2000.,11.1494),(1947.2003,2000.,21.8704),(1952.4815000000001,2000.,31.750800000000002),(1959.5888,2000.,40.411200000000001),(1968.2492,2000.,47.518500000000003),(1978.1296,2000.,52.799700000000001),(1988.8506,2000.,56.051900000000003),(2000.,2000.,57.149999999999999),(2011.1494,2000.,56.051900000000003),(2021.8704,2000.,52.799700000000001),(2031.7508,2000.,47.518500000000003),(2040.4112,2000.,40.411200000000001),(2047.5184999999999,2000.,31.750800000000002),(2052.7997,2000.,21.8704),(2056.0518999999999,2000.,11.1494),(2057.1500000000001,2000.,0.),(2056.0518999999999,2000.,-11.1494),(2052.7997,2000.,-21.8704),(2047.5184999999999,2000.,-31.750800000000002),(2040.4112,2000.,-40.411200000000001),(2031.7508,2000.,-47.518500000000003),(2021.8704,2000.,-52.799700000000001),(2011.1494,2000.,-56.051900000000003),(2000.,2000.,-57.149999999999999),(1988.8506,2000.,-56.051900000000003),(1978.1296,2000.,-52.799700000000001),(1968.2492,2000.,-47.518500000000003),(1959.5888,2000.,-40.411200000000001),(1952.4815000000001,2000.,-31.750800000000002),(1947.2003,2000.,-21.8704),(1943.9481000000001,2000.,-11.1494),(1950.1270999999999,2000.,-9.9202999999999992),(1953.0207,2000.,-19.459499999999998),(1957.7198000000001,2000.,-28.250699999999998),(1964.0436,2000.,-35.956400000000002),(1971.7492999999999,2000.,-42.280200000000001),(1980.5405000000001,2000.,-46.979300000000002),(1990.0797,2000.,-49.872900000000001),(2000.,2000.,-50.850000000000001),(2009.9203,2000.,-49.872900000000001),(2019.4594999999999,2000.,-46.979300000000002),(2028.2507000000001,2000.,-42.280200000000001),(2035.9564,2000.,-35.956400000000002),(2042.2801999999999,2000.,-28.250699999999998),(2046.9793,2000.,-19.459499999999998),(2049.8728999999998,2000.,-9.9202999999999992),(2050.8499999999999,2000.,0.),(2049.8728999999998,2000.,9.9202999999999992),(2046.9793,2000.,19.459499999999998),(2042.2801999999999,2000.,28.250699999999998),(2035.9564,2000.,35.956400000000002),(2028.2507000000001,2000.,42.280200000000001),(2019.4594999999999,2000.,46.979300000000002),(2009.9203,2000.,49.872900000000001),(2000.,2000.,50.850000000000001),(1990.0797,2000.,49.872900000000001),(1980.5405000000001,2000.,46.979300000000002),(1971.7492999999999,2000.,42.280200000000001),(1964.0436,2000.,35.956400000000002),(1957.7198000000001,2000.,28.250699999999998),(1953.0207,2000.,19.459499999999998),(1950.1270999999999,2000.,9.9202999999999992),(1949.1500000000001,2000.,0.),(0.,57.149999999999999,0.),(0.,56.051900000000003,11.1494),(0.,52.799700000000001,21.8704),(0.,47.518500000000003,31.750800000000002),(0.,40.411200000000001,40.411200000000001),(0.,31.750800000000002,47.518500000000003),(0.,21.8704,52.799700000000001),(0.,11.1494,56.051900000000003),(0.,0.,57.149999999999999),(0.,-11.1494,56.051900000000003),(0.,-21.8704,52.799700000000001),(0.,-31.750800000000002,47.518500000000003),(0.,-40.411200000000001,40.411200000000001),(0.,-47.518500000000003,31.750800000000002),(0.,-52.799700000000001,21.8704),(0.,-56.051900000000003,11.1494),(0.,-57.149999999999999,0.),(0.,-56.051900000000003,-11.1494),(0.,-52.799700000000001,-21.8704),(0.,-47.518500000000003,-31.750800000000002),(0.,-40.411200000000001,-40.411200000000001),(0.,-31.750800000000002,-47.518500000000003),(0.,-21.8704,-52.799700000000001),(0.,-11.1494,-56.051900000000003),(0.,-0.,-57.149999999999999),(0.,11.1494,-56.051900000000003),(0.,21.8704,-52.799700000000001),(0.,31.750800000000002,-47.518500000000003),(0.,40.411200000000001,-40.411200000000001),(0.,47.518500000000003,-31.750800000000002),(0.,52.799700000000001,-21.8704),(0.,56.051900000000003,-11.1494),(0.,49.872900000000001,-9.9202999999999992),(0.,46.979300000000002,-19.459499999999998),(0.,42.280200000000001,-28.250699999999998),(0.,35.956400000000002,-35.956400000000002),(0.,28.250699999999998,-42.280200000000001),(0.,19.459499999999998,-46.979300000000002),(0.,9.9202999999999992,-49.872900000000001),(0.,-0.,-50.850000000000001),(0.,-9.9202999999999992,-49.872900000000001),(0.,-19.459499999999998,-46.979300000000002),(0.,-28.250699999999998,-42.280200000000001),(0.,-35.956400000000002,-35.956400000000002),(0.,-42.280200000000001,-28.250699999999998),(0.,-46.979300000000002,-19.459499999999998),(0.,-49.872900000000001,-9.9202999999999992),(0.,-50.850000000000001,0.),(0.,-49.872900000000001,9.9202999999999992),(0.,-46.979300000000002,19.459499999999998),(0.,-42.280200000000001,28.250699999999998),(0.,-35.956400000000002,35.956400000000002),(0.,-28.250699999999998,42.280200000000001),(0.,-19.459499999999998,46.979300000000002),(0.,-9.9202999999999992,49.872900000000001),(0.,0.,50.850000000000001),(0.,9.9202999999999992,49.872900000000001),(0.,19.459499999999998,46.979300000000002),(0.,28.250699999999998,42.280200000000001),(0.,35.956400000000002,35.956400000000002),(0.,42.280200000000001,28.250699999999998),(0.,46.979300000000002,19.459499999999998),(0.,49.872900000000001,9.9202999999999992),(0.,50.850000000000001,0.),(1942.8499999999999,2000.,0.),(1943.9481000000001,2000.,11.1494),(1947.2003,2000.,21.8704),(1952.4815000000001,2000.,31.750800000000002),(1959.5888,2000.,40.411200000000001),(1968.2492,2000.,47.518500000000003),(1978.1296,2000.,52.799700000000001),(1988.8506,2000.,56.051900000000003),(2000.,2000.,57.149999999999999),(2011.1494,2000.,56.051900000000003),(2021.8704,2000.,52.799700000000001),(2031.7508,2000.,47.518500000000003),(2040.4112,2000.,40.411200000000001),(2047.5184999999999,2000.,31.750800000000002),(2052.7997,2000.,21.8704),(2056.0518999999999,2000.,11.1494),(2057.1500000000001,2000.,0.),(2056.0518999999999,2000.,-11.1494),(2052.7997,2000.,-21.8704),(2047.5184999999999,2000.,-31.750800000000002),(2040.4112,2000.,-40.411200000000001),(2031.7508,2000.,-47.518500000000003),(2021.8704,2000.,-52.799700000000001),(2011.1494,2000.,-56.051900000000003),(2000.,2000.,-57.149999999999999),(1988.8506,2000.,-56.051900000000003),(1978.1296,2000.,-52.799700000000001),(1968.2492,2000.,-47.518500000000003),(1959.5888,2000.,-40.411200000000001),(1952.4815000000001,2000.,-31.750800000000002),(1947.2003,2000.,-21.8704),(1943.9481000000001,2000.,-11.1494),(1950.1270999999999,2000.,-9.9202999999999992),(1953.0207,2000.,-19.459499999999998),(1957.7198000000001,2000.,-28.250699999999998),(1964.0436,2000.,-35.956400000000002),(1971.7492999999999,2000.,-42.280200000000001),(1980.5405000000001,2000.,-46.979300000000002),(1990.0797,2000.,-49.872900000000001),(2000.,2000.,-50.850000000000001),(2009.9203,2000.,-49.872900000000001),(2019.4594999999999,2000.,-46.979300000000002),(2028.2507000000001,2000.,-42.280200000000001),(2035.9564,2000.,-35.956400000000002),(2042.2801999999999,2000.,-28.250699999999998),(2046.9793,2000.,-19.459499999999998),(2049.8728999999998,2000.,-9.9202999999999992),(2050.8499999999999,2000.,0.),(2049.8728999999998,2000.,9.9202999999999992),(2046.9793,2000.,19.459499999999998),(2042.2801999999999,2000.,28.250699999999998),(2035.9564,2000.,35.956400000000002),(2028.2507000000001,2000.,42.280200000000001),(2019.4594999999999,2000.,46.979300000000002),(2009.9203,2000.,49.872900000000001),(2000.,2000.,50.850000000000001),(1990.0797,2000.,49.872900000000001),(1980.5405000000001,2000.,46.979300000000002),(1971.7492999999999,2000.,42.280200000000001),(1964.0436,2000.,35.956400000000002),(1957.7198000000001,2000.,28.250699999999998),(1953.0207,2000.,19.459499999999998),(1950.1270999999999,2000.,9.9202999999999992),(1949.1500000000001,2000.,0.)));
#392=IFCTRIANGULATEDFACESET(#391,$,.F.,((1,2,66),(1,66,65),(2,3,67),(2,67,66),(3,4,68),(3,68,67),(4,5,69),(4,69,68),(5,6,70),(5,70,69),(6,7,71),(6,71,70),(7,8,72),(7,72,71),(8,9,73),(8,73,72),(9,10,74),(9,74,73),(10,11,75),(10,75,74),(11,12,76),(11,76,75),(12,13,77),(12,77,76),(13,14,78),(13,78,77),(14,15,79),(14,79,78),(15,16,80),(15,80,79),(16,17,81),(16,81,80),(17,18,82),(17,82,81),(18,19,83),(18,83,82),(19,20,84),(19,84,83),(20,21,85),(20,85,84),(21,22,86),(21,86,85),(22,23,87),(22,87,86),(23,24,88),(23,88,87),(24,25,89),(24,89,88),(25,26,90),(25,90,89),(26,27,91),(26,91,90),(27,28,92),(27,92,91),(28,29,93),(28,93,92),(29,30,94),(29,94,93),(30,31,95),(30,95,94),(31,32,96),(31,96,95),(32,1,65),(32,65,96),(65,66,98),(65,98,97),(66,67,99),(66,99,98),(67,68,100),(67,100,99),(68,69,101),(68,101,100),(69,70,102),(69,102,101),(70,71,103),(70,103,102),(71,72,104),(71,104,103),(72,73,105),(72,105,104),(73,74,106),(73,106,105),(74,75,107),(74,107,106),(75,76,108),(75,108,107),(76,77,109),(76,109,108),(77,78,110),(77,110,109),(78,79,111),(78,111,110),(79,80,112),(79,112,111),(80,81,113),(80,113,112),(81,82,114),(81,114,113),(82,83,115),(82,115,114),(83,84,116),(83,116,115),(84,85,117),(84,117,116),(85,86,118),(85,118,117),(86,87,119),(86,119,118),(87,88,120),(87,120,119),(88,89,121),(88,121,120),(89,90,122),(89,122,121),(90,91,123),(90,123,122),(91,92,124),(91,124,123),(92,93,125),(92,125,124),(93,94,126),(93,126,125),(94,95,127),(94,127,126),(95,96,128),(95,128,127),(96,65,97),(96,97,128),(97,98,130),(97,130,129),(98,99,131),(98,131,130),(99,100,132),(99,132,131),(100,101,133),(100,133,132),(101,102,134),(101,134,133),(102,103,135),(102,135,134),(103,104,136),(103,136,135),(104,105,137),(104,137,136),(105,106,138),(105,138,137),(106,107,139),(106,139,138),(107,108,140),(107,140,139),(108,109,141),(108,141,140),(109,110,142),(109,142,141),(110,111,143),(110,143,142),(111,112,144),(111,144,143),(112,113,145),(112,145,144),(113,114,146),(113,146,145),(114,115,147),(114,147,146),(115,116,148),(115,148,147),(116,117,149),(116,149,148),(117,118,150),(117,150,149),(118,119,151),(118,151,150),(119,120,152),(119,152,151),(120,121,153),(120,153,152),(121,122,154),(121,154,153),(122,123,155),(122,155,154),(123,124,156),(123,156,155),(124,125,157),(124,157,156),(125,126,158),(125,158,157),(126,127,159),(126,159,158),(127,128,160),(127,160,159),(128,97,129),(128,129,160),(129,130,162),(129,162,161),(130,131,163),(130,163,162),(131,132,164),(131,164,163),(132,133,165),(132,165,164),(133,134,166),(133,166,165),(134,135,167),(134,167,166),(135,136,168),(135,168,167),(136,137,169),(136,169,168),(137,138,170),(137,170,169),(138,139,171),(138,171,170),(139,140,172),(139,172,171),(140,141,173),(140,173,172),(141,142,174),(141,174,173),(142,143,175),(142,175,174),(143,144,176),(143,176,175),(144,145,177),(144,177,176),(145,146,178),(145,178,177),(146,147,179),(146,179,178),(147,148,180),(147,180,179),(148,149,181),(148,181,180),(149,150,182),(149,182,181),(150,151,183),(150,183,182),(151,152,184),(151,184,183),(152,153,185),(152,185,184),(153,154,186),(153,186,185),(154,155,187),(154,187,186),(155,156,188),(155,188,187),(156,157,189),(156,189,188),(157,158,190),(157,190,189),(158,159,191),(158,191,190),(159,160,192),(159,192,191),(160,129,161),(160,161,192),(161,162,194),(161,194,193),(162,163,195),(162,195,194),(163,164,196),(163,196,195),(164,165,197),(164,197,196),(165,166,198),(165,198,197),(166,167,199),(166,199,198),(167,168,200),(167,200,199),(168,169,201),(168,201,200),(169,170,202),(169,202,201),(170,171,203),(170,203,202),(171,172,204),(171,204,203),(172,173,205),(172,205,204),(173,174,206),(173,206,205),(174,175,207),(174,207,206),(175,176,208),(175,208,207),(176,177,209),(176,209,208),(177,178,210),(177,210,209),(178,179,211),(178,211,210),(179,180,212),(179,212,211),(180,181,213),(180,213,212),(181,182,214),(181,214,213),(182,183,215),(182,215,214),(183,184,216),(183,216,215),(184,185,217),(184,217,216),(185,186,218),(185,218,217),(186,187,219),(186,219,218),(187,188,220),(187,220,219),(188,189,221),(188,221,220),(189,190,222),(189,222,221),(190,191,223),(190,223,222),(191,192,224),(191,224,223),(192,161,193),(192,193,224),(193,194,226),(193,226,225),(194,195,227),(194,227,226),(195,196,228),(195,228,227),(196,197,229),(196,229,228),(197,198,230),(197,230,229),(198,199,231),(198,231,230),(199,200,232),(199,232,231),(200,201,233),(200,233,232),(201,202,234),(201,234,233),(202,203,235),(202,235,234),(203,204,236),(203,236,235),(204,205,237),(204,237,236),(205,206,238),(205,238,237),(206,207,239),(206,239,238),(207,208,240),(207,240,239),(208,209,241),(208,241,240),(209,210,242),(209,242,241),(210,211,243),(210,243,242),(211,212,244),(211,244,243),(212,213,245),(212,245,244),(213,214,246),(213,246,245),(214,215,247),(214,247,246),(215,216,248),(215,248,247),(216,217,249),(216,249,248),(217,218,250),(217,250,249),(218,219,251),(218,251,250),(219,220,252),(219,252,251),(220,221,253),(220,253,252),(221,222,254),(221,254,253),(222,223,255),(222,255,254),(223,224,256),(223,256,255),(224,193,225),(224,225,256),(225,226,258),(225,258,257),(226,227,259),(226,259,258),(227,228,260),(227,260,259),(228,229,261),(228,261,260),(229,230,262),(229,262,261),(230,231,263),(230,263,262),(231,232,264),(231,264,263),(232,233,265),(232,265,264),(233,234,266),(233,266,265),(234,235,267),(234,267,266),(235,236,268),(235,268,267),(236,237,269),(236,269,268),(237,238,270),(237,270,269),(238,239,271),(238,271,270),(239,240,272),(239,272,271),(240,241,273),(240,273,272),(241,242,274),(241,274,273),(242,243,275),(242,275,274),(243,244,276),(243,276,275),(244,245,277),(244,277,276),(245,246,278),(245,278,277),(246,247,279),(246,279,278),(247,248,280),(247,280,279),(248,249,281),(248,281,280),(249,250,282),(249,282,281),(250,251,283),(250,283,282),(251,252,284),(251,284,283),(252,253,285),(252,285,284),(253,254,286),(253,286,285),(254,255,287),(254,287,286),(255,256,288),(255,288,287),(256,225,257),(256,257,288),(257,258,290),(257,290,289),(258,259,291),(258,291,290),(259,260,292),(259,292,291),(260,261,293),(260,293,292),(261,262,294),(261,294,293),(262,263,295),(262,295,294),(263,264,296),(263,296,295),(264,265,297),(264,297,296),(265,266,298),(265,298,297),(266,267,299),(266,299,298),(267,268,300),(267,300,299),(268,269,301),(268,301,300),(269,270,302),(269,302,301),(270,271,303),(270,303,302),(271,272,304),(271,304,303),(272,273,305),(272,305,304),(273,274,306),(273,306,305),(274,275,307),(274,307,306),(275,276,308),(275,308,307),(276,277,309),(276,309,308),(277,278,310),(277,310,309),(278,279,311),(278,311,310),(279,280,312),(279,312,311),(280,281,313),(280,313,312),(281,282,314),(281,314,313),(282,283,315),(282,315,314),(283,284,316),(283,316,315),(284,285,317),(284,317,316),(285,286,318),(285,318,317),(286,287,319),(286,319,318),(287,288,320),(287,320,319),(288,257,289),(288,289,320),(289,290,322),(289,322,321),(290,291,323),(290,323,322),(291,292,324),(291,324,323),(292,293,325),(292,325,324),(293,294,326),(293,326,325),(294,295,327),(294,327,326),(295,296,328),(295,328,327),(296,297,329),(296,329,328),(297,298,330),(297,330,329),(298,299,331),(298,331,330),(299,300,332),(299,332,331),(300,301,333),(300,333,332),(301,302,334),(301,334,333),(302,303,335),(302,335,334),(303,304,336),(303,336,335),(304,305,337),(304,337,336),(305,306,338),(305,338,337),(306,307,339),(306,339,338),(307,308,340),(307,340,339),(308,309,341),(308,341,340),(309,310,342),(309,342,341),(310,311,343),(310,343,342),(311,312,344),(311,344,343),(312,313,345),(312,345,344),(313,314,346),(313,346,345),(314,315,347),(314,347,346),(315,316,348),(315,348,347),(316,317,349),(316,349,348),(317,318,350),(317,350,349),(318,319,351),(318,351,350),(319,320,352),(319,352,351),(320,289,321),(320,321,352),(321,322,354),(321,354,353),(322,323,355),(322,355,354),(323,324,356),(323,356,355),(324,325,357),(324,357,356),(325,326,358),(325,358,357),(326,327,359),(326,359,358),(327,328,360),(327,360,359),(328,329,361),(328,361,360),(329,330,362),(329,362,361),(330,331,363),(330,363,362),(331,332,364),(331,364,363),(332,333,365),(332,365,364),(333,334,366),(333,366,365),(334,335,367),(334,367,366),(335,336,368),(335,368,367),(336,337,369),(336,369,368),(337,338,370),(337,370,369),(338,339,371),(338,371,370),(339,340,372),(339,372,371),(340,341,373),(340,373,372),(341,342,374),(341,374,373),(342,343,375),(342,375,374),(343,344,376),(343,376,375),(344,345,377),(344,377,376),(345,346,378),(345,378,377),(346,347,379),(346,379,378),(347,348,380),(347,380,379),(348,349,381),(348,381,380),(349,350,382),(349,382,381),(350,351,383),(350,383,382),(351,352,384),(351,384,383),(352,321,353),(352,353,384),(353,354,386),(353,386,385),(354,355,387),(354,387,386),(355,356,388),(355,388,387),(356,357,389),(356,389,388),(357,358,390),(357,390,389),(358,359,391),(358,391,390),(359,360,392),(359,392,391),(360,361,393),(360,393,392),(361,362,394),(361,394,393),(362,363,395),(362,395,394),(363,364,396),(363,396,395),(364,365,397),(364,397,396),(365,366,398),(365,398,397),(366,367,399),(366,399,398),(367,368,400),(367,400,399),(368,369,401),(368,401,400),(369,370,402),(369,402,401),(370,371,403),(370,403,402),(371,372,404),(371,404,403),(372,373,405),(372,405,404),(373,374,406),(373,406,405),(374,375,407),(374,407,406),(375,376,408),(375,408,407),(376,377,409),(376,409,408),(377,378,410),(377,410,409),(378,379,411),(378,411,410),(379,380,412),(379,412,411),(380,381,413),(380,413,412),(381,382,414),(381,414,413),(382,383,415),(382,415,414),(383,384,416),(383,416,415),(384,353,385),(384,385,416),(385,386,418),(385,418,417),(386,387,419),(386,419,418),(387,388,420),(387,420,419),(388,389,421),(388,421,420),(389,390,422),(389,422,421),(390,391,423),(390,423,422),(391,392,424),(391,424,423),(392,393,425),(392,425,424),(393,394,426),(393,426,425),(394,395,427),(394,427,426),(395,396,428),(395,428,427),(396,397,429),(396,429,428),(397,398,430),(397,430,429),(398,399,431),(398,431,430),(399,400,432),(399,432,431),(400,401,433),(400,433,432),(401,402,434),(401,434,433),(402,403,435),(402,435,434),(403,404,436),(403,436,435),(404,405,437),(404,437,436),(405,406,438),(405,438,437),(406,407,439),(406,439,438),(407,408,440),(407,440,439),(408,409,441),(408,441,440),(409,410,442),(409,442,441),(410,411,443),(410,443,442),(411,412,444),(411,444,443),(412,413,445),(412,445,444),(413,414,446),(413,446,445),(414,415,447),(414,447,446),(415,416,448),(415,448,447),(416,385,417),(416,417,448),(417,418,450),(417,450,449),(418,419,451),(418,451,450),(419,420,452),(419,452,451),(420,421,453),(420,453,452),(421,422,454),(421,454,453),(422,423,455),(422,455,454),(423,424,456),(423,456,455),(424,425,457),(424,457,456),(425,426,458),(425,458,457),(426,427,459),(426,459,458),(427,428,460),(427,460,459),(428,429,461),(428,461,460),(429,430,462),(429,462,461),(430,431,463),(430,463,462),(431,432,464),(431,464,463),(432,433,465),(432,465,464),(433,434,466),(433,466,465),(434,435,467),(434,467,466),(435,436,468),(435,468,467),(436,437,469),(436,469,468),(437,438,470),(437,470,469),(438,439,471),(438,471,470),(439,440,472),(439,472,471),(440,441,473),(440,473,472),(441,442,474),(441,474,473),(442,443,475),(442,475,474),(443,444,476),(443,476,475),(444,445,477),(444,477,476),(445,446,478),(445,478,477),(446,447,479),(446,479,478),(447,448,480),(447,480,479),(448,417,449),(448,449,480),(449,450,482),(449,482,481),(450,451,483),(450,483,482),(451,452,484),(451,484,483),(452,453,485),(452,485,484),(453,454,486),(453,486,485),(454,455,487),(454,487,486),(455,456,488),(455,488,487),(456,457,489),(456,489,488),(457,458,490),(457,490,489),(458,459,491),(458,491,490),(459,460,492),(459,492,491),(460,461,493),(460,493,492),(461,462,494),(461,494,493),(462,463,495),(462,495,494),(463,464,496),(463,496,495),(464,465,497),(464,497,496),(465,466,498),(465,498,497),(466,467,499),(466,499,498),(467,468,500),(467,500,499),(468,469,501),(468,501,500),(469,470,502),(469,502,501),(470,471,503),(470,503,502),(471,472,504),(471,504,503),(472,473,505),(472,505,504),(473,474,506),(473,506,505),(474,475,507),(474,507,506),(475,476,508),(475,508,507),(476,477,509),(476,509,508),(477,478,510),(477,510,509),(478,479,511),(478,511,510),(479,480,512),(479,512,511),(480,449,481),(480,481,512),(481,482,514),(481,514,513),(482,483,515),(482,515,514),(483,484,516),(483,516,515),(484,485,517),(484,517,516),(485,486,518),(485,518,517),(486,487,519),(486,519,518),(487,488,520),(487,520,519),(488,489,521),(488,521,520),(489,490,522),(489,522,521),(490,491,523),(490,523,522),(491,492,524),(491,524,523),(492,493,525),(492,525,524),(493,494,526),(493,526,525),(494,495,527),(494,527,526),(495,496,528),(495,528,527),(496,497,529),(496,529,528),(497,498,530),(497,530,529),(498,499,531),(498,531,530),(499,500,532),(499,532,531),(500,501,533),(500,533,532),(501,502,534),(501,534,533),(502,503,535),(502,535,534),(503,504,536),(503,536,535),(504,505,537),(504,537,536),(505,506,538),(505,538,537),(506,507,539),(506,539,538),(507,508,540),(507,540,539),(508,509,541),(508,541,540),(509,510,542),(509,542,541),(510,511,543),(510,543,542),(511,512,544),(511,544,543),(512,481,513),(512,513,544),(513,514,546),(513,546,545),(514,515,547),(514,547,546),(515,516,548),(515,548,547),(516,517,549),(516,549,548),(517,518,550),(517,550,549),(518,519,551),(518,551,550),(519,520,552),(519,552,551),(520,521,553),(520,553,552),(521,522,554),(521,554,553),(522,523,555),(522,555,554),(523,524,556),(523,556,555),(524,525,557),(524,557,556),(525,526,558),(525,558,557),(526,527,559),(526,559,558),(527,528,560),(527,560,559),(528,529,561),(528,561,560),(529,530,562),(529,562,561),(530,531,563),(530,563,562),(531,532,564),(531,564,563),(532,533,565),(532,565,564),(533,534,566),(533,566,565),(534,535,567),(534,567,566),(535,536,568),(535,568,567),(536,537,569),(536,569,568),(537,538,570),(537,570,569),(538,539,571),(538,571,570),(539,540,572),(539,572,571),(540,541,573),(540,573,572),(541,542,574),(541,574,573),(542,543,575),(542,575,574),(543,544,576),(543,576,575),(544,513,545),(544,545,576),(545,546,578),(545,578,577),(546,547,579),(546,579,578),(547,548,580),(547,580,579),(548,549,581),(548,581,580),(549,550,582),(549,582,581),(550,551,583),(550,583,582),(551,552,584),(551,584,583),(552,553,585),(552,585,584),(553,554,586),(553,586,585),(554,555,587),(554,587,586),(555,556,588),(555,588,587),(556,557,589),(556,589,588),(557,558,590),(557,590,589),(558,559,591),(558,591,590),(559,560,592),(559,592,591),(560,561,593),(560,593,592),(561,562,594),(561,594,593),(562,563,595),(562,595,594),(563,564,596),(563,596,595),(564,565,597),(564,597,596),(565,566,598),(565,598,597),(566,567,599),(566,599,598),(567,568,600),(567,600,599),(568,569,601),(568,601,600),(569,570,602),(569,602,601),(570,571,603),(570,603,602),(571,572,604),(571,604,603),(572,573,605),(572,605,604),(573,574,606),(573,606,605),(574,575,607),(574,607,606),(575,576,608),(575,608,607),(576,545,577),(576,577,608),(577,578,610),(577,610,609),(578,579,611),(578,611,610),(579,580,612),(579,612,611),(580,581,613),(580,613,612),(581,582,614),(581,614,613),(582,583,615),(582,615,614),(583,584,616),(583,616,615),(584,585,617),(584,617,616),(585,586,618),(585,618,617),(586,587,619),(586,619,618),(587,588,620),(587,620,619),(588,589,621),(588,621,620),(589,590,622),(589,622,621),(590,591,623),(590,623,622),(591,592,624),(591,624,623),(592,593,625),(592,625,624),(593,594,626),(593,626,625),(594,595,627),(594,627,626),(595,596,628),(595,628,627),(596,597,629),(596,629,628),(597,598,630),(597,630,629),(598,599,631),(598,631,630),(599,600,632),(599,632,631),(600,601,633),(600,633,632),(601,602,634),(601,634,633),(602,603,635),(602,635,634),(603,604,636),(603,636,635),(604,605,637),(604,637,636),(605,606,638),(605,638,637),(606,607,639),(606,639,638),(607,608,640),(607,640,639),(608,577,609),(608,609,640),(609,610,642),(609,642,641),(610,611,643),(610,643,642),(611,612,644),(611,644,643),(612,613,645),(612,645,644),(613,614,646),(613,646,645),(614,615,647),(614,647,646),(615,616,648),(615,648,647),(616,617,649),(616,649,648),(617,618,650),(617,650,649),(618,619,651),(618,651,650),(619,620,652),(619,652,651),(620,621,653),(620,653,652),(621,622,654),(621,654,653),(622,623,655),(622,655,654),(623,624,656),(623,656,655),(624,625,657),(624,657,656),(625,626,658),(625,658,657),(626,627,659),(626,659,658),(627,628,660),(627,660,659),(628,629,661),(628,661,660),(629,630,662),(629,662,661),(630,631,663),(630,663,662),(631,632,664),(631,664,663),(632,633,665),(632,665,664),(633,634,666),(633,666,665),(634,635,667),(634,667,666),(635,636,668),(635,668,667),(636,637,669),(636,669,668),(637,638,670),(637,670,669),(638,639,671),(638,671,670),(639,640,672),(639,672,671),(640,609,641),(640,641,672),(641,642,674),(641,674,673),(642,643,675),(642,675,674),(643,644,676),(643,676,675),(644,645,677),(644,677,676),(645,646,678),(645,678,677),(646,647,679),(646,679,678),(647,648,680),(647,680,679),(648,649,681),(648,681,680),(649,650,682),(649,682,681),(650,651,683),(650,683,682),(651,652,684),(651,684,683),(652,653,685),(652,685,684),(653,654,686),(653,686,685),(654,655,687),(654,687,686),(655,656,688),(655,688,687),(656,657,689),(656,689,688),(657,658,690),(657,690,689),(658,659,691),(658,691,690),(659,660,692),(659,692,691),(660,661,693),(660,693,692),(661,662,694),(661,694,693),(662,663,695),(662,695,694),(663,664,696),(663,696,695),(664,665,697),(664,697,696),(665,666,698),(665,698,697),(666,667,699),(666,699,698),(667,668,700),(667,700,699),(668,669,701),(668,701,700),(669,670,702),(669,702,701),(670,671,703),(670,703,702),(671,672,704),(671,704,703),(672,641,673),(672,673,704),(673,674,706),(673,706,705),(674,675,707),(674,707,706),(675,676,708),(675,708,707),(676,677,709),(676,709,708),(677,678,710),(677,710,709),(678,679,711),(678,711,710),(679,680,712),(679,712,711),(680,681,713),(680,713,712),(681,682,714),(681,714,713),(682,683,715),(682,715,714),(683,684,716),(683,716,715),(684,685,717),(684,717,716),(685,686,718),(685,718,717),(686,687,719),(686,719,718),(687,688,720),(687,720,719),(688,689,721),(688,721,720),(689,690,722),(689,722,721),(690,691,723),(690,723,722),(691,692,724),(691,724,723),(692,693,725),(692,725,724),(693,694,726),(693,726,725),(694,695,727),(694,727,726),(695,696,728),(695,728,727),(696,697,729),(696,729,728),(697,698,730),(697,730,729),(698,699,731),(698,731,730),(699,700,732),(699,732,731),(700,701,733),(700,733,732),(701,702,734),(701,734,733),(702,703,735),(702,735,734),(703,704,736),(703,736,735),(704,673,705),(704,705,736),(705,706,738),(705,738,737),(706,707,739),(706,739,738),(707,708,740),(707,740,739),(708,709,741),(708,741,740),(709,710,742),(709,742,741),(710,711,743),(710,743,742),(711,712,744),(711,744,743),(712,713,745),(712,745,744),(713,714,746),(713,746,745),(714,715,747),(714,747,746),(715,716,748),(715,748,747),(716,717,749),(716,749,748),(717,718,750),(717,750,749),(718,719,751),(718,751,750),(719,720,752),(719,752,751),(720,721,753),(720,753,752),(721,722,754),(721,754,753),(722,723,755),(722,755,754),(723,724,756),(723,756,755),(724,725,757),(724,757,756),(725,726,758),(725,758,757),(726,727,759),(726,759,758),(727,728,760),(727,760,759),(728,729,761),(728,761,760),(729,730,762),(729,762,761),(730,731,763),(730,763,762),(731,732,764),(731,764,763),(732,733,765),(732,765,764),(733,734,766),(733,766,765),(734,735,767),(734,767,766),(735,736,768),(735,768,767),(736,705,737),(736,737,768),(737,738,770),(737,770,769),(738,739,771),(738,771,770),(739,740,772),(739,772,771),(740,741,773),(740,773,772),(741,742,774),(741,774,773),(742,743,775),(742,775,774),(743,744,776),(743,776,775),(744,745,777),(744,777,776),(745,746,778),(745,778,777),(746,747,779),(746,779,778),(747,748,780),(747,780,779),(748,749,781),(748,781,780),(749,750,782),(749,782,781),(750,751,783),(750,783,782),(751,752,784),(751,784,783),(752,753,785),(752,785,784),(753,754,786),(753,786,785),(754,755,787),(754,787,786),(755,756,788),(755,788,787),(756,757,789),(756,789,788),(757,758,790),(757,790,789),(758,759,791),(758,791,790),(759,760,792),(759,792,791),(760,761,793),(760,793,792),(761,762,794),(761,794,793),(762,763,795),(762,795,794),(763,764,796),(763,796,795),(764,765,797),(764,797,796),(765,766,798),(765,798,797),(766,767,799),(766,799,798),(767,768,800),(767,800,799),(768,737,769),(768,769,800),(769,770,802),(769,802,801),(770,771,803),(770,803,802),(771,772,804),(771,804,803),(772,773,805),(772,805,804),(773,774,806),(773,806,805),(774,775,807),(774,807,806),(775,776,808),(775,808,807),(776,777,809),(776,809,808),(777,778,810),(777,810,809),(778,779,811),(778,811,810),(779,780,812),(779,812,811),(780,781,813),(780,813,812),(781,782,814),(781,814,813),(782,783,815),(782,815,814),(783,784,816),(783,816,815),(784,785,817),(784,817,816),(785,786,818),(785,818,817),(786,787,819),(786,819,818),(787,788,820),(787,820,819),(788,789,821),(788,821,820),(789,790,822),(789,822,821),(790,791,823),(790,823,822),(791,792,824),(791,824,823),(792,793,825),(792,825,824),(793,794,826),(793,826,825),(794,795,827),(794,827,826),(795,796,828),(795,828,827),(796,797,829),(796,829,828),(797,798,830),(797,830,829),(798,799,831),(798,831,830),(799,800,832),(799,832,831),(800,769,801),(800,801,832),(801,802,834),(801,834,833),(802,803,835),(802,835,834),(803,804,836),(803,836,835),(804,805,837),(804,837,836),(805,806,838),(805,838,837),(806,807,839),(806,839,838),(807,808,840),(807,840,839),(808,809,841),(808,841,840),(809,810,842),(809,842,841),(810,811,843),(810,843,842),(811,812,844),(811,844,843),(812,813,845),(812,845,844),(813,814,846),(813,846,845),(814,815,847),(814,847,846),(815,816,848),(815,848,847),(816,817,849),(816,849,848),(817,818,850),(817,850,849),(818,819,851),(818,851,850),(819,820,852),(819,852,851),(820,821,853),(820,853,852),(821,822,854),(821,854,853),(822,823,855),(822,855,854),(823,824,856),(823,856,855),(824,825,857),(824,857,856),(825,826,858),(825,858,857),(826,827,859),(826,859,858),(827,828,860),(827,860,859),(828,829,861),(828,861,860),(829,830,862),(829,862,861),(830,831,863),(830,863,862),(831,832,864),(831,864,863),(832,801,833),(832,833,864),(833,834,866),(833,866,865),(834,835,867),(834,867,866),(835,836,868),(835,868,867),(836,837,869),(836,869,868),(837,838,870),(837,870,869),(838,839,871),(838,871,870),(839,840,872),(839,872,871),(840,841,873),(840,873,872),(841,842,874),(841,874,873),(842,843,875),(842,875,874),(843,844,876),(843,876,875),(844,845,877),(844,877,876),(845,846,878),(845,878,877),(846,847,879),(846,879,878),(847,848,880),(847,880,879),(848,849,881),(848,881,880),(849,850,882),(849,882,881),(850,851,883),(850,883,882),(851,852,884),(851,884,883),(852,853,885),(852,885,884),(853,854,886),(853,886,885),(854,855,887),(854,887,886),(855,856,888),(855,888,887),(856,857,889),(856,889,888),(857,858,890),(857,890,889),(858,859,891),(858,891,890),(859,860,892),(859,892,891),(860,861,893),(860,893,892),(861,862,894),(861,894,893),(862,863,895),(862,895,894),(863,864,896),(863,896,895),(864,833,865),(864,865,896),(865,866,898),(865,898,897),(866,867,899),(866,899,898),(867,868,900),(867,900,899),(868,869,901),(868,901,900),(869,870,902),(869,902,901),(870,871,903),(870,903,902),(871,872,904),(871,904,903),(872,873,905),(872,905,904),(873,874,906),(873,906,905),(874,875,907),(874,907,906),(875,876,908),(875,908,907),(876,877,909),(876,909,908),(877,878,910),(877,910,909),(878,879,911),(878,911,910),(879,880,912),(879,912,911),(880,881,913),(880,913,912),(881,882,914),(881,914,913),(882,883,915),(882,915,914),(883,884,916),(883,916,915),(884,885,917),(884,917,916),(885,886,918),(885,918,917),(886,887,919),(886,919,918),(887,888,920),(887,920,919),(888,889,921),(888,921,920),(889,890,922),(889,922,921),(890,891,923),(890,923,922),(891,892,924),(891,924,923),(892,893,925),(892,925,924),(893,894,926),(893,926,925),(894,895,927),(894,927,926),(895,896,928),(895,928,927),(896,865,897),(896,897,928),(897,898,930),(897,930,929),(898,899,931),(898,931,930),(899,900,932),(899,932,931),(900,901,933),(900,933,932),(901,902,934),(901,934,933),(902,903,935),(902,935,934),(903,904,936),(903,936,935),(904,905,937),(904,937,936),(905,906,938),(905,938,937),(906,907,939),(906,939,938),(907,908,940),(907,940,939),(908,909,941),(908,941,940),(909,910,942),(909,942,941),(910,911,943),(910,943,942),(911,912,944),(911,944,943),(912,913,945),(912,945,944),(913,914,946),(913,946,945),(914,915,947),(914,947,946),(915,916,948),(915,948,947),(916,917,949),(916,949,948),(917,918,950),(917,950,949),(918,919,951),(918,951,950),(919,920,952),(919,952,951),(920,921,953),(920,953,952),(921,922,954),(921,954,953),(922,923,955),(922,955,954),(923,924,956),(923,956,955),(924,925,957),(924,957,956),(925,926,958),(925,958,957),(926,927,959),(926,959,958),(927,928,960),(927,960,959),(928,897,929),(928,929,960),(929,930,962),(929,962,961),(930,931,963),(930,963,962),(931,932,964),(931,964,963),(932,933,965),(932,965,964),(933,934,966),(933,966,965),(934,935,967),(934,967,966),(935,936,968),(935,968,967),(936,937,969),(936,969,968),(937,938,970),(937,970,969),(938,939,971),(938,971,970),(939,940,972),(939,972,971),(940,941,973),(940,973,972),(941,942,974),(941,974,973),(942,943,975),(942,975,974),(943,944,976),(943,976,975),(944,945,977),(944,977,976),(945,946,978),(945,978,977),(946,947,979),(946,979,978),(947,948,980),(947,980,979),(948,949,981),(948,981,980),(949,950,982),(949,982,981),(950,951,983),(950,983,982),(951,952,984),(951,984,983),(952,953,985),(952,985,984),(953,954,986),(953,986,985),(954,955,987),(954,987,986),(955,956,988),(955,988,987),(956,957,989),(956,989,988),(957,958,990),(957,990,989),(958,959,991),(958,991,990),(959,960,992),(959,992,991),(960,929,961),(960,961,992),(961,962,994),(961,994,993),(962,963,995),(962,995,994),(963,964,996),(963,996,995),(964,965,997),(964,997,996),(965,966,998),(965,998,997),(966,967,999),(966,999,998),(967,968,1000),(967,1000,999),(968,969,1001),(968,1001,1000),(969,970,1002),(969,1002,1001),(970,971,1003),(970,1003,1002),(971,972,1004),(971,1004,1003),(972,973,1005),(972,1005,1004),(973,974,1006),(973,1006,1005),(974,975,1007),(974,1007,1006),(975,976,1008),(975,1008,1007),(976,977,1009),(976,1009,1008),(977,978,1010),(977,1010,1009),(978,979,1011),(978,1011,1010),(979,980,1012),(979,1012,1011),(980,981,1013),(980,1013,1012),(981,982,1014),(981,1014,1013),(982,983,1015),(982,1015,1014),(983,984,1016),(983,1016,1015),(984,985,1017),(984,1017,1016),(985,986,1018),(985,1018,1017),(986,987,1019),(986,1019,1018),(987,988,1020),(987,1020,1019),(988,989,1021),(988,1021,1020),(989,990,1022),(989,1022,1021),(990,991,1023),(990,1023,1022),(991,992,1024),(991,1024,1023),(992,961,993),(992,993,1024),(993,994,1026),(993,1026,1025),(994,995,1027),(994,1027,1026),(995,996,1028),(995,1028,1027),(996,997,1029),(996,1029,1028),(997,998,1030),(997,1030,1029),(998,999,1031),(998,1031,1030),(999,1000,1032),(999,1032,1031),(1000,1001,1033),(1000,1033,1032),(1001,1002,1034),(1001,1034,1033),(1002,1003,1035),(1002,1035,1034),(1003,1004,1036),(1003,1036,1035),(1004,1005,1037),(1004,1037,1036),(1005,1006,1038),(1005,1038,1037),(1006,1007,1039),(1006,1039,1038),(1007,1008,1040),(1007,1040,1039),(1008,1009,1041),(1008,1041,1040),(1009,1010,1042),(1009,1042,1041),(1010,1011,1043),(1010,1043,1042),(1011,1012,1044),(1011,1044,1043),(1012,1013,1045),(1012,1045,1044),(1013,1014,1046),(1013,1046,1045),(1014,1015,1047),(1014,1047,1046),(1015,1016,1048),(1015,1048,1047),(1016,1017,1049),(1016,1049,1048),(1017,1018,1050),(1017,1050,1049),(1018,1019,1051),(1018,1051,1050),(1019,1020,1052),(1019,1052,1051),(1020,1021,1053),(1020,1053,1052),(1021,1022,1054),(1021,1054,1053),(1022,1023,1055),(1022,1055,1054),(1023,1024,1056),(1023,1056,1055),(1024,993,1025),(1024,1025,1056),(1025,1026,1058),(1025,1058,1057),(1026,1027,1059),(1026,1059,1058),(1027,1028,1060),(1027,1060,1059),(1028,1029,1061),(1028,1061,1060),(1029,1030,1062),(1029,1062,1061),(1030,1031,1063),(1030,1063,1062),(1031,1032,1064),(1031,1064,1063),(1032,1033,1065),(1032,1065,1064),(1033,1034,1066),(1033,1066,1065),(1034,1035,1067),(1034,1067,1066),(1035,1036,1068),(1035,1068,1067),(1036,1037,1069),(1036,1069,1068),(1037,1038,1070),(1037,1070,1069),(1038,1039,1071),(1038,1071,1070),(1039,1040,1072),(1039,1072,1071),(1040,1041,1073),(1040,1073,1072),(1041,1042,1074),(1041,1074,1073),(1042,1043,1075),(1042,1075,1074),(1043,1044,1076),(1043,1076,1075),(1044,1045,1077),(1044,1077,1076),(1045,1046,1078),(1045,1078,1077),(1046,1047,1079),(1046,1079,1078),(1047,1048,1080),(1047,1080,1079),(1048,1049,1081),(1048,1081,1080),(1049,1050,1082),(1049,1082,1081),(1050,1051,1083),(1050,1083,1082),(1051,1052,1084),(1051,1084,1083),(1052,1053,1085),(1052,1085,1084),(1053,1054,1086),(1053,1086,1085),(1054,1055,1087),(1054,1087,1086),(1055,1056,1088),(1055,1088,1087),(1056,1025,1057),(1056,1057,1088),(1153,1154,1122),(1153,1122,1121),(1154,1155,1123),(1154,1123,1122),(1155,1156,1124),(1155,1124,1123),(1156,1157,1125),(1156,1125,1124),(1157,1158,1126),(1157,1126,1125),(1158,1159,1127),(1158,1127,1126),(1159,1160,1128),(1159,1128,1127),(1160,1161,1129),(1160,1129,1128),(1161,1162,1130),(1161,1130,1129),(1162,1163,1131),(1162,1131,1130),(1163,1164,1132),(1163,1132,1131),(1164,1165,1133),(1164,1133,1132),(1165,1166,1134),(1165,1134,1133),(1166,1167,1135),(1166,1135,1134),(1167,1168,1136),(1167,1136,1135),(1168,1169,1137),(1168,1137,1136),(1169,1170,1138),(1169,1138,1137),(1170,1171,1139),(1170,1139,1138),(1171,1172,1140),(1171,1140,1139),(1172,1173,1141),(1172,1141,1140),(1173,1174,1142),(1173,1142,1141),(1174,1175,1143),(1174,1143,1142),(1175,1176,1144),(1175,1144,1143),(1176,1177,1145),(1176,1145,1144),(1177,1178,1146),(1177,1146,1145),(1178,1179,1147),(1178,1147,1146),(1179,1180,1148),(1179,1148,1147),(1180,1181,1149),(1180,1149,1148),(1181,1182,1150),(1181,1150,1149),(1182,1183,1151),(1182,1151,1150),(1183,1184,1152),(1183,1152,1151),(1184,1153,1121),(1184,1121,1152),(1185,1186,1218),(1185,1218,1217),(1186,1187,1219),(1186,1219,1218),(1187,1188,1220),(1187,1220,1219),(1188,1189,1221),(1188,1221,1220),(1189,1190,1222),(1189,1222,1221),(1190,1191,1223),(1190,1223,1222),(1191,1192,1224),(1191,1224,1223),(1192,1193,1225),(1192,1225,1224),(1193,1194,1226),(1193,1226,1225),(1194,1195,1227),(1194,1227,1226),(1195,1196,1228),(1195,1228,1227),(1196,1197,1229),(1196,1229,1228),(1197,1198,1230),(1197,1230,1229),(1198,1199,1231),(1198,1231,1230),(1199,1200,1232),(1199,1232,1231),(1200,1201,1233),(1200,1233,1232),(1201,1202,1234),(1201,1234,1233),(1202,1203,1235),(1202,1235,1234),(1203,1204,1236),(1203,1236,1235),(1204,1205,1237),(1204,1237,1236),(1205,1206,1238),(1205,1238,1237),(1206,1207,1239),(1206,1239,1238),(1207,1208,1240),(1207,1240,1239),(1208,1209,1241),(1208,1241,1240),(1209,1210,1242),(1209,1242,1241),(1210,1211,1243),(1210,1243,1242),(1211,1212,1244),(1211,1244,1243),(1212,1213,1245),(1212,1245,1244),(1213,1214,1246),(1213,1246,1245),(1214,1215,1247),(1214,1247,1246),(1215,1216,1248),(1215,1248,1247),(1216,1185,1217),(1216,1217,1248)),$);
#393=IFCSHAPEREPRESENTATION(#12,'Body','Tessellation',(#392));
#394=IFCCARTESIANPOINT((0.,0.,0.));
#395=IFCDIRECTION((0.,0.,1.));
#396=IFCDIRECTION((1.,0.,0.));
#397=IFCAXIS2PLACEMENT3D(#394,#395,#396);
#398=IFCLOCALPLACEMENT(#17,#397);
#399=IFCPRODUCTDEFINITIONSHAPE($,$,(#393));
#400=IFCBUILDINGELEMENTPROXY('1_9x7tRlXF88XpdNbCiCZL',$,'pipe_bend',$,$,#398,#399,$,$);
#401=IFCRELCONTAINEDINSPATIALSTRUCTURE('1UxCU48$D5CvBVMq_v3vEQ',$,$,$,(#400),#18);
#402=IFCCOLOURRGB($,0.50196078431372548,0.50196078431372548,0.50196078431372548);
#403=IFCSURFACESTYLERENDERING(#402,0.,$,$,$,$,$,$,.FLAT.);
#404=IFCSURFACESTYLE($,.BOTH.,(#403));
#405=IFCSTYLEDITEM(#392,(#404),$);
ENDSEC;
END-ISO-10303-21;
